strategy,full_return,full_annual_return,full_max_drawdown,full_trades,full_final_value,early_return,early_max_drawdown,recent_return,recent_max_drawdown,recent_trades
breakout_20_10_s0.08_w1.00,3.581652486993762,0.1712873988153112,-0.4661616349498067,38,458165.2486993762,2.5657036872187553,-0.37326195364953996,0.28952605012500165,-0.3676961355356558,23
breakout_20_10_s0.08_w0.67,2.459960702696257,0.13761641694849813,-0.3417643629139095,38,345996.0702696257,1.8214491609112522,-0.2658341261840462,0.2289800524050014,-0.2727696710893187,23
breakout_120_10_s0.10_w1.00,2.3458142366100025,0.1336590644906661,-0.26970326182562704,8,334581.42366100027,2.4457873415624998,-0.12093972523356246,-0.02854800731249929,-0.2684164680719197,7
breakout_120_20_s0.10_w1.00,2.3458142366100025,0.1336590644906661,-0.26970326182562704,8,334581.42366100027,2.4457873415624998,-0.12093972523356246,-0.02854800731249929,-0.2684164680719197,7
breakout_120_40_s0.10_w1.00,2.3458142366100025,0.1336590644906661,-0.26970326182562704,8,334581.42366100027,2.4457873415624998,-0.12093972523356246,-0.02854800731249929,-0.2684164680719197,7
breakout_120_60_s0.10_w1.00,2.3458142366100025,0.1336590644906661,-0.26970326182562704,8,334581.42366100027,2.4457873415624998,-0.12093972523356246,-0.02854800731249929,-0.2684164680719197,7
breakout_20_10_s0.10_w1.00,2.297845759218759,0.13195983278389978,-0.5307809156739212,37,329784.5759218759,2.9277679343737524,-0.38153215708733196,-0.16003496105999793,-0.429373941258363,23
breakout_120_10_s0.08_w1.00,2.2641478436362528,0.13075282474559002,-0.2917892105707053,8,326414.7843636253,2.4457873415624998,-0.12093972523356246,-0.05283008274374923,-0.2905400746595313,7
breakout_120_20_s0.08_w1.00,2.2641478436362528,0.13075282474559002,-0.2917892105707053,8,326414.7843636253,2.4457873415624998,-0.12093972523356246,-0.05283008274374923,-0.2905400746595313,7
breakout_120_40_s0.08_w1.00,2.2641478436362528,0.13075282474559002,-0.2917892105707053,8,326414.7843636253,2.4457873415624998,-0.12093972523356246,-0.05283008274374923,-0.2905400746595313,7
breakout_120_60_s0.08_w1.00,2.2641478436362528,0.13075282474559002,-0.2917892105707053,8,326414.7843636253,2.4457873415624998,-0.12093972523356246,-0.05283008274374923,-0.2905400746595313,7
breakout_40_10_s0.08_w1.00,1.8495307398262577,0.11490905001917562,-0.4303167219220164,21,284953.0739826258,2.511379975601251,-0.20637710216575686,-0.18701239371749867,-0.28999379197856723,15
breakout_20_10_s0.08_w0.50,1.807789240087304,0.11320135012417976,-0.2668233748174345,38,280778.9240087304,1.3781290666123018,-0.20349885572722073,0.1822975717013009,-0.21232281509272088,23
breakout_120_10_s0.12_w1.00,1.7756624477475031,0.11187143687959233,-0.3146406335842234,8,277566.2447747503,2.4457873415624998,-0.12093972523356246,-0.19628974199249893,-0.31266873299052217,7
breakout_120_20_s0.12_w1.00,1.7756624477475031,0.11187143687959233,-0.3146406335842234,8,277566.2447747503,2.4457873415624998,-0.12093972523356246,-0.19628974199249893,-0.31266873299052217,7
breakout_120_40_s0.12_w1.00,1.7756624477475031,0.11187143687959233,-0.3146406335842234,8,277566.2447747503,2.4457873415624998,-0.12093972523356246,-0.19628974199249893,-0.31266873299052217,7
breakout_120_60_s0.12_w1.00,1.7756624477475031,0.11187143687959233,-0.3146406335842234,8,277566.2447747503,2.4457873415624998,-0.12093972523356246,-0.19628974199249893,-0.31266873299052217,7
breakout_20_10_s0.10_w0.67,1.7564659351200076,0.1110701839790369,-0.39710849712989466,37,275646.59351200075,1.9890320451300032,-0.2720875927203502,-0.07229666998124884,-0.3097164412376145,23
ma_60_180_w1.00,1.6549258965525016,0.10674689527247172,-0.6572542115100811,7,265492.58965525014,1.3711339424250006,-0.5328061560932364,0.12669340656375017,-0.6557449591938326,4
breakout_20_10_s0.05_w1.00,1.6473439674900123,0.10641816346240596,-0.5027379510181993,46,264734.39674900123,1.5976931099512552,-0.3426347132309899,0.01621088366625223,-0.431563505315355,27
breakout_120_10_s0.10_w0.67,1.6012415868637517,0.10440093506991022,-0.19031420534265742,8,260124.1586863752,1.64356909353,-0.10721810777872501,-0.016636119142499184,-0.18896652871503755,7
breakout_120_20_s0.10_w0.67,1.6012415868637517,0.10440093506991022,-0.19031420534265742,8,260124.1586863752,1.64356909353,-0.10721810777872501,-0.016636119142499184,-0.18896652871503755,7
breakout_120_40_s0.10_w0.67,1.6012415868637517,0.10440093506991022,-0.19031420534265742,8,260124.1586863752,1.64356909353,-0.10721810777872501,-0.016636119142499184,-0.18896652871503755,7
breakout_120_60_s0.10_w0.67,1.6012415868637517,0.10440093506991022,-0.19031420534265742,8,260124.1586863752,1.64356909353,-0.10721810777872501,-0.016636119142499184,-0.18896652871503755,7
breakout_120_10_s0.08_w0.67,1.5656389001662516,0.10282108119610656,-0.2060435329968256,8,256563.89001662517,1.64356909353,-0.10721810777872501,-0.027508857772499007,-0.20440014221454683,7
breakout_120_20_s0.08_w0.67,1.5656389001662516,0.10282108119610656,-0.2060435329968256,8,256563.89001662517,1.64356909353,-0.10721810777872501,-0.027508857772499007,-0.20440014221454683,7
breakout_120_40_s0.08_w0.67,1.5656389001662516,0.10282108119610656,-0.2060435329968256,8,256563.89001662517,1.64356909353,-0.10721810777872501,-0.027508857772499007,-0.20440014221454683,7
breakout_120_60_s0.08_w0.67,1.5656389001662516,0.10282108119610656,-0.2060435329968256,8,256563.89001662517,1.64356909353,-0.10721810777872501,-0.027508857772499007,-0.20440014221454683,7
breakout_40_20_s0.08_w1.00,1.5247321847550048,0.1009814243077014,-0.47417973137716757,21,252473.21847550047,2.511379975601251,-0.20637710216575686,-0.28022050762874917,-0.3398822803520021,15
breakout_60_10_s0.08_w1.00,1.4818522911075056,0.09902412979988373,-0.4960146158245575,17,248185.22911075054,1.9025831257875012,-0.2717412262175347,-0.14242057244999928,-0.310818512801653,11
breakout_120_10_s0.05_w1.00,1.4638970205112534,0.09819552973446033,-0.3564074244992167,10,246389.70205112532,1.6598801659050002,-0.23819387393329636,-0.07504314465374906,-0.2905400746595313,8
breakout_120_20_s0.05_w1.00,1.4638970205112534,0.09819552973446033,-0.3564074244992167,10,246389.70205112532,1.6598801659050002,-0.23819387393329636,-0.07504314465374906,-0.2905400746595313,8
breakout_120_40_s0.05_w1.00,1.4638970205112534,0.09819552973446033,-0.3564074244992167,10,246389.70205112532,1.6598801659050002,-0.23819387393329636,-0.07504314465374906,-0.2905400746595313,8
breakout_120_60_s0.05_w1.00,1.4638970205112534,0.09819552973446033,-0.3564074244992167,10,246389.70205112532,1.6598801659050002,-0.23819387393329636,-0.07504314465374906,-0.2905400746595313,8
breakout_20_10_s0.12_w1.00,1.4192774696587578,0.09611275502781358,-0.5493827419385215,37,241927.74696587576,2.5069614407662524,-0.4034724347168976,-0.30932931451499823,-0.45075521681654956,23
breakout_20_10_s0.10_w0.50,1.383427056449754,0.09441421953494111,-0.3137529951559391,37,238342.70564497542,1.4933904074960016,-0.20871332741231438,-0.044047928419498894,-0.23987158768585065,23
breakout_60_20_s0.08_w1.00,1.3783913089537556,0.09417380260765196,-0.4960146158245575,17,237839.13089537557,1.9025831257875012,-0.2717412262175347,-0.17771280886124907,-0.310818512801653,11
breakout_90_10_s0.08_w1.00,1.374380506980005,0.09398199212313907,-0.40264492936129054,13,237438.0506980005,2.2612279321125004,-0.1478032501515959,-0.271723310819999,-0.3015622230836703,11
breakout_40_10_s0.08_w0.67,1.3555539365062534,0.093077741637555,-0.3097519417613587,21,235555.39365062534,1.6836128554050007,-0.14331590138439504,-0.11940600554999958,-0.20873142296850744,15
breakout_20_10_s0.05_w0.67,1.3532908724887562,0.09296860976542787,-0.36754469590317684,46,235329.08724887564,1.2415495834462522,-0.24289587858000614,0.04252838989000152,-0.3086333738629137,27
breakout_120_10_s0.12_w0.67,1.3010957437725015,0.09042513558224319,-0.22349956792892153,8,230109.57437725013,1.64356909353,-0.10721810777872501,-0.12703808841749942,-0.2220194348413469,7
breakout_120_20_s0.12_w0.67,1.3010957437725015,0.09042513558224319,-0.22349956792892153,8,230109.57437725013,1.64356909353,-0.10721810777872501,-0.12703808841749942,-0.2220194348413469,7
breakout_120_40_s0.12_w0.67,1.3010957437725015,0.09042513558224319,-0.22349956792892153,8,230109.57437725013,1.64356909353,-0.10721810777872501,-0.12703808841749942,-0.2220194348413469,7
breakout_120_60_s0.12_w0.67,1.3010957437725015,0.09042513558224319,-0.22349956792892153,8,230109.57437725013,1.64356909353,-0.10721810777872501,-0.12703808841749942,-0.2220194348413469,7
breakout_60_40_s0.08_w1.00,1.2864537993937533,0.0897023473419023,-0.49642761326681756,17,228645.37993937533,1.789615342417501,-0.2723176952446865,-0.17771280886124907,-0.310818512801653,11
breakout_90_20_s0.08_w1.00,1.276075542251255,0.08918751654251622,-0.40321311503371604,13,227607.55422512552,2.2612279321125004,-0.1478032501515959,-0.30088332129374884,-0.3019555742443291,11
breakout_90_40_s0.08_w1.00,1.276075542251255,0.08918751654251622,-0.40321311503371604,13,227607.55422512552,2.2612279321125004,-0.1478032501515959,-0.30088332129374884,-0.3019555742443291,11
breakout_90_60_s0.08_w1.00,1.276075542251255,0.08918751654251622,-0.40321311503371604,13,227607.55422512552,2.2612279321125004,-0.1478032501515959,-0.30088332129374884,-0.3019555742443291,11
breakout_20_10_s0.12_w0.67,1.2423842981550046,0.08750158191851565,-0.40634409028945556,37,224238.42981550045,1.765512951345002,-0.2890556113938623,-0.18979528766674858,-0.3208143952264702,23
ma_60_180_w0.67,1.2012935718712505,0.08541437182150258,-0.555487417776873,7,220129.35718712505,0.8877324567150005,-0.46258700904286687,0.16406676204750026,-0.5562352030730392,4
breakout_120_10_s0.10_w0.50,1.1895197339025012,0.08480988272737555,-0.14774100629283482,8,218951.97339025012,1.213110521415,-0.09549665031623762,-0.011454759663749758,-0.14289814766390418,7
breakout_120_20_s0.10_w0.50,1.1895197339025012,0.08480988272737555,-0.14774100629283482,8,218951.97339025012,1.213110521415,-0.09549665031623762,-0.011454759663749758,-0.14289814766390418,7
breakout_120_40_s0.10_w0.50,1.1895197339025012,0.08480988272737555,-0.14774100629283482,8,218951.97339025012,1.213110521415,-0.09549665031623762,-0.011454759663749758,-0.14289814766390418,7
breakout_120_60_s0.10_w0.50,1.1895197339025012,0.08480988272737555,-0.14774100629283482,8,218951.97339025012,1.213110521415,-0.09549665031623762,-0.011454759663749758,-0.14289814766390418,7
breakout_40_20_s0.08_w0.67,1.1799768178575034,0.08431779192842481,-0.3440011544981355,21,217997.68178575032,1.6836128554050007,-0.14331590138439504,-0.18622046605499942,-0.23714659306859315,15
breakout_120_10_s0.08_w0.50,1.1705780456662507,0.08383124356314475,-0.1598277818584584,8,217057.80456662507,1.213110521415,-0.09549665031623762,-0.018764376397249483,-0.15478783739261945,7
breakout_120_20_s0.08_w0.50,1.1705780456662507,0.08383124356314475,-0.1598277818584584,8,217057.80456662507,1.213110521415,-0.09549665031623762,-0.018764376397249483,-0.15478783739261945,7
breakout_120_40_s0.08_w0.50,1.1705780456662507,0.08383124356314475,-0.1598277818584584,8,217057.80456662507,1.213110521415,-0.09549665031623762,-0.018764376397249483,-0.15478783739261945,7
breakout_120_60_s0.08_w0.50,1.1705780456662507,0.08383124356314475,-0.1598277818584584,8,217057.80456662507,1.213110521415,-0.09549665031623762,-0.018764376397249483,-0.15478783739261945,7
breakout_20_10_s0.08_w0.33,1.164246150889253,0.08350239343050281,-0.1835794194033008,38,216424.6150889253,0.9192965075742512,-0.1394444615515237,0.13232058349030074,-0.1493549506724078,23
breakout_120_10_s0.15_w1.00,1.1592137711700032,0.08324041878051558,-0.43385426513642406,8,215921.37711700035,2.07763632984375,-0.20812120738024975,-0.2974372220137491,-0.3936313160591839,7
breakout_120_20_s0.15_w1.00,1.1592137711700032,0.08324041878051558,-0.43385426513642406,8,215921.37711700035,2.07763632984375,-0.20812120738024975,-0.2974372220137491,-0.3936313160591839,7
breakout_120_40_s0.15_w1.00,1.1592137711700032,0.08324041878051558,-0.43385426513642406,8,215921.37711700035,2.07763632984375,-0.20812120738024975,-0.2974372220137491,-0.3936313160591839,7
breakout_120_60_s0.15_w1.00,1.1592137711700032,0.08324041878051558,-0.43385426513642406,8,215921.37711700035,2.07763632984375,-0.20812120738024975,-0.2974372220137491,-0.3936313160591839,7
breakout_120_20_s0.20_w1.00,1.158916764622504,0.08322494017789661,-0.46438594871477407,7,215891.67646225038,2.07763632984375,-0.20812120738024975,-0.29497099144499883,-0.46172403356160574,6
breakout_120_40_s0.20_w1.00,1.158916764622504,0.08322494017789661,-0.46438594871477407,7,215891.67646225038,2.07763632984375,-0.20812120738024975,-0.29497099144499883,-0.46172403356160574,6
breakout_120_60_s0.20_w1.00,1.158916764622504,0.08322494017789661,-0.46438594871477407,7,215891.67646225038,2.07763632984375,-0.20812120738024975,-0.29497099144499883,-0.46172403356160574,6
breakout_60_10_s0.08_w0.67,1.1521114805362522,0.08286975655610873,-0.36533267473936537,17,215211.14805362522,1.3688807730975001,-0.19210123369776128,-0.0930863389949993,-0.21712515477158484,11
breakout_40_10_s0.10_w1.00,1.1384411230237537,0.08215321670578613,-0.5023622430601011,21,213844.11230237538,2.2315192625700013,-0.2479914550747496,-0.3361286240324992,-0.341904062362522,15
breakout_120_10_s0.05_w0.67,1.1124223738875023,0.080778012869406,-0.25790839296881213,10,211242.23738875022,1.2044355192675003,-0.17004980407779818,-0.04055138567999905,-0.20440014221454683,8
breakout_120_20_s0.05_w0.67,1.1124223738875023,0.080778012869406,-0.25790839296881213,10,211242.23738875022,1.2044355192675003,-0.17004980407779818,-0.04055138567999905,-0.20440014221454683,8
breakout_120_40_s0.05_w0.67,1.1124223738875023,0.080778012869406,-0.25790839296881213,10,211242.23738875022,1.2044355192675003,-0.17004980407779818,-0.04055138567999905,-0.20440014221454683,8
breakout_120_60_s0.05_w0.67,1.1124223738875023,0.080778012869406,-0.25790839296881213,10,211242.23738875022,1.2044355192675003,-0.17004980407779818,-0.04055138567999905,-0.20440014221454683,8
breakout_20_10_s0.05_w0.50,1.1092287634475535,0.08060817216009508,-0.2889469105573305,46,210922.87634475535,1.007804055582552,-0.18655343028205473,0.05094350129490155,-0.23652229245729725,27
ma_40_120_w1.00,1.1083273526812518,0.08056019216231203,-0.7037077178565884,14,210832.73526812517,0.8929173430125006,-0.5107888706145326,0.11399861333250061,-0.4942369321015996,8
breakout_20_10_s0.20_w1.00,1.0991927676600066,0.08007293966736384,-0.6105837736793628,35,209919.27676600066,1.9665938127712521,-0.4034724347168976,-0.2861776247849982,-0.4966909019795538,21
breakout_60_20_s0.08_w0.67,1.0928282778562521,0.07973232385104967,-0.36533267473936537,17,209282.8277856252,1.3688807730975001,-0.19210123369776128,-0.11739661449749927,-0.21712515477158484,11
breakout_90_10_s0.08_w0.67,1.0792968158700025,0.07900504918224716,-0.3034398705984539,13,207929.68158700026,1.5485752798425003,-0.12039078269914454,-0.18410144497874903,-0.209130091325509,11
breakout_20_10_s0.12_w0.50,1.0631984423752536,0.07813426590473993,-0.3216931900184178,37,206319.84423752537,1.3685603393940018,-0.22218461371566217,-0.12867062365919846,-0.24844853539123213,23
breakout_40_10_s0.08_w0.50,1.0559021961150021,0.07773759511715372,-0.23821522550395158,21,205590.21961150022,1.2516796641375003,-0.10738779928667672,-0.08944120711809944,-0.16375133444071793,15
breakout_60_40_s0.08_w0.67,1.0349466232950024,0.07659125997310556,-0.3648486330535581,17,203494.66232950022,1.3062246885675006,-0.19213818502351163,-0.11739661449749927,-0.21712515477158484,11
breakout_20_10_s0.15_w1.00,1.027526228381256,0.07618280402775124,-0.5764705283408394,36,202752.62283812562,1.9665938127712521,-0.4034724347168976,-0.31364800564499806,-0.4550363369121734,22
breakout_90_20_s0.08_w0.67,1.022591621902503,0.07591043613907589,-0.3034398705984539,13,202259.1621902503,1.5485752798425003,-0.12039078269914454,-0.20631530263499898,-0.21079068743414953,11
breakout_90_40_s0.08_w0.67,1.022591621902503,0.07591043613907589,-0.3034398705984539,13,202259.1621902503,1.5485752798425003,-0.12039078269914454,-0.20631530263499898,-0.21079068743414953,11
breakout_90_60_s0.08_w0.67,1.022591621902503,0.07591043613907589,-0.3034398705984539,13,202259.1621902503,1.5485752798425003,-0.12039078269914454,-0.20631530263499898,-0.21079068743414953,11
ma_40_120_w0.67,1.0191644723812514,0.07572092241624806,-0.5975523893014929,14,201916.44723812514,0.7033510670062504,-0.44587298210257753,0.1785344496975012,-0.38413893650180414,8
ma_stop_40_120_s0.08_w0.67,1.0179569532600108,0.07565408062497925,-0.5470243791033118,71,201795.6953260011,0.8772082692750032,-0.38926855947237987,0.061065524812504934,-0.4026536857341989,47
ma_stop_40_120_s0.10_w0.67,1.006655261040006,0.07502673587213038,-0.5300093169185636,55,200665.5261040006,0.9727527762225012,-0.36470494497384276,0.014163665343752019,-0.3892215678214321,36
breakout_120_10_s0.12_w0.50,1.0016978647162516,0.07475055658765117,-0.17353479090363952,8,200169.78647162515,1.213110521415,-0.09549665031623762,-0.0904473355163995,-0.1689993901555501,7
breakout_120_20_s0.12_w0.50,1.0016978647162516,0.07475055658765117,-0.17353479090363952,8,200169.78647162515,1.213110521415,-0.09549665031623762,-0.0904473355163995,-0.1689993901555501,7
breakout_120_40_s0.12_w0.50,1.0016978647162516,0.07475055658765117,-0.17353479090363952,8,200169.78647162515,1.213110521415,-0.09549665031623762,-0.0904473355163995,-0.1689993901555501,7
breakout_120_60_s0.12_w0.50,1.0016978647162516,0.07475055658765117,-0.17353479090363952,8,200169.78647162515,1.213110521415,-0.09549665031623762,-0.0904473355163995,-0.1689993901555501,7
breakout_20_10_s0.20_w0.67,0.9693426646800061,0.07293282699369641,-0.46135776594431566,35,196934.2664680006,1.4118286055737523,-0.2890556113938623,-0.18348763703409843,-0.3619302843627395,21
ma_stop_40_120_s0.12_w0.67,0.9690156376875059,0.07291431825161143,-0.5953080720255424,48,196901.56376875058,0.6997226948887518,-0.4408613730407762,0.1632593124337527,-0.38970152443878237,30
ma_stop_40_120_s0.08_w0.50,0.9633489365573071,0.07259316183199882,-0.4475397466112957,71,196334.8936557307,0.8045051972498016,-0.3115216632286416,0.0875739246615026,-0.31760530291336797,47
breakout_20_10_s0.10_w0.33,0.958497961356853,0.0723175755437806,-0.218829557248977,37,195849.7961356853,0.9878595528856007,-0.14198759318137436,-0.016237452549599074,-0.16203866793180885,23
breakout_40_10_s0.10_w0.67,0.9484016498775012,0.07174203218872277,-0.36498363705399106,21,194840.16498775012,1.5371019496462504,-0.17311646056711028,-0.22888612846124945,-0.2334142822185814,15
breakout_40_20_s0.08_w0.50,0.9347795042625018,0.0709612472846799,-0.2664498844107444,21,193477.95042625017,1.2516796641375003,-0.10738779928667672,-0.14241744887159957,-0.18094461674008294,15
ma_stop_40_120_s0.10_w0.50,0.9326171330356046,0.07083685316337163,-0.43327706981798714,55,193261.71330356045,0.8588638741868513,-0.29200408736545874,0.04263341080465244,-0.3060389256009814,36
breakout_20_10_s0.15_w0.67,0.9289838079112562,0.0706275587659928,-0.428152229369393,36,192898.38079112562,1.4118286055737523,-0.2890556113938623,-0.19352341573924847,-0.3208143952264702,22
ma_60_180_w0.50,0.9287054475075003,0.07061150950202544,-0.4857927874595715,7,192870.54475075004,0.6577302194775001,-0.40872116785471324,0.15737197672750014,-0.48265407254701237,4
ma_stop_40_120_s0.20_w0.67,0.9268753036725037,0.07050593824641949,-0.5746245230468358,28,192687.53036725038,0.8012119958212518,-0.4140651816336933,0.0695677568625015,-0.3834978849518535,16
breakout_60_10_s0.08_w0.50,0.9168325446150016,0.06992502053382799,-0.28644340303032756,17,191683.25446150015,1.05384364839,-0.14713386696807895,-0.06502419772774937,-0.16531735185315688,11
ma_stop_40_120_s0.12_w0.50,0.9091177044168548,0.06947690466335965,-0.49282992241487583,48,190911.77044168548,0.6668188024256017,-0.35622658322473216,0.14603487467495224,-0.30805193551004695,30
breakout_120_20_s0.20_w0.67,0.9072495569475019,0.06936814944700531,-0.34102746109022725,7,190724.95569475018,1.396171613655,-0.18450812585227738,-0.20137966655624928,-0.33546800169617147,6
breakout_120_40_s0.20_w0.67,0.9072495569475019,0.06936814944700531,-0.34102746109022725,7,190724.95569475018,1.396171613655,-0.18450812585227738,-0.20137966655624928,-0.33546800169617147,6
breakout_120_60_s0.20_w0.67,0.9072495569475019,0.06936814944700531,-0.34102746109022725,7,190724.95569475018,1.396171613655,-0.18450812585227738,-0.20137966655624928,-0.33546800169617147,6
breakout_120_10_s0.15_w0.67,0.9001076192550017,0.06895149568231407,-0.3427347286344717,8,190010.76192550018,1.396171613655,-0.18450812585227738,-0.20375249938874918,-0.28087785770212426,7
breakout_120_20_s0.15_w0.67,0.9001076192550017,0.06895149568231407,-0.3427347286344717,8,190010.76192550018,1.396171613655,-0.18450812585227738,-0.20375249938874918,-0.28087785770212426,7
breakout_120_40_s0.15_w0.67,0.9001076192550017,0.06895149568231407,-0.3427347286344717,8,190010.76192550018,1.396171613655,-0.18450812585227738,-0.20375249938874918,-0.28087785770212426,7
breakout_120_60_s0.15_w0.67,0.9001076192550017,0.06895149568231407,-0.3427347286344717,8,190010.76192550018,1.396171613655,-0.18450812585227738,-0.20375249938874918,-0.28087785770212426,7
ma_stop_40_120_s0.20_w1.00,0.8925525471037565,0.0685092097380029,-0.7081850426079198,28,189255.25471037565,0.8523692932950022,-0.5212385413247245,0.01958198097375141,-0.5092305197604076,16
breakout_90_10_s0.05_w1.00,0.8889064053187548,0.06829519247319116,-0.45430544242414805,15,188890.64053187548,1.5781905209362508,-0.24118046796291598,-0.2643659255249986,-0.29057948490046437,12
breakout_90_20_s0.05_w1.00,0.8889064053187548,0.06829519247319116,-0.45430544242414805,15,188890.64053187548,1.5781905209362508,-0.24118046796291598,-0.2643659255249986,-0.29057948490046437,12
breakout_90_40_s0.05_w1.00,0.8889064053187548,0.06829519247319116,-0.45430544242414805,15,188890.64053187548,1.5781905209362508,-0.24118046796291598,-0.2643659255249986,-0.29057948490046437,12
breakout_90_60_s0.05_w1.00,0.8889064053187548,0.06829519247319116,-0.45430544242414805,15,188890.64053187548,1.5781905209362508,-0.24118046796291598,-0.2643659255249986,-0.29057948490046437,12
price_ma_40_w0.67,0.8865539613940108,0.06815691471630259,-0.6199867452504507,100,188655.39613940107,0.2752458092477541,-0.49111614372278395,0.480846273862505,-0.2782338055998112,55
breakout_90_10_s0.10_w1.00,0.8814878898637537,0.06785860320915549,-0.506673976302661,13,188148.78898637538,2.167540363462501,-0.16947108677859424,-0.40476680741249926,-0.4056797316302655,11
ma_40_120_w0.50,0.8814066806155008,0.06785381540963131,-0.5245396682132845,14,188140.66806155007,0.5749453963142499,-0.3992367723772102,0.19346921051920063,-0.3182172827975851,8
breakout_60_20_s0.08_w0.50,0.8768476008337516,0.06758473129237519,-0.28644340303032756,17,187684.76008337515,1.05384364839,-0.14713386696807895,-0.08457239246524939,-0.16531735185315688,11
breakout_120_10_s0.05_w0.50,0.8742220658437512,0.06742950214596588,-0.20020731980053805,10,187422.20658437512,0.9251995651762501,-0.13115536772843578,-0.027805649092249696,-0.15478783739261945,8
breakout_120_20_s0.05_w0.50,0.8742220658437512,0.06742950214596588,-0.20020731980053805,10,187422.20658437512,0.9251995651762501,-0.13115536772843578,-0.027805649092249696,-0.15478783739261945,8
breakout_120_40_s0.05_w0.50,0.8742220658437512,0.06742950214596588,-0.20020731980053805,10,187422.20658437512,0.9251995651762501,-0.13115536772843578,-0.027805649092249696,-0.15478783739261945,8
breakout_120_60_s0.05_w0.50,0.8742220658437512,0.06742950214596588,-0.20020731980053805,10,187422.20658437512,0.9251995651762501,-0.13115536772843578,-0.027805649092249696,-0.15478783739261945,8
price_ma_40_w1.00,0.8733031672950151,0.06737512819529878,-0.7611882078968587,100,187330.3167295015,0.1321782023250062,-0.629043208873958,0.6499182789450075,-0.38404350569021245,55
ma_stop_40_120_s0.10_w1.00,0.8727663470175109,0.06734335188724838,-0.675764819655355,55,187276.63470175109,1.0028402356050035,-0.4873401609609472,-0.07254807767999605,-0.5230263711299284,36
breakout_60_10_s0.05_w1.00,0.8706731027962535,0.06721936727240663,-0.5043255634583153,20,187067.31027962535,1.1739258128812509,-0.3094665777597405,-0.1339060918162489,-0.29057454046299,12
breakout_60_20_s0.05_w1.00,0.8706731027962535,0.06721936727240663,-0.5043255634583153,20,187067.31027962535,1.1739258128812509,-0.3094665777597405,-0.1339060918162489,-0.29057454046299,12
breakout_60_40_s0.05_w1.00,0.8706731027962535,0.06721936727240663,-0.5043255634583153,20,187067.31027962535,1.1739258128812509,-0.3094665777597405,-0.1339060918162489,-0.29057454046299,12
breakout_20_10_s0.08_w0.25,0.864994318270502,0.06688238086622755,-0.1413402074241591,38,186499.4318270502,0.6979869255582503,-0.1062710445072663,0.09194262080080073,-0.11395794244270906,23
breakout_60_10_s0.10_w1.00,0.8599669370662519,0.06658328134371327,-0.5691061704078756,17,185996.6937066252,1.672102419682501,-0.32956888838414544,-0.30196518621749924,-0.361116566165841,11
breakout_90_10_s0.08_w0.50,0.8578082015100017,0.06645462692935067,-0.24384911336227638,13,185780.82015100017,1.1547571787212503,-0.10202604009231801,-0.13542470150374952,-0.15794380546253348,11
breakout_40_10_s0.05_w1.00,0.8519926100400035,0.06610736669009687,-0.4601371361567367,26,185199.26100400035,1.3281123073725012,-0.28566705663150943,-0.20305779112124844,-0.29003544404194004,17
breakout_40_20_s0.05_w1.00,0.8519926100400035,0.06610736669009687,-0.4601371361567367,26,185199.26100400035,1.3281123073725012,-0.28566705663150943,-0.20305779112124844,-0.29003544404194004,17
ma_stop_40_120_s0.20_w0.50,0.8454237689267523,0.06571395125613733,-0.48334685991092136,28,184542.37689267524,0.7127284359617507,-0.34670621008975355,0.073611335271901,-0.3027930790093726,16
breakout_60_40_s0.08_w0.50,0.8405934092887524,0.06542385399044592,-0.2861461316813899,17,184059.34092887523,1.0155568898475007,-0.14685273777038163,-0.08457239246524939,-0.16531735185315688,11
ma_stop_40_120_s0.15_w0.67,0.8400235626900061,0.06538958569432674,-0.5742760284010276,37,184002.35626900062,0.8326709795137521,-0.4030773984746798,0.0018347480775016134,-0.41079821371012987,23
ma_stop_40_120_s0.08_w1.00,0.8389751849212683,0.06532651559620928,-0.6963779011706431,71,183897.51849212684,0.8574470968050061,-0.5201457928960186,-0.011210585197494849,-0.5406667964394009,47
breakout_20_10_s0.20_w0.50,0.8359758724177535,0.0651458997236487,-0.3647179302030758,35,183597.58724177536,1.108039148236501,-0.22218461371566217,-0.12626319923114848,-0.27558258302762884,21
breakout_40_20_s0.10_w1.00,0.823613327111254,0.06439863640455634,-0.575625984807967,21,182361.3327111254,2.2315192625700013,-0.2479914550747496,-0.4320736461112492,-0.43701439781650087,15
breakout_90_20_s0.08_w0.50,0.8205700614637514,0.064213987762894,-0.24384911336227638,13,182057.00614637515,1.1547571787212503,-0.10202604009231801,-0.15319783258174924,-0.16479602216131287,11
breakout_90_40_s0.08_w0.50,0.8205700614637514,0.064213987762894,-0.24384911336227638,13,182057.00614637515,1.1547571787212503,-0.10202604009231801,-0.15319783258174924,-0.16479602216131287,11
breakout_90_60_s0.08_w0.50,0.8205700614637514,0.064213987762894,-0.24384911336227638,13,182057.00614637515,1.1547571787212503,-0.10202604009231801,-0.15319783258174924,-0.16479602216131287,11
breakout_120_10_s0.20_w1.00,0.8095151140537529,0.06354089869879087,-0.5255452342555246,8,180951.5114053753,2.07763632984375,-0.20812120738024975,-0.4106167998074989,-0.49131447518196386,7
breakout_20_10_s0.15_w0.50,0.8079060852015032,0.0634426246948756,-0.34008072869445766,36,180790.60852015033,1.108039148236501,-0.22218461371566217,-0.13700468106129882,-0.24844853539123213,22
ma_stop_40_120_s0.12_w1.00,0.8068526152537601,0.06337823987160784,-0.7452644272011101,48,180685.261525376,0.5871299507775036,-0.5832952915782201,0.13965920353125405,-0.5230687702963628,30
price_ma_40_w0.50,0.8033633294615581,0.06316474502032698,-0.5155917262421383,100,180336.3329461558,0.312919297559054,-0.3983111676510919,0.36529891207265264,-0.21391658481088827,55
breakout_90_20_s0.10_w1.00,0.792817249916254,0.06251721663014309,-0.5299234133357987,13,179281.7249916254,2.167540363462501,-0.16947108677859424,-0.4322807688712491,-0.4331514942297193,11
breakout_120_10_s0.10_w0.33,0.791118611420851,0.06241260135529014,-0.11076054988892603,8,179111.8611420851,0.8022057225696,-0.07867635260725173,-0.008079706187899549,-0.09681887283893963,7
breakout_120_20_s0.10_w0.33,0.791118611420851,0.06241260135529014,-0.11076054988892603,8,179111.8611420851,0.8022057225696,-0.07867635260725173,-0.008079706187899549,-0.09681887283893963,7
breakout_120_40_s0.10_w0.33,0.791118611420851,0.06241260135529014,-0.11076054988892603,8,179111.8611420851,0.8022057225696,-0.07867635260725173,-0.008079706187899549,-0.09681887283893963,7
breakout_120_60_s0.10_w0.33,0.791118611420851,0.06241260135529014,-0.11076054988892603,8,179111.8611420851,0.8022057225696,-0.07867635260725173,-0.008079706187899549,-0.09681887283893963,7
breakout_90_10_s0.10_w0.67,0.7852952568825018,0.06205327808329475,-0.3824494151849451,13,178529.52568825017,1.5003537371550002,-0.13510389574389464,-0.28422605410874935,-0.28495139460535995,11
breakout_120_10_s0.08_w0.33,0.7821644528308505,0.061859661132863675,-0.11890681379395161,8,178216.44528308505,0.8022057225696,-0.07867635260725173,-0.012478031252599497,-0.10496342579296963,7
breakout_120_20_s0.08_w0.33,0.7821644528308505,0.061859661132863675,-0.11890681379395161,8,178216.44528308505,0.8022057225696,-0.07867635260725173,-0.012478031252599497,-0.10496342579296963,7
breakout_120_40_s0.08_w0.33,0.7821644528308505,0.061859661132863675,-0.11890681379395161,8,178216.44528308505,0.8022057225696,-0.07867635260725173,-0.012478031252599497,-0.10496342579296963,7
breakout_120_60_s0.08_w0.33,0.7821644528308505,0.061859661132863675,-0.11890681379395161,8,178216.44528308505,0.8022057225696,-0.07867635260725173,-0.012478031252599497,-0.10496342579296963,7
breakout_20_10_s0.05_w0.33,0.7808836145202527,0.061780362939593214,-0.1976917236950814,46,178088.36145202527,0.7029508898130006,-0.12642160444798164,0.04655966707490089,-0.16122695750080068,27
breakout_60_10_s0.10_w0.67,0.7776506560387515,0.06157997917153657,-0.42697188969665856,17,177765.06560387515,1.2443390955450004,-0.2345757511114472,-0.2076111819112494,-0.25319612888706244,11
breakout_40_10_s0.10_w0.50,0.7776195112237512,0.06157804718003823,-0.28538641929814806,21,177761.95112237512,1.1578010169375004,-0.1320407753570708,-0.1705314446092997,-0.17692566358315842,15
breakout_90_10_s0.05_w0.67,0.7751597659650031,0.06142536708886115,-0.3335408650312635,15,177515.97659650032,1.1593117153800008,-0.17306074302262878,-0.17316394962749893,-0.2048532499663051,12
breakout_90_20_s0.05_w0.67,0.7751597659650031,0.06142536708886115,-0.3335408650312635,15,177515.97659650032,1.1593117153800008,-0.17306074302262878,-0.17316394962749893,-0.2048532499663051,12
breakout_90_40_s0.05_w0.67,0.7751597659650031,0.06142536708886115,-0.3335408650312635,15,177515.97659650032,1.1593117153800008,-0.17306074302262878,-0.17316394962749893,-0.2048532499663051,12
breakout_90_60_s0.05_w0.67,0.7751597659650031,0.06142536708886115,-0.3335408650312635,15,177515.97659650032,1.1593117153800008,-0.17306074302262878,-0.17316394962749893,-0.2048532499663051,12
breakout_60_20_s0.10_w1.00,0.7711319868525024,0.061174946901333405,-0.5691061704078756,17,177113.19868525025,1.672102419682501,-0.32956888838414544,-0.33437211707249925,-0.361116566165841,11
breakout_90_40_s0.10_w1.00,0.7692868072012538,0.06106005556645999,-0.5360930941522242,13,176928.68072012538,2.167540363462501,-0.16947108677859424,-0.4398284885962491,-0.4406876378258816,11
breakout_90_60_s0.10_w1.00,0.7692868072012538,0.06106005556645999,-0.5360930941522242,13,176928.68072012538,2.167540363462501,-0.16947108677859424,-0.4398284885962491,-0.4406876378258816,11
breakout_20_10_s0.12_w0.33,0.7653161775725037,0.060812457099746586,-0.22469218083157377,37,176531.61775725038,0.9109186290800007,-0.1516261387944529,-0.06995699521649856,-0.1687294153916762,23
ma_stop_40_120_s0.08_w0.33,0.762638141461055,0.06064517954695714,-0.3301209993768059,71,176263.8141461055,0.6201308288912015,-0.22677993088346923,0.07301109463970157,-0.22040701733517226,47
ma_stop_40_120_s0.15_w0.50,0.7616870095638546,0.060585714402869195,-0.4831422004757972,37,176168.70095638547,0.722074435101351,-0.3361320212863573,0.021893724348751142,-0.3212591669297909,23
breakout_40_20_s0.10_w0.67,0.757351602832502,0.06031429807418287,-0.4272500111472417,21,175735.1602832502,1.5371019496462504,-0.17311646056711028,-0.30457422347624874,-0.308657919748795,15
breakout_40_10_s0.05_w0.67,0.7553118262950023,0.060186391088797864,-0.3357563449001919,26,175531.18262950022,1.0182398870475007,-0.20366809326871543,-0.12521107140749899,-0.20809494600688896,17
breakout_40_20_s0.05_w0.67,0.7553118262950023,0.060186391088797864,-0.3357563449001919,26,175531.18262950022,1.0182398870475007,-0.20366809326871543,-0.12521107140749899,-0.20809494600688896,17
breakout_60_10_s0.05_w0.67,0.754046878747503,0.06010700388976398,-0.37370840822281987,20,175404.6878747503,0.9250983837225015,-0.2215044105718668,-0.0840398122687489,-0.20325903704598228,12
breakout_60_20_s0.05_w0.67,0.754046878747503,0.06010700388976398,-0.37370840822281987,20,175404.6878747503,0.9250983837225015,-0.2215044105718668,-0.0840398122687489,-0.20325903704598228,12
breakout_60_40_s0.05_w0.67,0.754046878747503,0.06010700388976398,-0.37370840822281987,20,175404.6878747503,0.9250983837225015,-0.2215044105718668,-0.0840398122687489,-0.20325903704598228,12
price_ma_180_w1.00,0.7504944004350074,0.0598837782278252,-0.7704565752809488,36,175049.44004350074,0.34189043864625424,-0.6612985820885349,0.30169982963250197,-0.5328995041043497,19
ma_stop_40_120_s0.15_w1.00,0.7478754779925088,0.05971895394017701,-0.707662436903154,37,174787.54779925087,0.8798113231537521,-0.5104538661116245,-0.07423978097249773,-0.5461176899182094,23
ma_stop_40_120_s0.05_w0.67,0.7456343975437663,0.0595777336712886,-0.5166484293402462,115,174563.43975437662,0.7184842544587551,-0.39563814230910566,0.02119188298500574,-0.3730293580706176,75
ma_stop_40_90_s0.12_w0.67,0.745443926370007,0.059565723760872435,-0.6362355332520612,50,174544.3926370007,0.6352498808662532,-0.4658835140456689,0.0673275889025522,-0.3716114794445053,31
ma_5_40_w0.67,0.7395836001385057,0.05919563340087852,-0.5553361152377875,53,173958.36001385056,0.4182978302522522,-0.40009563909068113,0.2205479311425027,-0.2840775555672617,30
ma_stop_40_120_s0.05_w0.50,0.739387879090613,0.0591832539879924,-0.4154667321123155,115,173938.7879090613,0.6644961780668539,-0.3154088141124368,0.04722730392500463,-0.28954952794108313,75
ma_stop_40_90_s0.12_w0.50,0.7304927074375045,0.05861931001549614,-0.5304922880690759,50,173049.27074375044,0.5986242504737516,-0.37758737718659824,0.0825458170041018,-0.2870559043838878,31
ma_stop_40_120_s0.10_w0.33,0.7304458036116535,0.05861632948667728,-0.31751881867557447,55,173044.58036116534,0.6531766067204012,-0.21210661689011984,0.045040672055101316,-0.21732667848146955,36
breakout_90_20_s0.10_w0.67,0.7302673339650017,0.0586049878752255,-0.40148409633802246,13,173026.73339650017,1.5003537371550002,-0.13510389574389464,-0.3056299567424995,-0.3063336072663821,11
breakout_60_20_s0.10_w0.67,0.7218218330212514,0.058067080387106174,-0.42697188969665856,17,172182.18330212514,1.2443390955450004,-0.2345757511114472,-0.23247056400749944,-0.25319612888706244,11
breakout_120_20_s0.20_w0.50,0.7218079133850015,0.05806619187326878,-0.2812881885817892,7,172180.79133850016,1.0305076196025,-0.1643370540672382,-0.14944626464009936,-0.2629143699473822,6
breakout_120_40_s0.20_w0.50,0.7218079133850015,0.05806619187326878,-0.2812881885817892,7,172180.79133850016,1.0305076196025,-0.1643370540672382,-0.14944626464009936,-0.2629143699473822,6
breakout_120_60_s0.20_w0.50,0.7218079133850015,0.05806619187326878,-0.2812881885817892,7,172180.79133850016,1.0305076196025,-0.1643370540672382,-0.14944626464009936,-0.2629143699473822,6
breakout_40_10_s0.08_w0.33,0.720538412898001,0.05798513044140874,-0.16133713436939479,21,172053.8412898001,0.8222446447005001,-0.07859383414200863,-0.05550500847059947,-0.11159598530058183,15
breakout_90_40_s0.10_w0.67,0.7151718945150018,0.0576418687975504,-0.406705752209481,13,171517.1894515002,1.5003537371550002,-0.13510389574389464,-0.31156030795499945,-0.312257948866604,11
breakout_90_60_s0.10_w0.67,0.7151718945150018,0.0576418687975504,-0.406705752209481,13,171517.1894515002,1.5003537371550002,-0.13510389574389464,-0.31156030795499945,-0.312257948866604,11
price_ma_180_w0.67,0.7131337534912547,0.057511249812983944,-0.6665688834811184,36,171313.37534912548,0.2950396201350025,-0.5691059739173174,0.32049215903250206,-0.44223515074401243,19
breakout_120_10_s0.15_w0.50,0.7126914822300014,0.057482887448739195,-0.28509354148912863,8,171269.14822300014,1.0305076196025,-0.1643370540672382,-0.15429574870634954,-0.2156351409643111,7
breakout_120_20_s0.15_w0.50,0.7126914822300014,0.057482887448739195,-0.28509354148912863,8,171269.14822300014,1.0305076196025,-0.1643370540672382,-0.15429574870634954,-0.2156351409643111,7
breakout_120_40_s0.15_w0.50,0.7126914822300014,0.057482887448739195,-0.28509354148912863,8,171269.14822300014,1.0305076196025,-0.1643370540672382,-0.15429574870634954,-0.2156351409643111,7
breakout_120_60_s0.15_w0.50,0.7126914822300014,0.057482887448739195,-0.28509354148912863,8,171269.14822300014,1.0305076196025,-0.1643370540672382,-0.15429574870634954,-0.2156351409643111,7
breakout_20_10_s0.10_w0.25,0.7124184019028015,0.05746537183345213,-0.16934451135279086,37,171241.84019028014,0.7298098369804007,-0.10948221141116751,-0.007304580990299847,-0.12473262184727123,23
ma_stop_40_120_s0.12_w0.33,0.7114901945196517,0.057405817066189746,-0.36527225260399426,48,171149.01945196517,0.5494763804661507,-0.25875670515673044,0.1101506027633008,-0.21393280782683347,30
breakout_20_10_s0.08_w0.20,0.6894573042340006,0.055983596919154444,-0.1150218604943383,38,168945.73042340006,0.5659158200861001,-0.08528967142617729,0.07593746488220043,-0.09249861064131973,23
breakout_120_10_s0.12_w0.33,0.6892831330820999,0.055972288133267156,-0.1281949267254658,8,168928.31330821,0.8022057225696,-0.07867635260725173,-0.06189047313839968,-0.11439435309779479,7
breakout_120_20_s0.12_w0.33,0.6892831330820999,0.055972288133267156,-0.1281949267254658,8,168928.31330821,0.8022057225696,-0.07867635260725173,-0.06189047313839968,-0.11439435309779479,7
breakout_120_40_s0.12_w0.33,0.6892831330820999,0.055972288133267156,-0.1281949267254658,8,168928.31330821,0.8022057225696,-0.07867635260725173,-0.06189047313839968,-0.11439435309779479,7
breakout_120_60_s0.12_w0.33,0.6892831330820999,0.055972288133267156,-0.1281949267254658,8,168928.31330821,0.8022057225696,-0.07867635260725173,-0.06189047313839968,-0.11439435309779479,7
breakout_120_10_s0.20_w0.67,0.6889237107187525,0.05594894783932469,-0.4157852482711085,8,168892.37107187524,1.396171613655,-0.18450812585227738,-0.29251274919749926,-0.3610406977039621,7
ma_stop_40_90_s0.10_w0.67,0.6852365118787567,0.05570924984770764,-0.600545263533259,58,168523.65118787566,0.7595264478262513,-0.4320296118058652,-0.04514867896499786,-0.3699416971901494,37
ma_stop_40_90_s0.10_w0.50,0.6757104912187537,0.05508779836641908,-0.4975384844676588,58,167571.04912187537,0.680701478535001,-0.3490636944533637,0.010140168971701558,-0.2865432048910322,37
ma_5_40_w1.00,0.6721569996862582,0.05485516733499818,-0.7003174624831704,53,167215.69996862582,0.32767406085375295,-0.5283670859150575,0.2651712065437537,-0.39524210628231904,30
breakout_60_40_s0.10_w1.00,0.6693254452462545,0.05466948089785317,-0.5691722549839373,17,166932.54452462544,1.5517075919962515,-0.3296765163775368,-0.3432676438912493,-0.361116566165841,11
breakout_90_10_s0.10_w0.50,0.6618871677600016,0.054180348829665936,-0.30630012359201236,13,166188.71677600016,1.1251353739275003,-0.1129324692778154,-0.21833234803664936,-0.21892092961557147,11
breakout_60_10_s0.10_w0.50,0.661784438981251,0.05417357978655479,-0.33790221771016726,17,166178.44389812512,0.9733824057262501,-0.18054569407739593,-0.15580767524994965,-0.19402054659132362,11
breakout_60_40_s0.10_w0.67,0.6606373734675022,0.054097971436053216,-0.42690896447833704,17,166063.73734675022,1.1844984302775003,-0.23451607809812178,-0.23920959947624942,-0.25319612888706244,11
ma_5_40_w0.50,0.6598401045416529,0.05404539220956983,-0.45536576009453084,53,165984.01045416528,0.4029390583541519,-0.3194461881627506,0.19067734809800174,-0.22066646421916378,30
breakout_40_20_s0.08_w0.33,0.6568712563417514,0.05384939986702886,-0.18099585106895655,21,165687.12563417514,0.8222446447005001,-0.07859383414200863,-0.08922622535059954,-0.12126293590879139,15
ma_stop_40_90_s0.20_w0.67,0.6517050656512533,0.05350759559870011,-0.610437904846965,30,165170.50656512534,0.7694611271100003,-0.4420221091444789,-0.06177586716994832,-0.39775170622669836,18
breakout_60_10_s0.08_w0.33,0.6505237364289007,0.0534293022123602,-0.19815376305399865,17,165052.37364289007,0.72376727424765,-0.09896827797695135,-0.04192531588979964,-0.11095982042838883,11
breakout_40_20_s0.10_w0.50,0.6479293912650019,0.05325718385946132,-0.3371328007163997,21,164792.9391265002,1.1578010169375004,-0.1320407753570708,-0.23249147472129905,-0.23584458195011998,15
breakout_60_10_s0.05_w0.50,0.6479099857912518,0.053255895514640716,-0.29500148563561973,20,164790.99857912518,0.7530532511287511,-0.17222592345836935,-0.060528031617949285,-0.15509803626558782,12
breakout_60_20_s0.05_w0.50,0.6479099857912518,0.053255895514640716,-0.29500148563561973,20,164790.99857912518,0.7530532511287511,-0.17222592345836935,-0.060528031617949285,-0.15509803626558782,12
breakout_60_40_s0.05_w0.50,0.6479099857912518,0.053255895514640716,-0.29500148563561973,20,164790.99857912518,0.7530532511287511,-0.17222592345836935,-0.060528031617949285,-0.15509803626558782,12
breakout_40_10_s0.05_w0.50,0.6452657879850028,0.053080217854210465,-0.2619986108736171,26,164526.57879850027,0.8163582441300008,-0.15677196172794056,-0.08819633397519977,-0.16284948679103578,17
breakout_40_20_s0.05_w0.50,0.6452657879850028,0.053080217854210465,-0.2619986108736171,26,164526.57879850027,0.8163582441300008,-0.15677196172794056,-0.08819633397519977,-0.16284948679103578,17
breakout_90_10_s0.05_w0.50,0.6448746142800024,0.053054207213192095,-0.2615502882475097,15,164487.46142800024,0.8956356936637504,-0.1341069461278715,-0.1315835310645992,-0.15906208918324968,12
breakout_90_20_s0.05_w0.50,0.6448746142800024,0.053054207213192095,-0.2615502882475097,15,164487.46142800024,0.8956356936637504,-0.1341069461278715,-0.1315835310645992,-0.15906208918324968,12
breakout_90_40_s0.05_w0.50,0.6448746142800024,0.053054207213192095,-0.2615502882475097,15,164487.46142800024,0.8956356936637504,-0.1341069461278715,-0.1315835310645992,-0.15906208918324968,12
breakout_90_60_s0.05_w0.50,0.6448746142800024,0.053054207213192095,-0.2615502882475097,15,164487.46142800024,0.8956356936637504,-0.1341069461278715,-0.1315835310645992,-0.15906208918324968,12
ma_stop_40_120_s0.20_w0.33,0.6416615416488014,0.05284034767178025,-0.3671787798154142,28,164166.15416488014,0.5431264940392999,-0.26385009507825935,0.07309488897080074,-0.21016745306081883,16
ma_40_90_w0.67,0.6361483904100018,0.052472521240113146,-0.6565151305636776,16,163614.83904100017,0.5538726011812507,-0.5098481545905704,0.06687359610750088,-0.3955917208551084,9
ma_stop_40_90_s0.20_w0.50,0.6359385552655032,0.05245849952928383,-0.5125914891523874,30,163593.85552655032,0.672482350329251,-0.3675715126216372,-0.024337288164948845,-0.3154719824395893,18
ma_stop_40_120_s0.05_w0.33,0.633504538955806,0.05229573456893033,-0.2959702108741859,115,163350.4538955806,0.5479101567784517,-0.2235590912754984,0.04982991442925311,-0.19792433915726182,75
breakout_60_20_s0.08_w0.33,0.6283098787726509,0.05194763461204621,-0.19815376305399865,17,162830.98787726508,0.72376727424765,-0.09896827797695135,-0.05436650764439965,-0.11095982042838883,11
ma_stop_40_90_s0.08_w0.50,0.6282415551422562,0.051943049542707564,-0.49943691921033867,75,162824.15551422563,0.6941621787910024,-0.34570661972551675,-0.03869111112929735,-0.3420524403228573,49
ma_40_120_w0.33,0.6263787695984004,0.051817975057877996,-0.42384455981164104,14,162637.87695984004,0.40442618209080017,-0.3300332578012126,0.15127188554820048,-0.23578947559412697,8
breakout_90_20_s0.10_w0.50,0.6241897749262519,0.05167083348605317,-0.3220356544132312,13,162418.97749262518,1.1251353739275003,-0.1129324692778154,-0.23666463380024938,-0.23723941150015354,11
breakout_60_20_s0.10_w0.50,0.6220690566187512,0.0515281117886901,-0.33790221771016726,17,162206.90566187512,0.9733824057262501,-0.18054569407739593,-0.1751584213337497,-0.19402054659132362,11
ma_stop_40_120_s0.08_w0.25,0.617456121701953,0.05121708868382213,-0.2630657052269328,71,161745.6121701953,0.5145008412854504,-0.17930213155572844,0.056040666610501555,-0.16938240609990193,47
price_ma_180_w0.50,0.6168711679650032,0.05117759191640059,-0.5885495108956394,36,161687.1167965003,0.24506427508875106,-0.5028293855893365,0.30111408613505075,-0.3806747089764513,19
breakout_40_10_s0.12_w0.67,0.614689367613751,0.05103016113935932,-0.44840524501531065,21,161468.9367613751,1.3802613016724998,-0.18687787519410504,-0.31951830295124906,-0.32351424423439334,15
ma_40_90_w0.50,0.6143333949355012,0.051006090063193676,-0.577411995022693,16,161433.33949355013,0.4490328336655005,-0.45052312298657765,0.10288711602260059,-0.3197967957482681,9
breakout_90_40_s0.10_w0.50,0.6139464410137518,0.05097991862154583,-0.3263113956349921,13,161394.6441013752,1.1251353739275003,-0.1129324692778154,-0.24052349684454932,-0.2410953688904997,11
breakout_90_60_s0.10_w0.50,0.6139464410137518,0.05097991862154583,-0.3263113956349921,13,161394.6441013752,1.1251353739275003,-0.1129324692778154,-0.24052349684454932,-0.2410953688904997,11
breakout_20_10_s0.20_w0.33,0.6110899246767028,0.05078654536514171,-0.2546317279142504,35,161108.99246767026,0.7419434159037508,-0.1516261387944529,-0.0720157750744993,-0.184232627189657,21
breakout_90_10_s0.08_w0.33,0.6097148588421006,0.05069335004621589,-0.1766664476811377,13,160971.48588421007,0.7709934695008502,-0.07999012513939337,-0.0887150556139994,-0.10561610384935272,11
ma_60_180_w0.33,0.6093239808393005,0.050666845201653876,-0.3870390476167283,7,160932.39808393005,0.4178858805115002,-0.32623514054490405,0.13206553622690032,-0.3893113666771901,4
ma_stop_10_180_s0.10_w0.67,0.6089628511687577,0.05064235241887083,-0.61650892182757,58,160896.28511687578,0.5753384844187521,-0.4912702732390544,0.024063877158753355,-0.4422989847530373,34
price_ma_40_w0.33,0.6070800577125555,0.05051457646587987,-0.3810978581942856,100,160708.00577125556,0.2854819340956516,-0.28746540992316844,0.24628983321420272,-0.14725042539886704,55
ma_stop_10_180_s0.10_w0.50,0.6064282294200058,0.050470308816545906,-0.5126305677461621,58,160642.82294200058,0.5363318997562527,-0.39940501366855075,0.05447073386975343,-0.3527317255615031,34
breakout_120_10_s0.05_w0.33,0.6064071481858506,0.05046887685688306,-0.14057613512764103,10,160640.71481858505,0.6332770347358501,-0.09281352149435292,-0.017613436694999596,-0.10496342579296963,8
breakout_120_20_s0.05_w0.33,0.6064071481858506,0.05046887685688306,-0.14057613512764103,10,160640.71481858505,0.6332770347358501,-0.09281352149435292,-0.017613436694999596,-0.10496342579296963,8
breakout_120_40_s0.05_w0.33,0.6064071481858506,0.05046887685688306,-0.14057613512764103,10,160640.71481858505,0.6332770347358501,-0.09281352149435292,-0.017613436694999596,-0.10496342579296963,8
breakout_120_60_s0.05_w0.33,0.6064071481858506,0.05046887685688306,-0.14057613512764103,10,160640.71481858505,0.6332770347358501,-0.09281352149435292,-0.017613436694999596,-0.10496342579296963,8
ma_stop_40_120_s0.10_w0.25,0.6013857334980526,0.05012731258408398,-0.255929746914551,55,160138.57334980526,0.533165669573501,-0.1700557954377861,0.032583320586100806,-0.16925519182547705,36
breakout_60_40_s0.08_w0.33,0.6009670012428507,0.05009878644162402,-0.19793674624004098,17,160096.70012428507,0.6921572884015998,-0.0997428301544054,-0.05436650764439965,-0.11095982042838883,11
breakout_120_10_s0.10_w0.25,0.5994571601894005,0.049995872944544884,-0.09000112811378747,8,159945.71601894006,0.6065335951135999,-0.06737457795040173,-0.002470830931399881,-0.07385751128389599,7
breakout_120_20_s0.10_w0.25,0.5994571601894005,0.049995872944544884,-0.09000112811378747,8,159945.71601894006,0.6065335951135999,-0.06737457795040173,-0.002470830931399881,-0.07385751128389599,7
breakout_120_40_s0.10_w0.25,0.5994571601894005,0.049995872944544884,-0.09000112811378747,8,159945.71601894006,0.6065335951135999,-0.06737457795040173,-0.002470830931399881,-0.07385751128389599,7
breakout_120_60_s0.10_w0.25,0.5994571601894005,0.049995872944544884,-0.09000112811378747,8,159945.71601894006,0.6065335951135999,-0.06737457795040173,-0.002470830931399881,-0.07385751128389599,7
ma_stop_40_90_s0.12_w0.33,0.5980603279197518,0.04990058477515791,-0.3961785780473606,50,159806.0327919752,0.48840075933620053,-0.27677053371108934,0.06761808349500087,-0.19846252374905787,31
ma_stop_40_90_s0.08_w0.67,0.5956897295700108,0.04973869792796792,-0.602407687376159,75,159568.97295700107,0.7629233238900033,-0.42610022791859536,-0.09681812697374703,-0.4377823581197556,49
breakout_40_10_s0.12_w1.00,0.5946027439950026,0.049664396206604566,-0.595921358570101,21,159460.27439950025,1.9108978550999995,-0.2623669719248263,-0.44807614122374884,-0.45287767707033505,15
breakout_20_10_s0.15_w0.33,0.5945713139932516,0.04966224710996858,-0.23841824972860587,36,159457.13139932515,0.7419434159037508,-0.1516261387944529,-0.08376896098359898,-0.1687294153916762,22
ma_stop_40_120_s0.15_w0.33,0.5937153485176523,0.049603703957856515,-0.3693927356622096,37,159371.53485176523,0.5522036182612506,-0.25861176959945226,0.027762939961100797,-0.2228193361443965,23
breakout_120_10_s0.08_w0.25,0.5927373190571006,0.04953677782564658,-0.09615888621471465,8,159273.73190571007,0.6065335951135999,-0.06737457795040173,-0.007233630664099655,-0.08028474440846418,7
breakout_120_20_s0.08_w0.25,0.5927373190571006,0.04953677782564658,-0.09615888621471465,8,159273.73190571007,0.6065335951135999,-0.06737457795040173,-0.007233630664099655,-0.08028474440846418,7
breakout_120_40_s0.08_w0.25,0.5927373190571006,0.04953677782564658,-0.09615888621471465,8,159273.73190571007,0.6065335951135999,-0.06737457795040173,-0.007233630664099655,-0.08028474440846418,7
breakout_120_60_s0.08_w0.25,0.5927373190571006,0.04953677782564658,-0.09615888621471465,8,159273.73190571007,0.6065335951135999,-0.06737457795040173,-0.007233630664099655,-0.08028474440846418,7
breakout_20_10_s0.12_w0.25,0.5909344931934006,0.049413314665150976,-0.17531339151833467,37,159093.44931934006,0.6916465308244,-0.11602494763780348,-0.05274027028709971,-0.1298338122768997,23
ma_stop_40_120_s0.12_w0.25,0.5895318077128515,0.04931716761913729,-0.29331580599340235,48,158953.18077128514,0.46148923877750003,-0.20616921674785024,0.09535728420300127,-0.16232955598267693,30
breakout_90_20_s0.08_w0.33,0.5883895554921008,0.04923881578149514,-0.1766664476811377,13,158838.95554921008,0.7709934695008502,-0.07999012513939337,-0.10026759081469938,-0.1117397993912179,11
breakout_90_40_s0.08_w0.33,0.5883895554921008,0.04923881578149514,-0.1766664476811377,13,158838.95554921008,0.7709934695008502,-0.07999012513939337,-0.10026759081469938,-0.1117397993912179,11
breakout_90_60_s0.08_w0.33,0.5883895554921008,0.04923881578149514,-0.1766664476811377,13,158838.95554921008,0.7709934695008502,-0.07999012513939337,-0.10026759081469938,-0.1117397993912179,11
ma_stop_10_180_s0.08_w0.50,0.5867563871812587,0.04912670221312787,-0.5103791993330254,73,158675.63871812588,0.542061931612503,-0.3971536452554141,0.03441771001850302,-0.3995148799319471,46
breakout_60_40_s0.10_w0.50,0.586677769616252,0.04912130267440906,-0.33694306392903545,17,158667.7769616252,0.9362737304212507,-0.18016235575351697,-0.18028067765004963,-0.19402054659132362,11
breakout_20_10_s0.05_w0.25,0.5847852967230516,0.04899125320415565,-0.15294737268601455,46,158478.52967230516,0.5356593400934004,-0.09707216029590633,0.029373242368500252,-0.1243044682927708,27
breakout_20_10_s0.10_w0.20,0.5796456755329007,0.04863735838518979,-0.13615091738128357,37,157964.56755329008,0.5876996314614005,-0.08813044713723193,-0.006446546222099614,-0.09946432793288111,23
price_ma_60_w0.67,0.5754665029939567,0.04834883497071685,-0.6212078252570326,71,157546.65029939567,0.09856931696895432,-0.49831207406027456,0.4243714319812524,-0.289568664273114,35
ma_stop_40_90_s0.15_w0.67,0.5731452386887541,0.04818828217951543,-0.6322819055188297,41,157314.5238688754,0.7067191509787518,-0.47837146946612524,-0.08227132130609849,-0.38634210868634106,25
ma_stop_10_180_s0.12_w0.50,0.5707677302437562,0.048023618975554516,-0.5670534249391005,48,157076.7730243756,0.3947215284675023,-0.4547328697231371,0.13384151574465242,-0.35141830923641326,27
breakout_120_10_s0.20_w0.50,0.5706864427387517,0.04801798515891598,-0.34436885226559244,8,157068.64427387516,1.0305076196025,-0.1643370540672382,-0.22302758248209953,-0.27938181721468425,7
ma_stop_40_90_s0.15_w0.50,0.5660617180720042,0.047697026933612996,-0.5349675755697791,41,156606.17180720042,0.6249283668220014,-0.39932198693136217,-0.04066557760694822,-0.30400963163360173,25
breakout_40_10_s0.10_w0.33,0.5634559972942508,0.04751581430824925,-0.19598109427302668,21,156345.59972942507,0.7691310614505003,-0.08945158841518276,-0.11405753645509942,-0.11948231446895087,15
ma_stop_40_90_s0.12_w1.00,0.5631327155025097,0.04749331308368765,-0.7803831483274958,50,156313.27155025097,0.5683186643062539,-0.60374399803895,0.0037354518337526788,-0.5021415184612075,31
ma_stop_10_180_s0.08_w0.67,0.5606064700762596,0.0473173362960595,-0.6174855255402968,73,156060.64700762596,0.5723348892300038,-0.49224687695178115,-0.007344291239994805,-0.4982937713845759,46
ma_stop_40_90_s0.08_w0.33,0.5603069258169049,0.04729645329129872,-0.37289341018830413,75,156030.6925816905,0.5594631606873015,-0.25374464713077266,0.004006915189701088,-0.24385878219064464,49
ma_stop_10_180_s0.12_w0.67,0.5535422506575065,0.04682388842617802,-0.6757164908108506,48,155354.22506575065,0.3742358179950025,-0.5562062086096465,0.12255650506125337,-0.44377041765596453,27
breakout_40_10_s0.12_w0.50,0.5515442859712512,0.046683962401120827,-0.354831651480293,21,155154.4285971251,1.05689991493125,-0.14469297899814546,-0.24336718878814956,-0.24667278197086537,15
ma_stop_40_90_s0.10_w0.33,0.5502379001562525,0.04659238327517712,-0.37116283714985343,58,155023.79001562524,0.526957921043951,-0.25559547958981366,0.020533615895101276,-0.20019425260851867,37
breakout_40_10_s0.08_w0.25,0.5476838035061007,0.046413138252117125,-0.12237011494997155,21,154768.38035061007,0.6125522651254001,-0.0667534101731461,-0.04175228819169963,-0.08535551817797034,15
price_ma_60_w0.50,0.5412591952488057,0.0459610882424093,-0.5425196893294614,71,154125.91952488056,0.14462072576505336,-0.436636598021253,0.3449569538900017,-0.23453520020321944,35
breakout_120_10_s0.12_w0.25,0.5330656899579003,0.04538211825772387,-0.10363575933851403,8,153306.56899579003,0.6065335951135999,-0.06737457795040173,-0.04863326777439947,-0.08709083007337051,7
breakout_120_20_s0.12_w0.25,0.5330656899579003,0.04538211825772387,-0.10363575933851403,8,153306.56899579003,0.6065335951135999,-0.06737457795040173,-0.04863326777439947,-0.08709083007337051,7
breakout_120_40_s0.12_w0.25,0.5330656899579003,0.04538211825772387,-0.10363575933851403,8,153306.56899579003,0.6065335951135999,-0.06737457795040173,-0.04863326777439947,-0.08709083007337051,7
breakout_120_60_s0.12_w0.25,0.5330656899579003,0.04538211825772387,-0.10363575933851403,8,153306.56899579003,0.6065335951135999,-0.06737457795040173,-0.04863326777439947,-0.08709083007337051,7
breakout_90_10_s0.12_w0.67,0.5284902685725019,0.045057601888156995,-0.471280699591758,13,152849.0268572502,1.4150924587800002,-0.16760742907866422,-0.3669379876428992,-0.3675795107341828,11
ma_40_90_w1.00,0.5255464156312528,0.04484834561751372,-0.7659690708439638,16,152554.64156312527,0.707628731208751,-0.5950830742850117,-0.0982723408874987,-0.5161596139885799,9
ma_5_40_w0.33,0.5235275060970028,0.044704627308702394,-0.3319492419286119,53,152352.75060970028,0.33704391263485123,-0.22736927532077425,0.13116137426390173,-0.1522318172372532,30
ma_stop_40_120_s0.08_w0.20,0.5208028484848031,0.044510398718845545,-0.21573606307969193,71,152080.2848484803,0.43848316387300024,-0.1457935085164701,0.053873297938700215,-0.13322107853211054,47
ma_stop_40_120_s0.20_w0.25,0.5166142848191515,0.044211205836186096,-0.3022647639759812,28,151661.42848191515,0.44152844307225014,-0.2188114684649974,0.049352899171000386,-0.1627275008926004,16
breakout_120_20_s0.20_w0.33,0.5127331581171002,0.0439333117748002,-0.2133232378299791,7,151273.31581171002,0.68145219072585,-0.13539155529974214,-0.0999154370720996,-0.18396227574694798,6
breakout_120_40_s0.20_w0.33,0.5127331581171002,0.0439333117748002,-0.2133232378299791,7,151273.31581171002,0.68145219072585,-0.13539155529974214,-0.0999154370720996,-0.18396227574694798,6
breakout_120_60_s0.20_w0.33,0.5127331581171002,0.0439333117748002,-0.2133232378299791,7,151273.31581171002,0.68145219072585,-0.13539155529974214,-0.0999154370720996,-0.18396227574694798,6
ma_stop_40_90_s0.12_w0.25,0.5107360947159003,0.043790070209473786,-0.31970513539676343,50,151073.60947159003,0.4186322767209003,-0.21946113277034654,0.06018338607570106,-0.15480407494356188,31
ma_stop_40_120_s0.05_w1.00,0.5095390805212783,0.043704131697014814,-0.6719404356265772,115,150953.90805212784,0.6547120166925096,-0.5279220969293644,-0.08986872901498977,-0.5123096687355618,75
ma_stop_40_120_s0.05_w0.25,0.5089223049193043,0.04365982702843563,-0.231664503974348,115,150892.23049193044,0.4446781315519015,-0.17548248711602643,0.04218901419880239,-0.15319075672482535,75
ma_5_250_w1.00,0.5075431188750035,0.04356069759744541,-0.6638197528474515,15,150754.31188750034,0.7714654640550016,-0.5330046256484536,-0.15131930887124911,-0.6632502179895488,9
ma_stop_40_120_s0.10_w0.20,0.5069875819823009,0.04352074524650629,-0.21299882772651862,55,150698.7581982301,0.4485576643546003,-0.14119860644164542,0.03674011006510036,-0.13991070606546085,36
ma_stop_40_90_s0.20_w0.33,0.5069283536257019,0.04351648496312088,-0.3899764553158809,30,150692.8353625702,0.5022994765724007,-0.27842772722796416,0.0034509366669004393,-0.21539963097990428,18
breakout_120_10_s0.15_w0.33,0.5064349191246007,0.04348098648843712,-0.21659855326245075,8,150643.49191246007,0.68145219072585,-0.13539155529974214,-0.10473040569309955,-0.1484790809361836,7
breakout_120_20_s0.15_w0.33,0.5064349191246007,0.04348098648843712,-0.21659855326245075,8,150643.49191246007,0.68145219072585,-0.13539155529974214,-0.10473040569309955,-0.1484790809361836,7
breakout_120_40_s0.15_w0.33,0.5064349191246007,0.04348098648843712,-0.21659855326245075,8,150643.49191246007,0.68145219072585,-0.13539155529974214,-0.10473040569309955,-0.1484790809361836,7
breakout_120_60_s0.15_w0.33,0.5064349191246007,0.04348098648843712,-0.21659855326245075,8,150643.49191246007,0.68145219072585,-0.13539155529974214,-0.10473040569309955,-0.1484790809361836,7
breakout_20_10_s0.08_w0.15,0.505603485452401,0.04342114823036147,-0.08538244688161263,38,150560.3485452401,0.42378696090919976,-0.06373469337499585,0.05566403533580022,-0.07043487409223602,23
breakout_60_10_s0.10_w0.33,0.5040494104276505,0.043309222048452556,-0.2363363009635825,17,150404.94104276504,0.6788147181414004,-0.1224654632657427,-0.10004424696449976,-0.13012780782920816,11
ma_stop_40_90_s0.20_w1.00,0.5036152348012564,0.043277933724057416,-0.7470194513443256,30,150361.52348012564,0.8404821234225024,-0.5603101479053663,-0.1778482746787471,-0.5299130359365044,18
ma_stop_10_180_s0.10_w0.33,0.5025472663960526,0.04320093745080977,-0.38097002230087745,58,150254.72663960527,0.4345248371731507,-0.2903350521174894,0.049269925002202175,-0.25262269233869467,34
breakout_90_10_s0.10_w0.33,0.49925715398460113,0.04296342478065074,-0.22033125457176833,13,149925.7153984601,0.7551492483321001,-0.08725797382425055,-0.14476570897179974,-0.14517539325947357,11
breakout_40_20_s0.08_w0.25,0.4988727390269003,0.042935643461095685,-0.13913360268349706,21,149887.27390269004,0.6125522651254001,-0.0667534101731461,-0.07047668142989949,-0.09165253683623818,15
price_ma_60_w1.00,0.4983601470412571,0.04289858896925214,-0.7323056265504692,71,149836.0147041257,-0.04137006495374529,-0.5913192054869968,0.5697763250400023,-0.3796482067749091,35
ma_stop_40_120_s0.12_w0.20,0.4981147780293016,0.04288084759762989,-0.2448635430620233,48,149811.47780293017,0.3926356309476007,-0.17196149141519218,0.07542086158780115,-0.1323778766461735,30
ma_40_120_w0.25,0.49715637047125094,0.04281152511644648,-0.36117992709003743,14,149715.63704712508,0.3176303212414502,-0.2859167003141355,0.14157607365290015,-0.19042407410129594,8
breakout_60_10_s0.08_w0.25,0.49693800515910036,0.042795724994523,-0.1528798047073077,17,149693.80051591003,0.5443544716426003,-0.07659004293019245,-0.033078067906299746,-0.08485432805453134,11
ma_stop_40_90_s0.10_w1.00,0.49577065009876264,0.042711224366253076,-0.7442614213742768,58,149577.06500987627,0.760060652861255,-0.5635860364607685,-0.14999469717374547,-0.4981159865246914,37
ma_stop_10_180_s0.08_w0.33,0.4945702262451046,0.04262426835268296,-0.3808667309192726,73,149457.02262451046,0.4347329384834022,-0.2902317607358845,0.045732120755902717,-0.282489965116132,46
breakout_40_20_s0.10_w0.33,0.4925601854242512,0.04247852526262741,-0.231798968631235,21,149256.01854242512,0.7691310614505003,-0.08945158841518276,-0.15801032040939933,-0.16040819367807096,15
ma_stop_10_180_s0.15_w0.67,0.4915179183037557,0.042402883790896295,-0.6498196262005285,38,149151.79183037556,0.4757437700437521,-0.5233949458345347,0.00347856619500142,-0.45674560550727894,21
ma_stop_10_180_s0.12_w0.33,0.48963965383055297,0.04226645099113924,-0.42610902295292696,48,148963.9653830553,0.3472728422176019,-0.33344532863427256,0.10579098252745123,-0.24697580798759108,27
breakout_20_10_s0.05_w0.20,0.489152709931302,0.04223105534658478,-0.1236641029284562,46,148915.2709931302,0.4404641913314007,-0.07814204080890771,0.02667095392680019,-0.09787098937828508,27
ma_stop_10_180_s0.15_w0.50,0.48589068615750386,0.04199367307711199,-0.5501034021478574,38,148589.06861575038,0.4404744989775011,-0.43683417205512964,0.036826404420301495,-0.36130025424286144,21
breakout_20_10_s0.12_w0.20,0.48568371991880066,0.04197859608948162,-0.14185137099410133,37,148568.37199188006,0.5524069407365,-0.09426172569011147,-0.03659829790519942,-0.10361116714341138,23
ma_stop_40_120_s0.15_w0.25,0.48499515462085196,0.041928422229566165,-0.3037048257440511,37,148499.5154620852,0.44940035251845023,-0.2137812775030679,0.023300437426600595,-0.17638360845044324,23
breakout_90_10_s0.12_w0.50,0.484313079510001,0.04187870073326394,-0.3804225582927511,13,148431.3079510001,1.07276058864,-0.1370264515313271,-0.2848695577391994,-0.28540803800480063,11
breakout_120_10_s0.10_w0.20,0.4834443344654,0.04181534183039903,-0.07601430368070755,8,148344.43344654,0.48913031864,-0.059030573506321446,-0.0024886167648997537,-0.06020583195327701,7
breakout_120_20_s0.10_w0.20,0.4834443344654,0.04181534183039903,-0.07601430368070755,8,148344.43344654,0.48913031864,-0.059030573506321446,-0.0024886167648997537,-0.06020583195327701,7
breakout_120_40_s0.10_w0.20,0.4834443344654,0.04181534183039903,-0.07601430368070755,8,148344.43344654,0.48913031864,-0.059030573506321446,-0.0024886167648997537,-0.06020583195327701,7
breakout_120_60_s0.10_w0.20,0.4834443344654,0.04181534183039903,-0.07601430368070755,8,148344.43344654,0.48913031864,-0.059030573506321446,-0.0024886167648997537,-0.06020583195327701,7
ma_stop_40_90_s0.08_w0.25,0.48340727910240333,0.04181263858687423,-0.2996535452469389,75,148340.72791024033,0.4610775621327017,-0.20179692453500478,0.012479998250401358,-0.18202159436658663,49
breakout_60_20_s0.08_w0.25,0.4818308437428007,0.04169757921153461,-0.1528798047073077,17,148183.08437428006,0.5443544716426003,-0.07659004293019245,-0.04285328999919957,-0.08485432805453134,11
breakout_60_20_s0.10_w0.33,0.48062751826515004,0.04160967818403938,-0.2363363009635825,17,148062.751826515,0.6788147181414004,-0.1224654632657427,-0.11328423112709973,-0.13012780782920816,11
breakout_90_20_s0.12_w0.67,0.48060944436375275,0.04160835742613633,-0.487843131423439,13,148060.94443637528,1.4150924587800002,-0.16760742907866422,-0.3873071940468993,-0.38792807569073495,11
breakout_20_10_s0.20_w0.25,0.4805196583799509,0.041601796063654106,-0.19561286413117576,35,148051.96583799509,0.5683891551726501,-0.12223839650042569,-0.058549718263399275,-0.14305416883029357,21
breakout_60_10_s0.05_w0.33,0.4800025957388503,0.04156400332052512,-0.20587848541193124,20,148000.25957388504,0.5372176298361004,-0.11882893053662806,-0.0349660829154993,-0.10447454264382032,12
breakout_60_20_s0.05_w0.33,0.4800025957388503,0.04156400332052512,-0.20587848541193124,20,148000.25957388504,0.5372176298361004,-0.11882893053662806,-0.0349660829154993,-0.10447454264382032,12
breakout_60_40_s0.05_w0.33,0.4800025957388503,0.04156400332052512,-0.20587848541193124,20,148000.25957388504,0.5372176298361004,-0.11882893053662806,-0.0349660829154993,-0.10447454264382032,12
ma_stop_40_90_s0.10_w0.25,0.47937172890115276,0.041517876460817504,-0.2999321959445348,58,147937.17289011527,0.4411299261951005,-0.2062780700397416,0.02335059775740156,-0.15559321243633117,37
breakout_90_10_s0.05_w0.33,0.4787845283281009,0.04147492648939144,-0.1834802052614157,15,147878.4528328101,0.6169391057421005,-0.09486734939578355,-0.08324649184019917,-0.1061610703959968,12
breakout_90_20_s0.05_w0.33,0.4787845283281009,0.04147492648939144,-0.1834802052614157,15,147878.4528328101,0.6169391057421005,-0.09486734939578355,-0.08324649184019917,-0.1061610703959968,12
breakout_90_40_s0.05_w0.33,0.4787845283281009,0.04147492648939144,-0.1834802052614157,15,147878.4528328101,0.6169391057421005,-0.09486734939578355,-0.08324649184019917,-0.1061610703959968,12
breakout_90_60_s0.05_w0.33,0.4787845283281009,0.04147492648939144,-0.1834802052614157,15,147878.4528328101,0.6169391057421005,-0.09486734939578355,-0.08324649184019917,-0.1061610703959968,12
breakout_120_10_s0.08_w0.20,0.4774156305195003,0.04137474098419691,-0.08088847443204211,8,147741.56305195004,0.48913031864,-0.059030573506321446,-0.006003303360099688,-0.0652990383978601,7
breakout_120_20_s0.08_w0.20,0.4774156305195003,0.04137474098419691,-0.08088847443204211,8,147741.56305195004,0.48913031864,-0.059030573506321446,-0.006003303360099688,-0.0652990383978601,7
breakout_120_40_s0.08_w0.20,0.4774156305195003,0.04137474098419691,-0.08088847443204211,8,147741.56305195004,0.48913031864,-0.059030573506321446,-0.006003303360099688,-0.0652990383978601,7
breakout_120_60_s0.08_w0.20,0.4774156305195003,0.04137474098419691,-0.08088847443204211,8,147741.56305195004,0.48913031864,-0.059030573506321446,-0.006003303360099688,-0.0652990383978601,7
breakout_90_20_s0.10_w0.33,0.47685360495960105,0.041333583938083285,-0.23198192231414883,13,147685.3604959601,0.7551492483321001,-0.08725797382425055,-0.1570118923000997,-0.15741571027845197,11
breakout_90_10_s0.12_w1.00,0.4764559801950039,0.0413044574586523,-0.6128733212699536,13,147645.59801950038,2.0018898797625,-0.21733867591190092,-0.5038917498224986,-0.5046526436064153,11
ma_40_90_w0.33,0.4758540792241506,0.04126035413151352,-0.4648404350947035,16,147585.40792241506,0.31478708606164996,-0.3669811220693772,0.11180590129115031,-0.23695827395856067,9
breakout_90_10_s0.08_w0.25,0.47570663152650106,0.04124954768036471,-0.14197166924631105,13,147570.66315265012,0.5861623223701002,-0.06737457795040173,-0.0693100285343996,-0.08081470449917032,11
ma_5_250_w0.67,0.47438777002500143,0.041152845179726505,-0.5493555676895802,15,147438.77700250014,0.5663512575337506,-0.47120651376193595,-0.04894504187624915,-0.54621138271395,9
breakout_120_10_s0.05_w0.25,0.47434790406760063,0.04114992089285363,-0.10674977176849433,10,147434.79040676006,0.4901521292155999,-0.07062727806466294,-0.008464184894399485,-0.08028474440846418,8
breakout_120_20_s0.05_w0.25,0.47434790406760063,0.04114992089285363,-0.10674977176849433,10,147434.79040676006,0.4901521292155999,-0.07062727806466294,-0.008464184894399485,-0.08028474440846418,8
breakout_120_40_s0.05_w0.25,0.47434790406760063,0.04114992089285363,-0.10674977176849433,10,147434.79040676006,0.4901521292155999,-0.07062727806466294,-0.008464184894399485,-0.08028474440846418,8
breakout_120_60_s0.05_w0.25,0.47434790406760063,0.04114992089285363,-0.10674977176849433,10,147434.79040676006,0.4901521292155999,-0.07062727806466294,-0.008464184894399485,-0.08028474440846418,8
breakout_20_10_s0.15_w0.25,0.47399523238105123,0.04112404828628624,-0.18484916709138474,36,147399.52323810512,0.5683891551726501,-0.12223839650042569,-0.0563034595288997,-0.1298338122768997,22
breakout_60_10_s0.12_w0.67,0.47326858517250225,0.04107072269232148,-0.4838509324405302,17,147326.85851725022,1.1049889498537504,-0.2625322397933395,-0.29636758578374933,-0.30049947327509474,11
price_ma_40_w0.25,0.47270542277590377,0.041029378349568324,-0.30407665912691234,100,147270.54227759037,0.241582247620602,-0.22546942030973907,0.18745253103440151,-0.11271203651044792,55
breakout_90_40_s0.10_w0.33,0.4719229001383507,0.04097190623551028,-0.23454606978667822,13,147192.29001383507,0.7551492483321001,-0.08725797382425055,-0.16051659399019957,-0.16091873310554264,11
breakout_90_60_s0.10_w0.33,0.4719229001383507,0.04097190623551028,-0.23454606978667822,13,147192.29001383507,0.7551492483321001,-0.08725797382425055,-0.16051659399019957,-0.16091873310554264,11
breakout_40_10_s0.05_w0.33,0.47162002809175196,0.04094965454930044,-0.18230518078851074,26,147162.0028091752,0.5662590463245007,-0.10793455735133656,-0.06158951274769919,-0.11019166749869994,17
breakout_40_20_s0.05_w0.33,0.47162002809175196,0.04094965454930044,-0.18230518078851074,26,147162.0028091752,0.5662590463245007,-0.10793455735133656,-0.06158951274769919,-0.11019166749869994,17
breakout_60_40_s0.08_w0.25,0.47019900538060067,0.04084519869780889,-0.1537833852186081,17,147019.90053806006,0.5345277223690006,-0.07704272057642483,-0.04285328999919957,-0.08485432805453134,11
ma_stop_10_120_s0.12_w0.50,0.4629163350181038,0.04030844347126705,-0.5910744794965701,54,146291.63350181037,0.23473476944185068,-0.47267278530903106,0.18374786292815282,-0.31126377132822686,30
ma_stop_10_180_s0.20_w0.50,0.4625043624337535,0.04027800831756023,-0.5643610513420838,30,146250.43624337536,0.397252619302501,-0.45373838695242086,0.04593660474030137,-0.3709036783490394,17
ma_stop_40_90_s0.15_w0.33,0.461626639736302,0.040213139477346393,-0.41011239340678923,41,146162.6639736302,0.47318920838760037,-0.30258268474675093,-0.0006700967672983449,-0.20941793872627487,25
breakout_90_20_s0.08_w0.25,0.4614881266641011,0.04020289936236843,-0.14197166924631105,13,146148.81266641011,0.5861623223701002,-0.06737457795040173,-0.0772327479543995,-0.08358808897833789,11
breakout_90_40_s0.08_w0.25,0.4614881266641011,0.04020289936236843,-0.14197166924631105,13,146148.81266641011,0.5861623223701002,-0.06737457795040173,-0.0772327479543995,-0.08358808897833789,11
breakout_90_60_s0.08_w0.25,0.4614881266641011,0.04020289936236843,-0.14197166924631105,13,146148.81266641011,0.5861623223701002,-0.06737457795040173,-0.0772327479543995,-0.08358808897833789,11
ma_60_180_w0.25,0.46084560361500015,0.040155386982004604,-0.3271942762657217,7,146084.5603615,0.3186900137283002,-0.2788460537256581,0.11108570797750006,-0.3254166635969831,4
price_ma_180_w0.33,0.45954184133585074,0.04005892064432626,-0.47940679127387653,36,145954.18413358508,0.18081214599940054,-0.4104737493849616,0.23962187247965105,-0.3013996888541563,19
breakout_90_40_s0.12_w0.67,0.45621041485500236,0.039812074730256164,-0.49628298745507377,13,145621.04148550023,1.4150924587800002,-0.16760742907866422,-0.39689739261859924,-0.3975085558877518,11
ma_stop_10_180_s0.20_w0.67,0.45599704093125526,0.03979624730301046,-0.6640423789625848,30,145599.70409312553,0.4134248489475023,-0.5435286050083532,0.025798225196252078,-0.46414611598171834,17
breakout_60_40_s0.10_w0.33,0.45229279633430086,0.03952114594556222,-0.23555103710014388,17,145229.2796334301,0.6479334913568005,-0.12304705295702459,-0.11678893281719971,-0.13012780782920816,11
breakout_60_10_s0.12_w0.50,0.4519921718609514,0.03949879203515905,-0.3854456219924133,17,145199.21718609513,0.8814457388384507,-0.20367978685107144,-0.23008464831084974,-0.2334482705330155,11
breakout_90_20_s0.12_w0.50,0.45068905922625135,0.03940184687851778,-0.3944577943591177,13,145068.90592262513,1.07276058864,-0.1370264515313271,-0.3001711220280996,-0.3006980804930398,11
ma_10_180_w0.67,0.44583529623750184,0.039040062826649846,-0.6965506115451781,14,144583.5296237502,0.2789794194525006,-0.5869202998575238,0.12521605341375097,-0.4943694057818615,8
breakout_90_60_s0.12_w0.67,0.4451883479550023,0.03899175918586972,-0.5000956250755039,13,144518.83479550024,1.4150924587800002,-0.16760742907866422,-0.4014904489645993,-0.40209695778971954,11
ma_10_120_w0.50,0.4437453388656518,0.03888394874067447,-0.6188877559046586,21,144374.5338865652,0.10588335237445068,-0.5210508008458804,0.3090446815407004,-0.3574658745793673,10
ma_stop_10_120_s0.10_w0.50,0.4421059506098548,0.03876134913658302,-0.5493019409323205,66,144210.59506098548,0.3075023511548516,-0.43375232977768796,0.09577222219115322,-0.3188177697427537,38
breakout_40_10_s0.10_w0.25,0.4394007627805505,0.03855877169253885,-0.14889389760401087,21,143940.07627805506,0.5777164373738506,-0.0667534101731461,-0.08740897178459961,-0.08978178922294532,15
breakout_40_10_s0.12_w0.33,0.43881608569800035,0.03851494343346573,-0.24698690456747077,21,143881.60856980004,0.7244361287017502,-0.09750592861946562,-0.16718934435529942,-0.169561076999346,15
ma_stop_40_120_s0.20_w0.20,0.4375941402535013,0.0384232930377455,-0.2566634711009615,28,143759.41402535012,0.37095615601950027,-0.1865290704859823,0.03749327530989999,-0.12965240097575276,16
ma_stop_40_120_s0.05_w0.20,0.43580581480390324,0.038289036137036936,-0.19243952520919339,115,143580.58148039033,0.3736126812830012,-0.1433091689403814,0.045504315979201904,-0.12246443373525576,75
breakout_40_10_s0.08_w0.20,0.43524739745790053,0.03824708276265354,-0.0999353768179373,21,143524.73974579005,0.48529954413880017,-0.05800724098773472,-0.030201305862599725,-0.06697648039360002,15
ma_stop_30_120_s0.08_w0.33,0.43480417056610343,0.03821377312576257,-0.43144723504786237,78,143480.41705661034,0.4863094512551507,-0.28927146147773847,-0.03502523288349868,-0.22023208287552845,50
breakout_20_10_s0.10_w0.15,0.4339366401989002,0.03814854929971401,-0.10318611346375563,37,143393.66401989,0.4399641592107999,-0.06538992188436077,-0.008657076210899728,-0.075317357842144,23
breakout_90_40_s0.12_w0.50,0.4326983304637517,0.038055387756535275,-0.4019674295263819,13,143269.83304637516,1.07276058864,-0.1370264515313271,-0.3086383215528996,-0.3091589043700144,11
breakout_120_10_s0.12_w0.20,0.4326932405766004,0.038055004681049054,-0.08667542360597093,8,143269.32405766004,0.48913031864,-0.059030573506321446,-0.035658471507099776,-0.071526603086355,7
breakout_120_20_s0.12_w0.20,0.4326932405766004,0.038055004681049054,-0.08667542360597093,8,143269.32405766004,0.48913031864,-0.059030573506321446,-0.035658471507099776,-0.071526603086355,7
breakout_120_40_s0.12_w0.20,0.4326932405766004,0.038055004681049054,-0.08667542360597093,8,143269.32405766004,0.48913031864,-0.059030573506321446,-0.035658471507099776,-0.071526603086355,7
breakout_120_60_s0.12_w0.20,0.4326932405766004,0.038055004681049054,-0.08667542360597093,8,143269.32405766004,0.48913031864,-0.059030573506321446,-0.035658471507099776,-0.071526603086355,7
price_ma_60_w0.33,0.4284219981856021,0.03773311136985735,-0.43470247082084695,71,142842.1998185602,0.156199773673251,-0.35191490460478925,0.22764459531110015,-0.1678597700012122,35
ma_stop_10_180_s0.08_w0.25,0.4257899985448039,0.03753432640367027,-0.3033293217721376,73,142578.99985448038,0.3616804380288514,-0.2286717817760617,0.04781449004260141,-0.21764583427152437,46
breakout_120_10_s0.20_w0.33,0.4252102008326504,0.037490492283354326,-0.258838387863298,8,142521.02008326503,0.68145219072585,-0.13539155529974214,-0.15314001370409935,-0.1945230817234087,7
breakout_90_60_s0.12_w0.50,0.4248910330762514,0.03746635560295286,-0.40522632780651563,13,142489.10330762513,1.07276058864,-0.1370264515313271,-0.31231276662969965,-0.31283058265624875,11
ma_stop_10_250_s0.12_w0.50,0.42303983523750466,0.03732626535911687,-0.4854690709173707,46,142303.98352375047,0.6461521555612528,-0.33470654090429725,-0.1293588232242988,-0.48028525192526894,27
ma_stop_40_90_s0.20_w0.25,0.42221293888525047,0.03726363682644829,-0.3216922318124506,30,142221.29388852505,0.4132144049473503,-0.2300057104587392,0.010931652518200607,-0.16872885971979182,18
ma_stop_10_180_s0.10_w0.25,0.42075838687395395,0.03715339088101888,-0.304384479240392,58,142075.8386873954,0.3598222912833511,-0.22972693924431614,0.05117480896300153,-0.1923268368344626,34
ma_stop_40_90_s0.12_w0.20,0.41999575093999963,0.03709554742307497,-0.26549286347285916,50,141999.57509399997,0.35139439284100016,-0.18067610626525368,0.05141933549430111,-0.12286521159401421,31
ma_stop_10_120_s0.12_w0.33,0.4180304758881024,0.03694635929090628,-0.44834414673941353,54,141803.04758881024,0.24167739577565106,-0.3502078321437034,0.13861673068710112,-0.2181873719731654,30
ma_stop_10_250_s0.10_w0.50,0.415342458765005,0.036742005991521554,-0.4843223395230807,53,141534.2458765005,0.7834009158787527,-0.28271487417775903,-0.20597726747389877,-0.48087396901709467,32
ma_stop_10_120_s0.10_w0.33,0.4152436339880534,0.03673448632926779,-0.4123193880304004,66,141524.36339880535,0.2985632363446007,-0.3180321204642007,0.08789205335830164,-0.21991803178036662,38
ma_5_40_w0.25,0.4150741838350014,0.036721591626228456,-0.2654073331901732,53,141507.41838350013,0.28200845161200094,-0.18022837989640283,0.10050089165230003,-0.11617548773880265,30
ma_stop_40_120_s0.15_w0.20,0.4140687906231013,0.03664505542137064,-0.2592218153773551,37,141406.87906231012,0.37462582199520056,-0.1834259343465566,0.019395427020300282,-0.1415527805123622,23
ma_stop_40_120_s0.08_w0.15,0.41180207585870177,0.036472321238594674,-0.1723717621384671,71,141180.20758587017,0.3454206627000007,-0.11786094887219653,0.04879933713810103,-0.09990698901715371,47
ma_stop_30_120_s0.08_w0.50,0.40892885336110485,0.03625301082910104,-0.5709897914920055,78,140892.88533611048,0.5674087767811016,-0.39513438210171903,-0.09762180808769771,-0.31678666183560383,50
ma_10_180_w0.50,0.40880330229375095,0.036243418496331614,-0.6163207838246292,14,140880.3302293751,0.2305197466650002,-0.518937044324432,0.1463041911340508,-0.4277947707228827,8
ma_5_250_w0.50,0.40850068208625223,0.03622029460624776,-0.46629207328730277,15,140850.06820862522,0.440441714407501,-0.42006747257547383,-0.017162124986799143,-0.46676466172672976,9
ma_stop_10_250_s0.08_w0.50,0.4075373709225072,0.03614665618093693,-0.5191952148635334,70,140753.73709225073,0.7962234622875033,-0.26733934746034294,-0.22197879762844708,-0.51661167206611,44
breakout_90_20_s0.12_w1.00,0.4061342134687538,0.036039313728876365,-0.6313116847297072,13,140613.42134687537,2.0018898797625,-0.21733867591190092,-0.5273323387312486,-0.5280572810904799,11
ma_stop_10_180_s0.15_w0.33,0.4053359634018534,0.03597820423859743,-0.42187951336733137,38,140533.59634018535,0.3544692076276015,-0.32987340241797913,0.03857167347160084,-0.25669548704007417,21
ma_stop_10_180_s0.10_w1.00,0.4052626741800125,0.03597259207320613,-0.7652274323814575,58,140526.26741800125,0.5051331272812554,-0.6378245729189894,-0.07044337228499498,-0.5856462443027797,34
breakout_40_20_s0.08_w0.20,0.4051961597206004,0.03596749846219738,-0.11253458914938426,21,140519.61597206004,0.48529954413880017,-0.05800724098773472,-0.05194534682159979,-0.0714202615134511,15
ma_10_40_w0.50,0.4051331015061008,0.03596266932746439,-0.48410313442369607,38,140513.31015061008,0.4213223059498501,-0.30473970428537905,-0.012373415747448546,-0.3115495355646167,22
ma_stop_10_180_s0.12_w0.25,0.4046422413927018,0.03592507155496283,-0.34296229041060455,48,140464.22413927017,0.29891954498130047,-0.2641969188171617,0.08637594830110085,-0.1915126819298865,27
ma_10_120_w0.67,0.40429085375250207,0.035898149541986335,-0.7050411007428581,21,140429.0853752502,0.08303668527375097,-0.5976396671230224,0.2938976868262513,-0.427747907619526,10
ma_40_120_w0.20,0.40388724436250056,0.03586721904272805,-0.3168467244616692,14,140388.72443625005,0.26064552865320056,-0.2519845069986572,0.1049260262342,-0.1578709018320143,8
breakout_60_10_s0.08_w0.20,0.40360522594610093,0.03584560190603092,-0.12206221803106662,17,140360.52259461008,0.43986525934290044,-0.05958969960153346,-0.021608587604199703,-0.06584421797726187,11
price_ma_40_w0.20,0.40216351590080235,0.035735031812671014,-0.2584097781529801,100,140216.35159008024,0.21781214876180122,-0.1926756174136564,0.14409110505830114,-0.08970423847219401,55
breakout_90_10_s0.10_w0.25,0.40138733711479957,0.03567546158528634,-0.17459672713395424,13,140138.73371147996,0.5758279455916002,-0.07185293507576988,-0.11112141634979955,-0.11143661570302535,11
ma_stop_10_180_s0.20_w0.33,0.4006125561451015,0.03561596914351761,-0.43201826082662165,30,140061.25561451016,0.32711869872065025,-0.34344886645124767,0.05765588888240103,-0.2607325662705266,17
breakout_120_20_s0.20_w0.25,0.3984238592232501,0.03544774808142104,-0.17634218628430381,7,139842.38592232502,0.51523214420735,-0.11594270189296775,-0.0744134055040998,-0.14029254835509908,6
breakout_120_40_s0.20_w0.25,0.3984238592232501,0.03544774808142104,-0.17634218628430381,7,139842.38592232502,0.51523214420735,-0.11594270189296775,-0.0744134055040998,-0.14029254835509908,6
breakout_120_60_s0.20_w0.25,0.3984238592232501,0.03544774808142104,-0.17634218628430381,7,139842.38592232502,0.51523214420735,-0.11594270189296775,-0.0744134055040998,-0.14029254835509908,6
ma_stop_40_90_s0.10_w0.20,0.39829766225860164,0.03543804151619456,-0.2492615870071347,58,139829.76622586016,0.3697632059839009,-0.1699603090789408,0.017529217367900696,-0.12589035650415947,37
ma_stop_40_90_s0.08_w0.20,0.39732393551750333,0.03536311994584551,-0.2515332139145018,75,139732.39355175034,0.3861316327678008,-0.16829399947769907,0.00470259601170131,-0.1523447305050274,49
breakout_60_10_s0.12_w1.00,0.39624173389125317,0.035279797065552954,-0.6332127793180863,17,139624.17338912532,1.4186284365825017,-0.3646358072652827,-0.4210230802049988,-0.42605996779472116,11
breakout_20_10_s0.20_w0.20,0.396139566044301,0.03527192777920063,-0.1595977459683732,35,139613.9566044301,0.4586804163053002,-0.10723110850556547,-0.04430167000809915,-0.11304543178721793,21
ma_stop_40_90_s0.15_w1.00,0.3955078568025068,0.03522326009958321,-0.7684654978431941,41,139550.78568025067,0.7323614474962528,-0.6019794654756488,-0.1921259110387471,-0.5233542094138504,25
ma_40_90_w0.25,0.3953450837681012,0.03521071666013231,-0.39740905253883885,16,139534.50837681012,0.25337974749575043,-0.3148356591425182,0.11430006761015044,-0.1894084327898379,9
breakout_40_20_s0.12_w0.50,0.3951521652487513,0.035195848483822845,-0.4198631476227752,21,139515.21652487514,1.0001222931374998,-0.16830244011167042,-0.29945783627639966,-0.3025183794702651,15
breakout_60_10_s0.10_w0.25,0.3947544482468506,0.035165190730601203,-0.1831560351602897,17,139475.44482468505,0.51525888521795,-0.09398705553619778,-0.08061464580879951,-0.1004839774021253,11
ma_stop_40_120_s0.10_w0.15,0.39428011349770187,0.03512861670394618,-0.16873084436703636,55,139428.01134977018,0.35443375036130087,-0.11308036825658431,0.02921914012940041,-0.10289588551857931,36
breakout_120_10_s0.15_w0.25,0.39424904760515034,0.03512622095007978,-0.17880110901174429,8,139424.90476051503,0.51523214420735,-0.11594270189296775,-0.07975092174169973,-0.11340716889022327,7
breakout_120_20_s0.15_w0.25,0.39424904760515034,0.03512622095007978,-0.17880110901174429,8,139424.90476051503,0.51523214420735,-0.11594270189296775,-0.07975092174169973,-0.11340716889022327,7
breakout_120_40_s0.15_w0.25,0.39424904760515034,0.03512622095007978,-0.17880110901174429,8,139424.90476051503,0.51523214420735,-0.11594270189296775,-0.07975092174169973,-0.11340716889022327,7
breakout_120_60_s0.15_w0.25,0.39424904760515034,0.03512622095007978,-0.17880110901174429,8,139424.90476051503,0.51523214420735,-0.11594270189296775,-0.07975092174169973,-0.11340716889022327,7
ma_stop_10_120_s0.12_w0.67,0.39424535689500684,0.035125936325009155,-0.6985079228525851,54,139424.53568950068,0.15829177455000298,-0.5752755468190932,0.2118661897950025,-0.3957142977749528,30
breakout_90_10_s0.08_w0.20,0.39355548655270045,0.03507272212892132,-0.11803688625627438,13,139355.54865527005,0.47416471862809995,-0.059030573506321446,-0.05022286205619986,-0.06263711163964725,11
breakout_60_20_s0.08_w0.20,0.3926161328604012,0.03500022568683914,-0.12206221803106662,17,139261.6132860401,0.43986525934290044,-0.05958969960153346,-0.02960649658929959,-0.06584421797726187,11
breakout_120_10_s0.05_w0.20,0.39239007617320043,0.03498277278224071,-0.08692381278749103,10,139239.00761732005,0.40059009760849995,-0.05734817910037361,-0.007792635617000054,-0.0652990383978601,8
breakout_120_20_s0.05_w0.20,0.39239007617320043,0.03498277278224071,-0.08692381278749103,10,139239.00761732005,0.40059009760849995,-0.05734817910037361,-0.007792635617000054,-0.0652990383978601,8
breakout_120_40_s0.05_w0.20,0.39239007617320043,0.03498277278224071,-0.08692381278749103,10,139239.00761732005,0.40059009760849995,-0.05734817910037361,-0.007792635617000054,-0.0652990383978601,8
breakout_120_60_s0.05_w0.20,0.39239007617320043,0.03498277278224071,-0.08692381278749103,10,139239.00761732005,0.40059009760849995,-0.05734817910037361,-0.007792635617000054,-0.0652990383978601,8
breakout_40_20_s0.12_w0.67,0.39095776672875227,0.03487213102731257,-0.5248342969727605,21,139095.77667287522,1.28965871370375,-0.21782866567677073,-0.38861019145834963,-0.3922004096620734,15
ma_10_120_w0.33,0.39062942223940067,0.03484675298233175,-0.49764841464124593,21,139062.94222394007,0.11077534217750018,-0.4167913566257561,0.2523779997068003,-0.2724762145460339,10
breakout_90_10_s0.12_w0.33,0.3906146255677514,0.0348456092076499,-0.27682935671908426,13,139061.46255677514,0.7271348282946,-0.10331377121273094,-0.19071526684069928,-0.1911029398361671,11
ma_stop_40_90_s0.15_w0.25,0.3903384476705518,0.03482425880446871,-0.33757385752855723,41,139033.84476705518,0.3943662567580508,-0.2477035153529776,-0.0011299419733986626,-0.1625775201493885,25
breakout_40_10_s0.05_w0.25,0.38996381531870083,0.03479529113672575,-0.13982353301192627,26,138996.38153187008,0.45299135487300024,-0.08358801078949712,-0.043531868585699685,-0.08456597760322518,17
breakout_40_20_s0.05_w0.25,0.38996381531870083,0.03479529113672575,-0.13982353301192627,26,138996.38153187008,0.45299135487300024,-0.08358801078949712,-0.043531868585699685,-0.08456597760322518,17
ma_stop_40_90_s0.05_w0.33,0.38877104456725786,0.03470301599568093,-0.3665846004726123,120,138877.1044567258,0.4709354034524027,-0.27704230695489723,-0.05845148276209566,-0.231179555229687,78
breakout_40_20_s0.10_w0.25,0.3863938075884512,0.034518896147185396,-0.1798496453127443,21,138639.38075884513,0.5777164373738506,-0.0667534101731461,-0.12059651935449966,-0.12250264932669562,15
breakout_60_40_s0.08_w0.20,0.38583648181150076,0.03447568966281289,-0.12230877394089532,17,138583.64818115009,0.43175751640170024,-0.05990692835680462,-0.02960649658929959,-0.06584421797726187,11
breakout_20_10_s0.15_w0.20,0.3854012922398009,0.034441940916990044,-0.15189832788080732,36,138540.1292239801,0.4586804163053002,-0.10723110850556547,-0.043368047058699455,-0.10361116714341138,22
breakout_90_10_s0.05_w0.25,0.38511353832520023,0.03441962051881853,-0.1416219735107433,15,138511.35383252002,0.47924001759619994,-0.0723391452015421,-0.06543829625859954,-0.0807171310919069,12
breakout_90_20_s0.05_w0.25,0.38511353832520023,0.03441962051881853,-0.1416219735107433,15,138511.35383252002,0.47924001759619994,-0.0723391452015421,-0.06543829625859954,-0.0807171310919069,12
breakout_90_40_s0.05_w0.25,0.38511353832520023,0.03441962051881853,-0.1416219735107433,15,138511.35383252002,0.47924001759619994,-0.0723391452015421,-0.06543829625859954,-0.0807171310919069,12
breakout_90_60_s0.05_w0.25,0.38511353832520023,0.03441962051881853,-0.1416219735107433,15,138511.35383252002,0.47924001759619994,-0.0723391452015421,-0.06543829625859954,-0.0807171310919069,12
breakout_90_20_s0.10_w0.25,0.3850919719915995,0.03441794750137839,-0.18419453592601043,13,138509.19719915994,0.5758279455916002,-0.07185293507576988,-0.12130601955179954,-0.12161760741027097,11
ma_stop_10_120_s0.12_w0.25,0.38289917261020245,0.03424771818928729,-0.3618980102929587,54,138289.91726102025,0.23856985237210093,-0.27845878247309114,0.10909571419200081,-0.1705278034794168,30
breakout_90_20_s0.08_w0.20,0.3828916079059004,0.03424713051482331,-0.11803688625627438,13,138289.16079059005,0.47416471862809995,-0.059030573506321446,-0.05733211448739983,-0.0693135386168695,11
breakout_90_40_s0.08_w0.20,0.3828916079059004,0.03424713051482331,-0.11803688625627438,13,138289.16079059005,0.47416471862809995,-0.059030573506321446,-0.05733211448739983,-0.0693135386168695,11
breakout_90_60_s0.08_w0.20,0.3828916079059004,0.03424713051482331,-0.11803688625627438,13,138289.16079059005,0.47416471862809995,-0.059030573506321446,-0.05733211448739983,-0.0693135386168695,11
ma_stop_30_120_s0.10_w0.50,0.3827426203575035,0.03423555562496716,-0.5609955447130043,59,138274.26203575035,0.5848248577275017,-0.3869914951036154,-0.12952075179794809,-0.31156878393895715,37
ma_stop_10_120_s0.10_w0.67,0.38228846643000924,0.034200265365271765,-0.6548280518001051,66,138228.84664300093,0.2658627176400039,-0.5298658431667285,0.09738367806375359,-0.3967432167842859,38
ma_stop_30_120_s0.08_w0.25,0.38197870853065274,0.03417618951103796,-0.3489818280466162,78,138197.87085306528,0.4190310542140512,-0.22958702250391705,-0.02048572930509862,-0.17161071104375109,50
breakout_20_10_s0.12_w0.15,0.3814403133378004,0.034134331371479476,-0.10594589779679188,37,138144.03133378003,0.4189957948802996,-0.07008551812194977,-0.03162835902259942,-0.07850886812745402,23
breakout_90_40_s0.10_w0.25,0.3807784929883995,0.034082857369559294,-0.1867351323709664,13,138077.84929883995,0.5758279455916002,-0.07185293507576988,-0.12400194392879949,-0.1243125758033653,11
breakout_90_60_s0.10_w0.25,0.3807784929883995,0.034082857369559294,-0.1867351323709664,13,138077.84929883995,0.5758279455916002,-0.07185293507576988,-0.12400194392879949,-0.1243125758033653,11
breakout_60_20_s0.10_w0.25,0.3784590831236503,0.03390228734200118,-0.1831560351602897,17,137845.90831236503,0.51525888521795,-0.09398705553619778,-0.09020585218049948,-0.1004839774021253,11
breakout_20_10_s0.05_w0.15,0.3775042578199015,0.03382787343497595,-0.09319711795438336,46,137750.42578199014,0.34121575852929986,-0.05805966504271635,0.020037828884600595,-0.07480739932484774,27
ma_stop_40_90_s0.05_w0.50,0.3774111283800099,0.03382061295756378,-0.500698712204113,120,137741.112838001,0.5609397706087533,-0.38828493408323045,-0.11390828422774402,-0.340879106894419,78
breakout_60_20_s0.12_w0.50,0.37697837490220243,0.03378686923008156,-0.4171951439425813,17,137697.83749022023,0.8295002550697006,-0.22566566603586946,-0.24782353724414952,-0.25110966143892605,11
ma_stop_30_120_s0.10_w0.33,0.3767418239873517,0.03376842027815585,-0.42106895785413284,59,137674.18239873517,0.47837109082945006,-0.28093397367249473,-0.062489720853698416,-0.2157322656710676,37
ma_stop_10_180_s0.08_w0.20,0.3763335247617028,0.03373656974017192,-0.25072901529159036,73,137633.3524761703,0.32107188874970016,-0.18742616702632972,0.04253349149800156,-0.1778369296531726,46
ma_10_180_w1.00,0.37579536057375273,0.03369457578018609,-0.7996667728174681,14,137579.53605737528,0.3342112843387508,-0.6789169652552282,0.034032741210001216,-0.5960555571306645,8
ma_stop_10_250_s0.12_w0.33,0.37491429363305273,0.03362579268785404,-0.3511488334802891,46,137491.42936330527,0.48516350394495045,-0.23990222255827579,-0.07086077555509906,-0.34821237551926093,27
breakout_60_20_s0.12_w0.67,0.3742472781450019,0.03357369387890885,-0.5185423361704073,17,137424.7278145002,1.0252586724412507,-0.2904651698489282,-0.3187711348087493,-0.32277146363095455,11
ma_stop_10_180_s0.10_w0.20,0.37406918007240253,0.03355977927829934,-0.25386163624413444,58,137406.91800724025,0.31594808754670134,-0.1905838643749316,0.046905793608901014,-0.15499137914320327,34
ma_10_40_w0.67,0.37364955351750195,0.03352698793988962,-0.573656706365275,38,137364.9553517502,0.4444066656900003,-0.361302076256868,-0.0467002345387485,-0.39441616687839054,22
breakout_60_10_s0.05_w0.25,0.3728056305685008,0.033461013153383234,-0.16162404401314473,20,137280.56305685008,0.4120866667245,-0.09334790721862352,-0.02920633563049968,-0.08049066232856458,12
breakout_60_20_s0.05_w0.25,0.3728056305685008,0.033461013153383234,-0.16162404401314473,20,137280.56305685008,0.4120866667245,-0.09334790721862352,-0.02920633563049968,-0.08049066232856458,12
breakout_60_40_s0.05_w0.25,0.3728056305685008,0.033461013153383234,-0.16162404401314473,20,137280.56305685008,0.4120866667245,-0.09334790721862352,-0.02920633563049968,-0.08049066232856458,12
ma_stop_10_250_s0.10_w0.33,0.37250707265615324,0.03343766429242612,-0.3514962284356538,53,137250.70726561532,0.562584305289551,-0.2038787227961852,-0.12070834769459882,-0.3459435428341248,32
breakout_90_40_s0.12_w1.00,0.37003549240125366,0.03324419821381408,-0.6407767674553148,13,137003.54924012537,2.0018898797625,-0.21733867591190092,-0.5400316766812486,-0.5407371417443404,11
breakout_90_20_s0.12_w0.33,0.3692284916591517,0.03318096147216387,-0.2879509312600248,13,136922.84916591516,0.7271348282946,-0.10331377121273094,-0.20293679068309922,-0.2033186091819195,11
breakout_60_40_s0.10_w0.25,0.3692125075847499,0.03317970861957287,-0.18111818184428466,17,136921.25075847498,0.5081314911207502,-0.09272284963241934,-0.09290177655749943,-0.1004839774021253,11
ma_stop_20_180_s0.10_w0.50,0.36881927316000507,0.033148882264436574,-0.4967512913042586,54,136881.9273160005,0.34384983501375244,-0.44316309577437657,0.024188259288552505,-0.42932595756301106,31
ma_stop_40_120_s0.12_w0.15,0.3685387447556019,0.033126886286890755,-0.18936800495734968,48,136853.87447556018,0.30007280251210067,-0.13264370214387836,0.058498487596000404,-0.09789610127668315,30
breakout_60_10_s0.12_w0.33,0.3676235637845513,0.033055099674993205,-0.27267860967681706,17,136762.35637845512,0.6183560577375502,-0.13933555320267244,-0.1551010555170994,-0.1575072139805732,11
price_ma_180_w0.25,0.36713766507965073,0.033016968381084144,-0.4057959375010462,36,136713.76650796508,0.1436792636632005,-0.34733923914978687,0.20037208268530016,-0.2542969869095703,19
ma_stop_10_250_s0.10_w0.67,0.3656343755025091,0.03289891955740054,-0.5887091177953726,53,136563.4375502509,0.9241602632437536,-0.35189143959500985,-0.2843531282474986,-0.5857142682858092,32
ma_stop_10_120_s0.20_w0.50,0.3649188703657036,0.03284269217598412,-0.5820128804422939,34,136491.88703657035,0.2155095818144508,-0.4735725612251835,0.12189671524320156,-0.33267113810959337,18
ma_stop_40_90_s0.20_w0.20,0.3630437080073008,0.03269520867165121,-0.27110250667609964,30,136304.37080073007,0.34275924001710045,-0.1937465088613086,0.012215732507600885,-0.13650692576958715,18
ma_stop_30_120_s0.05_w0.33,0.36257268521540564,0.03265813365967274,-0.3974941546426326,123,136257.26852154057,0.45401843294330213,-0.2629503350184195,-0.06192538537109771,-0.20519041045298408,76
ma_60_180_w0.20,0.36239880356340026,0.03264444423403501,-0.28062540441420347,7,136239.88035634003,0.24709711821930025,-0.23599509106977426,0.09509165295739974,-0.2842411963015524,4
breakout_40_10_s0.10_w0.20,0.3616149733265013,0.032582715084036096,-0.11946712543766401,21,136161.49733265012,0.4632717643826003,-0.05800724098773472,-0.06650551719189968,-0.07203219032872796,15
breakout_90_40_s0.12_w0.33,0.3581152922828519,0.03230671487343861,-0.2937302028095287,13,135811.5292282852,0.7271348282946,-0.10331377121273094,-0.2092871903266994,-0.20966596678314392,11
ma_stop_10_180_s0.12_w0.20,0.35668056696650097,0.032193381902037244,-0.287262858774228,48,135668.0566966501,0.26596129380430034,-0.22126608605300802,0.07501981866520091,-0.15226015045171004,27
ma_5_40_w0.20,0.3565501757487508,0.032183076611164596,-0.22465148191258902,53,135655.0175748751,0.24668249338775072,-0.15443011136755747,0.08770035152920008,-0.09444681993137075,30
ma_stop_30_250_s0.12_w0.50,0.35500808655000404,0.03206113233495933,-0.4426731931568492,40,135500.8086550004,0.24461401740750133,-0.34163698761098676,0.09458462593125172,-0.44107968512113294,21
ma_stop_10_250_s0.08_w0.33,0.3548696133939051,0.03205017616507955,-0.38045931654860493,70,135486.96133939052,0.5732992720520509,-0.19396528874866917,-0.12284576743244802,-0.37678812217746294,44
breakout_90_60_s0.12_w1.00,0.35350239205125367,0.03194194599793532,-0.6451117454793536,13,135350.23920512537,2.0018898797625,-0.21733867591190092,-0.5455427101312487,-0.5462397227828081,11
breakout_90_60_s0.12_w0.33,0.3532925831195515,0.03192532871093312,-0.2962381885762949,13,135329.25831195514,0.7271348282946,-0.10331377121273094,-0.21204302413429932,-0.21242048045914694,11
ma_stop_10_120_s0.10_w0.25,0.35239584055530204,0.03185427887530934,-0.33244889081842127,66,135239.5840555302,0.2600550623483009,-0.25364401138846,0.07836600650800163,-0.1673670155979315,38
breakout_40_10_s0.12_w0.25,0.3516548416193006,0.03179553690423709,-0.19115770161696993,21,135165.48416193007,0.5443873999736004,-0.07582482174819027,-0.1243310523665998,-0.12622908764112492,15
ma_stop_40_90_s0.05_w0.25,0.3504189838444063,0.0316975012467664,-0.292320583215996,120,135041.89838444063,0.3853207495653017,-0.21957295812785177,-0.028842629379097207,-0.17982669020270564,78
ma_stop_10_250_s0.12_w0.67,0.3501968469187564,0.03167987148852647,-0.5935821238420449,46,135019.68469187565,0.7191217367100031,-0.4148161693510047,-0.21328820106749768,-0.5892240708814892,27
breakout_120_10_s0.10_w0.15,0.3496712126558996,0.031638144499719356,-0.05966544938608601,8,134967.12126558996,0.3521598294207997,-0.04726844840659271,-0.0018922570525999882,-0.04368891410492324,7
breakout_120_20_s0.10_w0.15,0.3496712126558996,0.031638144499719356,-0.05966544938608601,8,134967.12126558996,0.3521598294207997,-0.04726844840659271,-0.0018922570525999882,-0.04368891410492324,7
breakout_120_40_s0.10_w0.15,0.3496712126558996,0.031638144499719356,-0.05966544938608601,8,134967.12126558996,0.3521598294207997,-0.04726844840659271,-0.0018922570525999882,-0.04368891410492324,7
breakout_120_60_s0.10_w0.15,0.3496712126558996,0.031638144499719356,-0.05966544938608601,8,134967.12126558996,0.3521598294207997,-0.04726844840659271,-0.0018922570525999882,-0.04368891410492324,7
ma_stop_30_250_s0.12_w0.67,0.3496467426075036,0.03163620161287595,-0.5465541979016341,40,134964.67426075035,0.23720868946125084,-0.4392225866973036,0.08824301737875251,-0.5443746894877916,21
ma_stop_40_120_s0.05_w0.15,0.34868629392670325,0.031559918415401844,-0.14518773981634628,115,134868.62939267032,0.30425318056790096,-0.10990199278069442,0.04141182597540194,-0.08768578312888177,75
ma_stop_30_120_s0.08_w0.20,0.348284145367902,0.031527963490157296,-0.2915976482707555,78,134828.4145367902,0.3597619420392002,-0.1918113830473527,-0.0135054410213995,-0.1415871259155089,50
breakout_120_10_s0.08_w0.15,0.34615652606070046,0.03135875953457545,-0.06340336222956587,8,134615.65260607004,0.3521598294207997,-0.04726844840659271,-0.004158830510299749,-0.04743880939272395,7
breakout_120_20_s0.08_w0.15,0.34615652606070046,0.03135875953457545,-0.06340336222956587,8,134615.65260607004,0.3521598294207997,-0.04726844840659271,-0.004158830510299749,-0.04743880939272395,7
breakout_120_40_s0.08_w0.15,0.34615652606070046,0.03135875953457545,-0.06340336222956587,8,134615.65260607004,0.3521598294207997,-0.04726844840659271,-0.004158830510299749,-0.04743880939272395,7
breakout_120_60_s0.08_w0.15,0.34615652606070046,0.03135875953457545,-0.06340336222956587,8,134615.65260607004,0.3521598294207997,-0.04726844840659271,-0.004158830510299749,-0.04743880939272395,7
ma_stop_20_180_s0.10_w0.33,0.34293366768590183,0.03110199709342054,-0.36575067851214194,54,134293.36676859017,0.2997602821904508,-0.32285950474844527,0.03672905572950147,-0.30650769641608283,31
ma_stop_20_180_s0.12_w0.50,0.3421786859887541,0.031041768509028067,-0.5463118337081779,47,134217.86859887542,0.22285036595250096,-0.49332134267719496,0.09184950365665201,-0.4373863393975598,26
breakout_40_20_s0.12_w0.33,0.3411411657182506,0.030958950892977954,-0.2981056643389082,21,134114.11657182506,0.6942352660455002,-0.11331173264095945,-0.20866425683279943,-0.21091787450897773,15
ma_stop_30_250_s0.15_w0.67,0.34050309652125343,0.03090799000323874,-0.5380258109704767,30,134050.30965212535,0.33069592749375176,-0.42433586441942167,0.01234448762625151,-0.5355997793519087,16
breakout_90_10_s0.10_w0.20,0.3397712576223004,0.03084951320614593,-0.14268329859371343,13,133977.12576223005,0.46658617565719984,-0.061534709534014125,-0.09127084875349989,-0.09150826501852351,11
ma_10_40_w0.33,0.339365706308451,0.030817095738880917,-0.36754799463445703,38,133936.5706308451,0.33445764595804994,-0.2323326475334159,0.014552648104400712,-0.21784073797482187,22
ma_stop_10_180_s0.15_w0.25,0.33883915834465306,0.03077499336031342,-0.3438930005725506,38,133883.9158344653,0.2940408792168514,-0.26696729237831435,0.03465059883070043,-0.1976422353599818,21
ma_stop_40_90_s0.15_w0.20,0.3387895349765013,0.030771024748114106,-0.2821174458960433,41,133878.95349765013,0.32801046001210055,-0.20860061917695108,0.004913181250800536,-0.13268098384600627,25
breakout_120_10_s0.20_w0.25,0.3384729052554507,0.030745699288157624,-0.211652704872506,8,133847.29052554508,0.51523214420735,-0.11594270189296775,-0.11327071062349947,-0.14570103934882028,7
ma_stop_30_120_s0.10_w0.25,0.33814127578700304,0.030719168324516488,-0.34194391695958415,59,133814.1275787003,0.39616627325440157,-0.2258799089051963,-0.041608722129299225,-0.16434972348473115,37
ma_stop_40_120_s0.20_w0.15,0.3376264797030504,0.030677972022114863,-0.20677894054707813,28,133762.64797030503,0.29314829649065,-0.15218661481698317,0.03626778929710017,-0.09820970936027251,16
ma_stop_30_120_s0.05_w0.25,0.33751552019160647,0.03066909068082646,-0.31481150929129087,123,133751.55201916065,0.40008574143440234,-0.20212626522322752,-0.045795276416598085,-0.15864529227126503,76
ma_40_90_w0.20,0.33736856211485056,0.030657326951933683,-0.3434206572147932,16,133736.85621148505,0.2042199683442001,-0.2746671365764909,0.10340903984440053,-0.16012602371596266,9
price_ma_60_w0.25,0.3357750572074025,0.030529695324435613,-0.3667305795549515,71,133577.50572074024,0.13205821254060157,-0.2980703655593842,0.17259348450490064,-0.13286206214852161,35
price_ma_250_w0.67,0.3357673071187537,0.03052907424846829,-0.5843224875758526,31,133576.73071187537,0.38875775342625163,-0.5059437390977364,-0.039809353544997816,-0.5661983028074598,21
ma_stop_10_120_s0.20_w0.33,0.33527503290095195,0.030489617799368318,-0.4487688127303714,34,133527.5032900952,0.22044217150090106,-0.359211177876492,0.09595785044410121,-0.23364821107465952,18
ma_stop_30_250_s0.08_w0.50,0.3338241784312552,0.030373253966809344,-0.4744864915272043,65,133382.41784312553,0.3589131905775016,-0.31025036126906946,-0.017794956026247477,-0.47209289102200674,39
ma_stop_10_180_s0.12_w1.00,0.33342637784626095,0.030341329092580915,-0.817976283564939,48,133342.6377846261,0.22635606006000475,-0.7049184420728374,0.09437750229375519,-0.5859121763942206,27
ma_stop_30_120_s0.12_w0.33,0.3323946232611026,0.030258487422600178,-0.4756606752310461,53,133239.46232611025,0.3851640270423007,-0.3236765619569041,-0.03552921440929979,-0.22687002612689974,32
breakout_120_20_s0.20_w0.20,0.3310666517666505,0.030151777243052846,-0.14825335686802774,7,133106.66517666506,0.41550011629624994,-0.10158377825613582,-0.05881367668469928,-0.11217017094900758,6
breakout_120_40_s0.20_w0.20,0.3310666517666505,0.030151777243052846,-0.14825335686802774,7,133106.66517666506,0.41550011629624994,-0.10158377825613582,-0.05881367668469928,-0.11217017094900758,6
breakout_120_60_s0.20_w0.20,0.3310666517666505,0.030151777243052846,-0.14825335686802774,7,133106.66517666506,0.41550011629624994,-0.10158377825613582,-0.05881367668469928,-0.11217017094900758,6
ma_stop_20_180_s0.08_w0.50,0.3308250631725076,0.030132353948109758,-0.4965732160282469,70,133082.50631725075,0.3442708075950027,-0.44298502049836486,-0.009031819226446691,-0.47424259339798963,44
ma_stop_10_250_s0.10_w0.25,0.3305357543514025,0.030109089873491923,-0.27834570753037247,53,133053.57543514026,0.4600688922630014,-0.16261366367203786,-0.08359430744539931,-0.2767380336207199,32
ma_stop_10_180_s0.20_w0.25,0.33042576855215167,0.03010024444012327,-0.35374676941214495,30,133042.57685521516,0.27258923435315086,-0.2791487109552315,0.03993491955790107,-0.2076461320120152,17
breakout_40_10_s0.08_w0.15,0.33034584118510035,0.030093815997323414,-0.07330387257432287,21,133034.58411851004,0.3630215322710999,-0.04761052584866873,-0.02443584066769977,-0.05353616757915329,15
ma_10_180_w0.33,0.33024478978370064,0.030085688083505646,-0.4997497638070984,14,133024.47897837005,0.16986781148929997,-0.4212018037237478,0.1354360993734005,-0.3397688767717523,8
ma_stop_40_90_s0.08_w0.15,0.32792123409940244,0.029898643665064784,-0.19568419437943074,75,132792.12340994025,0.3063118453762006,-0.13154164973506113,0.025046541761900798,-0.10717955547267775,49
breakout_90_20_s0.10_w0.20,0.3275497337799005,0.02986871098858712,-0.15050382500605008,13,132754.97337799004,0.46658617565719984,-0.061534709534014125,-0.09941853131509992,-0.09965381890145215,11
breakout_120_10_s0.15_w0.20,0.32748355105355054,0.029863377699033355,-0.15054617518808414,8,132748.35510535506,0.41550011629624994,-0.10158377825613582,-0.0630370812912997,-0.09143293838919654,7
breakout_120_20_s0.15_w0.20,0.32748355105355054,0.029863377699033355,-0.15054617518808414,8,132748.35510535506,0.41550011629624994,-0.10158377825613582,-0.0630370812912997,-0.09143293838919654,7
breakout_120_40_s0.15_w0.20,0.32748355105355054,0.029863377699033355,-0.15054617518808414,8,132748.35510535506,0.41550011629624994,-0.10158377825613582,-0.0630370812912997,-0.09143293838919654,7
breakout_120_60_s0.15_w0.20,0.32748355105355054,0.029863377699033355,-0.15054617518808414,8,132748.35510535506,0.41550011629624994,-0.10158377825613582,-0.0630370812912997,-0.09143293838919654,7
ma_stop_30_120_s0.05_w0.50,0.32682913994250984,0.02981062959887093,-0.5411332296091502,123,132682.913994251,0.5361979303687536,-0.37320302436875136,-0.13176275408404503,-0.2986582141167477,76
ma_stop_10_250_s0.08_w0.25,0.3264006293365027,0.029776077332253514,-0.30008430339273817,70,132640.06293365028,0.4614742530519018,-0.15586307246851192,-0.087487118534199,-0.2977534758384647,44
breakout_90_10_s0.12_w0.25,0.3262441800040998,0.029763459798041625,-0.21885530302515208,13,132624.41800041,0.5575555692586001,-0.08370658281296514,-0.14937563753399952,-0.14967727181096274,11
ma_stop_30_250_s0.15_w0.50,0.3256693470225027,0.02971708844532639,-0.43514114052681,30,132566.93470225026,0.2954331987750012,-0.3448025769081418,0.02978216411625123,-0.4314769091102692,16
ma_stop_10_250_s0.12_w0.25,0.32560344932645147,0.02971177137562031,-0.27511694596698283,46,132560.34493264515,0.40165655185055127,-0.18987199099902793,-0.04256351120899893,-0.2691936468988178,27
breakout_90_40_s0.10_w0.20,0.3243146245275004,0.029607732668268882,-0.15257396435049214,13,132431.46245275004,0.46658617565719984,-0.061534709534014125,-0.10058146998239992,-0.10081645373723695,11
breakout_90_60_s0.10_w0.20,0.3243146245275004,0.029607732668268882,-0.15257396435049214,13,132431.46245275004,0.46658617565719984,-0.061534709534014125,-0.10058146998239992,-0.10081645373723695,11
breakout_60_20_s0.12_w0.33,0.32424242869040065,0.029601902069861685,-0.2957493056826414,17,132424.24286904006,0.5905711253326502,-0.15411196990234194,-0.16774764284939958,-0.1701177855344866,11
ma_10_120_w0.25,0.3242018011959502,0.02959862083292575,-0.4243168571424338,21,132420.18011959502,0.08778325013440025,-0.35577553093134184,0.21368688528195046,-0.22326539445811214,10
breakout_60_10_s0.10_w0.20,0.3234628542006004,0.029538924806696176,-0.14876072037011773,17,132346.28542006004,0.4169299323282003,-0.07456930802508438,-0.06528829413339987,-0.0791852098737502,11
breakout_40_20_s0.10_w0.20,0.3222354112264014,0.0294396994600572,-0.1435095166919699,21,132223.54112264013,0.4632717643826003,-0.05800724098773472,-0.09649532737949962,-0.09799212926421218,15
ma_stop_20_180_s0.08_w0.33,0.32132670355645265,0.029366187189497905,-0.3650342392768065,70,132132.67035564527,0.3011175212711503,-0.32214306551310984,0.017371248203402523,-0.34317916345410043,44
price_ma_250_w0.50,0.32126621772375485,0.029361292422735108,-0.5114259794214375,31,132126.62177237548,0.3121317786600022,-0.4446880787727048,0.0031114051963518907,-0.486468955696803,21
ma_stop_30_250_s0.10_w0.50,0.32107091123250253,0.02934548603285525,-0.4535613553243531,48,132107.09112325025,0.37705137166125113,-0.28378863730410286,-0.03312932600249796,-0.4505355440803307,27
ma_stop_10_180_s0.15_w1.00,0.3206108022975078,0.02930824058262127,-0.7860693084155195,38,132061.08022975078,0.4248372127837543,-0.657125873128776,-0.06997147077374755,-0.6005537383047242,21
ma_stop_20_180_s0.12_w0.33,0.320533905430902,0.029302014708679103,-0.40846525312524773,47,132053.3905430902,0.21991916812510093,-0.3645770346126693,0.08352465180940083,-0.31150298929993653,26
ma_stop_10_250_s0.08_w0.67,0.3204802531125124,0.02929767061272015,-0.6291984990410256,70,132048.02531125123,0.9358998270862549,-0.33277397027017674,-0.31328325606829666,-0.628527711174183,44
ma_stop_10_120_s0.15_w0.50,0.32017856030320346,0.029273240343940632,-0.5872375009382352,43,132017.85603032034,0.2247244640819519,-0.4695816697149324,0.07408134984300152,-0.3247057752099393,23
ma_stop_40_90_s0.10_w0.15,0.3187502796067012,0.029157514079303892,-0.1950966885095966,58,131875.02796067012,0.2892078761546002,-0.13284385122893164,0.029118253151300344,-0.09260389919025065,37
ma_stop_40_120_s0.15_w0.15,0.31854579883445044,0.029140936860111433,-0.20588114138627883,37,131854.57988344505,0.29902997386025043,-0.14760975905630153,0.021777059195700055,-0.10652825600675368,23
ma_20_40_w0.50,0.31807027391155174,0.029102377230740828,-0.4497920976201313,31,131807.02739115516,0.5573561101490503,-0.2679453992946183,-0.14614875367479896,-0.44323134188589,18
ma_stop_30_120_s0.20_w0.50,0.3176554406080032,0.02906872881461786,-0.6065807653096575,30,131765.5440608003,0.44109408164800135,-0.44154671560362124,-0.09190058539629853,-0.3040864297042618,17
breakout_90_10_s0.05_w0.20,0.31746909040890103,0.029053610281741582,-0.11514466200562551,15,131746.9090408901,0.3919948670504001,-0.059144761586489784,-0.046774808811299695,-0.06558249241182416,12
breakout_90_20_s0.05_w0.20,0.31746909040890103,0.029053610281741582,-0.11514466200562551,15,131746.9090408901,0.3919948670504001,-0.059144761586489784,-0.046774808811299695,-0.06558249241182416,12
breakout_90_40_s0.05_w0.20,0.31746909040890103,0.029053610281741582,-0.11514466200562551,15,131746.9090408901,0.3919948670504001,-0.059144761586489784,-0.046774808811299695,-0.06558249241182416,12
breakout_90_60_s0.05_w0.20,0.31746909040890103,0.029053610281741582,-0.11514466200562551,15,131746.9090408901,0.3919948670504001,-0.059144761586489784,-0.046774808811299695,-0.06558249241182416,12
breakout_120_10_s0.12_w0.15,0.31650135791370015,0.02897506762054669,-0.0679737825111717,8,131650.13579137,0.3521598294207997,-0.04726844840659271,-0.026395214167999947,-0.05199005522648487,7
breakout_120_20_s0.12_w0.15,0.31650135791370015,0.02897506762054669,-0.0679737825111717,8,131650.13579137,0.3521598294207997,-0.04726844840659271,-0.026395214167999947,-0.05199005522648487,7
breakout_120_40_s0.12_w0.15,0.31650135791370015,0.02897506762054669,-0.0679737825111717,8,131650.13579137,0.3521598294207997,-0.04726844840659271,-0.026395214167999947,-0.05199005522648487,7
breakout_120_60_s0.12_w0.15,0.31650135791370015,0.02897506762054669,-0.0679737825111717,8,131650.13579137,0.3521598294207997,-0.04726844840659271,-0.026395214167999947,-0.05199005522648487,7
breakout_60_40_s0.12_w0.50,0.31634433561775066,0.0289623185707224,-0.42388657872114616,17,131634.43356177508,0.7720449222415005,-0.22444391244083484,-0.2573491367095496,-0.26059364526700846,11
ma_stop_10_120_s0.15_w0.33,0.3163193043256527,0.028960286088879128,-0.4527691639041468,43,131631.93043256528,0.22822878856115159,-0.3551228422790515,0.06200107697230117,-0.2271075625860528,23
ma_stop_40_90_s0.12_w0.15,0.3161004139511008,0.02894251123120717,-0.21180668816042084,50,131610.04139511008,0.27153692630030024,-0.14412760859752205,0.044094667310500935,-0.09229369299531184,31
breakout_20_10_s0.08_w0.10,0.3126121271300004,0.028658888958150497,-0.05680335650390874,38,131261.21271300004,0.2714524191678003,-0.04400574721291749,0.03745769252990061,-0.04817639588288343,23
ma_stop_10_120_s0.08_w0.33,0.3118722857541547,0.028598647838435687,-0.42222439032181935,83,131187.22857541547,0.24499565228920162,-0.3165409018371214,0.05190725801945173,-0.2585359344041637,49
ma_stop_30_120_s0.12_w0.50,0.3118507598987532,0.028596894653430516,-0.623988981015253,53,131185.07598987533,0.4213144086250016,-0.4425611014807922,-0.08038359182779842,-0.3259060792034495,32
ma_stop_10_180_s0.05_w0.33,0.31168813411250684,0.028583648674643802,-0.36601198492052966,114,131168.81341125068,0.3921501616899523,-0.25760273212425405,-0.056616770137395966,-0.29253594605450334,69
breakout_60_20_s0.10_w0.20,0.3112413303582007,0.02854724863325364,-0.14876072037011773,17,131124.13303582006,0.4169299323282003,-0.07456930802508438,-0.07343597669500002,-0.0791852098737502,11
ma_stop_40_90_s0.05_w0.20,0.3110049195151037,0.028527984306340848,-0.23734770529370827,120,131100.49195151037,0.33639697092790133,-0.1778877704540913,-0.02146140056129775,-0.14628554465862736,78
breakout_90_20_s0.12_w0.25,0.3109672752010999,0.02852491651010447,-0.2278532487677046,13,131096.72752011,0.5575555692586001,-0.08370658281296514,-0.15854178041579958,-0.15884016434748383,11
ma_stop_30_120_s0.20_w0.33,0.3106738304129508,0.028500999732125054,-0.4694777474401367,30,131067.38304129508,0.36660127081935,-0.3342944819145433,-0.04132506440859929,-0.212543293097548,17
ma_stop_20_180_s0.10_w0.67,0.3103852615987568,0.02847747568310477,-0.6019199929876177,54,131038.52615987568,0.3314822991187527,-0.5429433499921233,-0.009642648599997306,-0.531862191515002,31
ma_5_180_w0.50,0.31005116151750123,0.02845023413845471,-0.6175988912572086,19,131005.11615175012,0.1553893330275009,-0.5370914542094257,0.1393566343398005,-0.4588412084768101,10
price_ma_180_w0.20,0.30986995153270147,0.028435456201448384,-0.3548456731188272,36,130986.99515327015,0.12202125851270096,-0.30542873551114164,0.17090135497500003,-0.2195680000586939,19
breakout_60_10_s0.12_w0.25,0.3095818704948001,0.028411959003304732,-0.21216911848635372,17,130958.18704948001,0.4849886595777,-0.10664621199220188,-0.11697036466919974,-0.11888435442621764,11
ma_stop_30_250_s0.12_w0.33,0.30956623784975257,0.028410683801266767,-0.3160440854280016,40,130956.62378497527,0.20839895565635125,-0.23608208116457116,0.07624418086035067,-0.3125231411139269,21
ma_stop_30_120_s0.08_w0.67,0.30900921392250735,0.028365236773184588,-0.6793676774060905,78,130900.92139225073,0.5607104795662516,-0.48734937644365717,-0.15842648635704693,-0.4045272002147892,50
ma_stop_10_120_s0.10_w0.20,0.30874506831000303,0.028343679337494487,-0.2759592388569268,66,130874.5068310003,0.23465212706240135,-0.20875332787663342,0.06478179474120083,-0.13600396398764145,38
ma_stop_10_120_s0.12_w0.20,0.30831368724690233,0.02830846510768148,-0.30278443798611154,54,130831.36872469024,0.20237082844020127,-0.23155432682823743,0.08923194841140103,-0.1333860217861303,30
ma_stop_10_120_s0.20_w0.67,0.3082572207000027,0.028303854895657343,-0.6831050797071253,34,130825.72207000028,0.16466863681125132,-0.5673124772497414,0.12157947403875191,-0.41611601072583454,18
breakout_40_20_s0.08_w0.15,0.30822927638860076,0.028301573315997475,-0.0833390964019674,21,130822.92763886007,0.3630215322710999,-0.04761052584866873,-0.04125737380239958,-0.05434375683833854,15
breakout_60_10_s0.05_w0.20,0.3077076674959003,0.02825897730147986,-0.13030804844312355,20,130770.76674959004,0.3379200718751003,-0.07466879607591097,-0.01754638881349968,-0.06182494072231226,12
breakout_60_20_s0.05_w0.20,0.3077076674959003,0.02825897730147986,-0.13030804844312355,20,130770.76674959004,0.3379200718751003,-0.07466879607591097,-0.01754638881349968,-0.06182494072231226,12
breakout_60_40_s0.05_w0.20,0.3077076674959003,0.02825897730147986,-0.13030804844312355,20,130770.76674959004,0.3379200718751003,-0.07466879607591097,-0.01754638881349968,-0.06182494072231226,12
breakout_60_10_s0.08_w0.15,0.3064464347420004,0.02815591862183875,-0.09067836625119943,17,130644.64347420004,0.3280550223462002,-0.04779158809833072,-0.019130839303099778,-0.04990599442658657,11
ma_5_250_w0.33,0.3063123226467004,0.028144954722481685,-0.366461604336194,15,130631.23226467005,0.3022285283154005,-0.34362075134805387,0.0031687129860002994,-0.3579765533836293,9
breakout_40_10_s0.05_w0.20,0.30543393342280045,0.02807311991185224,-0.11451804062589062,26,130543.39334228005,0.3518740883182001,-0.06949876290218301,-0.03410268282519946,-0.0689265140127206,17
breakout_40_20_s0.05_w0.20,0.30543393342280045,0.02807311991185224,-0.11451804062589062,26,130543.39334228005,0.3518740883182001,-0.06949876290218301,-0.03410268282519946,-0.0689265140127206,17
breakout_20_10_s0.20_w0.15,0.30537384080050134,0.028068203944787262,-0.12960914645729785,35,130537.38408005013,0.34870884119129997,-0.08962802653277856,-0.03336286491229956,-0.08687801094537517,21
ma_stop_40_90_s0.08_w1.00,0.30449318839876516,0.027996137581832725,-0.7468463317766957,75,130449.3188398765,0.7081307179537564,-0.5556411047179867,-0.23199796093499414,-0.5803273553660312,49
ma_stop_10_180_s0.08_w1.00,0.304077293763769,0.0279620885492895,-0.766878599893948,73,130407.7293763769,0.49411936752750574,-0.6404537234771421,-0.12706813357874303,-0.6478610530554105,46
ma_5_180_w0.67,0.3040252681050013,0.02795782855653406,-0.6966185033707409,19,130402.52681050013,0.1696215328762507,-0.6062703892865882,0.11233887312375113,-0.5313560265908387,10
ma_stop_30_120_s0.12_w0.25,0.30350933403490155,0.027915574321330183,-0.38970676265521104,53,130350.93340349015,0.33064401327340054,-0.2598855174403152,-0.025666335728499412,-0.17600091231859957,32
breakout_60_40_s0.10_w0.20,0.30316822713630054,0.027887629941573566,-0.14813907207653484,17,130316.82271363006,0.4085426120442004,-0.07498004561639803,-0.07559271619659991,-0.0791852098737502,11
price_ma_40_w0.15,0.3031084586414028,0.027882732873451443,-0.2085472413604647,100,130310.84586414028,0.17389504054450033,-0.15593478753348491,0.10720883023980066,-0.06761839249801035,55
breakout_90_40_s0.12_w0.25,0.3030292756466002,0.02787624478893136,-0.23252865194765832,13,130302.92756466001,0.5575555692586001,-0.08370658281296514,-0.1633045801484997,-0.16360127517528408,11
ma_60_90_w0.50,0.30280550902980097,0.027857907922777647,-0.57387755232893,18,130280.55090298009,0.28645642233105084,-0.4533704868354052,0.017730123780000495,-0.32074430232245565,10
ma_40_120_w0.15,0.3027022310312004,0.0278494437118173,-0.2626284300169322,14,130270.22310312005,0.2033630068265,-0.21101437795878916,0.08890120471779994,-0.1217125566599729,8
ma_stop_10_180_s0.15_w0.20,0.3008818780629512,0.02770015678799198,-0.2900493937617867,38,130088.18780629513,0.25880681390345006,-0.22567525052260473,0.03526982098150033,-0.15935961973084653,21
ma_30_120_w0.50,0.299957761306751,0.02762429843287051,-0.635760697260682,15,129995.7761306751,0.33547584311050005,-0.48251464907372993,-0.02098465726249954,-0.31606659091417305,8
ma_20_40_w0.33,0.2999130432527515,0.02762062641777674,-0.33185339644110684,31,129991.30432527514,0.42142628358805,-0.21177637521348874,-0.08225220324409976,-0.3281416713772497,18
breakout_90_60_s0.12_w0.25,0.2995844833871002,0.027593643310691807,-0.23455760049744956,13,129958.44833871002,0.5575555692586001,-0.08370658281296514,-0.16537145550419974,-0.16566741760998982,11
price_ma_20_w0.50,0.2992061248398592,0.027562562893132414,-0.42494256372315165,137,129920.61248398591,0.4674900142661045,-0.3530087194191964,-0.11733709991359709,-0.35506317558064326,82
ma_stop_30_120_s0.10_w0.20,0.29878927560660284,0.02752831125020938,-0.28271800324461255,59,129878.92756066028,0.3405121934067006,-0.1835791581940148,-0.026103877537598907,-0.13590300328898605,37
breakout_60_20_s0.08_w0.15,0.2984485257569005,0.027500305218361554,-0.09067836625119943,17,129844.85257569005,0.3280550223462002,-0.04779158809833072,-0.024462778626499815,-0.04990599442658657,11
ma_10_40_w0.25,0.2981731667152012,0.02747766880698732,-0.30304262551486427,38,129817.31667152012,0.28142454106170045,-0.1922486360002683,0.0071227111213008065,-0.1695850856789359,22
ma_stop_30_250_s0.08_w0.33,0.2976501316692528,0.027434659869715716,-0.340887685512724,65,129765.01316692527,0.27987024306955055,-0.21373242715992136,0.001874336309202418,-0.3385303664261612,39
breakout_20_10_s0.15_w0.15,0.29726795133040085,0.02740322352807678,-0.12294003088587492,36,129726.79513304008,0.34870884119129997,-0.08962802653277856,-0.03397157327019962,-0.07850886812745402,22
breakout_60_40_s0.12_w0.67,0.2960038406812513,0.027299184625610318,-0.527442978239342,17,129600.38406812513,0.9440294496750006,-0.2911558298542325,-0.3298144065688494,-0.33374988682022816,11
ma_stop_20_180_s0.10_w0.25,0.29544969723770254,0.02725354881009756,-0.29198802886664427,54,129544.96972377025,0.2562181486000008,-0.2558671440295641,0.037047541777001536,-0.24170225266458706,31
ma_stop_30_90_s0.12_w0.33,0.29436229442150164,0.027163946193911714,-0.508986531197886,58,129436.22944215016,0.19205240376385047,-0.4178515448467389,0.08314608437470095,-0.18872633866013985,33
ma_stop_10_180_s0.08_w0.15,0.29409202502710197,0.027141665374340596,-0.1975878355234169,73,129409.2025027102,0.24779209647920042,-0.14725176684927604,0.03040045862880114,-0.13167626081491654,46
ma_10_120_w0.20,0.29398275810655017,0.027132656302203406,-0.36462235178454167,21,129398.27581065502,0.08306695697790034,-0.3061287252497768,0.1847734946713504,-0.1867671269038311,10
ma_stop_30_120_s0.10_w0.67,0.2939209591500056,0.027127560668190887,-0.6687236826278439,59,129392.09591500055,0.6089857694212517,-0.47975172520350007,-0.19120238135959777,-0.39394889223876267,37
ma_stop_10_180_s0.20_w0.20,0.29349809916105185,0.02709268788777064,-0.2994776792830209,30,129349.8099161052,0.24313758068075075,-0.2353318890691942,0.040862037268700746,-0.17074732629616535,17
price_ma_250_w1.00,0.29326903558875683,0.027073793010364167,-0.6863394314046433,31,129326.90355887568,0.5218576137450024,-0.5920886925049942,-0.14579414752499764,-0.6810693520480015,21
ma_stop_20_180_s0.15_w0.50,0.2927333076525027,0.027029590449776153,-0.5210709962327558,36,129273.33076525027,0.2719968710062508,-0.4715405636746562,0.009634088944750596,-0.44835306638905087,20
ma_stop_30_90_s0.12_w0.25,0.29226758135920106,0.02699115033868127,-0.41646812947259076,58,129226.75813592011,0.206611981663001,-0.3368877699492118,0.07071946699520115,-0.1474420396677791,33
breakout_60_40_s0.08_w0.15,0.2920781563031003,0.026975512024065562,-0.09109592362238467,17,129207.81563031004,0.3216846528924,-0.04801165966243262,-0.024462778626499815,-0.04990599442658657,11
ma_stop_10_120_s0.20_w0.25,0.291549079968801,0.026931822322545207,-0.36658783291529645,34,129154.9079968801,0.1949124047162003,-0.29232978222753775,0.07444726376010102,-0.1822479527256966,18
price_ma_60_w0.20,0.29079132861025236,0.02686922130978253,-0.32053063113022295,71,129079.13286102524,0.12286094560065153,-0.2622278242680047,0.13531406355840048,-0.10700114277555929,35
breakout_40_10_s0.12_w0.20,0.2900006338003007,0.026803863579813347,-0.15682318570742382,21,129000.06338003007,0.4381297733408003,-0.06000225964810066,-0.10191713084879972,-0.1034049506375726,15
price_ma_20_w0.33,0.2893773579836567,0.026752319163247718,-0.32713349367073247,137,128937.73579836567,0.37999338071020206,-0.247091048617371,-0.05646155793569807,-0.24899707916802574,82
breakout_120_10_s0.05_w0.15,0.2889300435564004,0.026715312850009054,-0.06331938660754842,10,128893.00435564003,0.2930382867432999,-0.041539019815475885,-0.0059174547338999295,-0.04743880939272395,8
breakout_120_20_s0.05_w0.15,0.2889300435564004,0.026715312850009054,-0.06331938660754842,10,128893.00435564003,0.2930382867432999,-0.041539019815475885,-0.0059174547338999295,-0.04743880939272395,8
breakout_120_40_s0.05_w0.15,0.2889300435564004,0.026715312850009054,-0.06331938660754842,10,128893.00435564003,0.2930382867432999,-0.041539019815475885,-0.0059174547338999295,-0.04743880939272395,8
breakout_120_60_s0.05_w0.15,0.2889300435564004,0.026715312850009054,-0.06331938660754842,10,128893.00435564003,0.2930382867432999,-0.041539019815475885,-0.0059174547338999295,-0.04743880939272395,8
ma_stop_10_180_s0.10_w0.15,0.28877559977990175,0.026702533046778942,-0.1979044818959526,58,128877.55997799017,0.24687845971240074,-0.14787703123216878,0.03651856485230032,-0.11826782305104505,34
breakout_90_10_s0.08_w0.15,0.2879307155312003,0.02663259686970232,-0.09209179167854278,13,128793.07155312004,0.3412484839576,-0.04726844840659271,-0.04224566230919957,-0.049578736304900735,11
ma_stop_20_180_s0.12_w0.25,0.28659695130400165,0.026522109417409734,-0.32581840226746833,47,128659.69513040017,0.19936493886880102,-0.2894095112069353,0.0712695320701009,-0.24491165940343412,26
ma_stop_30_250_s0.08_w0.67,0.2853500843700092,0.02641872756760444,-0.5801121294463484,65,128535.00843700091,0.3855584267437522,-0.3969660823416213,-0.0765942911662455,-0.5782788630051644,39
ma_5_60_w0.50,0.285114093439103,0.02639915066751697,-0.6211526096812544,42,128511.4093439103,0.050001870506901636,-0.48133330897394005,0.2327329085018517,-0.27751595422750863,22
ma_stop_10_250_s0.10_w0.20,0.2847062169091019,0.026365307202121047,-0.22870364564786339,53,128470.6216909102,0.375382809678501,-0.13654027772661623,-0.06355992807539967,-0.2277300483774187,32
ma_stop_10_250_s0.08_w0.20,0.28463050568030224,0.02635902402004242,-0.2462021562771572,70,128463.05056803023,0.380947318590501,-0.1279428244306152,-0.06621839389289885,-0.24290746939875577,44
ma_stop_30_250_s0.10_w0.67,0.2844718838325069,0.02634585911133347,-0.5590347857477281,48,128447.18838325069,0.41733840490875207,-0.3618217705106922,-0.08690018687999745,-0.558165925085181,27
ma_60_90_w0.33,0.28421095589665035,0.026324200082091576,-0.4601003095226469,18,128421.09558966503,0.22789525243629982,-0.3657701284189586,0.03381892822690036,-0.23312126369343636,10
ma_stop_10_180_s0.05_w0.50,0.2839610197125111,0.026303449754720765,-0.503672851056917,114,128396.1019712511,0.4754258813362542,-0.36830680920214154,-0.12478073882379448,-0.4101271071628805,69
ma_stop_10_250_s0.12_w0.20,0.28382833625870174,0.02629243257151126,-0.22717989726455845,46,128382.83362587017,0.3267376478924009,-0.15972344306416875,-0.035140444994398834,-0.22294821965524692,27
ma_stop_40_90_s0.20_w0.15,0.2820653520974503,0.026145948739860536,-0.21443368636509466,30,128206.53520974504,0.26313474265715,-0.1545131052206001,0.018702155159500355,-0.10194879866834862,18
breakout_60_40_s0.12_w0.33,0.2819810405807499,0.02613893889486607,-0.3016623447641931,17,128198.104058075,0.5531454591488001,-0.15395007894128437,-0.17462724246329953,-0.17697779297473734,11
ma_stop_10_120_s0.08_w0.25,0.2816667589822017,0.026112805190565247,-0.33921282223642557,83,128166.67589822017,0.22793850837990082,-0.24982055164720765,0.056647103354301453,-0.19926374535134522,49
ma_30_120_w0.33,0.2816469409480502,0.02611115705355349,-0.5106878726183733,15,128164.69409480502,0.25929512969769974,-0.38655060610886094,0.01699450903570021,-0.23039114148720827,8
ma_stop_10_120_s0.08_w0.50,0.2814227736843573,0.026092512929803968,-0.562202405256955,83,128142.27736843572,0.24332665435685308,-0.43160181851905505,0.04112671829990466,-0.3690299405510426,49
breakout_90_20_s0.08_w0.15,0.28082146310000033,0.026042487134337655,-0.09209179167854278,13,128082.14631000004,0.3412484839576,-0.04726844840659271,-0.0475776016325995,-0.05095179886616795,11
breakout_90_40_s0.08_w0.15,0.28082146310000033,0.026042487134337655,-0.09209179167854278,13,128082.14631000004,0.3412484839576,-0.04726844840659271,-0.0475776016325995,-0.05095179886616795,11
breakout_90_60_s0.08_w0.15,0.28082146310000033,0.026042487134337655,-0.09209179167854278,13,128082.14631000004,0.3412484839576,-0.04726844840659271,-0.0475776016325995,-0.05095179886616795,11
ma_60_180_w0.15,0.28053872003680036,0.02601895716228686,-0.22887855944063695,7,128053.87200368004,0.18817866709500009,-0.194058646018779,0.07260896695590002,-0.22347443888510313,4
ma_stop_20_180_s0.12_w0.67,0.28049197176000606,0.026015066306579904,-0.6541352180423265,47,128049.1971760006,0.1690215991425026,-0.5988510299978256,0.093877869735004,-0.5398705140011517,26
ma_stop_10_250_s0.20_w0.50,0.2804782384462541,0.02601392325967633,-0.5124431385686253,29,128047.82384462541,0.6322040425350026,-0.3116197558571669,-0.20871461128204882,-0.5102001508734355,17
breakout_120_10_s0.20_w0.20,0.28038253313115047,0.026005957239565447,-0.18068601367795742,8,128038.25331311504,0.41550011629624994,-0.10158377825613582,-0.09561782663259943,-0.12302628266010011,7
ma_stop_30_120_s0.05_w0.20,0.28016328800590196,0.025987706387089693,-0.26222915050437917,123,128016.32880059018,0.3289602655898003,-0.16674332578099432,-0.02790851114639825,-0.12466222447561398,76
ma_stop_40_90_s0.05_w0.67,0.2792643998625155,0.025912850000508136,-0.6088128522464438,120,127926.43998625156,0.5719301315325058,-0.4826240077652106,-0.18590170335749334,-0.42925799592848,78
ma_stop_30_120_s0.12_w0.20,0.2792148056565016,0.02590871858966226,-0.3236686320936732,53,127921.48056565016,0.28690652004340134,-0.2139776690402013,-0.015470675184899307,-0.13956534676649957,32
breakout_40_20_s0.12_w0.25,0.27890946924690074,0.025883279589759,-0.23468918049358228,21,127890.94692469007,0.5238484501829004,-0.08811551227328106,-0.15843480532389975,-0.16025891982473348,15
breakout_60_20_s0.12_w0.25,0.2785111240721001,0.025850083412788605,-0.23086095753436522,17,127851.11240721002,0.4656578833041003,-0.11827540666501685,-0.12715496787119962,-0.12904688223524316,11
ma_stop_10_180_s0.05_w0.25,0.2784089534338061,0.025841567508163577,-0.2898489368738628,114,127840.89534338062,0.3230101631143014,-0.20104203153218947,-0.035912900091497835,-0.22583871150980175,69
breakout_90_10_s0.12_w0.20,0.2776113297220004,0.025775064738974285,-0.18245930068657304,13,127761.13297220005,0.453186433013,-0.07097017962112478,-0.12139001221079959,-0.12161955948726502,11
ma_20_40_w0.67,0.2775008306362525,0.02576584882010513,-0.5448143492049176,31,127750.08306362525,0.6585413867662508,-0.31291644309421934,-0.22557581847049912,-0.5411488810713888,18
breakout_40_10_s0.10_w0.15,0.27594277615950036,0.02563582681138965,-0.09010841226802942,21,127594.27761595004,0.3459473445501,-0.04761052584866873,-0.050788071608899754,-0.05322737706893911,15
breakout_90_20_s0.20_w0.50,0.2758364518162515,0.025626948698676433,-0.4674442368222488,11,127583.64518162515,0.8444398578525003,-0.23288125023889444,-0.30310552344479935,-0.30363027235864104,9
breakout_20_10_s0.10_w0.10,0.2755513278101007,0.02560313749020815,-0.06902395515830963,37,127555.13278101006,0.2817799794525002,-0.045213530033819116,-0.0029583959713996855,-0.05055210142678889,23
ma_30_120_w0.67,0.27524513805750095,0.025577561732269993,-0.7202168715086292,15,127524.5138057501,0.3790357966687501,-0.5496156352755208,-0.08121088110064956,-0.38492619099282194,8
ma_stop_20_180_s0.08_w0.25,0.27518991261315295,0.02557294821421796,-0.2931338314327115,70,127518.9912613153,0.25259762532010077,-0.25803407766955194,0.012355327522401982,-0.26641450385476717,44
ma_stop_30_120_s0.08_w0.15,0.2750515238499016,0.025561386469408198,-0.22704000105923433,78,127505.15238499016,0.2808633348493008,-0.14616657689020265,-0.022822731133799068,-0.10612406303425465,50
ma_60_90_w0.67,0.27495089051625143,0.025552978310931174,-0.6570914245026902,18,127495.08905162515,0.321393244038751,-0.5161186545403398,-0.029605442636249646,-0.39239413557732583,10
ma_stop_10_180_s0.12_w0.15,0.27449857360180174,0.025515178792941073,-0.22570682662911634,48,127449.85736018018,0.20992952164930112,-0.17316372699146185,0.05500978590440009,-0.11408343204458202,27
price_ma_20_w0.25,0.274309182731004,0.025499348081153395,-0.2690702529132274,137,127430.9182731004,0.32532768711945104,-0.2023177947004055,-0.04157005139039871,-0.1960535068154202,82
ma_stop_10_120_s0.05_w0.33,0.27290862534535765,0.02538221348248637,-0.36932970519710867,123,127290.86253453576,0.24801296217815216,-0.27803272198711404,0.0154973636487028,-0.25316965337385916,73
breakout_90_10_s0.20_w0.50,0.2727198945900011,0.025366420293726932,-0.468745140640877,12,127271.98945900012,0.8999495426025004,-0.2090050005750742,-0.32647617163689924,-0.32698332287610415,10
ma_stop_30_90_s0.10_w0.33,0.2724798181849035,0.025346327413732217,-0.4730487888566209,67,127247.98181849034,0.23766251152405093,-0.388540979060122,0.0267207628119015,-0.19579093478827742,39
breakout_40_20_s0.12_w1.00,0.27133574334750454,0.02525052887720336,-0.6778384949432017,21,127133.57433475046,1.7357328516937502,-0.30675447650489035,-0.5303365192124987,-0.5344224198362436,15
ma_stop_30_120_s0.20_w0.25,0.27085449350385105,0.025210208576526894,-0.3872034921712495,30,127085.44935038511,0.30753885101005074,-0.2741214367253153,-0.028077172973899556,-0.1667385287554892,17
breakout_90_10_s0.20_w0.67,0.27052253367750256,0.02518238818736762,-0.560514189085259,12,127052.25336775025,1.1905426423800005,-0.24498025844580787,-0.41656509857799906,-0.4171563312759292,10
ma_5_60_w0.67,0.270287410277654,0.0251626793785924,-0.7067619488537131,42,127028.74102776541,0.0027516124350017712,-0.5508999627052878,0.26937283019890224,-0.3531894271177755,22
ma_5_40_w0.15,0.27021419409105096,0.025156541492009188,-0.17902940856969737,53,127021.41940910509,0.1919647587159501,-0.12371334048123069,0.06730952883120045,-0.07457560948639648,30
ma_stop_10_120_s0.15_w0.67,0.2701760857087545,0.025153346650477415,-0.6878594634454327,43,127017.60857087544,0.1845992257200022,-0.5599080388804795,0.07602976002375161,-0.40854347299453375,23
ma_stop_30_250_s0.10_w0.33,0.27014933255365237,0.02515110373063889,-0.3266523374348578,48,127014.93325536523,0.28824788555060077,-0.1976299650348873,-0.008389357921299134,-0.3269809337324822,27
ma_10_180_w0.25,0.26900239172959983,0.0250549071500783,-0.4250707629871567,14,126900.23917295999,0.1327708079115999,-0.3583174002643421,0.1146546695490005,-0.28598596135946136,8
breakout_90_20_s0.20_w0.67,0.2686330633837515,0.02502391414311922,-0.561167774804707,11,126863.30633837516,1.1031148888987503,-0.2761432450562909,-0.38703656926464924,-0.3876577251502552,9
breakout_40_10_s0.20_w0.50,0.26837966829375137,0.025002645255230993,-0.44223191086711783,20,126837.96682937513,0.8437938777450003,-0.18919436060641698,-0.3122511904048495,-0.31525584172677334,14
ma_stop_30_250_s0.12_w0.25,0.26826480479820103,0.024993002855976165,-0.2478674076689605,40,126826.4804798201,0.18478438715080014,-0.18284518846276984,0.06281868985990058,-0.2516405405346157,21
breakout_90_10_s0.15_w0.50,0.2671649827762508,0.02490063690155009,-0.47106385499971637,13,126716.49827762507,0.8999495426025004,-0.2090050005750742,-0.33219674457709947,-0.33269958832853125,11
ma_stop_10_120_s0.08_w0.20,0.2667850439004025,0.024868711936548493,-0.28419419697982434,83,126678.50439004024,0.2198244045748008,-0.20711497203510162,0.040184330670200774,-0.15887768341821082,49
breakout_90_20_s0.12_w0.20,0.2664082661998004,0.02483704411951293,-0.18962811656454834,13,126640.82661998004,0.453186433013,-0.07097017962112478,-0.12953769477239974,-0.12976511337019367,11
ma_stop_30_250_s0.15_w0.33,0.2658719589808016,0.024791953428937807,-0.30788188976038927,30,126587.19589808016,0.22458528526720078,-0.25308060174378477,0.036259453399300146,-0.3082317585281402,16
ma_stop_40_120_s0.12_w0.10,0.26578619971780104,0.02478474152563992,-0.1292710510986251,48,126578.6199717801,0.22060780279750025,-0.0897491812180006,0.037293111118500644,-0.06340086378225196,30
ma_stop_30_250_s0.20_w0.50,0.2657097484762516,0.02477831200886027,-0.44256027806868603,25,126570.97484762516,0.24289929655875042,-0.3414409874045944,0.02071302948000109,-0.44055852327031925,13
ma_stop_20_180_s0.15_w0.33,0.2650986970920528,0.024726910337685704,-0.39587569519444094,36,126509.86970920529,0.23347354842770152,-0.35651974237826445,0.024356558818150686,-0.32151827432757013,20
ma_stop_20_180_s0.20_w0.50,0.2650950377887529,0.024726602449909096,-0.5398241567238298,28,126509.50377887528,0.22288157672625108,-0.4926243788668626,0.026827813268501588,-0.45320266530089065,15
ma_stop_30_90_s0.10_w0.25,0.26459942915310175,0.024684895376888782,-0.38396552389292,67,126459.94291531017,0.2350728438046008,-0.3116639847016699,0.02947910704720136,-0.15138508808244386,39
ma_5_180_w0.33,0.2637180368344014,0.02461068715559911,-0.5052384966567849,19,126371.80368344014,0.11965838866180079,-0.43939988510336797,0.1161346491374502,-0.3602743717820693,10
ma_30_250_w1.00,0.26349769338750084,0.024592128243617006,-0.6821850832727185,7,126349.76933875009,0.2438868872700004,-0.5603975388756066,0.013459205565000465,-0.6820267118219772,4
ma_stop_40_90_s0.15_w0.15,0.26180721037734966,0.024449647028760957,-0.22776604291520122,41,126180.72103773497,0.25011487498804974,-0.16888975683779217,0.010052286263900534,-0.09931346449418545,25
breakout_40_10_s0.15_w0.50,0.2617495077600016,0.02444478058433286,-0.44514751418684667,21,126174.95077600016,0.8437938777450003,-0.18919436060641698,-0.3146538025272496,-0.3176479572672981,15
ma_stop_40_120_s0.08_w0.10,0.26145878468970163,0.02442025894551314,-0.1234687542355641,71,126145.87846897017,0.22674341699850076,-0.08636088989765435,0.03607289713240047,-0.062061175023040586,47
ma_stop_10_120_s0.12_w0.15,0.2613977151482012,0.024415107265054692,-0.23628574098517094,54,126139.77151482011,0.17849963858540052,-0.17901940006325984,0.06300865453170035,-0.10172448869216288,30
ma_20_180_w0.50,0.2610629880300004,0.02438686651546429,-0.5892052358686531,11,126106.29880300004,0.09025937782875015,-0.547699147452525,0.1537098590785,-0.4928369987106951,6
ma_10_40_w0.20,0.2608653735390507,0.02437019073189406,-0.25665519556902167,38,126086.53735390506,0.2468581408277497,-0.16393052157705204,0.009745876189500624,-0.13634439772358184,22
breakout_90_40_s0.12_w0.20,0.2605870665265002,0.024346701702954165,-0.19335308952075125,13,126058.70665265003,0.453186433013,-0.07097017962112478,-0.13377129453479963,-0.13399760705446045,11
breakout_90_10_s0.15_w0.67,0.2595114886162522,0.024255879541183356,-0.564323014146988,13,125951.14886162522,1.1905426423800005,-0.24498025844580787,-0.42294093319904913,-0.4235257048472626,11
breakout_60_10_s0.12_w0.20,0.2591978070743006,0.024229379075322077,-0.17322060532481082,17,125919.78070743007,0.39178794128640027,-0.086162964112358,-0.09640125842499958,-0.09789821615017714,11
ma_stop_20_180_s0.08_w0.20,0.2585402520584019,0.02417380826277782,-0.23897862411584525,70,125854.02520584018,0.22622362452240097,-0.20830321655803985,0.021728195666000927,-0.218914984065461,44
breakout_90_60_s0.12_w0.20,0.2580608855362003,0.02413327998683279,-0.19496958721872598,13,125806.08855362004,0.453186433013,-0.07097017962112478,-0.13560851707319965,-0.13583434959668939,11
ma_stop_10_120_s0.10_w0.15,0.25767197315410195,0.024100389030845548,-0.21702741164462766,66,125767.19731541019,0.1975833977580006,-0.16372738726855504,0.04647284676860064,-0.10061451241279443,38
ma_stop_30_120_s0.15_w0.33,0.2573160964589014,0.02407028396994204,-0.47245393421657406,42,125731.60964589013,0.3878237909439506,-0.32350394981414593,-0.09182847723289889,-0.2293878824880335,25
ma_stop_10_250_s0.20_w0.33,0.2568641949441526,0.024032044771542527,-0.3788711288781957,29,125686.41949441526,0.4501665467886007,-0.23417300362267732,-0.1270652807364988,-0.3729146188131875,17
ma_stop_40_90_s0.05_w0.15,0.2567029399630032,0.024018396644921003,-0.1876759420343704,120,125670.29399630033,0.2731298918323011,-0.13846917575511555,-0.007229642006498338,-0.1091457700552505,78
ma_20_40_w0.25,0.2566243539909012,0.024011744800691348,-0.2647579175011224,31,125662.43539909011,0.32956754947410016,-0.1760663475578469,-0.0554102715941992,-0.2628249684994337,18
ma_stop_30_90_s0.12_w0.20,0.2561269954112009,0.023969637650110176,-0.34851728721723785,58,125612.69954112009,0.19307929524070055,-0.28000089222723196,0.05644764935190083,-0.11798571090387869,33
ma_stop_20_180_s0.10_w0.20,0.2557845043495022,0.0239406331370573,-0.24275536625727306,54,125578.45043495021,0.2204201545297002,-0.21207995869946766,0.025087696767300383,-0.19799048826763357,31
ma_stop_10_120_s0.15_w0.25,0.255748282385601,0.02393756519602297,-0.3744483870249207,43,125574.82823856009,0.19719599458080017,-0.29097735795743557,0.05903098428230069,-0.1727776916124408,23
ma_stop_40_120_s0.10_w0.10,0.255638149713701,0.023928236651897583,-0.11803707803221776,55,125563.81497137011,0.23672641792390037,-0.07989888963352669,0.020991282245200305,-0.06542942154021579,36
ma_stop_10_180_s0.20_w1.00,0.2528462805862579,0.023691512331866837,-0.7992331861569736,30,125284.62805862579,0.3384518842575035,-0.6778860237853063,-0.05524282837124683,-0.6062781297488978,17
ma_stop_20_180_s0.20_w0.33,0.2522920675734033,0.023644464038659496,-0.40878940111183154,28,125229.20675734032,0.2090095248465016,-0.36948022884592246,0.04159962234835102,-0.3247352537231317,15
ma_stop_20_180_s0.08_w0.67,0.25205506691626134,0.023624338864989713,-0.601371091232352,70,125205.50669162613,0.33303766362750387,-0.5423944482368578,-0.07491016771874393,-0.5849643354010529,44
ma_stop_20_180_s0.12_w0.20,0.2520544006329011,0.023624282281987208,-0.27169660928464506,47,125205.44006329011,0.17770854159360017,-0.23987552733461281,0.07063079889330082,-0.19588252661687808,26
breakout_40_10_s0.20_w0.67,0.2519119468125022,0.023612184009367487,-0.5333141700456879,20,125191.19468125023,1.0917998692087507,-0.22022202875725586,-0.395332345335599,-0.39888308954273144,14
ma_stop_10_180_s0.05_w0.20,0.25190070398870357,0.02361122912989133,-0.23948355214623712,114,125190.07039887036,0.28281531643210145,-0.16494753091385128,-0.02698066743009786,-0.1882519605074052,69
ma_5_60_w0.33,0.250069908200502,0.023455632728206943,-0.5047989150794218,42,125006.99082005021,0.07881413549690097,-0.3913726543171517,0.16088313919990171,-0.19011047590423008,22
breakout_90_10_s0.10_w0.15,0.24987782798429992,0.02343929630402064,-0.11051211040921348,13,124987.78279843,0.3357368163423997,-0.04940971412124176,-0.06660597729909978,-0.0667917455656074,11
breakout_60_20_s0.12_w1.00,0.2497997598525037,0.023432655965657467,-0.6716825108445537,17,124979.97598525038,1.2736642958325022,-0.40271731779000347,-0.4479191485762487,-0.45272205020148826,11
ma_stop_30_250_s0.15_w1.00,0.24969920317875505,0.023424102243606804,-0.6873248674888106,30,124969.9203178755,0.3275077791375014,-0.5450190749678538,-0.056591755739997196,-0.6860939471056717,16
ma_stop_20_250_s0.12_w0.50,0.24953771992500373,0.02341036459101442,-0.48662156185098,44,124953.77199250038,0.40218698958750165,-0.32971037718326307,-0.10609058652449832,-0.4830674303028335,24
breakout_40_20_s0.10_w0.15,0.2488845869528007,0.023354785232777564,-0.10839129510906623,21,124888.45869528006,0.3459473445501,-0.04761052584866873,-0.07027860636409966,-0.07134339268103203,15
breakout_90_20_s0.20_w0.33,0.2488213716243508,0.02334940444440159,-0.3505670528297365,11,124882.13716243507,0.5791149217633502,-0.18070835553280024,-0.2106056101347995,-0.2109837550264371,9
ma_stop_10_120_s0.20_w0.20,0.24853853443460117,0.02332532680243604,-0.31030270738077487,34,124853.85344346012,0.1766652656589005,-0.24616458606103442,0.06711221243700072,-0.14977444891223984,18
ma_40_90_w0.15,0.24815541438699995,0.023292704387077867,-0.28255350855793115,16,124815.54143869999,0.15506797257689997,-0.22591137108177864,0.09983435355230008,-0.12058117673039745,9
ma_stop_30_120_s0.10_w0.15,0.2478178270358007,0.02326395161248196,-0.22379719151050365,59,124781.78270358007,0.2669760123586,-0.14502433828343933,-0.03313092439009924,-0.10765469164210993,37
ma_stop_10_250_s0.15_w0.50,0.24705879748875414,0.023199278567142212,-0.5163473368664151,36,124705.87974887542,0.6573119051362524,-0.3544844529198002,-0.24468490091104933,-0.5134795724034765,22
breakout_60_10_s0.10_w0.15,0.24690071400890035,0.023185804639988428,-0.1117097908884023,17,124690.07140089004,0.3121890081423002,-0.055832631973894147,-0.046237003195499726,-0.05987013942899768,11
ma_stop_10_120_s0.05_w0.25,0.2468398880653071,0.02318061985531772,-0.2964406082309653,123,124683.98880653072,0.22353704065160218,-0.22078893426105958,0.021225273292002633,-0.1979572494180622,73
breakout_90_40_s0.20_w0.50,0.246626229330001,0.023162405854019408,-0.47963707886451196,11,124662.6229330001,0.8444398578525003,-0.23288125023889444,-0.3186108989999993,-0.3191239726469893,9
ma_stop_30_250_s0.20_w0.67,0.24658912760625307,0.023159242717492923,-0.5502247452343868,25,124658.9127606253,0.2658256401937511,-0.4252903954987327,-0.016134150239998535,-0.5465490728217874,13
ma_stop_20_250_s0.10_w0.33,0.24628593880450245,0.02313339095662248,-0.3553789335094307,52,124628.59388045024,0.41819293729200124,-0.201681910460212,-0.11989694132509887,-0.35110095683817555,30
price_ma_250_w0.33,0.24618853964900245,0.023125084903448556,-0.4089092522991805,31,124618.85396490023,0.21602149695730088,-0.35763412951505247,0.029714885338100627,-0.38173287240764764,21
ma_stop_30_120_s0.20_w0.20,0.2460848214638014,0.02311623933333573,-0.32625754286869085,30,124608.48214638013,0.26456280085870065,-0.22900198292514634,-0.017964863302999734,-0.13494766578168113,17
ma_stop_20_250_s0.08_w0.33,0.2459190218739542,0.023102097801315225,-0.37949943270630915,69,124591.90218739542,0.40495938102850104,-0.19754586388987402,-0.11820286507884814,-0.3795532241960964,42
ma_5_250_w0.25,0.2453376535214007,0.02305249786637753,-0.30704431824466977,15,124533.76535214006,0.22965128727940032,-0.2921431034561908,0.008825345800400175,-0.29756462645589893,9
ma_stop_10_250_s0.15_w0.33,0.24524824931620115,0.023044868429892507,-0.3768447429975649,36,124524.82493162013,0.4717668024700501,-0.26543184797289143,-0.14909356645399907,-0.3729815702866018,22
breakout_40_10_s0.15_w0.67,0.24419599966125305,0.022955036285626118,-0.5361905090800207,21,124419.5999661253,1.0917998692087507,-0.22022202875725586,-0.3988543361073488,-0.40238439839403467,15
ma_stop_40_60_s0.12_w0.25,0.2438451478149024,0.022925068397829484,-0.342643174773464,59,124384.51478149023,0.28872194522620087,-0.27553214428942857,-0.03732831237479961,-0.24087304593273248,37
ma_stop_30_120_s0.05_w0.15,0.24348958827390432,0.02289469067480754,-0.20508721314235942,123,124348.95882739042,0.2682654378346021,-0.12937893956925284,-0.034394368293798494,-0.09802147080542753,76
ma_stop_30_90_s0.10_w0.20,0.24342874680810178,0.022889491819803487,-0.3222627729586931,67,124342.87468081017,0.2091675968968001,-0.2593478760313898,0.020912478637200804,-0.12295357781769939,39
ma_stop_20_250_s0.12_w0.33,0.24339652652870192,0.022886738530153217,-0.3531215967666386,44,124339.6526528702,0.3182229007045505,-0.23839677205466378,-0.05229701005619902,-0.3501439685734276,24
breakout_20_10_s0.12_w0.10,0.24236638982170078,0.022798677497111175,-0.07197551665782932,37,124236.63898217009,0.26807070475020023,-0.048402935435431255,-0.0161097133835999,-0.05278692179681937,23
breakout_90_20_s0.10_w0.15,0.24173014542269988,0.022744255577573202,-0.11631048910232232,13,124173.01454226999,0.3357368163423997,-0.04940971412124176,-0.07271673922029975,-0.07290129129555106,11
ma_stop_10_250_s0.20_w0.25,0.24149021398780168,0.022723726269009648,-0.3007442023809936,29,124149.02139878017,0.36502625523710064,-0.1927190078392988,-0.08537320487549893,-0.29422051680525996,17
breakout_40_10_s0.20_w0.33,0.24132409400125088,0.02270951042329794,-0.33424300120398126,20,124132.40940012509,0.5841930393030002,-0.15035274957061617,-0.21230110166899951,-0.2145443621006338,14
ma_stop_40_60_s0.10_w0.25,0.2413134531722041,0.022708599768064497,-0.31436448379625775,69,124131.3453172204,0.3243242567818012,-0.26024821699068074,-0.06861664883749907,-0.2403563636442901,43
ma_20_180_w0.33,0.24123453998750066,0.0227018460623718,-0.4729789369584902,11,124123.45399875006,0.07632244296540014,-0.43866549116442366,0.13804135674145002,-0.38724111571293074,6
breakout_60_40_s0.12_w0.25,0.24065049978960107,0.02265184960294442,-0.23574891541657533,17,124065.0499789601,0.43085292092520056,-0.1185826331574485,-0.1324469675741995,-0.13432741139091323,11
price_ma_20_w0.20,0.24062607577850237,0.022649758338676218,-0.22707868620387534,137,124062.60757785024,0.27338288480350115,-0.17372857407980005,-0.027245430573798024,-0.1555549145828558,82
breakout_90_10_s0.20_w0.33,0.2406255524144505,0.022649713526118775,-0.3548291796197649,12,124062.55524144505,0.6096452483758499,-0.16434800089585042,-0.22654291321859954,-0.2269134236377542,10
ma_stop_30_90_s0.12_w0.50,0.24049981922030383,0.022638947248011965,-0.655852965446836,58,124049.98192203039,0.1214852815024019,-0.5550198712630192,0.10451504258120181,-0.2724334368403691,33
breakout_90_10_s0.15_w0.33,0.24012518745450073,0.022606862492005053,-0.3550893877632068,13,124012.51874545007,0.6096452483758499,-0.16434800089585042,-0.22721615968339925,-0.22758634759619373,11
ma_30_250_w0.67,0.23964873543000031,0.022566044948108877,-0.5691014949672614,7,123964.87354300004,0.18352989281249998,-0.4624912022325801,0.044612420287500454,-0.5694886560205633,4
breakout_90_40_s0.10_w0.15,0.23957340592109988,0.02255959019803444,-0.11784535405049813,13,123957.34059210999,0.3357368163423997,-0.04940971412124176,-0.07433429384649981,-0.07451852398877144,11
breakout_90_60_s0.10_w0.15,0.23957340592109988,0.02255959019803444,-0.11784535405049813,13,123957.34059210999,0.3357368163423997,-0.04940971412124176,-0.07433429384649981,-0.07451852398877144,11
ma_stop_20_180_s0.15_w0.67,0.23924088396000376,0.022531093229744448,-0.6209202856598889,36,123924.08839600037,0.2568307445437519,-0.5668970786648996,-0.015104475652498173,-0.5524231650322529,20
ma_stop_30_250_s0.10_w0.25,0.23912811053950245,0.022521427047114795,-0.2550037066731129,48,123912.81105395024,0.2295974765174007,-0.1554245963831639,-0.002272665875798663,-0.25513372123750455,27
ma_stop_10_120_s0.05_w0.50,0.2388480055263098,0.022497414909401936,-0.5068734990979492,123,123884.80055263097,0.25293486929130427,-0.3925873602534195,-0.008769053535793825,-0.3637709500407503,73
price_ma_180_w0.15,0.23877247519760036,0.022490939202618687,-0.2909605070617718,36,123877.24751976003,0.09103790835600045,-0.25068276458570143,0.1263276320583,-0.17211715069103617,19
breakout_60_20_s0.10_w0.15,0.2387530314473003,0.022489272106060332,-0.1117097908884023,17,123875.30314473003,0.3121890081423002,-0.055832631973894147,-0.052347765116699696,-0.05987013942899768,11
breakout_120_20_s0.20_w0.15,0.23857956811060044,0.02247439841623633,-0.11855262853514299,7,123857.95681106005,0.2991460837333,-0.08134272286771374,-0.043673667710699804,-0.08319341873417783,6
breakout_120_40_s0.20_w0.15,0.23857956811060044,0.02247439841623633,-0.11855262853514299,7,123857.95681106005,0.2991460837333,-0.08134272286771374,-0.043673667710699804,-0.08319341873417783,6
breakout_120_60_s0.20_w0.15,0.23857956811060044,0.02247439841623633,-0.11855262853514299,7,123857.95681106005,0.2991460837333,-0.08134272286771374,-0.043673667710699804,-0.08319341873417783,6
breakout_60_20_s0.12_w0.20,0.2385475628912006,0.022471653910692835,-0.1867793935387669,17,123854.75628912005,0.37728985908120016,-0.09568229106974614,-0.10454894098659961,-0.10603240075544805,11
breakout_120_10_s0.15_w0.15,0.23838008025930035,0.022457290935048002,-0.11869459603298892,8,123838.00802593003,0.2991460837333,-0.08134272286771374,-0.04509408796619985,-0.06593276245133449,7
breakout_120_20_s0.15_w0.15,0.23838008025930035,0.022457290935048002,-0.11869459603298892,8,123838.00802593003,0.2991460837333,-0.08134272286771374,-0.04509408796619985,-0.06593276245133449,7
breakout_120_40_s0.15_w0.15,0.23838008025930035,0.022457290935048002,-0.11869459603298892,8,123838.00802593003,0.2991460837333,-0.08134272286771374,-0.04509408796619985,-0.06593276245133449,7
breakout_120_60_s0.15_w0.15,0.23838008025930035,0.022457290935048002,-0.11869459603298892,8,123838.00802593003,0.2991460837333,-0.08134272286771374,-0.04509408796619985,-0.06593276245133449,7
ma_stop_40_60_s0.12_w0.33,0.23819638480785366,0.02244153557864048,-0.4222884358755078,59,123819.63848078536,0.30897378603255077,-0.34366488764042774,-0.04802779855839867,-0.30811684628813557,37
breakout_40_20_s0.12_w0.20,0.236559333533501,0.022301034909827155,-0.19175376180944215,21,123655.93335335009,0.4236316911356002,-0.06947857031557655,-0.12884213247409948,-0.13028534663503236,15
ma_stop_30_120_s0.15_w0.50,0.2363412372745024,0.022282304118557805,-0.6106952968019098,42,123634.12372745023,0.4729503046607515,-0.4287352960975879,-0.16164516332989853,-0.3247356336614163,25
breakout_40_10_s0.15_w0.33,0.2359653010291507,0.022250010581965407,-0.33711707248279993,21,123596.53010291507,0.5841930393030002,-0.15035274957061617,-0.21717392442909944,-0.21940330771743538,15
breakout_60_10_s0.05_w0.15,0.23578243521670017,0.022234298928142104,-0.09829594165544944,20,123578.24352167003,0.26062509632530007,-0.05519086700714388,-0.01715510901929984,-0.04831815898255388,12
breakout_60_20_s0.05_w0.15,0.23578243521670017,0.022234298928142104,-0.09829594165544944,20,123578.24352167003,0.26062509632530007,-0.05519086700714388,-0.01715510901929984,-0.04831815898255388,12
breakout_60_40_s0.05_w0.15,0.23578243521670017,0.022234298928142104,-0.09829594165544944,20,123578.24352167003,0.26062509632530007,-0.05519086700714388,-0.01715510901929984,-0.04831815898255388,12
breakout_20_10_s0.05_w0.10,0.2354208151756012,0.02220322274909514,-0.06242934060426284,46,123542.08151756013,0.2188717580547006,-0.039440231423378394,0.012817927359400239,-0.0482538898760942,27
ma_20_180_w0.67,0.2352908626087502,0.0221920531545734,-0.6694803406575841,11,123529.08626087502,0.09540438453000033,-0.6234050660276628,0.1308222732375004,-0.5756674500211473,6
breakout_40_10_s0.05_w0.15,0.23501917252630045,0.0221686976312232,-0.08554739169898426,26,123501.91725263005,0.27176459260209995,-0.05059817963665454,-0.02509129369609986,-0.053230606902834744,17
breakout_40_20_s0.05_w0.15,0.23501917252630045,0.0221686976312232,-0.08554739169898426,26,123501.91725263005,0.27176459260209995,-0.05059817963665454,-0.02509129369609986,-0.053230606902834744,17
ma_stop_30_250_s0.08_w0.25,0.2349403013778022,0.022161916701957995,-0.2684406920156018,65,123494.03013778022,0.2194418524507009,-0.1673892334462622,0.013431439851301574,-0.26392846912379564,39
ma_stop_20_180_s0.15_w0.25,0.23459453515320194,0.02213218494776359,-0.32013087335115603,36,123459.45351532019,0.20114376077800022,-0.28726753641847796,0.0276589401946008,-0.25391913325891347,20
breakout_90_10_s0.05_w0.15,0.23386131725140014,0.022069112292876225,-0.08514223742148505,15,123386.13172514,0.2875322309335999,-0.042887539695801113,-0.040269932025399635,-0.04912885510870854,12
breakout_90_20_s0.05_w0.15,0.23386131725140014,0.022069112292876225,-0.08514223742148505,15,123386.13172514,0.2875322309335999,-0.042887539695801113,-0.040269932025399635,-0.04912885510870854,12
breakout_90_40_s0.05_w0.15,0.23386131725140014,0.022069112292876225,-0.08514223742148505,15,123386.13172514,0.2875322309335999,-0.042887539695801113,-0.040269932025399635,-0.04912885510870854,12
breakout_90_60_s0.05_w0.15,0.23386131725140014,0.022069112292876225,-0.08514223742148505,15,123386.13172514,0.2875322309335999,-0.042887539695801113,-0.040269932025399635,-0.04912885510870854,12
breakout_90_40_s0.20_w0.67,0.23383017757125235,0.022066432861013174,-0.5732064235402057,11,123383.01775712524,1.1031148888987503,-0.2761432450562909,-0.407770083500649,-0.4083702287618829,9
ma_stop_10_120_s0.15_w0.20,0.23359392505260157,0.02204610240165472,-0.3169585092847191,43,123359.39250526016,0.17496836608620048,-0.24725171171106625,0.051065641394600014,-0.13985212014983592,23
breakout_90_60_s0.20_w0.50,0.23327921799000118,0.02201901519967686,-0.4852083476585622,11,123327.92179900012,0.8444398578525003,-0.23288125023889444,-0.3272678117216993,-0.327774366870264,9
ma_30_120_w0.25,0.23315533284840062,0.022008350562703782,-0.43309927339176435,15,123315.53328484006,0.20681943188070018,-0.3300519123514526,0.023708617667700382,-0.18205383838882314,8
breakout_120_10_s0.10_w0.10,0.2331463432541998,0.022007576657245842,-0.041303472036244765,8,123314.63432541999,0.2347445477143999,-0.03486356769613633,-0.0022045578504998886,-0.029627586246146243,7
breakout_120_20_s0.10_w0.10,0.2331463432541998,0.022007576657245842,-0.041303472036244765,8,123314.63432541999,0.2347445477143999,-0.03486356769613633,-0.0022045578504998886,-0.029627586246146243,7
breakout_120_40_s0.10_w0.10,0.2331463432541998,0.022007576657245842,-0.041303472036244765,8,123314.63432541999,0.2347445477143999,-0.03486356769613633,-0.0022045578504998886,-0.029627586246146243,7
breakout_120_60_s0.10_w0.10,0.2331463432541998,0.022007576657245842,-0.041303472036244765,8,123314.63432541999,0.2347445477143999,-0.03486356769613633,-0.0022045578504998886,-0.029627586246146243,7
ma_stop_10_180_s0.15_w0.15,0.23287764601870142,0.021984442438229168,-0.23207738006695966,38,123287.76460187013,0.19859465475570026,-0.1809209548208812,0.022246617576400007,-0.12137365998215359,21
price_ma_60_w0.15,0.23268761863750176,0.021968078786460232,-0.26229876509917927,71,123268.76186375017,0.10633052949910127,-0.2152719433790527,0.10850486733560083,-0.08234888646560136,35
ma_stop_30_120_s0.15_w0.25,0.23256797414445218,0.021957774791376616,-0.390968460888772,42,123256.79741444522,0.3226856069589512,-0.2654199812724449,-0.07137850985179905,-0.17797516297537097,25
ma_stop_40_60_s0.10_w0.33,0.23250857191105334,0.02195265863312912,-0.3932287189279919,69,123250.85719110534,0.36685966270340087,-0.32633654823775815,-0.09822111566129843,-0.3025892609746388,43
ma_stop_20_250_s0.10_w0.50,0.23218673999625383,0.021924936253925775,-0.4890655299837358,52,123218.67399962537,0.5429687461087509,-0.27890403465327096,-0.19223753956744882,-0.485913092954567,30
breakout_120_10_s0.08_w0.10,0.23134906033620006,0.021852748670037725,-0.04357705652641384,8,123134.90603362,0.2347445477143999,-0.03486356769613633,-0.003921961527699747,-0.032005212414079595,7
breakout_120_20_s0.08_w0.10,0.23134906033620006,0.021852748670037725,-0.04357705652641384,8,123134.90603362,0.2347445477143999,-0.03486356769613633,-0.003921961527699747,-0.032005212414079595,7
breakout_120_40_s0.08_w0.10,0.23134906033620006,0.021852748670037725,-0.04357705652641384,8,123134.90603362,0.2347445477143999,-0.03486356769613633,-0.003921961527699747,-0.032005212414079595,7
breakout_120_60_s0.08_w0.10,0.23134906033620006,0.021852748670037725,-0.04357705652641384,8,123134.90603362,0.2347445477143999,-0.03486356769613633,-0.003921961527699747,-0.032005212414079595,7
ma_10_120_w0.15,0.23127192245580064,0.02184609905092194,-0.29849455765540056,21,123127.19224558007,0.07274999429720008,-0.2511566001346829,0.15002544141050023,-0.14739481526986437,10
ma_60_90_w0.25,0.23121699378685068,0.021841363734377728,-0.3868264406579413,18,123121.69937868507,0.17802621980620015,-0.30973547255652434,0.03275523765190003,-0.18791614092525408,10
ma_20_40_w0.20,0.23106362211400056,0.021828140794671658,-0.21804276937370476,31,123106.36221140005,0.28054081233000017,-0.15424511697680462,-0.03703441476039948,-0.21037634861093724,18
breakout_90_40_s0.20_w0.33,0.2310382556412509,0.021825953681799293,-0.359814925812366,11,123103.82556412509,0.5791149217633502,-0.18070835553280024,-0.2218086736569993,-0.22218145192671002,9
ma_stop_10_180_s0.20_w0.15,0.230915644642401,0.02181538151669815,-0.23668216073432485,30,123091.5644642401,0.18998986345320068,-0.18680980443726083,0.02599866215510027,-0.12505613716801167,17
ma_stop_10_250_s0.08_w0.15,0.23041064631260122,0.021771827954909728,-0.18876805525979135,70,123041.06463126013,0.2992431861951008,-0.10035872686130715,-0.04593596324189886,-0.1839534499151391,44
ma_10_180_w0.20,0.23015521744440037,0.021749792401242196,-0.37018237549357963,14,123015.52174444003,0.11456405740120035,-0.3144455579606213,0.10314185435100076,-0.24281914297045265,8
breakout_60_40_s0.10_w0.15,0.23000625457969992,0.02173693965391421,-0.11224201669554329,17,123000.62545796999,0.30559897077630005,-0.05609863880624779,-0.05396531974289975,-0.05987013942899768,11
breakout_40_10_s0.12_w0.15,0.22968350685410055,0.0217090876931183,-0.11474886637571236,21,122968.35068541006,0.32899297569029984,-0.0478158647876388,-0.07407287030209975,-0.07513331114483772,15
ma_stop_10_250_s0.12_w0.15,0.22824088690650135,0.02158451467628475,-0.1691270377632654,46,122824.08869065013,0.25704360564550055,-0.12292798770994123,-0.0268628334228993,-0.17120255061765052,27
ma_stop_10_120_s0.05_w0.20,0.22750507380450258,0.021520925292632054,-0.24086414414369678,123,122750.50738045026,0.20401441413020138,-0.17726085146913062,0.0165211962882017,-0.16020649476754095,73
ma_stop_30_120_s0.20_w0.67,0.22703203911375347,0.021480027326852058,-0.7090022292493253,30,122703.20391137536,0.4363351480800013,-0.5309481895171418,-0.14961137882104913,-0.3813707582030048,17
ma_stop_40_120_s0.05_w0.10,0.22676870853490194,0.021457253984280333,-0.09655716532199865,115,122676.8708534902,0.20852393683390047,-0.07325587183310711,0.02252808474640111,-0.05850317808072461,75
breakout_60_10_s0.20_w0.50,0.22627109697970194,0.02141420760253876,-0.46063707210662175,16,122627.10969797018,0.6891551552722004,-0.24414033226424195,-0.2711993828446494,-0.287181138554464,10
ma_stop_40_90_s0.08_w0.10,0.22430919317890075,0.0212443385033394,-0.1380420493058793,75,122430.91931789008,0.2179909251059,-0.09301328052505915,0.014084727282500875,-0.06954665855645152,49
ma_stop_40_120_s0.20_w0.10,0.22405214077950086,0.021222063857019968,-0.14565554892169166,28,122405.21407795008,0.19770805346980058,-0.10812556040680184,0.023213879035600016,-0.06298069241927919,16
ma_stop_10_250_s0.10_w0.15,0.22403594002460192,0.021220659854643387,-0.1732904938451079,53,122403.59400246019,0.2882122814990007,-0.10447808369738494,-0.04341669578729923,-0.16875776089046055,32
ma_stop_30_250_s0.20_w0.33,0.22392917208505092,0.021211406632202223,-0.3134854618422551,25,122392.9172085051,0.19040664308065014,-0.2463170519678958,0.021978430216050393,-0.31299007190204986,13
breakout_40_10_s0.08_w0.10,0.2238876153652003,0.02120780485385554,-0.04656707717980809,21,122388.76153652003,0.2414110105195999,-0.03504735685738736,-0.01592188576699982,-0.035091869297224756,15
ma_60_120_w0.50,0.22368899303185175,0.021190588467866922,-0.5883179602121695,14,122368.89930318517,0.3059730393893507,-0.4444772687844963,-0.06888100735484981,-0.4441414004039148,7
ma_stop_40_90_s0.12_w0.10,0.2231464490838011,0.02114354853333711,-0.14317489760559388,50,122314.64490838011,0.1952915129667001,-0.09725770774692255,0.027810320711100678,-0.06025042184986989,31
ma_stop_10_60_s0.12_w0.33,0.22282335136250309,0.0211155262586622,-0.393611066168419,65,122282.3351362503,0.2597805958896511,-0.2732539331135804,-0.03741767360079906,-0.21795823658526928,37
ma_stop_10_250_s0.20_w0.67,0.22273270578000415,0.021107663372831542,-0.6220587024242856,29,122273.27057800042,0.7606482205725018,-0.3750943547734604,-0.30722225390999836,-0.6193259753163219,17
breakout_60_40_s0.12_w0.20,0.2224403083097004,0.021082296326632388,-0.19189757442539698,17,122244.03083097003,0.36700380417300016,-0.09633289870048609,-0.10878254074899962,-0.11025898687387306,11
ma_stop_30_90_s0.12_w0.15,0.22227566761210094,0.021068010471695597,-0.27554618436942746,58,122227.5667612101,0.16947346654900008,-0.21866839640130595,0.047011735759100226,-0.08731680891270707,33
ma_stop_10_250_s0.15_w0.25,0.22158437405165232,0.02100800817947368,-0.2984348374191491,36,122158.43740516523,0.37279570238695103,-0.21849789836735958,-0.1090282118200997,-0.29776802635779415,22
breakout_90_60_s0.20_w0.33,0.221362882599351,0.02098877692212353,-0.36484647489724414,11,122136.2882599351,0.5791149217633502,-0.18070835553280024,-0.22791943557819938,-0.2282892865995863,9
ma_stop_20_180_s0.20_w0.25,0.21909580929760075,0.020791755691231595,-0.33388547386235673,28,121909.58092976008,0.1781625072511004,-0.30112931966642664,0.036939102237800725,-0.2596535923787125,15
ma_stop_30_120_s0.15_w0.20,0.21838951172010135,0.020730307438012074,-0.32782775336317155,42,121838.95117201013,0.27789163420970064,-0.2204813259795919,-0.053583228909899305,-0.14430029970488822,25
breakout_90_20_s0.15_w0.50,0.21725365822875076,0.020631420621004315,-0.4918976879708364,13,121725.36582287509,0.8999495426025004,-0.2090050005750742,-0.3551291523332494,-0.3556147283971522,11
ma_stop_40_120_s0.15_w0.10,0.21694833336690067,0.020604825095639656,-0.14586773455260094,37,121694.83333669008,0.20050483164500021,-0.10601537235650171,0.012731073854100439,-0.07059999716189447,23
ma_stop_30_120_s0.12_w0.15,0.21692925407910102,0.020603162983080292,-0.2581586105656639,53,121692.92540791011,0.22875144254410018,-0.16896439178968128,-0.014873011698499639,-0.10833335589989976,32
ma_stop_20_250_s0.12_w0.25,0.21595704831625273,0.020518437310787174,-0.27679175082194735,44,121595.70483162528,0.2591803953566516,-0.18543689971498095,-0.0338860709847999,-0.27633998852106123,24
ma_stop_20_250_s0.08_w0.50,0.2159147625862572,0.020514750821597927,-0.5182247745288914,69,121591.47625862571,0.5220878298187523,-0.2873563280926832,-0.19960089809214665,-0.5176337233991537,42
ma_stop_30_250_s0.15_w0.25,0.21586918019080015,0.0205107767989392,-0.23956892713945085,30,121586.91801908003,0.17812308611609984,-0.20480118932260952,0.030479440962200677,-0.2424715505953061,16
ma_40_120_w0.10,0.2149023602129001,0.02042645480101668,-0.1908938985152316,14,121490.23602129001,0.13460830712900007,-0.15513875298390592,0.06703096685369991,-0.08853988509890841,8
breakout_90_60_s0.20_w0.67,0.21488227897500245,0.02042470276199193,-0.579760681618258,11,121488.22789750024,1.1031148888987503,-0.2761432450562909,-0.4179546867026491,-0.41854451124015907,9
breakout_120_10_s0.12_w0.10,0.21461435938860007,0.020401324948364552,-0.0465539023725057,8,121461.43593886,0.2347445477143999,-0.03486356769613633,-0.01682245891689982,-0.034733993145224365,7
breakout_120_20_s0.12_w0.10,0.21461435938860007,0.020401324948364552,-0.0465539023725057,8,121461.43593886,0.2347445477143999,-0.03486356769613633,-0.01682245891689982,-0.034733993145224365,7
breakout_120_40_s0.12_w0.10,0.21461435938860007,0.020401324948364552,-0.0465539023725057,8,121461.43593886,0.2347445477143999,-0.03486356769613633,-0.01682245891689982,-0.034733993145224365,7
breakout_120_60_s0.12_w0.10,0.21461435938860007,0.020401324948364552,-0.0465539023725057,8,121461.43593886,0.2347445477143999,-0.03486356769613633,-0.01682245891689982,-0.034733993145224365,7
ma_stop_10_60_s0.12_w0.25,0.21410248468170212,0.020356647533284145,-0.31725158406039844,65,121410.24846817022,0.2411456089236006,-0.2180253978046023,-0.015269438012399217,-0.16599648263966554,37
ma_stop_20_180_s0.10_w0.15,0.21393122532460018,0.02034169591660806,-0.18690783245700748,54,121393.12253246002,0.18068808343959986,-0.16329770205101962,0.025471269958100784,-0.14750855310951627,31
ma_stop_30_120_s0.05_w0.67,0.21344011401376228,0.020298809479301294,-0.6517221180836421,123,121344.01140137624,0.535588030282504,-0.4682464070463127,-0.2118283536248945,-0.38527678642102114,76
breakout_60_10_s0.15_w0.50,0.21334312903720187,0.02029033839907357,-0.457055717172568,17,121334.31290372019,0.6891551552722004,-0.24414033226424195,-0.2786552500517495,-0.281806676017533,11
ma_stop_40_60_s0.12_w0.20,0.21320706056520233,0.02027845257728833,-0.2844797769222832,59,121320.70605652023,0.24422379704400066,-0.22985779990538271,-0.016380350128399,-0.1950999839683331,37
ma_5_180_w0.25,0.21286921002285064,0.020248935568423,-0.42861771272342364,19,121286.92100228507,0.09586673089990039,-0.37303799361944084,0.10504586862395016,-0.3015283984847605,10
ma_stop_30_250_s0.12_w0.20,0.2127063036904009,0.020234700287969032,-0.19860253965644312,40,121270.63036904008,0.14488562667910032,-0.14890638722949393,0.05625689528310085,-0.2014916219195629,21
breakout_40_20_s0.08_w0.10,0.21137652927490014,0.020118436185228017,-0.05293117009318991,21,121137.65292749001,0.2414110105195999,-0.03504735685738736,-0.026535839888299773,-0.03570144213743697,15
ma_stop_20_180_s0.20_w0.67,0.21107440209375294,0.020092004824482812,-0.6380823087874544,28,121107.4402093753,0.20025824598000064,-0.5875421190608824,0.006172530828751688,-0.5569674665325801,15
ma_stop_40_90_s0.10_w0.10,0.21103433443380015,0.02008849909274324,-0.13456321355297374,58,121103.43344338002,0.20262347457289986,-0.09063171749746986,0.014865542750500227,-0.06169921917976424,37
ma_stop_20_180_s0.12_w0.15,0.21091949091640094,0.020078450249332525,-0.20831040959297661,47,121091.9490916401,0.15149446428440005,-0.18353578422938174,0.04546009259430073,-0.1472542002551538,26
ma_stop_20_250_s0.08_w0.25,0.21081375349755338,0.020069197437198483,-0.30040641016723285,69,121081.37534975534,0.3197028188690507,-0.15176111437962572,-0.07330056264199836,-0.29857247133688014,42
ma_5_60_w0.25,0.21070233957155127,0.02005944710490759,-0.42691812102307547,42,121070.23395715513,0.06994403945685024,-0.3305653453009668,0.12261744137850061,-0.14771791838563703,22
price_ma_20_w0.67,0.2104617680100127,0.020038390865912525,-0.5051103400844513,137,121046.17680100127,0.48561414949125425,-0.44386117131535224,-0.18345005654624436,-0.44369886888815485,82
breakout_90_20_s0.20_w0.25,0.21000129610815033,0.01999807719416613,-0.28732121125338145,11,121000.12961081503,0.4454355912188499,-0.1501160715628912,-0.16094638129839933,-0.16124391255047482,9
ma_stop_10_250_s0.20_w0.20,0.2099124276625015,0.019990295303259575,-0.24271356067534855,29,120991.24276625016,0.2998266463202006,-0.1614651681976218,-0.05589567133919915,-0.2389235870075574,17
ma_stop_10_250_s0.05_w0.33,0.20911207614495653,0.019920188304605624,-0.3835747642245493,114,120911.20761449565,0.5039988747526027,-0.25017985774755924,-0.20077318936624633,-0.3849356883828551,68
ma_stop_20_250_s0.10_w0.25,0.20834020743070258,0.019852536861243664,-0.28326237645072877,52,120834.02074307026,0.3249092467107013,-0.15840743384791595,-0.0799702462132994,-0.2792611342147982,30
ma_30_120_w0.20,0.2082349331424005,0.019843306957625373,-0.37341588284869687,15,120823.49331424004,0.17516335907769975,-0.2834992271039868,0.0356458719735,-0.15438659988874837,8
breakout_90_20_s0.15_w0.33,0.20806353783700127,0.019828278364254714,-0.3717626222828482,13,120806.35378370012,0.6096452483758499,-0.16434800089585042,-0.24648858647669925,-0.2468495422872202,11
breakout_60_10_s0.08_w0.10,0.2080281293662003,0.019825173376494254,-0.060654691286430466,17,120802.81293662003,0.22238057995390004,-0.03514090567581051,-0.013266502598199725,-0.03313338327956932,11
ma_stop_20_180_s0.08_w0.15,0.20789797669189958,0.019813759517911977,-0.18793898216995922,70,120789.79766918997,0.1792419341997995,-0.16432885176397138,0.01127756293390103,-0.1632593464916167,44
breakout_90_10_s0.20_w0.25,0.20748989615595081,0.01977796537324439,-0.2888004009713996,12,120748.98961559508,0.4662541183523501,-0.13748223384074662,-0.17472916972569918,-0.17502181355436514,10
ma_10_250_w0.50,0.20734144689375134,0.019764941689836668,-0.5359839101142094,12,120734.14468937513,0.49613851170000034,-0.41841165104476247,-0.19198089903739934,-0.5347083777031482,8
ma_stop_10_250_s0.05_w0.25,0.20680959817220712,0.01971826999559423,-0.3046195796187851,114,120680.9598172207,0.4058917116004024,-0.19486338305128478,-0.14454371306929725,-0.3020065189048816,68
breakout_90_10_s0.15_w0.25,0.20680560270895043,0.01971791930915323,-0.28920344303963874,13,120680.56027089505,0.4662541183523501,-0.13748223384074662,-0.17622013004349935,-0.1765122451725921,11
ma_30_250_w0.50,0.20656587627000045,0.0196968763375287,-0.48669912930368275,7,120656.58762700004,0.1456671539700003,-0.3931115394374717,0.055440926921250355,-0.48731339506293225,4
ma_60_250_w1.00,0.20614637964375015,0.01966004428411927,-0.6081797823524092,4,120614.63796437503,0.12004766513999998,-0.5297950037271887,0.07705797503625123,-0.6074328885022078,3
breakout_60_10_s0.20_w0.33,0.20598868090835087,0.01964619527241296,-0.34752978510554733,16,120598.86809083508,0.4886907306638,-0.1870395562432438,-0.1862828743807995,-0.196508009841005,10
ma_stop_30_250_s0.08_w0.20,0.20522607599480125,0.019579200842487765,-0.2137737776684798,65,120522.60759948014,0.18594535254860034,-0.13322487576445435,0.018024939206501056,-0.21920212310938605,39
breakout_120_10_s0.20_w0.15,0.20518803514120054,0.01957585797941519,-0.14231604246740923,8,120518.80351412005,0.2991460837333,-0.08134272286771374,-0.06794953574009976,-0.08828944146658481,7
ma_stop_30_90_s0.05_w0.25,0.20462306260730467,0.019526199541954226,-0.35123556548144025,126,120462.30626073046,0.2513953876415014,-0.2772523537549093,-0.043864809237297187,-0.18072333877948715,78
ma_stop_30_90_s0.15_w0.33,0.204166023445852,0.019486012668828767,-0.5047874724580226,45,120416.6023445852,0.1949761425020511,-0.4144278126903607,0.013798292016001135,-0.20293943840030848,25
ma_stop_10_120_s0.20_w0.15,0.20393847946350152,0.019465999918607535,-0.24936036733052608,34,120393.84794635016,0.14906359301970062,-0.19788516221614535,0.0477372483769003,-0.1070799764743748,18
breakout_60_20_s0.08_w0.10,0.2035848465967003,0.019434890780349212,-0.060654691286430466,17,120358.48465967002,0.22238057995390004,-0.03514090567581051,-0.016821128813799713,-0.03313338327956932,11
ma_stop_40_60_s0.05_w0.25,0.20352023046930512,0.019429205604535538,-0.284725826110469,132,120352.02304693051,0.3614794126307015,-0.21079644527586486,-0.12031231843109835,-0.26566121584848446,86
breakout_90_10_s0.12_w0.15,0.20351569303930028,0.019428806373685825,-0.14350618122624462,13,120351.56930393002,0.32599154896479976,-0.057031734299713685,-0.08991074580249958,-0.0900918758494119,11
ma_stop_40_60_s0.08_w0.25,0.2030242082450029,0.0193855545470627,-0.3366510902545887,88,120302.4208245003,0.32249451929960116,-0.26585650623996954,-0.0816289931943982,-0.25395364934115905,56
ma_stop_30_90_s0.10_w0.15,0.20274571623110105,0.019361039561085036,-0.25115651882549456,67,120274.5716231101,0.1785798569384005,-0.20037137150521298,0.028047414045000663,-0.0902175541187319,39
ma_stop_40_60_s0.10_w0.20,0.20265567454390232,0.019353112318498233,-0.2641906796290692,69,120265.56745439023,0.2705299357670008,-0.21660164318191438,-0.0579708580436995,-0.19782357003273465,43
ma_10_40_w0.15,0.20261050856715102,0.019349135719420874,-0.20331918745951616,38,120261.0508567151,0.19276423741725002,-0.13152283695032074,0.011153211866300028,-0.10383371368856878,22
ma_stop_40_60_s0.12_w0.15,0.20224505999960152,0.01931695519536003,-0.22108920184818842,59,120224.50599996015,0.21551905085630052,-0.17771495431274167,-0.013609368259899446,-0.14903279229812158,37
breakout_90_40_s0.15_w0.50,0.20190862487250105,0.019287321774721145,-0.4983029650252677,13,120190.8624872501,0.8999495426025004,-0.2090050005750742,-0.3630671518877493,-0.363546750781816,11
ma_stop_30_120_s0.20_w0.15,0.20167769855725082,0.01926697733513838,-0.2589676487685118,30,120167.76985572508,0.21057757078755035,-0.18244000844315789,-0.01987656151270001,-0.10110967810888469,17
breakout_40_10_s0.20_w0.25,0.20148103851500077,0.01924964896672221,-0.27101570322808993,20,120148.10385150007,0.44367310209510036,-0.12406855592155146,-0.16517097294809924,-0.1669804866299814,14
ma_20_180_w0.25,0.20143360788810027,0.01924546931648674,-0.39916845399318024,11,120143.36078881004,0.06115693248210019,-0.3706737156247958,0.12641640433930013,-0.3172772955787039,6
ma_stop_20_180_s0.15_w0.20,0.20101548707530092,0.019208617553072127,-0.26931731798472874,36,120101.54870753009,0.17530046705250024,-0.24050552420200672,0.018212672152300602,-0.20187887635467194,20
price_ma_250_w0.25,0.20100909869070116,0.019208054413154985,-0.3439221280289297,31,120100.9098690701,0.1660197558921006,-0.3015513819887388,0.02900345265030113,-0.3163718648651228,21
ma_stop_30_90_s0.08_w0.25,0.2008865581516024,0.01919725187184973,-0.4071795868228238,84,120088.65581516024,0.20783550160070097,-0.32399704500370363,-0.004899226159598591,-0.17314604872877865,51
breakout_40_10_s0.15_w0.25,0.20085893401310106,0.019194816533971926,-0.27139315771825523,21,120085.89340131011,0.44367310209510036,-0.12406855592155146,-0.16722912301679982,-0.16903417560474784,15
ma_stop_10_180_s0.05_w0.15,0.20074764713940274,0.019185004999516808,-0.18354835398069114,114,120074.76471394028,0.22099456740230083,-0.12590532708471328,-0.01264240930709859,-0.1379957926050559,69
ma_stop_30_250_s0.20_w0.25,0.2006689318508008,0.019178064625515967,-0.24723758554379655,25,120066.89318508009,0.16353907682170044,-0.19053698646814918,0.026102918217000726,-0.24552139186468316,13
ma_stop_30_90_s0.05_w0.20,0.2005690806154028,0.01916926009577291,-0.2905307596339045,126,120056.90806154028,0.23130520300680102,-0.2247997615256966,-0.02369706909739777,-0.14702132291257977,78
breakout_60_10_s0.15_w0.33,0.20046271323425047,0.019159880273411867,-0.34443825036164905,17,120046.27132342504,0.4886907306638,-0.1870395562432438,-0.1883771933786994,-0.19068858588078783,11
breakout_60_10_s0.12_w0.15,0.2004393906283004,0.019157823510448146,-0.13250098865717322,17,120043.93906283003,0.29523463928250004,-0.06399708489533927,-0.06954177169889963,-0.0706074018938741,11
price_ma_40_w0.10,0.19962731978670134,0.019086186650852266,-0.14448264076277914,100,119962.73197867013,0.11652564904660068,-0.10798177691618037,0.06437198490110063,-0.047290813786302656,55
breakout_60_40_s0.08_w0.10,0.1995309751261003,0.019077684719553734,-0.0608504581421522,17,119953.09751261004,0.21832670848330027,-0.03525432517338713,-0.016821128813799713,-0.03313338327956932,11
ma_5_250_w0.20,0.19918319171290078,0.019046989491858568,-0.2639474997091104,15,119918.31917129009,0.18659506668430015,-0.25407957335157544,0.005714130365999992,-0.24570635438769495,9
breakout_90_40_s0.15_w0.33,0.19853793837160105,0.018990018548325827,-0.37671628361099463,13,119853.7938371601,0.6096452483758499,-0.16434800089585042,-0.25230978614999944,-0.252667953421676,11
breakout_90_40_s0.20_w0.25,0.19849376686255016,0.018986117536232472,-0.29409903209588706,11,119849.37668625501,0.4454355912188499,-0.1501160715628912,-0.1694834751588995,-0.16977797912860734,9
ma_60_120_w0.33,0.1981825188933506,0.01895862598164988,-0.4723009779729957,14,119818.25188933506,0.2258867245251004,-0.36037536161727696,-0.017708721159799934,-0.3420098052176097,7
breakout_90_10_s0.08_w0.10,0.19757979703660045,0.018905371254810177,-0.061769851857166214,13,119757.97970366004,0.22923887498280004,-0.03486356769613633,-0.02666919091769948,-0.0324688277997635,11
ma_stop_10_120_s0.15_w0.15,0.19723525263400132,0.01887491753663295,-0.2506261251311738,43,119723.52526340012,0.15453304853580074,-0.19406715644978612,0.03740849646650024,-0.10470238970104066,23
ma_stop_30_90_s0.10_w0.50,0.19673125948675496,0.018830356254249336,-0.6189458498375289,67,119673.1259486755,0.18509207696425256,-0.5201834590607534,0.00620758346905137,-0.279965872393081,39
breakout_90_20_s0.12_w0.15,0.19636181131200026,0.018797680276526618,-0.14859731174918572,13,119636.18113120002,0.32599154896479976,-0.057031734299713685,-0.09602150772369966,-0.09620142157935557,11
ma_stop_30_90_s0.08_w0.20,0.1963282883011006,0.018794714874220242,-0.33934899609419583,84,119632.82883011005,0.2093202726178005,-0.2670635686132381,-0.0025519526181989605,-0.14521355384936324,51
ma_stop_30_90_s0.08_w0.33,0.19532739747090444,0.018706143043095924,-0.4942913830296878,84,119532.73974709044,0.21244594473395195,-0.3981969447964939,-0.022916251657598474,-0.2273448198950608,51
ma_stop_10_180_s0.10_w0.10,0.1951027320995007,0.018686252597604147,-0.1328359557453005,58,119510.27320995007,0.17240574836810008,-0.09871832418232496,0.030353297907799837,-0.07514201063608855,34
ma_stop_30_120_s0.08_w0.10,0.1947857681211005,0.0186581849203189,-0.1592844502144676,78,119478.57681211006,0.20285034350800002,-0.10302664477422178,0.004177816691000258,-0.06449545432692405,50
breakout_60_10_s0.20_w0.67,0.1947749976900024,0.018657231063862856,-0.5530444462659478,16,119477.49976900025,0.8536160448562511,-0.2912739268830051,-0.350936449304049,-0.3690327514487562,10
ma_stop_20_180_s0.20_w0.20,0.1947063221218015,0.01865114880167207,-0.2791805903578888,28,119470.63221218015,0.1586112273140008,-0.25124869550334766,0.031545675114000415,-0.20689395218369994,15
ma_60_120_w0.67,0.19426134984750099,0.01861173217080636,-0.670872444747271,14,119426.1349847501,0.36033278024250004,-0.5036103251431163,-0.11826560464874925,-0.5286375202525256,7
breakout_20_10_s0.20_w0.10,0.1939312606702006,0.018582483635913416,-0.0921474582191897,35,119393.12606702006,0.21828946448120035,-0.0651053317543074,-0.018198809816199812,-0.055085261924864695,21
ma_stop_40_60_s0.05_w0.20,0.19380030519250324,0.018570877927957197,-0.22945883189124336,132,119380.03051925031,0.305729419178701,-0.1736534504839902,-0.08779665523499736,-0.21294270324254377,86
ma_10_250_w0.67,0.19339345013625153,0.018534813806372785,-0.630680652963767,12,119339.34501362516,0.6367050888412504,-0.4686956858539147,-0.2690443239156495,-0.6312153620366148,8
ma_stop_30_90_s0.15_w0.25,0.19317256045285158,0.018515229264120192,-0.4177662005123943,45,119317.25604528516,0.17902560575385063,-0.34108606140247716,0.017307381263800714,-0.1590069060260152,25
breakout_90_20_s0.08_w0.10,0.1931365142671002,0.018512033025393837,-0.061769851857166214,13,119313.65142671003,0.22923887498280004,-0.03486356769613633,-0.03022381713329947,-0.0324688277997635,11
breakout_90_40_s0.08_w0.10,0.1931365142671002,0.018512033025393837,-0.061769851857166214,13,119313.65142671003,0.22923887498280004,-0.03486356769613633,-0.03022381713329947,-0.0324688277997635,11
breakout_90_60_s0.08_w0.10,0.1931365142671002,0.018512033025393837,-0.061769851857166214,13,119313.65142671003,0.22923887498280004,-0.03486356769613633,-0.03022381713329947,-0.0324688277997635,11
ma_stop_10_120_s0.08_w0.15,0.19309131213280062,0.018508024800461653,-0.22259943301924054,83,119309.13121328007,0.16568869712270007,-0.1625289828156949,0.032687733517900996,-0.11996978613114193,49
breakout_90_20_s0.15_w0.67,0.1927747937700024,0.01847995424180593,-0.5874078707117741,13,119277.47937700023,1.1905426423800005,-0.24498025844580787,-0.4495413352795493,-0.4500991510026891,11
ma_stop_10_180_s0.12_w0.10,0.19263783768890108,0.01846780616744126,-0.1514003542597696,48,119263.7837688901,0.15298556564550037,-0.11365965055925104,0.03896765966650051,-0.07551659907768364,27
ma_stop_10_180_s0.08_w0.10,0.19260488319760105,0.01846488290063597,-0.13452245949051841,73,119260.4883197601,0.1702136932541003,-0.1004048279275429,0.02006397627520018,-0.08833190677180505,46
breakout_120_10_s0.05_w0.10,0.19243203472900028,0.018449548988848763,-0.042918073875626385,10,119243.20347290003,0.19733652370330002,-0.028446042918935772,-0.004302292188499868,-0.032005212414079595,8
breakout_120_20_s0.05_w0.10,0.19243203472900028,0.018449548988848763,-0.042918073875626385,10,119243.20347290003,0.19733652370330002,-0.028446042918935772,-0.004302292188499868,-0.032005212414079595,8
breakout_120_40_s0.05_w0.10,0.19243203472900028,0.018449548988848763,-0.042918073875626385,10,119243.20347290003,0.19733652370330002,-0.028446042918935772,-0.004302292188499868,-0.032005212414079595,8
breakout_120_60_s0.05_w0.10,0.19243203472900028,0.018449548988848763,-0.042918073875626385,10,119243.20347290003,0.19733652370330002,-0.028446042918935772,-0.004302292188499868,-0.032005212414079595,8
breakout_90_40_s0.12_w0.15,0.19212821154960014,0.01842259108503952,-0.15161019479560495,13,119212.82115496002,0.32599154896479976,-0.057031734299713685,-0.0991967075454997,-0.09937598945864007,11
ma_stop_30_90_s0.15_w0.20,0.19188736649665095,0.018401216787550023,-0.3535115994372493,45,119188.7366496651,0.1793045879013504,-0.28620413054076793,0.01505040890170073,-0.1255610435417247,25
breakout_90_60_s0.20_w0.25,0.19136454462115005,0.018354804544188585,-0.29829807344241155,11,119136.45446211501,0.4454355912188499,-0.1501160715628912,-0.17406654659979948,-0.17435942539686783,9
ma_stop_20_250_s0.15_w0.33,0.19135587840990143,0.018354035068546937,-0.34928815583260775,33,119135.58784099013,0.3329167458132509,-0.26025685420848643,-0.10177625718789873,-0.3474202094211218,18
breakout_20_10_s0.15_w0.10,0.19103064805480008,0.018325154135365063,-0.0887063569676325,36,119103.06480548001,0.21828946448120035,-0.0651053317543074,-0.019775292573399827,-0.05278692179681937,22
ma_stop_40_60_s0.10_w0.15,0.19064302240050202,0.018290723175509616,-0.20658753965678422,69,119064.30224005021,0.2301368355155009,-0.16863971229405111,-0.03208579015409918,-0.14943023354233942,43
breakout_90_60_s0.12_w0.15,0.19029098901120034,0.0182594450038831,-0.15291767234405101,13,119029.09890112003,0.32599154896479976,-0.057031734299713685,-0.10057462444929954,-0.10075363212323514,11
ma_stop_30_120_s0.12_w0.67,0.19021740294375533,0.018252905833249455,-0.7307421199714392,53,119021.74029437554,0.3886273785712526,-0.5415467158507127,-0.13224005836784813,-0.41475623469284906,32
breakout_40_20_s0.12_w0.15,0.18989205824910038,0.01822398997862318,-0.14339479420168297,21,118989.20582491004,0.3193275875535,-0.050213948553751185,-0.09492135215089992,-0.09595791575648556,15
ma_stop_10_60_s0.12_w0.20,0.18958165867270238,0.018196395805132326,-0.2630732763521455,65,118958.16586727023,0.21038247779200137,-0.17896654615067717,-0.009672913798098759,-0.138724066900887,37
breakout_90_60_s0.15_w0.33,0.1893717954898011,0.018177735547854734,-0.3814830143229844,13,118937.17954898012,0.6096452483758499,-0.16434800089585042,-0.25791131791109945,-0.2582668018718126,11
ma_stop_40_60_s0.05_w0.33,0.18930322307375813,0.018171637702930177,-0.36462226216730315,132,118930.32230737581,0.41306206304635307,-0.2709411951591115,-0.1631840004763957,-0.33924651000807154,86
breakout_40_10_s0.10_w0.10,0.18927012788820008,0.018168694580158462,-0.05880375605086317,21,118927.01278882001,0.23123639222269987,-0.03504735685738736,-0.03415432247959993,-0.03522825045431368,15
breakout_60_10_s0.20_w0.25,0.18925402949830028,0.018167262939415618,-0.28132766596610703,16,118925.40294983002,0.3874195192562,-0.15366270383596184,-0.14022041317019962,-0.1488427588967524,10
ma_stop_40_60_s0.08_w0.20,0.1888536609916036,0.01813165230842695,-0.2792589289899148,88,118885.36609916037,0.2780392050244014,-0.21913961881092284,-0.071711269251999,-0.21068766704909758,56
ma_5_180_w0.20,0.1885693183432504,0.018106355028074672,-0.37006185995660296,19,118856.93183432503,0.07964761636380002,-0.32070889787744583,0.09332552309505027,-0.25709673739279315,10
ma_5_40_w0.10,0.18813833528090051,0.0180680011617258,-0.12561083993752184,53,118813.83352809005,0.13819805490220038,-0.08819136212823786,0.04735732278570026,-0.05329252341207843,30
ma_5_60_w0.20,0.1878472992760012,0.01804209435332238,-0.372805621117263,42,118784.72992760013,0.06919972255170026,-0.2906141438426507,0.11088794890780052,-0.1185508567204998,22
ma_stop_20_250_s0.08_w0.20,0.18776737745710204,0.018034979051654743,-0.2493325424359501,69,118776.73774571021,0.2602322588054007,-0.1256754654492792,-0.06400419857199868,-0.2430607588171808,42
ma_stop_10_250_s0.05_w0.20,0.1873271330837052,0.017995777162030935,-0.2507557346866177,114,118732.71330837051,0.3371822696457023,-0.15819649003169461,-0.10338792030219845,-0.24493333218713645,68
ma_5_120_w0.25,0.18728380052465066,0.017991917877776098,-0.42923075274528283,30,118728.38005246507,0.13821243117045023,-0.32747783770900546,0.03657667990230107,-0.2375324134253387,18
breakout_90_60_s0.15_w0.50,0.1871426493787509,0.017979345799525648,-0.5044665335116073,13,118714.2649378751,0.8999495426025004,-0.2090050005750742,-0.37070560428924937,-0.3711794515670584,11
ma_stop_20_250_s0.15_w0.50,0.18692509680000247,0.01795996615969475,-0.48685159741867895,33,118692.50968000025,0.4455509948662506,-0.3493375435166071,-0.18134263586734933,-0.484853442740033,18
ma_stop_10_250_s0.15_w0.67,0.18629654413500663,0.017903956636851515,-0.625103119280365,36,118629.65441350066,0.7867876065075028,-0.42926829464896404,-0.33315257149204913,-0.6238137515176464,22
price_ma_20_w0.15,0.18592297456380247,0.017870655729967266,-0.18546309224062565,137,118592.29745638024,0.209649076493301,-0.1422609255241851,-0.019425152812299173,-0.12191513582336298,82
breakout_90_10_s0.15_w0.20,0.18582075098675066,0.01786154163176601,-0.2411958915290549,13,118582.07509867506,0.37955623066925015,-0.11808598527682204,-0.14206796106909958,-0.1422921059862596,11
ma_stop_40_90_s0.20_w0.10,0.1857834469274,0.01785821548338906,-0.1560772815902409,30,118578.34469274001,0.17752357933779983,-0.113626790196081,0.0058607647230002335,-0.0669713847704946,18
ma_stop_20_250_s0.12_w0.67,0.18552680815500477,0.01783533021366579,-0.5921972693097765,44,118552.68081550048,0.4315868194950023,-0.41261320908196286,-0.16848442099124683,-0.5899913276760824,24
ma_10_40_w1.00,0.18552411686250392,0.01783509019930385,-0.7145945175203037,38,118552.41168625039,0.386569407510001,-0.4736391037103665,-0.13820353062749768,-0.5311306267852638,22
ma_stop_10_180_s0.05_w0.67,0.18519148132876562,0.017805421396913657,-0.6145788025949346,114,118519.14813287655,0.49887988839000585,-0.46419644853950526,-0.20739110651999482,-0.5175220767162546,69
breakout_90_10_s0.20_w0.20,0.18496742323635051,0.017785432749524377,-0.24174193409268607,12,118496.74232363506,0.37955623066925015,-0.11808598527682204,-0.13727711602759973,-0.13750251260982904,10
ma_stop_30_250_s0.10_w0.20,0.1848763406406011,0.017777306130123627,-0.20867561895255232,48,118487.63406406011,0.18182485335540033,-0.1275497188544225,0.005334805164900702,-0.2065591185993458,27
ma_stop_10_120_s0.05_w0.15,0.18470932565990417,0.017762403176926567,-0.18606871922010765,123,118470.93256599041,0.17510735310730108,-0.1343677880668566,0.02113235913680178,-0.11707318641990277,73
breakout_90_20_s0.20_w0.20,0.18461566763205073,0.017754045131378682,-0.24196702173556828,11,118461.56676320508,0.36428931077135007,-0.12815157791914655,-0.1315017872377997,-0.13172869269315005,9
breakout_60_10_s0.15_w0.67,0.18460752730875285,0.01775331866068397,-0.5470678820761534,17,118460.75273087529,0.8536160448562511,-0.2912739268830051,-0.3572871619794492,-0.3610613160438298,11
breakout_90_20_s0.15_w0.25,0.18444226873905056,0.017738569445183927,-0.3023752254313329,13,118444.22687390505,0.4662541183523501,-0.13748223384074662,-0.19179128677009938,-0.19207788031433284,11
ma_60_90_w0.20,0.18437134741770067,0.017732239199723443,-0.3358137903167742,18,118437.13474177007,0.14950219559150013,-0.269510221045185,0.04868592687119988,-0.15392118140534372,10
ma_stop_10_250_s0.15_w0.20,0.18412158516360067,0.017709943391069904,-0.2464065615726379,36,118412.15851636007,0.30509738209930015,-0.18349040199752253,-0.07745726647719986,-0.23626038188353965,22
ma_stop_30_250_s0.12_w1.00,0.18343013173875966,0.017648196648365033,-0.6971473301538702,40,118343.01317387597,0.13689610623000292,-0.5984556756955457,0.039065154862504725,-0.6971394500105987,21
breakout_60_20_s0.12_w0.15,0.18321971676020055,0.017629400189355326,-0.14494480728961912,17,118321.97167602005,0.2855692511457002,-0.07098178959461618,-0.07565253362009972,-0.0767111653145295,11
ma_stop_20_250_s0.12_w0.20,0.18309690782730104,0.017618428231076066,-0.22471336565440816,44,118309.6907827301,0.2160254311736003,-0.1540005708081302,-0.027405503039098944,-0.22226232465978613,24
breakout_60_10_s0.15_w0.25,0.18307554481500055,0.017616519519126905,-0.27831420571817106,17,118307.55448150006,0.3874195192562,-0.15366270383596184,-0.14671402018819968,-0.14856353979640047,11
ma_stop_20_120_s0.10_w0.20,0.1829193927818018,0.017602566931971042,-0.29465052180017004,65,118291.93927818019,0.1889433580689004,-0.23376924709788605,-0.01919211748869898,-0.16811289447739863,38
ma_10_250_w0.33,0.18259930054945017,0.017573960704817537,-0.4081101305288845,12,118259.93005494503,0.3324899563018,-0.3398772375891674,-0.11488664728899955,-0.40716591729638557,8
ma_40_60_w0.33,0.18249946219385205,0.01756503686103117,-0.4673781918276849,23,118249.9462193852,0.1951738215121006,-0.40101488514681105,-0.032978397635599066,-0.33450303532246717,13
ma_stop_20_250_s0.10_w0.20,0.1820730744650012,0.017526917479783855,-0.23258066945818973,52,118207.30744650011,0.26125987543100027,-0.1313577971803153,-0.06783462503369952,-0.23462975464511815,30
ma_stop_40_90_s0.05_w0.10,0.18161920763790063,0.017486327905698484,-0.12680617338356598,120,118161.92076379007,0.18806518395479999,-0.09146327048121083,-0.0022252681747993996,-0.06924390988530264,78
ma_stop_40_90_s0.15_w0.10,0.1810546111664999,0.017435816210837674,-0.15747313165393628,41,118105.46111664998,0.17970801400329983,-0.11561675977036379,0.0057264224647002315,-0.0630053808041088,25
ma_40_60_w0.25,0.18100836922660046,0.017431678211180524,-0.39694456515787974,23,118100.83692266005,0.17444843750590033,-0.3413510568314862,-0.0036848655876994263,-0.2703777039458868,13
ma_5_120_w0.33,0.18100123717910144,0.017431039980868812,-0.5061205136739312,30,118100.12371791014,0.15417519971350035,-0.38560347572725345,0.0341029718357011,-0.2944734017364537,18
ma_60_180_w0.10,0.1800278829376003,0.017343904359613305,-0.1636734165057201,7,118002.78829376004,0.11528240361499997,-0.13403642898767654,0.05239085330860016,-0.16770227177427688,4
ma_stop_10_120_s0.12_w0.10,0.1791170636919004,0.0172623085782182,-0.1643796758632537,54,117911.70636919004,0.12506426517540015,-0.12231814707332668,0.0428623932796004,-0.06547683872332942,30
breakout_90_40_s0.20_w0.20,0.1787274270771504,0.01722738571478577,-0.2457348940054755,11,117872.74270771505,0.36428931077135007,-0.12815157791914655,-0.1387907679607997,-0.13901576908351504,9
ma_20_180_w0.20,0.17863307988405053,0.017218927884644186,-0.3438642787329692,11,117863.30798840505,0.054440110501600136,-0.3185130307297955,0.11117575863360041,-0.2741898829918365,6
ma_stop_20_120_s0.10_w0.25,0.178581859306002,0.01721433592055588,-0.35215911503518954,65,117858.1859306002,0.20730460116450078,-0.28069915281591595,-0.01768349400619873,-0.2056043352855622,38
ma_stop_30_120_s0.05_w0.10,0.17836785840150138,0.01719514864075644,-0.13770164110218916,123,117836.78584015014,0.18751925835560068,-0.08463023128932545,-0.013689182214899898,-0.05907268320043812,76
ma_stop_30_90_s0.08_w0.15,0.17819454175980054,0.017179606815407977,-0.26945180515618017,84,117819.45417598005,0.17730014172270026,-0.21035009017301748,-0.0006270261783990483,-0.10646809054143273,51
ma_stop_30_90_s0.05_w0.33,0.1781722558329577,0.01717760822055925,-0.4359465515417929,126,117817.22558329577,0.2574344709829526,-0.34858642863512695,-0.062467292183695955,-0.23458769683662864,78
breakout_90_40_s0.15_w0.25,0.17756266912515062,0.01712292753697331,-0.306427241520626,13,117756.26691251507,0.4662541183523501,-0.13748223384074662,-0.19655408650279949,-0.19683899114213307,11
breakout_40_10_s0.20_w0.20,0.17718546839730043,0.017089079458330714,-0.22483117495851412,20,117718.54683973004,0.3567053577566004,-0.106618518208949,-0.1294759084624998,-0.13091807267081737,14
ma_stop_20_250_s0.10_w0.67,0.17695780786125703,0.01706864565387689,-0.5932017837072279,52,117695.7807861257,0.6421018653562525,-0.349430356469806,-0.28305538633124805,-0.5936999138192562,30
ma_stop_30_250_s0.15_w0.20,0.1765865941944007,0.017035319556788497,-0.19531343615727295,30,117658.65941944007,0.1466716614364003,-0.16470393481836584,0.022018759221400286,-0.19512898973777304,16
ma_20_40_w0.15,0.17652659543310079,0.017029932220434363,-0.17325827212068895,31,117652.65954331007,0.21478036251639998,-0.12635795471089858,-0.028475594376100033,-0.1703858590319003,18
ma_40_90_w0.10,0.17621727890200045,0.01700215453688325,-0.20375771396122555,16,117621.72789020004,0.1059885057604999,-0.16548024611220832,0.06100950217120027,-0.08112261341943874,9
ma_stop_40_60_s0.08_w0.33,0.17616809527940291,0.016997737075999497,-0.41499939320824025,88,117616.80952794029,0.35238637701025,-0.3293183225333756,-0.13609050556459912,-0.326798332236989,56
breakout_40_10_s0.15_w0.20,0.17609954582380083,0.016991579983363092,-0.22554624777242835,21,117609.95458238007,0.3567053577566004,-0.106618518208949,-0.13250157456139944,-0.1339387262635767,15
breakout_60_10_s0.10_w0.10,0.17594662927990035,0.016977843903878576,-0.07395762535597201,17,117594.66292799004,0.21341413517410013,-0.0370263850531112,-0.031498939310799945,-0.03928076378411932,11
price_ma_250_w0.20,0.17589284676510086,0.016973012385572694,-0.29719551496521274,31,117589.28467651008,0.13575493253480042,-0.2602997810406388,0.025440937818000497,-0.2674544263499115,21
ma_60_250_w0.67,0.17586388096875027,0.016970410179474538,-0.4974060336570514,4,117586.38809687503,0.08072170586999983,-0.4159000534036096,0.08917906432500033,-0.5000555328522421,3
ma_5_180_w1.00,0.17578809027000197,0.016963601083359814,-0.7979604816607473,19,117578.8090270002,0.16683798616875056,-0.6989134453986143,0.010216996773750653,-0.638293670658944,10
breakout_60_40_s0.20_w0.33,0.17554134207025052,0.016941430305570604,-0.41010111670817034,14,117554.13420702505,0.4386339677706501,-0.278078498235509,-0.18320480910099957,-0.18553093185726496,9
breakout_90_10_s0.10_w0.10,0.17455460587600014,0.0168527285469664,-0.07522213155450204,13,117455.46058760001,0.2264830411751999,-0.03486356769613633,-0.04205592967679972,-0.04215714020579757,11
breakout_60_40_s0.12_w0.15,0.17406984303700046,0.016809126765300997,-0.14613516236536783,17,117406.98430370005,0.2798413464177001,-0.06921080552564807,-0.07882773344189975,-0.07988272866055635,11
ma_stop_20_60_s0.12_w0.25,0.1740386459727017,0.01680632020649986,-0.35847870962521017,62,117403.86459727018,0.3697266695534005,-0.25297149186293144,-0.13775260853609927,-0.24873727087523323,37
ma_stop_30_250_s0.12_w0.15,0.17399101825610086,0.016802035379979152,-0.15009785552899216,40,117399.10182561008,0.12398502253350041,-0.11285276851655865,0.04217822700330065,-0.1495540011047212,21
ma_10_120_w1.00,0.17396581804875266,0.016799768180839836,-0.8163460230500854,21,117396.58180487526,-0.018002832119998535,-0.7043202569016871,0.1958670297675016,-0.5392621922042029,10
breakout_40_20_s0.10_w0.10,0.17336417406390003,0.01674562683384062,-0.07139183309475827,21,117336.41740639,0.23123639222269987,-0.03504735685738736,-0.047484170788099855,-0.048250049261857435,15
breakout_90_60_s0.20_w0.20,0.17312589531605083,0.01672417748748045,-0.24931930194446297,11,117312.58953160507,0.36428931077135007,-0.12815157791914655,-0.14286460924159972,-0.14308854602497928,9
ma_stop_40_60_s0.08_w0.15,0.1725943376948007,0.016676313727596925,-0.22256489935801574,88,117259.43376948006,0.2379270944799008,-0.17344783790638535,-0.038306151963098944,-0.157663498349461,56
breakout_90_40_s0.15_w0.67,0.1721383696012524,0.01663524088218571,-0.5945462058217642,13,117213.83696012523,1.1905426423800005,-0.24498025844580787,-0.4590669347449493,-0.45961509755590024,11
ma_stop_10_250_s0.20_w0.15,0.17199005529590083,0.01662187789083802,-0.19091761922658881,29,117199.00552959008,0.23309214953250024,-0.12700548656571575,-0.04454926074879939,-0.17812674104330367,17
ma_stop_10_250_s0.12_w0.10,0.17188615079010128,0.016612515281495766,-0.11650045892501122,46,117188.61507901014,0.1908904898973005,-0.08137534989026776,-0.009115530483299383,-0.10703997813410696,27
ma_stop_40_60_s0.15_w0.25,0.171727971224102,0.016598260636004225,-0.3498156989441348,49,117172.79712241021,0.2747289159065007,-0.28427595518533955,-0.08310723425119881,-0.25022361466790405,31
ma_stop_30_90_s0.12_w0.10,0.17149919805860026,0.01657764126625838,-0.1897837946848992,58,117149.91980586003,0.13924137186039975,-0.14772493265998932,0.030866534333300555,-0.056400880974246066,33
ma_stop_30_120_s0.10_w0.10,0.17129011597630028,0.01655879350157896,-0.1532913136762524,59,117129.01159763003,0.19093346624069985,-0.09829452253142576,-0.010537321119299836,-0.06840501247084263,37
ma_10_180_w0.15,0.17122931550580023,0.016553312059763403,-0.3024433022416829,14,117122.93155058002,0.08660642019230003,-0.25742488242910544,0.08041227513850013,-0.19855400895395023,8
breakout_90_60_s0.15_w0.25,0.1709426770438507,0.016527466849942662,-0.31032635134239883,13,117094.26770438507,0.4662541183523501,-0.13748223384074662,-0.20113715794369946,-0.20142043741039356,11
breakout_60_20_s0.10_w0.10,0.1708543276789003,0.016519499546792993,-0.07395762535597201,17,117085.43276789003,0.21341413517410013,-0.0370263850531112,-0.03557278059159985,-0.03928076378411932,11
ma_stop_40_60_s0.20_w0.25,0.17081658164160052,0.016516095463087188,-0.3499969446914402,37,117081.65816416005,0.2648325927142008,-0.2899998311400413,-0.06887633843389951,-0.24286567072153223,22
ma_stop_20_120_s0.10_w0.33,0.17071322167465386,0.016506773557923404,-0.43223389877241025,65,117071.32216746538,0.21779785278090147,-0.34760508088279596,-0.033290931638198074,-0.2693471036985173,38
ma_stop_40_60_s0.20_w0.33,0.1702335468279026,0.01646350263220442,-0.42270462009409054,37,117023.35468279026,0.2972439152328006,-0.3509131747959526,-0.1054127037873992,-0.3180257697982355,22
ma_stop_20_90_s0.12_w0.25,0.1701816270873011,0.01645881805784044,-0.3831757614123586,60,117018.16270873012,0.21236650432380033,-0.2950966947197559,-0.03478912653129884,-0.22155128383607123,33
ma_stop_30_120_s0.15_w0.15,0.1699636172586514,0.01643914560166193,-0.26487680282566384,42,116996.36172586514,0.21290396761675123,-0.1805775576865647,-0.04211367576889968,-0.11065279962779481,25
ma_stop_20_60_s0.12_w0.20,0.1699457911925013,0.016437536893560756,-0.3010379081627024,62,116994.57911925013,0.3206135044583005,-0.21221377569603814,-0.11704061624059847,-0.20454038915916273,37
breakout_90_20_s0.10_w0.10,0.1694623042750001,0.01639389637961064,-0.07923152183443902,13,116946.2304275,0.2264830411751999,-0.03486356769613633,-0.046129770957599736,-0.046230551069369796,11
ma_stop_30_60_s0.12_w0.20,0.1691161785310018,0.016362644433454143,-0.3029417515745804,58,116911.61785310018,0.33791025934960106,-0.21482382796365343,-0.12323003446259917,-0.2066710448587099,36
ma_stop_10_250_s0.08_w0.10,0.16813599128800094,0.0162740976039788,-0.12706917174947305,70,116813.5991288001,0.2079433032318001,-0.06782757464895534,-0.02350161778019999,-0.11718287706065343,44
breakout_90_40_s0.10_w0.10,0.16811434208650033,0.016272141136267848,-0.08029283102618687,13,116811.43420865003,0.2264830411751999,-0.03486356769613633,-0.04720814070839974,-0.04730880688619779,11
breakout_90_60_s0.10_w0.10,0.16811434208650033,0.016272141136267848,-0.08029283102618687,13,116811.43420865003,0.2264830411751999,-0.03486356769613633,-0.04720814070839974,-0.04730880688619779,11
breakout_90_20_s0.15_w0.20,0.16766819351495066,0.016231814848127968,-0.2528116734062019,13,116766.81935149507,0.37955623066925015,-0.11808598527682204,-0.15488857921749977,-0.15510937459616214,11
ma_stop_30_250_s0.10_w0.15,0.167372407980102,0.01620507189828535,-0.1602824015288355,48,116737.2407980102,0.153079173576101,-0.09685840332614983,0.0058500472475007115,-0.15818924200803794,27
ma_stop_30_120_s0.12_w0.10,0.16701155277870017,0.016172437560304065,-0.17341481291004407,53,116701.15527787001,0.17192171097580022,-0.1109321341068559,-0.004345378429199798,-0.07126116317690001,32
price_ma_180_w0.10,0.1669327693380005,0.016165311490361267,-0.20970757057921285,36,116693.27693380005,0.06112376592120028,-0.1811941948370364,0.0907942799235002,-0.12731013970435914,19
ma_stop_20_250_s0.12_w0.15,0.16686271854020052,0.016158974937804382,-0.16918162739976889,44,116686.27185402006,0.17556582021380018,-0.11875314798202503,-0.015228571280099579,-0.16839581154220803,24
ma_stop_20_120_s0.12_w0.25,0.16642463988140044,0.01611934012592564,-0.39564139775319196,56,116642.46398814005,0.15742429660190016,-0.31071666513447427,0.006197652688400224,-0.20281170785644742,31
ma_stop_10_60_s0.12_w0.15,0.16630467238690172,0.016108483837325105,-0.2029434811415676,65,116630.46723869017,0.17492799392090053,-0.13657027375967742,-0.006701145378599227,-0.10309106534118863,37
ma_stop_20_180_s0.15_w0.15,0.1654737320054005,0.016033261582210745,-0.20827206841443724,36,116547.37320054005,0.14701685174360057,-0.1865362712686163,0.022049560930400336,-0.15115439424557028,20
breakout_60_40_s0.10_w0.10,0.16531270534840026,0.016018678818325416,-0.0742045868942553,17,116531.27053484003,0.20922047503210006,-0.03715002467736594,-0.03665115034239996,-0.03928076378411932,11
ma_stop_30_90_s0.05_w0.15,0.16528394802040358,0.016016074330762464,-0.2254347688788728,126,116528.39480204035,0.18128029480170094,-0.1742085700288872,-0.012690140716398068,-0.10887325459635182,78
breakout_40_10_s0.05_w0.10,0.16522751246890088,0.016010962920306904,-0.05802470231067491,26,116522.75124689008,0.1836367039511002,-0.03476331918537101,-0.016658087022999868,-0.03495503007026014,17
breakout_40_20_s0.05_w0.10,0.16522751246890088,0.016010962920306904,-0.05802470231067491,26,116522.75124689008,0.1836367039511002,-0.03476331918537101,-0.016658087022999868,-0.03495503007026014,17
breakout_90_10_s0.20_w1.00,0.16508315903625426,0.015997887711544312,-0.6945152582588714,12,116508.31590362542,1.6794341949937506,-0.3014300937264606,-0.5606311301919488,-0.5613050013516478,10
ma_stop_30_60_s0.12_w0.25,0.1650237492408022,0.015992506084409275,-0.36496425834766305,58,116502.37492408023,0.39600741694960107,-0.2536558413910315,-0.1609154118160988,-0.25984819863978753,36
ma_stop_10_120_s0.10_w0.10,0.1648338410187007,0.015975301627801253,-0.15064072471489406,66,116483.38410187006,0.13607670023539975,-0.11250036301030186,0.03028359007540038,-0.06793431441000623,38
breakout_90_10_s0.05_w0.10,0.1646640760535003,0.015959919892064578,-0.05730247487453706,15,116466.40760535003,0.19414734895490016,-0.029254068362081102,-0.024573265113699727,-0.03238871317892091,12
breakout_90_20_s0.05_w0.10,0.1646640760535003,0.015959919892064578,-0.05730247487453706,15,116466.40760535003,0.19414734895490016,-0.029254068362081102,-0.024573265113699727,-0.03238871317892091,12
breakout_90_40_s0.05_w0.10,0.1646640760535003,0.015959919892064578,-0.05730247487453706,15,116466.40760535003,0.19414734895490016,-0.029254068362081102,-0.024573265113699727,-0.03238871317892091,12
breakout_90_60_s0.05_w0.10,0.1646640760535003,0.015959919892064578,-0.05730247487453706,15,116466.40760535003,0.19414734895490016,-0.029254068362081102,-0.024573265113699727,-0.03238871317892091,12
breakout_60_10_s0.05_w0.10,0.1644753126346008,0.01594281442194112,-0.06634508727702981,20,116447.53126346007,0.17665195817750035,-0.03782224618523842,-0.011170576794199971,-0.03241943288021545,12
breakout_60_20_s0.05_w0.10,0.1644753126346008,0.01594281442194112,-0.06634508727702981,20,116447.53126346007,0.17665195817750035,-0.03782224618523842,-0.011170576794199971,-0.03241943288021545,12
breakout_60_40_s0.05_w0.10,0.1644753126346008,0.01594281442194112,-0.06634508727702981,20,116447.53126346007,0.17665195817750035,-0.03782224618523842,-0.011170576794199971,-0.03241943288021545,12
breakout_120_20_s0.20_w0.10,0.16445125588260012,0.01594063425508674,-0.08317693793328841,7,116445.12558826001,0.19939798366039985,-0.05999557042560045,-0.025760067999499703,-0.049355978943870414,6
breakout_120_40_s0.20_w0.10,0.16445125588260012,0.01594063425508674,-0.08317693793328841,7,116445.12558826001,0.19939798366039985,-0.05999557042560045,-0.025760067999499703,-0.049355978943870414,6
breakout_120_60_s0.20_w0.10,0.16445125588260012,0.01594063425508674,-0.08317693793328841,7,116445.12558826001,0.19939798366039985,-0.05999557042560045,-0.025760067999499703,-0.049355978943870414,6
ma_stop_20_120_s0.12_w0.20,0.16420554231990137,0.01591836390955592,-0.33361847555681,56,116420.55423199013,0.15014397332680085,-0.25912752820057267,0.005514326183400531,-0.1646671911620096,31
ma_stop_20_250_s0.15_w0.25,0.16416413201505153,0.015914610255524764,-0.2770484972171282,33,116416.41320150514,0.25564920546715,-0.2071012374744846,-0.07253502188219962,-0.2765716942978731,18
ma_stop_20_250_s0.20_w0.33,0.16407177589605104,0.01590623816629444,-0.3682656866293166,28,116407.17758960511,0.3010071828329006,-0.23836630067958064,-0.09813614673349902,-0.36275456408971696,15
breakout_120_10_s0.15_w0.10,0.16361146413779992,0.01586450199168188,-0.0838381424578028,8,116361.14641377999,0.19939798366039985,-0.05999557042560045,-0.028544737504299866,-0.04346828328462901,7
breakout_120_20_s0.15_w0.10,0.16361146413779992,0.01586450199168188,-0.0838381424578028,8,116361.14641377999,0.19939798366039985,-0.05999557042560045,-0.028544737504299866,-0.04346828328462901,7
breakout_120_40_s0.15_w0.10,0.16361146413779992,0.01586450199168188,-0.0838381424578028,8,116361.14641377999,0.19939798366039985,-0.05999557042560045,-0.028544737504299866,-0.04346828328462901,7
breakout_120_60_s0.15_w0.10,0.16361146413779992,0.01586450199168188,-0.0838381424578028,8,116361.14641377999,0.19939798366039985,-0.05999557042560045,-0.028544737504299866,-0.04346828328462901,7
ma_stop_10_180_s0.15_w0.10,0.1635732376146013,0.015861035351792507,-0.15950912003609094,38,116357.32376146014,0.1414359950639006,-0.12254555580731062,0.018226194812800633,-0.07801037424769523,21
ma_stop_20_250_s0.08_w0.15,0.16355094377210144,0.01585901354812469,-0.18924034259431283,69,116355.09437721015,0.20511624480710022,-0.09661154718573156,-0.03917343872679846,-0.18143386577085036,42
ma_stop_10_60_s0.05_w0.25,0.1635388239699047,0.015857914402238604,-0.2364253335397042,143,116353.88239699046,0.2636584843005021,-0.16163398640929982,-0.07435436005709783,-0.1611778074986524,83
ma_stop_10_250_s0.05_w0.50,0.1634708288362643,0.015851747727570142,-0.5282004186908587,114,116347.08288362643,0.6877230191325059,-0.3528489139910583,-0.30329745684824505,-0.5218347776694183,68
ma_stop_10_250_s0.10_w0.10,0.16287009571390088,0.015797251473666618,-0.12112347888554746,53,116287.00957139008,0.20408795206420005,-0.07205986711729585,-0.024878202429200025,-0.11055293563669288,32
breakout_90_40_s0.15_w0.20,0.1623761938119508,0.015752427646364975,-0.25619801245729534,13,116237.61938119508,0.37955623066925015,-0.11808598527682204,-0.1585929790095998,-0.1588128065698956,11
ma_stop_20_180_s0.20_w0.15,0.16170707714830024,0.015691675056857424,-0.21957725759755164,28,116170.70771483003,0.13116174308420048,-0.19745576857155178,0.026394168151400166,-0.15921845478080301,15
ma_60_90_w0.15,0.16165907373819977,0.015687315371639032,-0.2758049792803241,18,116165.90737381998,0.12167992079689993,-0.22208138187244875,0.04282047045960047,-0.11657207182746425,10
ma_stop_40_60_s0.12_w0.50,0.16149453637355493,0.015672370809869607,-0.5632561017943936,59,116149.4536373555,0.3096710123048023,-0.46900525711792596,-0.10017664388264824,-0.4318994919416756,37
ma_5_120_w0.20,0.16148071768980077,0.015671115603297148,-0.36701451084474707,30,116148.07176898008,0.11045664046079984,-0.2808211973907798,0.04379882036560101,-0.19707932692449265,18
breakout_60_10_s0.20_w0.20,0.16140728090380096,0.015664444820393753,-0.23672829617268779,16,116140.72809038009,0.3117967545821003,-0.1322400637205132,-0.11488804473219949,-0.11993371540922622,10
ma_stop_10_60_s0.10_w0.25,0.1612941195906039,0.015654164837577422,-0.29666582804570996,78,116129.41195906038,0.22937064646230176,-0.19747084419494926,-0.058912934997598976,-0.1673173823264171,44
ma_stop_10_120_s0.08_w0.67,0.16122326293125955,0.0156477275054403,-0.6708770220762297,83,116122.32629312595,0.16423263967500423,-0.5317130030447288,0.008555130821254364,-0.4605937361954527,49
ma_stop_10_180_s0.20_w0.10,0.16118066128430053,0.015643856973586834,-0.16539625558518042,30,116118.06612843006,0.13378411428760018,-0.12843269135640012,0.01722325984450035,-0.08053715965743201,17
ma_stop_40_60_s0.05_w0.15,0.1611036610989034,0.015636860872581426,-0.17995156901189685,132,116110.36610989034,0.246115354521101,-0.13202705461017084,-0.057093976594997486,-0.161607735723523,86
ma_60_120_w0.25,0.16087033679060037,0.015615658898576301,-0.39971752007471534,14,116087.03367906004,0.17826086764499993,-0.3065744135973123,-0.014728886257799778,-0.28252789726710914,7
ma_30_120_w0.15,0.16063805413400023,0.015594547784986368,-0.30450561721420727,15,116063.80541340001,0.13871146346810015,-0.23092785876136715,0.02355755933830017,-0.12120395547692683,8
ma_stop_40_60_s0.20_w0.20,0.16040279267095126,0.015573162081571557,-0.2945996691370909,37,116040.27926709512,0.22511695401435072,-0.24249805183450715,-0.05412826592919984,-0.19880996002896267,22
ma_stop_30_90_s0.15_w0.15,0.1603683363555013,0.015570029612386849,-0.28540294617494383,45,116036.83363555014,0.15020128966590063,-0.2305528428699324,0.016678264056700476,-0.09283692793615969,25
ma_stop_10_120_s0.08_w0.10,0.15998920891960067,0.015535557130526678,-0.15212600495644185,83,115998.92089196006,0.12994735917479994,-0.10916275734063327,0.019278052667000223,-0.0826034503919236,49
ma_stop_20_250_s0.10_w0.15,0.1598576891435013,0.015523596225173408,-0.17561256976885373,52,115985.76891435012,0.20476318272550076,-0.10153471343031023,-0.04110910094309905,-0.17142305764447635,30
ma_stop_20_180_s0.05_w0.33,0.15978199037000773,0.015516711341599043,-0.3555263084485412,112,115978.19903700077,0.24796728207630303,-0.2996244515393971,-0.07904040868619677,-0.3528765625096519,70
ma_stop_10_60_s0.12_w0.50,0.15975972546720363,0.01551468624848229,-0.5259586967447959,65,115975.97254672037,0.23487412633845106,-0.37545132886270016,-0.06558781316014806,-0.3126626885774452,37
breakout_40_10_s0.12_w0.10,0.15955505031060002,0.015496068489446513,-0.07938156854789112,21,115955.50503106,0.22003332870050007,-0.035155712644932224,-0.048752253735799944,-0.04951711259665151,15
ma_stop_30_250_s0.05_w0.33,0.15904804534040706,0.01544993737632816,-0.33491273762470664,106,115904.8045340407,0.24113234283545282,-0.2460489027717069,-0.05394234480784765,-0.33173980029632466,61
ma_10_250_w0.25,0.1589454892306008,0.01544060385380508,-0.32929744105071995,12,115894.54892306008,0.26127938283060037,-0.2927753645670989,-0.08490453635769957,-0.33167756751879907,8
breakout_60_40_s0.20_w0.25,0.15881302513295048,0.015428547341667098,-0.33575280065369645,14,115881.30251329506,0.3453699367095502,-0.22881587179130733,-0.14118983393519946,-0.14305132736113077,9
ma_stop_10_60_s0.05_w0.33,0.15746605088405796,0.015305879327937477,-0.3063205596894991,143,115746.6050884058,0.2975876521179033,-0.206980875719999,-0.11260125705509638,-0.21469398557108885,83
breakout_90_60_s0.15_w0.20,0.15728389221095074,0.015289280444935827,-0.2594565651291023,13,115728.38922109507,0.37955623066925015,-0.11808598527682204,-0.16215759013029962,-0.1623764863936767,11
ma_10_120_w0.10,0.1572459896131997,0.01528582634430209,-0.21278301904929628,21,115724.59896131998,0.050943946963099895,-0.17888706280441968,0.11178773509399997,-0.10635670830496768,10
ma_stop_10_60_s0.05_w0.20,0.15724041884220408,0.015285318665972714,-0.19660804058098616,143,115724.04188422041,0.2310740196463017,-0.1293487292627996,-0.06477991793649673,-0.1289828175933103,83
ma_5_250_w0.15,0.1560804881104998,0.01517956353804184,-0.21385608504734824,15,115608.04881104999,0.14312616554320012,-0.2087493973876721,0.006862216126000131,-0.19799727186673452,9
ma_stop_30_250_s0.08_w0.15,0.15561614315180172,0.015137200856265576,-0.16517978702259198,65,115561.61431518017,0.14773124132940052,-0.09770781045405867,0.010493283755601102,-0.16165444366500606,39
ma_stop_40_180_s0.12_w0.25,0.15558125331150197,0.015134017203132455,-0.3325789932591722,46,115558.1253311502,0.19192718010370102,-0.28391365515843037,-0.03496360308999957,-0.23791483914189662,27
ma_stop_40_60_s0.10_w0.50,0.15537937713860517,0.015115594570262125,-0.5261609461174885,69,115537.93771386052,0.39651695204735216,-0.44217009736801205,-0.17503007631754752,-0.42966672091535724,43
ma_stop_20_120_s0.12_w0.33,0.15506793596710144,0.015087167695504444,-0.4847028320124943,56,115506.79359671014,0.14789158882219988,-0.385268385711243,0.0017701705858013117,-0.25725113304515024,31
ma_stop_20_60_s0.12_w0.33,0.15498153684770255,0.015079280376150361,-0.4435754187824626,62,115498.15368477025,0.4251968645925508,-0.3150897111461004,-0.1879696849487983,-0.32316193613932864,37
breakout_60_10_s0.15_w0.20,0.15470751603900057,0.015054261696818338,-0.23615535940347862,17,115470.75160390005,0.3117967545821003,-0.1322400637205132,-0.12013109041829939,-0.12158873583184453,11
ma_stop_20_180_s0.12_w0.10,0.15436288254610098,0.015022788375407714,-0.1402868305520819,47,115436.2882546101,0.11728027011750042,-0.12222262763051636,0.03128833267660047,-0.09834580222710518,26
ma_stop_10_250_s0.05_w0.15,0.15424458874220326,0.015011983366680415,-0.19113543792902626,114,115424.45887422033,0.2605511671712011,-0.12181024984198491,-0.07451285067639768,-0.18722950016731152,68
ma_30_250_w0.33,0.15401869176359995,0.014991347078914474,-0.3800047295914418,7,115401.86917635999,0.10347687698209995,-0.3031173455031654,0.04271936226350026,-0.37567579378769644,4
ma_stop_10_60_s0.10_w0.20,0.15372897127420115,0.014964875045102799,-0.24876498476259157,78,115372.89712742012,0.2078513180233006,-0.16571014799569947,-0.04511448796929862,-0.1349288104845603,44
ma_stop_30_250_s0.05_w0.25,0.15369152349230508,0.014961452971284261,-0.2645308507473268,106,115369.1523492305,0.19905258199670173,-0.1916737590731603,-0.034605851675898025,-0.26030367911928526,61
ma_stop_10_180_s0.05_w0.10,0.15358834152040224,0.014952023424521066,-0.11923465389885127,114,115358.83415204023,0.16030808095800086,-0.07854249873281009,-0.00795301061629905,-0.09058050748364685,69
breakout_90_60_s0.15_w0.67,0.15328032481125198,0.014923870038237919,-0.6010693826148674,13,115328.0324811252,1.1905426423800005,-0.24498025844580787,-0.46823307762674937,-0.4687719517863488,11
ma_stop_40_60_s0.15_w0.20,0.1524422464402515,0.014847233759158751,-0.29500587534345435,49,115244.22464402515,0.23069555998715052,-0.23896051252567005,-0.06619967153229966,-0.20418981890354354,31
ma_stop_10_120_s0.20_w0.10,0.15215647717080016,0.014821090782925372,-0.17084038125830225,34,115215.64771708002,0.10736090445220015,-0.13480793393615118,0.025232188608999895,-0.07341984261464238,18
breakout_90_20_s0.20_w1.00,0.15182647038000274,0.014790893603312538,-0.6979911613127336,11,115182.64703800027,1.5101296565062503,-0.3471734963589751,-0.5368660407337487,-0.5375763610128416,9
ma_stop_20_120_s0.10_w0.15,0.15156775987620108,0.014767214948671503,-0.22624296046173117,65,115156.77598762012,0.15374364372520044,-0.177255450175519,-0.004976814210499558,-0.12828278268937865,38
ma_stop_40_180_s0.12_w0.33,0.15129864423940242,0.014742578898121694,-0.4096605709179764,46,115129.86442394025,0.2188097627364507,-0.35255393166125293,-0.0651477059414991,-0.30524588684515075,27
breakout_90_10_s0.12_w0.10,0.15114998832160031,0.01472896805700219,-0.09364960374307478,13,115114.99883216002,0.22161040748639982,-0.03853323812729789,-0.05667383074319965,-0.05677349683390971,11
ma_stop_30_250_s0.05_w0.50,0.1510536890362597,0.014720150115110187,-0.46694428342223276,106,115105.36890362596,0.30759143922000387,-0.3502280569148576,-0.11824694680369574,-0.46383973883725077,61
breakout_60_20_s0.15_w0.33,0.15084458728075045,0.014701000789713703,-0.37153425684752917,17,115084.45872807504,0.46211166488520017,-0.20155414188883033,-0.20866808049219965,-0.21092168727911068,11
ma_stop_20_180_s0.08_w0.10,0.15064005267570058,0.014682266702557456,-0.12642495492467123,70,115064.00526757006,0.1331820484363,-0.10968467977000852,0.009111401001000496,-0.110662903911421,44
ma_stop_10_250_s0.15_w0.15,0.15062559553420063,0.014680942406140485,-0.18912667574261494,36,115062.55955342007,0.23485641792090006,-0.14255157442890384,-0.061110041521099334,-0.1839627635534243,22
breakout_60_40_s0.12_w1.00,0.1504512899662529,0.014664974574038814,-0.6796567189128226,17,115045.12899662528,1.1443450130775008,-0.4029069085642703,-0.4616067074287489,-0.46629053229469003,11
ma_5_180_w0.15,0.15031816256520014,0.014652777542400575,-0.3063525038581393,19,115031.81625652002,0.06424880169280023,-0.2676201511660708,0.07388366519370004,-0.21079566119530577,10
ma_10_40_w0.10,0.15025495817959977,0.014646986361625869,-0.14463162903610355,38,115025.49581795998,0.13732018306059968,-0.09402490617301805,0.006199799173600251,-0.06998722009310325,22
ma_40_60_w0.20,0.15009443250350096,0.014632276714113601,-0.34351883061303284,23,115009.4432503501,0.14049176517660045,-0.29453844328953493,0.007601785744600242,-0.22416924842321093,13
ma_stop_20_60_s0.12_w0.15,0.14950792077080166,0.014578516513949369,-0.23035746197891618,62,114950.79207708017,0.2521100745568008,-0.16258160044470565,-0.08930774234339955,-0.15963295392184904,37
ma_stop_30_90_s0.20_w0.20,0.14922188889350063,0.014552289653852357,-0.35282162407208767,34,114922.18888935007,0.1283668943147005,-0.28636329548189937,0.016904322880099576,-0.12907272428685596,19
ma_stop_20_180_s0.10_w0.10,0.14840103583770037,0.014476991428556962,-0.1274123154891282,54,114840.10358377005,0.1319297869824001,-0.11067204033446552,0.0240699701860001,-0.09464241999616797,31
ma_stop_20_180_s0.05_w0.25,0.14828200872960484,0.014466068868992599,-0.2816249547154488,112,114828.20087296049,0.21195059149040074,-0.23506271780697205,-0.05516617983279759,-0.2777420044875887,70
breakout_90_10_s0.15_w1.00,0.14813468777250338,0.014452548510472951,-0.6989591465141928,13,114813.46877725034,1.6794341949937506,-0.3014300937264606,-0.5687002915722489,-0.5693617868548416,11
ma_stop_30_120_s0.15_w0.67,0.14802606819000497,0.014442578969035447,-0.7120255315884224,42,114802.60681900049,0.4898349299025011,-0.5129533765289146,-0.23030558860139883,-0.41287515057813223,25
ma_stop_30_90_s0.10_w0.10,0.14720327670220046,0.014367032397736512,-0.17555858611687292,67,114720.32767022004,0.13083240021279985,-0.13886634381066068,0.013449257228000278,-0.06134006396160787,39
ma_stop_10_60_s0.08_w0.25,0.14719552162870397,0.014366320116137699,-0.296603260824248,96,114719.5521628704,0.23502599160330195,-0.19260509358629962,-0.07959835422579897,-0.186398510060946,58
ma_stop_30_90_s0.08_w0.10,0.14700264475770086,0.01434860353192624,-0.18755744636130894,84,114700.26447577009,0.13824523572180003,-0.1465035357687062,0.00961438504360057,-0.06701889702038293,51
breakout_90_20_s0.20_w0.15,0.14642398238600052,0.014295434837690024,-0.1841360604713458,11,114642.39823860004,0.2665210256720001,-0.09947395024962989,-0.09547537278689966,-0.09565539533678126,9
ma_stop_40_60_s0.15_w0.33,0.14627332025725215,0.014281587744141566,-0.4247418358651813,49,114627.33202572522,0.3048383250191513,-0.34644902766062485,-0.12268659135409887,-0.32076399039322856,31
breakout_60_10_s0.12_w0.10,0.14621158189210015,0.01427591300754405,-0.08753891863614753,17,114621.15818921002,0.2022110716519001,-0.04295957936817187,-0.046116840377199875,-0.04688381826463233,11
ma_stop_30_90_s0.20_w0.33,0.14609387095910176,0.014265092743713792,-0.5042326296032867,34,114609.38709591018,0.13371273108120052,-0.41757198056157724,0.014161282229300687,-0.20691792616452068,19
breakout_90_20_s0.12_w0.10,0.14605768672060027,0.01426176640389909,-0.09765899402301176,13,114605.76867206002,0.22161040748639982,-0.03853323812729789,-0.060747672023999666,-0.06084690769748194,11
ma_stop_20_90_s0.12_w0.15,0.1459959384712013,0.014256089801783833,-0.2482228763713067,60,114599.59384712012,0.16585902858739998,-0.187189895805227,-0.012901764466399235,-0.13568245985819744,33
ma_stop_40_60_s0.12_w0.10,0.1459878181897014,0.01425534327266309,-0.1516066012980299,59,114598.78181897015,0.1578932995960003,-0.11924703179793815,-0.006608989914599239,-0.09423811229554069,37
ma_stop_30_250_s0.20_w0.20,0.14568591375450057,0.014227584656595793,-0.20899954342566457,25,114568.59137545005,0.12280836357920033,-0.16049556413065588,0.027962176430600616,-0.1996687212020706,13
breakout_60_20_s0.15_w0.25,0.1452245341046008,0.01418515041927848,-0.3014036329729423,17,114522.45341046009,0.3692969164997002,-0.16471764028706043,-0.16327897774909972,-0.16509259237990404,11
breakout_120_10_s0.20_w0.10,0.1449396916007999,0.014158945094477682,-0.09853924015090479,8,114493.96916008,0.19939798366039985,-0.05999557042560045,-0.04315265366559984,-0.05785179188543223,7
ma_stop_20_90_s0.12_w0.20,0.14469500540200175,0.014136429458288857,-0.32001379850167166,60,114469.50054020017,0.18179839633440076,-0.2445158055435001,-0.030847304679399556,-0.18332602037494197,33
ma_stop_20_250_s0.20_w0.50,0.14467248739125305,0.014134357169917289,-0.5027374437989323,28,114467.24873912531,0.3880585463625015,-0.32693273087754826,-0.18137599045669894,-0.5030179686998801,15
ma_30_90_w0.33,0.14463273875735005,0.014130699091927434,-0.5500504471798672,19,114463.27387573502,0.0279554256986001,-0.47159882699101674,0.1020172455022006,-0.22985358963892463,10
ma_stop_20_90_s0.10_w0.20,0.14453936916800214,0.014122105814502017,-0.2942252743733767,68,114453.93691680022,0.21224616298120091,-0.22412061462449495,-0.06234405400389953,-0.18511741001224924,39
ma_60_250_w0.50,0.14379171651000022,0.014053272879647416,-0.41943253350576737,4,114379.17165100001,0.06002383256999999,-0.33915199722120337,0.07767622190250045,-0.41951783674973236,3
price_ma_60_w0.10,0.14365829852360124,0.014040985461172495,-0.19057141713515832,71,114365.82985236013,0.07197823927810076,-0.15741853919338192,0.06583380085340029,-0.052651541118409674,35
ma_stop_30_120_s0.20_w0.10,0.1434846721432006,0.014024993039847944,-0.18681121738842205,30,114348.46721432006,0.1470445832512004,-0.13072983593191223,-0.005764283566999762,-0.06522439783065528,17
breakout_90_40_s0.12_w0.10,0.1434116868691,0.01401826984465826,-0.09974230465866532,13,114341.16868691001,0.22161040748639982,-0.03853323812729789,-0.06286447190519961,-0.06296348393051457,11
ma_stop_20_250_s0.15_w0.67,0.1434019177012531,0.0140173699076096,-0.592718088465269,33,114340.19177012531,0.5320599524662515,-0.4264899337570932,-0.24176799898874868,-0.5891184349943016,18
ma_stop_10_60_s0.08_w0.15,0.14276606171160156,0.013958779944108546,-0.1895940908677642,96,114276.60617116017,0.18661729860040066,-0.11725433205259979,-0.04616342035789889,-0.11553532982960692,58
ma_stop_20_250_s0.15_w0.20,0.14251011364810018,0.01393518776017899,-0.22809475464571738,33,114251.01136481002,0.21193261436029998,-0.17418417104724532,-0.054843676342099745,-0.22245799188836418,18
ma_stop_40_60_s0.10_w0.10,0.1424108274791005,0.013926034716166047,-0.14064018888266902,69,114241.08274791006,0.16854978017739985,-0.11449055781996931,-0.0246468385566998,-0.09780381028176953,43
ma_stop_20_120_s0.12_w0.15,0.14232436649310087,0.01391806342597146,-0.2577834284857814,56,114232.4366493101,0.1274247637996999,-0.19616038261026492,0.017118603979000113,-0.11909102209027471,31
breakout_90_60_s0.12_w0.10,0.14226342278260007,0.01391244438190542,-0.10064638285904325,13,114226.34227826001,0.22161040748639982,-0.03853323812729789,-0.06378308317439962,-0.06388199814484953,11
ma_stop_20_180_s0.05_w0.20,0.14215970313580173,0.01390288075496815,-0.22644024296628168,112,114215.97031358018,0.19238318179270086,-0.18711033559628212,-0.04826434967479809,-0.23074341951331487,70
breakout_90_10_s0.15_w0.15,0.14193285933610045,0.01388196156654864,-0.18733221250645352,13,114193.28593361005,0.27623633833430006,-0.09235023497486336,-0.10862245795989967,-0.1087998639178995,11
ma_stop_20_90_s0.12_w0.33,0.1419160180886525,0.013880408343961648,-0.46877732295841673,60,114191.60180886525,0.21448927528845085,-0.36566253881513977,-0.0583331361490983,-0.28507007416556557,33
ma_stop_30_250_s0.15_w0.15,0.14183884635590016,0.013873290741742261,-0.1488121172080337,30,114183.88463559002,0.11441510470680027,-0.1313502562933511,0.02559208904220034,-0.14391196225709918,16
ma_stop_10_120_s0.05_w0.10,0.1417966888046014,0.013869402339595549,-0.12602487506286147,123,114179.66888046013,0.11826521786870026,-0.09211771581987642,0.011572505329501048,-0.07968479503188917,73
breakout_90_40_s0.20_w0.15,0.1411370490177004,0.01380854369577822,-0.1878985587722881,11,114113.70490177003,0.2665210256720001,-0.09947395024962989,-0.10256015104829974,-0.10273876355382255,9
ma_20_40_w0.10,0.14064183341019953,0.013762834174791738,-0.11283044037450506,31,114064.18334101996,0.1500392404637998,-0.09323449626637571,-0.01719698907610001,-0.11396626849781857,18
breakout_90_10_s0.20_w0.15,0.14056523207750038,0.013755762110370995,-0.18830549794024737,12,114056.52320775004,0.27623633833430006,-0.09235023497486336,-0.10843745810729943,-0.10861490088480011,10
price_ma_250_w0.15,0.14032910262170084,0.01373395925335541,-0.23934185755966927,31,114032.91026217009,0.10415386752290035,-0.21212132458654248,0.03411116289630045,-0.21711350051269918,21
ma_stop_40_60_s0.08_w0.10,0.14027346331620083,0.013728821245943434,-0.15220072688385475,88,114027.34633162008,0.18048093746429994,-0.11829988156877509,-0.02452794393760016,-0.10089595290813816,56
ma_5_120_w0.15,0.13995452423449994,0.013699364505061595,-0.3004853067006859,30,113995.45242344998,0.09193138448369975,-0.23054229322305844,0.043930398903401,-0.15647317006907782,18
ma_30_90_w0.25,0.13984146653185037,0.013688920890188916,-0.46593699844575687,19,113984.14665318503,0.03407899673680026,-0.39787472890642184,0.09749246863690053,-0.18571104626332957,10
breakout_60_40_s0.20_w0.20,0.1398254041755005,0.013687437067557262,-0.28167515834474083,14,113982.54041755006,0.28339260040250025,-0.19119824572385816,-0.1146906707288996,-0.11615732907916929,9
ma_stop_30_90_s0.20_w0.25,0.1393489265173018,0.013643412066401961,-0.4170414938025046,34,113934.89265173019,0.13216085468360084,-0.3407306655635416,0.020306239704600326,-0.1583365058743895,19
ma_60_120_w0.20,0.13923419103720036,0.013632808412776809,-0.3466799209458579,14,113923.41910372004,0.14898228954860038,-0.2666696728272972,-0.009435909798400144,-0.2391602323157869,7
breakout_40_10_s0.15_w0.15,0.1392032184711005,0.013629945818020017,-0.17988577145352166,21,113920.32184711006,0.26762646188859995,-0.08743367204308534,-0.10087235559049978,-0.1019021036628753,15
breakout_40_10_s0.20_w0.15,0.13918355340100041,0.013628128266075956,-0.17989992836910354,20,113918.35534010004,0.26762646188859995,-0.08743367204308534,-0.09585375805519969,-0.0968892537999665,14
ma_stop_40_60_s0.20_w0.15,0.1390000321074505,0.013611164881665028,-0.23581817658485613,37,113900.00321074504,0.1892757950449504,-0.19388852204613535,-0.03923023239219936,-0.15663623748545324,22
ma_stop_40_180_s0.10_w0.25,0.13888347618360197,0.013600390021111686,-0.30288244636696576,54,113888.3476183602,0.24409828248350118,-0.2535296746011794,-0.07765574993439905,-0.24042623893188736,33
ma_5_60_w0.15,0.1377566702686006,0.013496172930558048,-0.3047738462181747,42,113775.66702686006,0.06134298735230037,-0.2379604801076244,0.08896229554150037,-0.08896100370257175,22
ma_stop_20_90_s0.05_w0.25,0.13770253218460238,0.013491163427938213,-0.3175093729567368,126,113770.25321846025,0.2446256910242004,-0.22950357969651713,-0.0831581230893983,-0.20933544284729733,76
breakout_90_60_s0.20_w0.15,0.13757243789700024,0.013479124676009091,-0.19043534945052318,11,113757.24378970003,0.2665210256720001,-0.09947395024962989,-0.10561553200889973,-0.1057935364187944,9
ma_stop_10_60_s0.08_w0.20,0.13750423762240205,0.013472813020592334,-0.24444285552125555,96,113750.42376224021,0.21401157183800068,-0.1548401554223997,-0.05543576376589854,-0.1496478496625987,58
ma_stop_10_120_s0.15_w0.10,0.1370054473466995,0.013426641716144827,-0.1754944481667906,43,113700.54473466995,0.10520054399549972,-0.13649584500422335,0.02213017350390034,-0.0707225479134949,23
breakout_40_20_s0.12_w0.10,0.13658976858060012,0.013388149890703804,-0.09761464996861811,21,113658.97685806,0.21399246111500014,-0.03616146982671645,-0.06427860266159968,-0.06503097742921779,15
ma_stop_10_60_s0.10_w0.33,0.13645183616410295,0.013375374570787413,-0.36972024013718846,78,113645.1836164103,0.23735096975770054,-0.24859627242140664,-0.08345371620849851,-0.21284687200832175,44
ma_stop_30_250_s0.05_w0.20,0.13518505479890153,0.013257980076843978,-0.21151145083627834,106,113518.50547989015,0.1564048419024,-0.15556339851549625,-0.030185446149298634,-0.21393005286657285,61
breakout_60_20_s0.12_w0.10,0.13507841270560017,0.013248092040485604,-0.0964016659294102,17,113507.84127056002,0.19617020406640018,-0.047768513998148424,-0.05019068165799978,-0.05095438393861635,11
breakout_60_20_s0.15_w0.50,0.1350227807459521,0.013242933420095415,-0.49210234521712626,17,113502.2780745952,0.6432498440347008,-0.2646819463314776,-0.30438531361234933,-0.3074243295406134,11
ma_stop_20_250_s0.20_w0.25,0.13484511297945123,0.013226457189782881,-0.29321092919185215,28,113484.51129794512,0.23544631916085024,-0.1875842986615973,-0.06834154998399933,-0.28803631846522565,15
ma_stop_10_60_s0.08_w0.33,0.13483394783150637,0.013225421699397888,-0.36407300161836514,96,113483.39478315064,0.2650752422882019,-0.2466710446550991,-0.10764556445509832,-0.2381792053565164,58
ma_stop_20_60_s0.12_w0.10,0.13450598793659996,0.01319500161015763,-0.15131666483887454,62,113450.59879365998,0.19020557654229964,-0.1102121789554482,-0.06027625898329936,-0.10654396853021567,37
ma_stop_10_60_s0.05_w0.15,0.13446968332080367,0.013191633672354985,-0.14928219749594102,143,113446.96833208037,0.1844883716313015,-0.09897409287219984,-0.04226434657679756,-0.1005496620551923,83
ma_10_250_w0.20,0.1343149930354004,0.013177282148400193,-0.28214560021099516,12,113431.49930354004,0.21090384871120005,-0.2545576772138652,-0.06181111014749974,-0.2761814079719002,8
ma_20_180_w0.15,0.13397322052599958,0.013145567691377646,-0.28181878730774096,11,113397.32205259996,0.04071582054209988,-0.2619465448346041,0.09535938179939984,-0.22517426163291265,6
ma_stop_30_90_s0.20_w0.15,0.1338287855514,0.013132162409502213,-0.28118146683156453,34,113382.87855513999,0.11606532290700011,-0.22862524484738123,0.014978085497100446,-0.0964360433174293,19
ma_stop_40_60_s0.05_w0.10,0.1337763859323018,0.013127298723925485,-0.11627691659425625,132,113377.63859323018,0.1837394524177003,-0.08730584145313923,-0.039875286260099285,-0.10952211110462773,86
ma_stop_30_60_s0.12_w0.33,0.13332148713620207,0.01308506695920797,-0.449734033262176,58,113332.1487136202,0.4414717334519016,-0.31831581395308967,-0.21562083698999823,-0.3309957420607122,36
breakout_60_10_s0.20_w0.15,0.1332815250190007,0.013081356241762654,-0.18524610708229822,16,113328.15250190007,0.2383601661207002,-0.1050974933155279,-0.08532263510119975,-0.09161619177554217,10
ma_stop_30_60_s0.12_w0.15,0.1331328188827019,0.013067546972958644,-0.24195810268308732,58,113313.2818882702,0.2614077301821012,-0.16597509993414125,-0.09412100993269923,-0.16120166832429086,36
ma_stop_20_250_s0.20_w0.20,0.13233179491380076,0.01299313369444799,-0.23653423531163484,28,113233.17949138008,0.1936537263627005,-0.15735487972168513,-0.051478092494299355,-0.23998677667840676,15
breakout_40_10_s0.20_w1.00,0.13226770001250454,0.012987177387890458,-0.6788469565458488,20,113226.77000125046,1.4867436539475012,-0.29466742472057034,-0.5415954717712488,-0.5455834236228103,14
ma_stop_30_90_s0.05_w0.10,0.13223661839230094,0.012984288879955619,-0.1535539418599968,126,113223.6618392301,0.1411447448091998,-0.11666380286867295,-0.004714128950999319,-0.06998283111757414,78
ma_stop_20_90_s0.10_w0.25,0.13218640207790178,0.01297962197751179,-0.35509041602573815,68,113218.64020779017,0.23483465582550056,-0.2709723299745526,-0.0876989332913991,-0.236035466000799,39
ma_stop_30_90_s0.15_w0.10,0.13149016610859965,0.012914897482865895,-0.2005231005945219,45,113149.01661085997,0.1186393674903996,-0.16194521012644125,0.010785526880500163,-0.05900952296281953,25
ma_stop_20_250_s0.08_w0.67,0.13139351842501035,0.012905909960371886,-0.6272642999484517,69,113139.35184250103,0.5983115150025036,-0.3695997385365656,-0.2886020141062452,-0.6239968683457282,42
ma_stop_40_180_s0.08_w0.25,0.13113789368590312,0.012882135426292018,-0.3084531814346967,70,113113.78936859031,0.22902196437600186,-0.263111376729929,-0.08172046144639866,-0.26394561426444185,45
breakout_60_40_s0.20_w0.15,0.1310517587025002,0.012874123305342877,-0.2205472987193258,14,113105.17587025001,0.23233439501109965,-0.15074941028835884,-0.08044381855219984,-0.08149696290959385,9
breakout_60_40_s0.20_w0.50,0.1310131005300006,0.01287052721402504,-0.5413714733298209,14,113101.31005300005,0.5443183918574999,-0.3737751857733867,-0.26718870892219915,-0.2703902301516634,9
ma_stop_40_60_s0.15_w0.15,0.13095814646695114,0.012865415043809891,-0.23916724542771853,49,113095.81464669511,0.19107326289015059,-0.19265000361249154,-0.03653966064989911,-0.1497595995945698,31
ma_stop_10_60_s0.20_w0.25,0.13082047395875218,0.012852606909685482,-0.34242531057098446,44,113082.04739587521,0.19178289821665073,-0.24703338614071335,-0.04734831149879948,-0.1897389897415468,23
ma_stop_30_250_s0.20_w0.15,0.13050655906980047,0.012823397130713232,-0.15219827846616754,25,113050.65590698004,0.10566560048860008,-0.12028190058548945,0.01829099886420038,-0.1472848346548416,13
ma_40_60_w0.50,0.130503136663352,0.012823078635757934,-0.5871376127121528,23,113050.31366633519,0.22665753565335067,-0.5030411427962288,-0.0849093309765494,-0.44806270834114165,13
ma_stop_10_250_s0.20_w0.10,0.13025621859990055,0.012800097741265004,-0.12082515160264282,29,113025.62185999005,0.16224988713800004,-0.08851464655913235,-0.032757652457799824,-0.1191259165571158,17
ma_stop_10_120_s0.12_w1.00,0.13004496487125694,0.012780432588247903,-0.8358275621230974,54,113004.4964871257,-0.06208028087624651,-0.723089349266425,0.20981478331125425,-0.5288304972944807,30
ma_stop_40_180_s0.10_w0.33,0.12971466382660157,0.012749678974693035,-0.37802974292182456,54,112971.46638266015,0.2811374904988002,-0.31930419519187375,-0.11506503138829838,-0.30737167126166254,33
ma_stop_10_60_s0.10_w0.15,0.12923448705660068,0.012704956383094546,-0.19269647239091398,78,112923.44870566006,0.16982510671780027,-0.12727742710543685,-0.037690401029598974,-0.10543854249353608,44
breakout_90_20_s0.15_w0.15,0.12911224118770037,0.012693567954452867,-0.19645613192061012,13,112911.22411877003,0.27623633833430006,-0.09235023497486336,-0.11928633660669963,-0.11946162019172274,11
ma_stop_40_180_s0.12_w0.20,0.12905973337310095,0.012688675985720543,-0.2742187003023647,46,112905.9733373101,0.16049073089160015,-0.23348851807683166,-0.028065596487299338,-0.19301836851396678,27
ma_40_60_w0.15,0.1288478718356003,0.012668935519053237,-0.27893033744333706,23,112884.78718356002,0.12109248143030005,-0.2415297711454329,0.017164377282700594,-0.1744585891121542,13
ma_stop_20_120_s0.08_w0.15,0.12880619109970026,0.01266505147294672,-0.23804052171790566,83,112880.61910997004,0.1370658596444998,-0.185364366800775,-0.00861314111109912,-0.1392378752806271,50
ma_stop_30_60_s0.08_w0.20,0.12880179977760098,0.012664642257297132,-0.31017202455149356,84,112880.1799777601,0.36631152078370044,-0.17975064525615497,-0.17536503028669914,-0.22655231143729426,54
breakout_60_10_s0.15_w0.15,0.12873358409880042,0.012658285236056166,-0.1843192784913011,17,112873.35840988005,0.2383601661207002,-0.1050974933155279,-0.08825348385629972,-0.08929768400222078,11
ma_stop_20_120_s0.08_w0.25,0.12820667007730235,0.012609170498348199,-0.3658100483364823,83,112820.66700773024,0.1685028534682007,-0.2896326284163412,-0.036312695324298594,-0.22975022417709648,50
ma_5_120_w0.50,0.12812323070670084,0.012601391058111311,-0.6253184041133352,30,112812.32307067009,0.1662144372951,-0.4763573100880721,-0.03436298899794865,-0.3923541221922976,18
price_ma_20_w0.10,0.127603348318301,0.012552908389239947,-0.13053312329926198,137,112760.3348318301,0.13707093057360042,-0.10140979069765646,-0.018379964627798784,-0.07677860727127125,82
ma_stop_30_90_s0.15_w0.50,0.12713337293575333,0.012509062655656988,-0.6458686536990652,45,112713.33729357534,0.13990282247620178,-0.5406887815906583,0.0015868057500509902,-0.2893031776938739,25
ma_stop_20_90_s0.10_w0.15,0.12697710438430043,0.012494480157806409,-0.23119832099658516,68,112697.71043843005,0.1824778751113998,-0.17527269725829467,-0.044379611906399274,-0.14669675830645845,39
breakout_60_40_s0.12_w0.10,0.1268408659981004,0.012481765334450445,-0.09894850283982763,17,112684.08659981003,0.19057865721040002,-0.047982094067764144,-0.05230748153919984,-0.05306948178882373,11
breakout_60_20_s0.15_w0.20,0.1266986641174006,0.012468492482081706,-0.2546833512389912,17,112669.86641174006,0.2985068458940001,-0.14103140298558087,-0.12942915043299963,-0.13087139210356924,11
ma_stop_20_90_s0.05_w0.15,0.12658979358160294,0.012458329699235327,-0.20004101778338945,126,112658.9793581603,0.17749365028070074,-0.1413460121625526,-0.04395401611809813,-0.1319339724968244,76
ma_stop_40_180_s0.15_w0.25,0.1265235450620512,0.012452145140615434,-0.3212082093224653,34,112652.35450620513,0.20251956481755107,-0.2794501965949985,-0.06818527796999962,-0.24403836188759725,20
breakout_90_40_s0.15_w0.15,0.12540784139560035,0.012347940841632932,-0.19909240458622698,13,112540.78413956003,0.27623633833430006,-0.09235023497486336,-0.12246153642849966,-0.12263618807100723,11
ma_stop_10_60_s0.12_w0.10,0.12469718117940065,0.012281518447560202,-0.13943256692333872,65,112469.71811794006,0.13154331167620015,-0.09336429673242871,-0.005351073782399296,-0.0675406632397347,37
ma_5_60_w1.00,0.12462536823750425,0.012274804304524878,-0.8135522914307491,42,112462.53682375042,-0.13453782600374808,-0.6451785336026967,0.301332509595003,-0.4831132965507733,22
ma_stop_20_180_s0.20_w0.10,0.12436588965240025,0.012250541180501173,-0.1528275427947225,28,112436.58896524002,0.09840336703770003,-0.13710634829605897,0.013266348598100386,-0.10263278081252299,15
ma_stop_10_250_s0.15_w0.10,0.12426388506780106,0.012241001640223459,-0.12359429310234293,36,112426.3885067801,0.1670332847691005,-0.10076482073234837,-0.04015120045509957,-0.12265623580088444,22
ma_stop_20_120_s0.08_w0.20,0.12397828897120133,0.012214288366549475,-0.3050643660629954,83,112397.82889712014,0.15522242449780088,-0.23991231303024074,-0.030279383903598744,-0.18652873288427135,50
ma_stop_20_180_s0.15_w0.10,0.1239131938122,0.012208198829914974,-0.14694471278384272,36,112391.31938122,0.10586451297330002,-0.13075044108805772,0.012452167251300494,-0.10144830375447944,20
ma_stop_20_250_s0.15_w0.15,0.12348418062430055,0.012168057499916118,-0.16931721668819671,33,112348.41806243005,0.16739435408960057,-0.13627796912963594,-0.0365600814585999,-0.1685827180775085,18
ma_stop_20_250_s0.05_w0.33,0.12272415178195661,0.012096910406975026,-0.3769586116601927,107,112272.41517819566,0.3655874795976519,-0.2482791889558425,-0.175336058091496,-0.37903126963795775,62
ma_stop_20_90_s0.05_w0.33,0.12256886217760865,0.012082368275123656,-0.39756172917936755,126,112256.88621776087,0.2771704394053036,-0.29147045834020546,-0.1250704279465965,-0.274531597515037,76
ma_30_250_w0.25,0.12212586276840032,0.012040873581476985,-0.3123214774783484,7,112212.58627684004,0.08068414101080013,-0.2516226197651278,0.04324662854350003,-0.31435353850543196,4
breakout_90_60_s0.15_w0.15,0.1218432302749004,0.012014392401546559,-0.20162919526446196,13,112184.32302749004,0.27623633833430006,-0.09235023497486336,-0.12551691738909965,-0.12569096093597906,11
ma_stop_30_120_s0.15_w0.10,0.12139531286040017,0.011972412644954744,-0.19156403931978655,42,112139.53128604002,0.14857445745120024,-0.12927140558994824,-0.021316049341399634,-0.07037352486110002,25
breakout_40_10_s0.15_w1.00,0.12102007890375388,0.011937233365853395,-0.6820371983505514,21,112102.00789037539,1.4867436539475012,-0.29466742472057034,-0.5466887387324986,-0.5506323810230549,15
ma_10_250_w0.15,0.12094689048760032,0.011930370508342225,-0.21801516754923134,12,112094.68904876003,0.16165684406900005,-0.2090720145266735,-0.04425675816709962,-0.21731325919999633,8
ma_stop_20_120_s0.20_w0.25,0.12056914607150104,0.011894943133297087,-0.39837346479426466,35,112056.9146071501,0.1322624017991001,-0.3254901954497979,-0.020215497108999503,-0.2135567052920909,18
ma_stop_20_120_s0.12_w0.10,0.12028419692980008,0.011868211632003911,-0.17697790387167522,56,112028.41969298001,0.10466729536840003,-0.13432157747796222,0.009023343011300256,-0.07759630294982384,31
ma_stop_20_90_s0.05_w0.20,0.11998894007760352,0.011840506720744104,-0.2630205113100491,126,111998.89400776035,0.20181911449230094,-0.18874840835472617,-0.06248055461759827,-0.17342819025849515,76
price_ma_120_w0.25,0.11998458026140146,0.011840097575968489,-0.44617384124868636,56,111998.45802614016,0.006800197638000771,-0.3661761584670443,0.11384264461420046,-0.21077800043645495,26
breakout_40_20_s0.15_w0.33,0.11988631433610042,0.011830875480615566,-0.3993734954246479,21,111988.63143361005,0.5564081068981002,-0.16525458970972964,-0.2747334010101993,-0.27679886265721576,15
ma_stop_20_120_s0.10_w0.10,0.1195260669973004,0.011797060657464442,-0.15908219001886859,65,111952.60669973004,0.1186123336614,-0.12334580438930122,-0.0003368969836999858,-0.08196048795052667,38
ma_stop_30_60_s0.08_w0.15,0.11944120691510118,0.011789093798186157,-0.2453520200676642,84,111944.12069151012,0.2945676030000002,-0.1389594113124587,-0.13063768031719936,-0.17839694918030635,54
ma_stop_40_180_s0.12_w0.15,0.11901945650100143,0.011749490870752055,-0.21263425931970234,46,111901.94565010014,0.13779183608400047,-0.18028666985423053,-0.01095784595969962,-0.14499239340660194,27
ma_stop_40_180_s0.08_w0.33,0.11844981845710456,0.011695979858695305,-0.38155199524038125,70,111844.98184571046,0.26780661402820205,-0.32724779422625155,-0.11848037181179849,-0.3412905131438542,45
ma_stop_20_180_s0.05_w0.15,0.1183946091203043,0.01169079227160208,-0.17652442151688616,112,111839.46091203042,0.15356218513490116,-0.14534192860897044,-0.027176931909198565,-0.1702877786290488,70
ma_60_120_w0.15,0.11829163887859973,0.011681116354801402,-0.283281048698836,14,111829.16388785998,0.11907798852679985,-0.2213570583897427,0.0015560911076000217,-0.18864655412891834,7
breakout_40_20_s0.15_w0.25,0.11819094927920148,0.011671653973503116,-0.3215509719366778,21,111819.09492792014,0.42555049933860056,-0.1350642290970951,-0.2127876101224998,-0.21449391350184063,15
ma_stop_20_90_s0.10_w0.33,0.1181324249286535,0.011666153752489361,-0.43713171260318034,68,111813.24249286535,0.2668262339589511,-0.33776158149308455,-0.1183637437796986,-0.2981797908829337,39
ma_10_180_w0.10,0.11802840528070013,0.011656377166915366,-0.21796339020234717,14,111802.84052807001,0.05853661785680009,-0.18632593671246958,0.06151434350860008,-0.14664804672952494,8
ma_stop_20_120_s0.08_w0.33,0.11795801550860419,0.011649760919447694,-0.448460768173299,83,111795.80155086043,0.18919370161895155,-0.35844787790406946,-0.050719137639498535,-0.2962797806394578,50
ma_stop_10_60_s0.20_w0.20,0.11789743492415128,0.011644066382211493,-0.28616825682739727,44,111789.74349241513,0.16636490630825085,-0.2068733692029705,-0.041840458581600126,-0.15528360946702668,23
ma_stop_20_60_s0.10_w0.20,0.11783377336970191,0.011638081937710876,-0.3073098919201585,71,111783.37733697018,0.3056245336215009,-0.19205632173543108,-0.1475309109030989,-0.2183606834623686,43
ma_stop_30_60_s0.12_w0.10,0.11769221970149979,0.011624774223743639,-0.16419522919452598,58,111769.22197014999,0.19743092997300016,-0.11125290723887864,-0.06588839543929981,-0.1072971199937348,36
ma_stop_10_250_s0.05_w0.10,0.11767078881590232,0.01162275933615331,-0.12346504532335977,114,111767.07888159023,0.17703868555870095,-0.08313062715043265,-0.04870149173139959,-0.12206570947602749,68
ma_stop_30_250_s0.08_w0.10,0.11759143552490126,0.011615298402221086,-0.11066569452908842,65,111759.14355249013,0.09781952961730034,-0.06514263596032391,0.008202022139500498,-0.109558984003746,39
ma_stop_10_60_s0.15_w0.25,0.11692634433275217,0.011552746705323136,-0.3356258866000963,55,111692.63443327522,0.2091327262237508,-0.23607179131912667,-0.07571223274719963,-0.185805420687666,32
ma_stop_20_120_s0.20_w0.20,0.11650120978040146,0.011512745394318014,-0.3362318496818914,35,111650.12097804016,0.1289096421660012,-0.27258538089968076,-0.014828454698199822,-0.1738317959127744,18
price_ma_120_w0.20,0.11453028844205027,0.011327121042628008,-0.38440741604001694,56,111453.02884420502,0.007733425710100272,-0.31664844608159143,0.10814025567434982,-0.17829047123284386,26
ma_stop_40_180_s0.10_w0.15,0.11447348315830119,0.011321766675145062,-0.1944069674952906,54,111447.34831583011,0.16194946874260063,-0.16186944182125165,-0.04088204224459946,-0.15230777684436628,33
breakout_60_40_s0.15_w0.20,0.1143841374526009,0.011313344609090725,-0.25597813146990156,17,111438.41374526008,0.2886336028943004,-0.13963995999820072,-0.13366275019539953,-0.13509797822199424,11
ma_stop_30_250_s0.10_w1.00,0.11347001449875793,0.011227141118783868,-0.70818110088879,48,111347.0014498758,0.40604610910500316,-0.5035892075801716,-0.2080994237887459,-0.7066910369855545,27
ma_stop_40_180_s0.15_w0.33,0.1133606118208017,0.01121681999448132,-0.39405245293181834,34,111336.06118208017,0.23730433948090068,-0.3426979401892909,-0.10130546913159877,-0.30800583467137843,20
ma_30_120_w0.10,0.11322496322059972,0.011204021549604759,-0.21611203890903055,15,111322.49632205997,0.09765368971680011,-0.16818151712052315,0.019437564401399765,-0.0824885314230444,8
breakout_60_40_s0.15_w0.33,0.1119482778383003,0.011083497767903294,-0.37648808071787426,17,111194.82778383003,0.4229510116935504,-0.20209695538149045,-0.2150184801357995,-0.21725400183934204,11
ma_stop_20_60_s0.10_w0.25,0.11188302451270293,0.011077334284233631,-0.3708514974313983,71,111188.30245127028,0.36311547253850085,-0.2300716085994801,-0.1888037334291991,-0.2704592531634219,43
ma_stop_20_250_s0.12_w0.10,0.11160366319579995,0.011050943628297727,-0.10989527043265229,44,111160.36631958,0.11840412138310019,-0.08089574611247173,-0.005221902318599314,-0.10846497210023386,24
ma_stop_30_250_s0.20_w1.00,0.11152591558875447,0.011043597923772408,-0.7006900712897726,25,111152.59155887544,0.2422331168400016,-0.5610138816476172,-0.10473799488749758,-0.7004494398703319,13
ma_stop_30_250_s0.12_w0.10,0.11146799898720028,0.011038125581603664,-0.09666857745724643,40,111146.79989872003,0.07326605485490023,-0.07711062688890172,0.02821697715920024,-0.09972950200519974,21
ma_stop_40_180_s0.10_w0.20,0.11129979823750102,0.01102223141756764,-0.25463689700855074,54,111129.97982375011,0.19259616474429997,-0.21128566156136647,-0.06376626673789909,-0.1951067207733702,33
ma_stop_20_120_s0.08_w0.10,0.11127224806640079,0.01101962785308297,-0.16401058156256879,83,111127.22480664008,0.10904657490609981,-0.12792606112417335,-0.000906162874900196,-0.08834836894049286,50
ma_stop_10_60_s0.15_w0.20,0.11104376241615133,0.010998033121753625,-0.2821590533507361,55,111104.37624161513,0.18044121513385103,-0.19730149737064345,-0.06316059238939953,-0.15006726934008358,32
ma_stop_20_250_s0.08_w0.10,0.1109873429790007,0.010992700171650327,-0.12669988582289918,69,111098.73429790007,0.14114551821710042,-0.06419395673569653,-0.021051139166699318,-0.11780764059288558,42
ma_stop_20_250_s0.05_w0.25,0.11096479802020687,0.01099056908039242,-0.3006620905055117,107,111096.47980202068,0.2754822353586024,-0.195022572952362,-0.1306875070714978,-0.29659499657250066,62
ma_stop_40_60_s0.20_w0.10,0.11074895071230029,0.010970163873777139,-0.16714526898930676,37,111074.89507123003,0.13622437133739962,-0.13640552460529576,-0.02720139645090003,-0.09847290737034457,22
ma_stop_20_90_s0.12_w0.10,0.11049805375090038,0.010946440768758059,-0.17270285646336486,60,111049.80537509004,0.11398546435940027,-0.129770030119602,-0.007466705182299638,-0.08624800792372597,33
ma_5_120_w0.10,0.11027254241980056,0.010925113856713464,-0.22145712670006543,30,111027.25424198006,0.07169736314480035,-0.17212580860090576,0.02217713946280031,-0.11037564177318339,18
ma_stop_10_120_s0.10_w1.00,0.10984591200376115,0.010884756219715408,-0.7973690061707843,66,110984.5912003761,0.07714638228375414,-0.6759642801711648,0.030162774622504385,-0.5301979248344864,38
ma_stop_40_180_s0.08_w0.15,0.10949864145580102,0.010851895463556582,-0.19716814537611704,70,110949.86414558011,0.15562123791000015,-0.16659270300228532,-0.03395387835429875,-0.16128591712656706,45
breakout_60_40_s0.15_w0.25,0.10931793950125046,0.010834792749129463,-0.3061194356160142,17,110931.79395012504,0.3373562038681499,-0.16348105040141137,-0.16804177748179983,-0.16984506862000728,11
ma_stop_20_120_s0.05_w0.15,0.109256761342303,0.010829001916336622,-0.21152857998944116,128,110925.6761342303,0.14947054746440136,-0.15740333340643003,-0.03869080045629836,-0.1404520941182712,77
breakout_60_20_s0.15_w0.15,0.10908779522160073,0.010813006902156808,-0.19851633213771694,17,110908.77952216007,0.22869477798390037,-0.11208219801480479,-0.09834822291239975,-0.09938086180987211,11
ma_stop_40_180_s0.12_w0.50,0.10891899310500341,0.010797025232626156,-0.5549648976773063,46,110891.89931050033,0.24182093461500132,-0.48418766349819325,-0.11041622789669836,-0.42943559342658466,27
ma_stop_10_250_s0.12_w1.00,0.1089016292812619,0.010795381155098482,-0.7429780856382004,46,110890.1629281262,0.7366669847550065,-0.5454439570601844,-0.35700468145874453,-0.7410179331785182,27
ma_stop_20_60_s0.10_w0.15,0.10887235514520177,0.010792609308474699,-0.24095667561520093,71,110887.23551452017,0.240438087551901,-0.15183487392221034,-0.11232566305479996,-0.16517039558247767,43
ma_stop_10_60_s0.20_w0.33,0.10872745128860162,0.010778887997097364,-0.41314840480839277,44,110872.74512886016,0.19492380188215086,-0.298812799529435,-0.07564417443309934,-0.24528980320628696,23
ma_stop_20_250_s0.05_w0.20,0.10851342360680327,0.010758618236458295,-0.2443458898795781,107,110851.34236068033,0.23416327266380166,-0.15737415823657525,-0.09776292995229785,-0.2439194354764865,62
ma_30_90_w0.20,0.10842546117730012,0.010750286627115635,-0.40835432986245146,19,110842.54611773,0.030901436514300107,-0.34788144241971364,0.08382677375019987,-0.1569120135573866,10
ma_stop_20_90_s0.20_w0.15,0.10835540651450026,0.01074365077849726,-0.257803086230512,37,110835.54065145002,0.14201901397439975,-0.20258753057899265,-0.02864073628929953,-0.14104106777687575,19
ma_stop_10_120_s0.05_w0.67,0.10834839448876421,0.010742986551605105,-0.6171551131126903,123,110834.83944887643,0.18899672337000473,-0.4920197691387839,-0.06080644922624323,-0.4596588138860599,73
ma_stop_30_60_s0.10_w0.20,0.10803453205780289,0.01071325150461555,-0.3189648570333543,68,110803.45320578029,0.3197728495790011,-0.201397184498447,-0.15852517101439934,-0.2108337373964163,43
ma_stop_40_180_s0.15_w0.20,0.1078707449299503,0.010697731460850513,-0.2662072690623079,34,110787.07449299503,0.16505172382055,-0.2303343145848576,-0.05531769637750006,-0.19628079750304922,20
ma_stop_40_60_s0.15_w0.10,0.1074482021326002,0.010657682903827181,-0.1662624144136357,49,110744.82021326003,0.14047476176079998,-0.13313863344217108,-0.026302608127000027,-0.09759668857885852,31
ma_stop_10_250_s0.10_w1.00,0.1074117815550153,0.010654230324767866,-0.7368720563802567,53,110741.17815550152,1.047444995171257,-0.4654621799820059,-0.45935704707749636,-0.7363165326502481,32
ma_stop_30_60_s0.08_w0.10,0.10718475629150093,0.010632706607091036,-0.16703652529806806,84,110718.4756291501,0.20953148896800045,-0.09770608853641048,-0.08504075099139952,-0.11451918624707057,54
ma_60_250_w0.33,0.10665748442720013,0.010582701969885644,-0.3201124649462092,4,110665.74844272001,0.03930492053779999,-0.24598191531593153,0.06261358964890018,-0.3195901805275886,3
breakout_40_20_s0.15_w0.20,0.10656306667330107,0.010573745463365425,-0.271335558197744,21,110656.30666733011,0.3434154490685004,-0.11536983495488959,-0.1718475956973997,-0.17321956434034436,15
ma_stop_20_250_s0.10_w0.10,0.10643841667000009,0.010561920064455776,-0.12168849321347808,52,110643.84166700002,0.1407162492488001,-0.06775974411440598,-0.024946172080699935,-0.11376227727794933,30
ma_stop_20_250_s0.20_w0.15,0.10636297400530026,0.010554762327813716,-0.17795335032846601,28,110636.29740053003,0.1460203521350001,-0.1267779365370806,-0.033757590009199534,-0.17504578147022296,15
ma_stop_30_180_s0.10_w0.20,0.10630614043190167,0.010549369867921321,-0.3021670673110199,56,110630.61404319016,0.17717846368720047,-0.2294758177991609,-0.06265006178219934,-0.1833402049640816,33
ma_stop_30_60_s0.08_w0.25,0.10627214539710317,0.010546144246262434,-0.37324451352404775,84,110627.21453971032,0.4161794473334013,-0.21509901667578166,-0.22118646107759876,-0.2824104618828339,54
ma_stop_30_250_s0.05_w0.15,0.10548501635600172,0.01047143259301353,-0.1629934461280795,106,110548.50163560017,0.12425252627010042,-0.11883076996892608,-0.01374865762259836,-0.1589353132639488,61
ma_40_60_w0.10,0.10543755092100016,0.010466925809010208,-0.19860652696974332,23,110543.75509210001,0.0888476756987,-0.17281971080993574,0.005888834431899914,-0.1120394376225295,13
breakout_60_20_s0.20_w0.25,0.10534641666460054,0.010458272238606847,-0.32572961197342193,15,110534.64166646005,0.2754576992643001,-0.22322959717227764,-0.13212354010439942,-0.1340046849585864,9
ma_5_180_w0.10,0.10528730474510017,0.010452658978216123,-0.22069175733366164,19,110528.73047451001,0.04410083616770022,-0.1935028904121285,0.06322350624169992,-0.15048289906905069,10
ma_stop_10_60_s0.05_w0.10,0.10513517054240107,0.01043821109635501,-0.10167846313988796,143,110513.5170542401,0.1323234187136002,-0.06699283952819984,-0.036062685518599036,-0.06449841760242503,83
ma_stop_20_120_s0.20_w0.15,0.1044423550258502,0.010372393240168476,-0.26294399420770487,35,110444.23550258501,0.10463666578185027,-0.21225023158896178,0.00045146744210056156,-0.1281487840071274,18
breakout_90_40_s0.20_w1.00,0.10414230489000276,0.010343876829428611,-0.7104939469438498,11,110414.23048900027,1.5101296565062503,-0.3471734963589751,-0.5557628530606991,-0.5564441908202908,9
ma_stop_10_60_s0.10_w0.10,0.10401026572090011,0.010331325782250156,-0.13215827034323777,78,110401.02657209,0.12677459139259972,-0.08692723114234191,-0.018191930313499305,-0.06625843359719705,44
ma_stop_20_90_s0.20_w0.25,0.10309357715840184,0.010244152400755935,-0.3860345585406609,37,110309.35771584019,0.17431062964690058,-0.30610201994787856,-0.0583053336244993,-0.2275446939423891,19
price_ma_120_w0.33,0.10293617720040182,0.01022917777030452,-0.5248247227117733,56,110293.61772004019,-0.011446719385898918,-0.4309870107466213,0.13173327336165053,-0.2572622221107449,26
ma_stop_30_250_s0.10_w0.10,0.1029127636063003,0.010226950097074639,-0.1063579680158879,48,110291.27636063003,0.09326947680380004,-0.06590556351825516,0.011062850256699841,-0.10054572329903592,27
ma_5_250_w0.10,0.10287492964860001,0.010223350316898916,-0.15455767289546463,15,110287.49296486,0.09661224880359986,-0.1538520894633097,0.010450772499700056,-0.14404668943408008,9
ma_stop_20_90_s0.20_w0.20,0.10283490312310128,0.010219541800433829,-0.325971508709668,37,110283.49031231014,0.1604378167838012,-0.25652745326416576,-0.050559571955899885,-0.1892222933005988,19
ma_stop_10_60_s0.08_w0.10,0.10246636703000034,0.010184469837754673,-0.13328540179255882,96,110246.63670300004,0.13409900768989957,-0.07988816803620022,-0.02747180972789942,-0.07054764503009592,58
ma_stop_20_60_s0.05_w0.15,0.10230212158940288,0.010168835935333798,-0.21958973415341385,135,110230.2121589403,0.258156102718901,-0.11036408164867074,-0.11941428316239766,-0.15908302278697972,82
ma_stop_30_60_s0.05_w0.20,0.10210603136110286,0.010150168113901126,-0.30079247664786385,130,110210.6031361103,0.3543598467775009,-0.15339068090899785,-0.18457465441259735,-0.22915038770078422,86
ma_stop_20_90_s0.10_w0.10,0.10187258239510055,0.010127939853170176,-0.1618381156035666,68,110187.25823951005,0.12557570914289995,-0.12038061755092293,-0.027393706663499606,-0.09477207622390543,39
ma_stop_10_60_s0.20_w0.15,0.10161854363835032,0.010103746303229189,-0.22721022922402426,44,110161.85436383504,0.1363586519152502,-0.16316551358241105,-0.025614512922999877,-0.11628463524236925,23
ma_60_90_w0.10,0.10138196185790016,0.010081210783534633,-0.1951980133465494,18,110138.19618579002,0.0796630307752002,-0.15899071834640832,0.02820257385080005,-0.08102771938355763,10
ma_stop_20_90_s0.15_w0.20,0.10131858760870083,0.010075173353626843,-0.33224311293098696,50,110131.85876087009,0.1677422491204006,-0.25083793227396883,-0.055781119267799606,-0.17591009447520245,27
ma_30_250_w0.20,0.10131407824830019,0.01007474375170525,-0.2642932579819233,7,110131.40782483002,0.06352915087420019,-0.2084692260774472,0.02871341263290006,-0.2680475072671187,4
breakout_90_20_s0.20_w0.10,0.10128668544499986,0.010072134034886826,-0.1329091483544412,11,110128.66854449999,0.18071223619679988,-0.07086672809894083,-0.060758474220499625,-0.060857708752687735,9
ma_stop_20_180_s0.05_w0.10,0.10074244700100121,0.010020272287543541,-0.11998436563012783,112,110074.24470010013,0.11105486369460027,-0.09824655388315412,-0.0130080640505994,-0.11406886029066786,70
ma_stop_30_60_s0.10_w0.25,0.10043611071210234,0.009991070682120906,-0.3828308626388381,68,110043.61107121024,0.37868925268480136,-0.24192676839231803,-0.20075228852569915,-0.2541596093124338,43
ma_30_90_w0.15,0.10023522295879994,0.009971917037169709,-0.33304353719721497,19,110023.52229587999,0.03619559421439966,-0.2833416640693226,0.06386086214200004,-0.1259183788987097,10
breakout_90_10_s0.15_w0.10,0.10014709307080016,0.00996351330304912,-0.13380639893899207,13,110014.70930708002,0.1862638434324,-0.06636312359980126,-0.06839610933059992,-0.06849453691683598,11
ma_stop_20_120_s0.10_w0.50,0.09995462193330451,0.009945157882793598,-0.5754835961287582,65,109995.46219333046,0.19089670280580195,-0.4743809821132736,-0.07174438295994856,-0.3766233324396249,38
breakout_90_10_s0.20_w0.10,0.09960816167180009,0.009912109706774475,-0.13423072304270955,12,109960.81616718002,0.1862638434324,-0.06636312359980126,-0.0693793946383997,-0.06947771833670617,10
ma_60_90_w1.00,0.09951663574125269,0.009903377666707902,-0.7703057683824478,18,109951.66357412527,0.3307719034912515,-0.6094131769979799,-0.17051553265499897,-0.513660146164465,10
ma_stop_40_180_s0.08_w0.20,0.09905005596580096,0.009858853452537453,-0.2564543078304258,70,109905.0055965801,0.18621996079520042,-0.21569519366875745,-0.06324930851059851,-0.21301607674455272,45
breakout_60_20_s0.20_w0.20,0.09871196816180072,0.009826580230888782,-0.2731966867951852,15,109871.19681618008,0.23164136723870032,-0.18633762371302218,-0.10740169000589961,-0.1088804237337677,9
ma_stop_20_60_s0.05_w0.20,0.09834490693050313,0.009791531183193314,-0.2880893842689496,135,109834.49069305032,0.31727724929400103,-0.1476751872453906,-0.17345570193869808,-0.21344132079506067,82
ma_stop_30_60_s0.10_w0.15,0.09832163579880171,0.00978930877231221,-0.25253910581559386,68,109832.16357988017,0.25100125068950097,-0.15856762014850037,-0.11836745128309956,-0.15848988785528376,43
breakout_40_10_s0.20_w0.10,0.0982867295715999,0.009785975121790358,-0.128025007530227,20,109828.67295715999,0.17798771152889992,-0.06474712091754022,-0.06426357596409993,-0.06557342539072937,14
ma_stop_30_90_s0.12_w0.67,0.09809152918510455,0.009767331142863211,-0.7613910841774656,58,109809.15291851044,-0.009984982263747333,-0.6620363005758626,0.10519932135375254,-0.35142497114690613,33
ma_stop_20_120_s0.20_w0.33,0.09806669725895123,0.009764959183046651,-0.4814956897248851,35,109806.66972589513,0.12680533554500006,-0.39635973126861274,-0.02734753983669913,-0.2734926971158189,18
ma_stop_30_180_s0.10_w0.25,0.09798971494430142,0.009757605482726861,-0.36120218436435414,56,109798.97149443015,0.2054413668182009,-0.2768231756814143,-0.07978361256029964,-0.22604605877934186,33
breakout_60_20_s0.20_w0.33,0.097729949457251,0.00973278809328093,-0.4013742762847921,15,109772.9949457251,0.32546664946255044,-0.2778096833971928,-0.17066154772969977,-0.17422351166390984,9
ma_stop_20_90_s0.15_w0.15,0.09768189348430067,0.009728196360740737,-0.2633057668803832,50,109768.18934843007,0.14638400300470011,-0.1987512036198942,-0.047089851603699606,-0.13441733955156962,27
price_ma_120_w0.15,0.09727425291720126,0.009689239190776133,-0.31696160267987766,56,109727.42529172012,0.0238855963075002,-0.2606313041345497,0.07836045314680051,-0.14041661677182632,26
ma_stop_20_120_s0.05_w0.25,0.09713473248210436,0.009675902599271202,-0.32714639985527255,128,109713.47324821043,0.1860821526745018,-0.24951737967872137,-0.07963222895579825,-0.2298287952594362,77
ma_stop_30_180_s0.10_w0.33,0.09701858114890327,0.009664798672921249,-0.4477147701841908,56,109701.85811489032,0.240407342624801,-0.3479545590306634,-0.11189531250429852,-0.2860603576192829,33
breakout_90_40_s0.20_w0.10,0.09684340267550007,0.009648049830809802,-0.13640753791242521,11,109684.34026755001,0.18071223619679988,-0.07086672809894083,-0.0643131004360995,-0.0644119594081575,9
breakout_40_10_s0.15_w0.10,0.09673791219039973,0.00963796271207551,-0.12925467733133236,21,109673.79121903998,0.17798771152889992,-0.06474712091754022,-0.06532719620179994,-0.06607872783884157,15
ma_stop_10_60_s0.05_w0.50,0.0958873887179097,0.009556602922440316,-0.4233031035084667,143,109588.73887179096,0.3298628228129028,-0.298295254793349,-0.17567018702614423,-0.3127463458441047,83
ma_stop_20_120_s0.05_w0.20,0.09587322006980359,0.009555247091879604,-0.2738809428830598,128,109587.32200698036,0.16597123836240124,-0.2077009077802466,-0.06031021649549784,-0.1875012126630508,77
ma_stop_20_90_s0.08_w0.15,0.09583613555299997,0.009551698314712587,-0.23843032978804402,87,109583.6135553,0.1471935436359999,-0.17436380871509652,-0.05339151538899911,-0.15232161459762175,51
breakout_60_40_s0.15_w0.15,0.09540691528430068,0.009510616545081119,-0.20172116272345628,17,109540.69152843006,0.21711228806790017,-0.11302825589550847,-0.1015234227341999,-0.10255242515589898,11
ma_20_250_w0.33,0.09507462399455013,0.009478802188062518,-0.40277799285080823,10,109507.46239945502,0.19263709891579994,-0.3234437322307842,-0.08301061653074981,-0.4037393101801976,6
ma_20_180_w0.10,0.09496519389890024,0.009468323197294959,-0.20239945141440727,11,109496.51938989003,0.033998713397100255,-0.18724795366435826,0.0708202956245001,-0.15411458542151665,6
ma_stop_40_180_s0.15_w0.15,0.09475439928280083,0.009448134927314111,-0.20839058746537004,34,109475.43992828007,0.13774884532050025,-0.1803187572748312,-0.02943477605379985,-0.14564117874811633,20
breakout_90_60_s0.20_w0.10,0.09429725187500004,0.00940434092995801,-0.1384122330523937,11,109429.72518750001,0.18071223619679988,-0.07086672809894083,-0.06635002107649957,-0.06644866483994369,9
buy_hold_w1.00,0.09374387600000023,0.009351306458053932,-0.7461875905609928,1,109374.38760000002,0.009423876000000053,-0.7461875905609928,0.07268991556000026,-0.5981609213134716,1
breakout_90_20_s0.15_w0.10,0.09345297817320009,0.009323417730719985,-0.13907696641636774,13,109345.29781732001,0.1862638434324,-0.06636312359980126,-0.0753156485648997,-0.0754133450748152,11
ma_stop_20_250_s0.05_w0.15,0.09331483092620241,0.009310171058114047,-0.18595532850123742,107,109331.48309262024,0.18249237954380093,-0.11943716609357304,-0.06431321860119799,-0.1827445019179583,62
breakout_60_10_s0.20_w0.10,0.0931827577004003,0.009297505409128659,-0.13122604004716754,16,109318.27577004003,0.16115396008520033,-0.07564378620194467,-0.05607655536989986,-0.0609273166984101,10
price_ma_250_w0.10,0.09300150638480043,0.009280121413496545,-0.17468843393870762,31,109300.15063848005,0.07033583927430032,-0.15553067952561428,0.02654728600060019,-0.15477474490420826,21
ma_stop_20_120_s0.15_w0.20,0.09280839532190144,0.009261597094960772,-0.3439944914306305,45,109280.83953219015,0.1373136625909006,-0.2652124457349073,-0.03598428471069959,-0.1719671460324926,24
ma_stop_40_180_s0.20_w0.25,0.09243895399985069,0.009226149993089683,-0.33529581078712023,29,109243.89539998508,0.1932320258319502,-0.2830843649429475,-0.07853209671339911,-0.24948288323811732,17
ma_stop_10_60_s0.15_w0.33,0.09238829339760146,0.00922128837953795,-0.40706741058562734,55,109238.82933976015,0.21751614434040056,-0.2855555011683008,-0.1054471580643993,-0.24119887406531376,32
ma_stop_30_60_s0.05_w0.25,0.09228038589390453,0.009210932428741936,-0.3612496711553612,130,109228.03858939046,0.41558645580860176,-0.18710653733579705,-0.2289523873103978,-0.28362248684331764,86
ma_stop_20_120_s0.15_w0.25,0.0922714385028014,0.0092100737008467,-0.4065084909519078,45,109227.14385028013,0.14579473634200024,-0.3153333962419511,-0.04683637473239888,-0.21357456551428328,24
ma_stop_30_250_s0.15_w0.10,0.09222472396870018,0.009205590160441757,-0.10178373607017616,30,109222.47239687001,0.07129611570190009,-0.08502216660192138,0.012480121423300128,-0.09743380667689532,16
ma_stop_20_90_s0.08_w0.10,0.09210318470710055,0.009193924330625602,-0.1635922211428994,87,109210.31847071004,0.1129767864848994,-0.1209006892166134,-0.021747024521899694,-0.09595153960776696,51
ma_stop_30_180_s0.10_w0.15,0.09209871847700057,0.009193495621638403,-0.2389078167575636,56,109209.87184770007,0.13972000139750018,-0.17876551932869877,-0.037119262231798955,-0.13967004634624403,33
ma_stop_20_90_s0.05_w0.10,0.09135978871190198,0.009122544845606484,-0.13998738354076978,126,109135.97887119021,0.11642293755440014,-0.09933027351726961,-0.030692776559299806,-0.08509538333253605,76
breakout_90_40_s0.15_w0.10,0.09133617829200036,0.009120277103699559,-0.14074361492489043,13,109133.61782920003,0.1862638434324,-0.06636312359980126,-0.07743244844609976,-0.07752992130784783,11
breakout_40_20_s0.15_w0.15,0.09129436186970041,0.009116260597386905,-0.21437543434697134,21,109129.43618697004,0.2579610737518001,-0.09439180050242398,-0.1289544856628997,-0.1299520719843936,15
breakout_60_20_s0.20_w0.15,0.09092052954370078,0.009080347525216803,-0.21290207254837912,15,109092.05295437007,0.1840412032711003,-0.14508491480209032,-0.07335904029079987,-0.07901922929777326,9
ma_20_250_w0.50,0.09092001072375,0.009080297675908344,-0.5265185482326451,10,109092.001072375,0.27662922363375,-0.40185948982267006,-0.14760559254694983,-0.5255413244094743,6
breakout_60_10_s0.15_w0.10,0.09085316788160047,0.009073875097811657,-0.1316079187305503,17,109085.31678816004,0.16115396008520033,-0.07564378620194467,-0.05783911896459981,-0.058596671453988315,11
ma_stop_40_180_s0.15_w0.50,0.09079324210125206,0.00906811684408071,-0.5246290007842973,34,109079.3242101252,0.3045064664362509,-0.4584345204276672,-0.1639416151424492,-0.43454292097017044,20
ma_stop_20_60_s0.10_w0.10,0.09073269217379987,0.009062298328268659,-0.16546255847627944,71,109073.26921737999,0.17415050731739967,-0.10221139128843368,-0.07298734864720025,-0.10932120071523403,43
ma_stop_10_60_s0.15_w0.15,0.09067231752465044,0.00905649636753636,-0.22279841746175982,55,109067.23175246504,0.14513824450885027,-0.15670006726699123,-0.04058653070289964,-0.11543854755631668,32
ma_5_60_w0.10,0.09055966281920069,0.009045669561085878,-0.2186038859234488,42,109055.96628192006,0.039283036950900296,-0.17001164443442782,0.05596463321820022,-0.05780839049492908,22
ma_stop_30_180_s0.12_w0.20,0.0901451187543012,0.00900582070873246,-0.3325324067476703,48,109014.51187543012,0.1473659622834005,-0.24927808089898917,-0.050208584680099255,-0.19128784893194437,28
ma_stop_30_90_s0.20_w0.10,0.08945918398050035,0.008939854064400343,-0.19271033828589582,34,108945.91839805004,0.08946667537380004,-0.15363970413309155,0.010435963972700302,-0.06430047296015623,19
breakout_90_60_s0.15_w0.10,0.08929925765160007,0.00892446852976958,-0.14234737103686534,13,108929.92576516,0.1862638434324,-0.06636312359980126,-0.07946936908649982,-0.07956662673963402,11
ma_stop_30_90_s0.08_w0.50,0.0891410564158559,0.00890924696410944,-0.6418446172863146,84,108914.1056415856,0.1586558938108531,-0.5330225614777918,-0.06598220693699786,-0.32846228812267625,51
ma_stop_20_60_s0.08_w0.15,0.08903390009090084,0.008898935634406246,-0.2371351977279166,92,108903.39000909009,0.2248952682244003,-0.14294633447607766,-0.11300564717349926,-0.16774616595498523,57
breakout_60_40_s0.20_w0.10,0.08892714737219976,0.008888662238404565,-0.15803495137576393,14,108892.71473721998,0.15698002273550005,-0.1054160570332434,-0.05320694028959971,-0.0539682173217465,9
ma_stop_30_60_s0.05_w0.10,0.08892486191810178,0.008888442286831388,-0.15380581715269798,130,108892.48619181018,0.19700858042330038,-0.07641847115704381,-0.09368505038549968,-0.11475184774946903,86
ma_stop_40_180_s0.20_w0.20,0.08874424049805074,0.008871058014803257,-0.2752633571912668,29,108874.42404980508,0.1607029233032502,-0.23334177414273155,-0.06300251439379978,-0.2047568967878494,17
ma_30_90_w0.50,0.0887050911068008,0.008867289662070066,-0.6808028554895446,19,108870.50911068008,-0.019931664724249232,-0.5894001583381073,0.11707835061625094,-0.3131223854424113,10
ma_stop_30_60_s0.20_w0.20,0.08859123858290197,0.008856330015612812,-0.3302921314237642,36,108859.1238582902,0.26818517665030095,-0.22979420667462228,-0.14163053716959983,-0.22650855274541848,22
ma_stop_30_180_s0.08_w0.25,0.08832140497870333,0.00883035125032161,-0.36195690493773347,72,108832.14049787034,0.20420316837140162,-0.2786750523977321,-0.08997644259549908,-0.2558908410908061,46
ma_stop_20_250_s0.15_w0.10,0.08790986828410019,0.008790718622221583,-0.1175838311045056,33,108790.98682841002,0.11489551100920026,-0.09425982307858463,-0.025912306339799573,-0.11392812985003345,18
ma_stop_30_60_s0.05_w0.15,0.08781726182030258,0.008781798397989427,-0.23450382621559396,130,108781.72618203025,0.26828419177830076,-0.11749982676652901,-0.1339999432663983,-0.1729954914756938,86
ma_stop_20_60_s0.05_w0.10,0.08722761302800164,0.008724985106601801,-0.1513531303883805,135,108722.76130280017,0.18459207284250034,-0.07616168503778772,-0.0860501623646992,-0.10770016771646522,82
ma_stop_20_90_s0.20_w0.33,0.08715768705965155,0.008718245833543525,-0.47005254901026694,37,108715.76870596515,0.1915086948859004,-0.3762510749198113,-0.08530185228399878,-0.2966037355984287,19
ma_stop_30_60_s0.20_w0.15,0.08675279301245009,0.008679215617540592,-0.26000829163847017,36,108675.279301245,0.21348298451775016,-0.18148532290709657,-0.10206434678929976,-0.16934848198695435,22
ma_stop_30_180_s0.12_w0.25,0.0863953288838013,0.008644746629483224,-0.39874808826809816,48,108639.53288838014,0.1616071797017009,-0.30294464677577115,-0.06408497961799908,-0.23294533866215913,28
ma_stop_30_250_s0.20_w0.10,0.0863280946917,0.008638262341133407,-0.10350700524376838,25,108632.80946917001,0.06564582698350008,-0.07931037070200936,0.012362377803000202,-0.09831276563489652,13
ma_stop_20_90_s0.08_w0.20,0.0862537727554018,0.008631094068725531,-0.3045050377593905,87,108625.37727554017,0.17320039909570095,-0.22394443017167084,-0.06975817011179897,-0.19992157714861117,51
ma_stop_30_60_s0.10_w0.10,0.08608677662529995,0.008614985864634717,-0.17228747443247205,68,108608.67766253,0.1791778868563001,-0.10813066615389738,-0.07879571891240023,-0.1044287271479425,43
ma_stop_30_180_s0.08_w0.15,0.08593981779670101,0.008600808593408393,-0.23679689922524375,72,108593.9817796701,0.14262358209420034,-0.17735252654609576,-0.04451302378619837,-0.15919479667396735,46
ma_stop_40_60_s0.20_w0.50,0.08582402505960296,0.0085896367363969,-0.5548495186134753,37,108582.40250596029,0.31767315219585135,-0.4659496738734156,-0.17490282564919912,-0.43917382487384565,22
ma_stop_20_90_s0.15_w0.25,0.08571012741290152,0.00857864667894992,-0.39383870895643946,50,108571.01274129015,0.18206314544780033,-0.300138628803515,-0.0858619522321995,-0.21426217197895492,27
ma_stop_20_60_s0.08_w0.20,0.08561795819170293,0.008569752454960833,-0.30893148085306055,92,108561.7958191703,0.28917960858500136,-0.18051516826410383,-0.15120159981099923,-0.2148998271155145,57
ma_stop_10_60_s0.20_w0.10,0.08521398781290013,0.008530761793145158,-0.15956142164326836,44,108521.39878129002,0.10319101822619992,-0.11478640406337981,-0.02030573037249994,-0.07595876350528392,23
ma_30_90_w0.10,0.08502550462610037,0.008512565206642009,-0.2392624994590302,19,108502.55046261003,0.025575641721599984,-0.2035261546877863,0.059524934179700395,-0.08285542353909599,10
ma_stop_40_250_s0.08_w0.20,0.08491779262220134,0.008502165178015053,-0.20697255723327573,63,108491.77926222012,0.06766451967760045,-0.1205558521531248,0.01034873989140106,-0.21283264704310334,38
ma_10_250_w1.00,0.08469553789125239,0.008480702662173378,-0.7622176264364425,12,108469.55378912523,0.8921840332275004,-0.5327167186234143,-0.42732375952499924,-0.7609432293211802,8
ma_stop_30_180_s0.08_w0.20,0.0846014006302016,0.008471610902866411,-0.30510786608961177,72,108460.14006302017,0.17274357504640103,-0.23245004784976395,-0.07633968589729889,-0.21067610455367422,46
ma_stop_40_180_s0.10_w0.10,0.08455747167609973,0.008467368010592669,-0.13111277412562722,54,108455.74716760998,0.10597586811499982,-0.1084810747302269,-0.0262397586059,-0.09992626283158028,33
ma_20_180_w1.00,0.08434706362875066,0.008447043545528388,-0.7758047396945154,11,108434.70636287508,0.07106060797875036,-0.7260505975588556,0.003925560453750698,-0.6960719353621544,6
ma_stop_20_90_s0.20_w0.10,0.08375299529530067,0.008389640151808209,-0.1820909630331025,37,108375.29952953006,0.09414943029169986,-0.1449032417001285,-0.020167466945099632,-0.09198677991634407,19
ma_stop_40_180_s0.10_w0.50,0.08374374142875363,0.008388745749930315,-0.5141637715486309,54,108374.37414287537,0.34799701657500126,-0.44020479283972525,-0.20268075347944847,-0.4313192372208966,33
ma_10_250_w0.10,0.08356127645000044,0.008371108802623928,-0.15427268030625868,12,108356.12764500004,0.10883034703910033,-0.15402726251536836,-0.022911090063699624,-0.14889875867551203,8
ma_stop_20_250_s0.20_w0.10,0.08350521834759994,0.008365689728117687,-0.1226967630761298,28,108350.52183476,0.1053145031064997,-0.08519602087908261,-0.02772112058289955,-0.11879444180952244,15
ma_stop_20_120_s0.20_w0.10,0.08343879752990047,0.008359268576214607,-0.18385044679640017,35,108343.87975299005,0.08608513828740039,-0.14885368452220035,-0.006012585616399613,-0.08614753017456096,18
ma_20_90_w0.25,0.08332250802400032,0.008348025579914653,-0.4312675695567304,23,108332.25080240003,0.08581757326610018,-0.3583803219610675,-0.02212549175899936,-0.24227918587300176,11
ma_stop_30_180_s0.12_w0.15,0.08302247693320042,0.008319013251169016,-0.2601144660674384,48,108302.24769332005,0.11975453923059987,-0.19397843385530628,-0.027256654499499433,-0.1429474432287155,28
ma_stop_40_180_s0.20_w0.15,0.08237982615759964,0.008256846129158335,-0.21759289413135782,29,108237.98261575997,0.13186099644189997,-0.184713326433848,-0.038771177405599766,-0.15518454101192553,17
breakout_60_40_s0.15_w0.50,0.08167425886300195,0.008188554644005919,-0.4977556250456871,17,108167.42588630019,0.5848544581217505,-0.2641183515362463,-0.31285251313714935,-0.3158545373877977,11
ma_stop_20_120_s0.05_w0.10,0.08118733841160242,0.008141402587332092,-0.14204937284798486,128,108118.73384116024,0.10496065826840062,-0.10606454719990428,-0.025522854576799037,-0.09445664190809815,77
ma_stop_20_90_s0.08_w0.25,0.08115312958410192,0.008138089181823016,-0.3668821170421317,87,108115.31295841018,0.18985616666170047,-0.27412990919975494,-0.0933502363437988,-0.24553838092373864,51
ma_10_60_w0.25,0.08104063256010119,0.00812719225987224,-0.39792888543717286,33,108104.06325601012,0.09133907492510063,-0.31049364020216264,-0.013445080311099922,-0.18474708650504185,17
breakout_60_20_s0.15_w0.67,0.08091185734125284,0.008114717317925901,-0.5867156965085115,17,108091.18573412528,0.7835500434937515,-0.31806351048768594,-0.3918359250961492,-0.3954072010678223,11
ma_stop_40_180_s0.08_w0.10,0.08089997631410162,0.008113566290834706,-0.1320382264444459,70,108089.99763141017,0.10317476261160041,-0.11079153736957097,-0.018656278614199828,-0.10206738803605644,45
ma_stop_10_120_s0.20_w1.00,0.08041598969625552,0.008066668304446134,-0.814883057641307,34,108041.59896962556,-0.008107352808747414,-0.7013407240921353,0.09273805939125346,-0.5510883654085346,18
breakout_40_20_s0.15_w0.50,0.08018678435625182,0.008044451887720294,-0.5249894541218361,21,108018.67843562519,0.7930564284825006,-0.2115060791162938,-0.3973837847636994,-0.4000165070344779,15
ma_60_120_w0.10,0.07962264813600028,0.007989753288925483,-0.20310498107129715,14,107962.26481360002,0.07963621713650015,-0.1594685821564377,0.007205704450300221,-0.1349591044120633,7
ma_stop_40_250_s0.08_w0.25,0.07951473794570241,0.007979287408128366,-0.2595801266785936,63,107951.47379457024,0.06678828285040095,-0.15459157925316186,0.010260053775101197,-0.25568874473349096,38
ma_60_250_w0.25,0.0794409465756003,0.0079721300680613,-0.2590177657995823,4,107944.09465756002,0.028935204606800102,-0.1914967890021601,0.05461746115940014,-0.26133881253023783,3
ma_stop_20_250_s0.05_w0.10,0.07896709677040148,0.007926158901652602,-0.12584384739763876,107,107896.70967704015,0.12607741746910084,-0.07966770644477565,-0.04502299782649921,-0.12200176833524493,62
ma_stop_20_60_s0.08_w0.10,0.07887351936770082,0.007917078226827856,-0.16002322544635442,92,107887.35193677008,0.15878199438179985,-0.09839244528375746,-0.07693714207739977,-0.10924713094266213,57
ma_stop_30_90_s0.05_w0.50,0.07872379300260968,0.007902547434266438,-0.5835380472466279,126,107872.37930026097,0.22610379640635458,-0.4802333225650962,-0.12215326956414474,-0.3379855169837814,78
breakout_60_20_s0.20_w0.10,0.07848608282790015,0.00787947418887991,-0.14448913208390454,15,107848.60828279002,0.13173735055500013,-0.09950620173318432,-0.049652314073999615,-0.05222098950757712,9
ma_30_250_w0.15,0.07841547628930012,0.00787261991488708,-0.21034103031334872,7,107841.54762893001,0.04797109729499982,-0.16918659699030583,0.025056618249400087,-0.20431266761578717,4
ma_20_90_w0.20,0.0782530763274003,0.007856853080413728,-0.37569522372810193,23,107825.30763274003,0.07246998659030024,-0.31328085385523863,-0.0008698799781000632,-0.20328208202122997,11
ma_stop_40_60_s0.05_w0.50,0.07823101788515974,0.007854711340590681,-0.5213166812447269,132,107823.10178851598,0.46801537230890333,-0.380960549524197,-0.26584444327099477,-0.47274454192917065,86
price_ma_120_w0.10,0.07816441607350089,0.007848244473783739,-0.2317504440871407,56,107816.44160735009,0.011301789904400339,-0.18971679684416484,0.04682024629170001,-0.09566273427952617,26
ma_stop_10_60_s0.15_w0.10,0.07732455170740082,0.0077666650414247584,-0.15724325879231651,55,107732.45517074008,0.10792217212580035,-0.11099006989531461,-0.02381015834900002,-0.0725942233595324,32
ma_stop_40_60_s0.15_w0.50,0.0773032087296035,0.007764591168970325,-0.5536981839214569,49,107730.32087296035,0.34353100922085145,-0.45588759325533174,-0.19774983727954876,-0.4444764907376924,31
ma_stop_40_180_s0.20_w0.33,0.0770425128090011,0.007739256676131401,-0.41198258607183696,29,107704.2512809001,0.2244239471082503,-0.3493336341182568,-0.11834438062199859,-0.32517414086638197,17
ma_stop_30_60_s0.20_w0.25,0.07632136636935227,0.0076691468540106555,-0.39596238175743065,36,107632.13663693523,0.3156991402437508,-0.27396086124411706,-0.18420775801769929,-0.273390863991257,22
breakout_60_20_s0.15_w0.10,0.07630516115090025,0.007667570899913434,-0.143189105103899,17,107630.51611509002,0.15511309249970018,-0.08045272083192123,-0.06416448246329964,-0.06491694899023616,11
ma_stop_30_90_s0.20_w0.50,0.07619981313620272,0.007657325309115226,-0.6452880515503816,34,107619.98131362027,0.08820521672575143,-0.5444396820030991,-0.00012062644069843476,-0.30173629731275686,19
ma_20_250_w0.25,0.07595086608720014,0.007633110463858284,-0.329912919438679,10,107595.08660872001,0.14478768615409998,-0.267145462777291,-0.055913180176699995,-0.3305957135942293,6
ma_stop_30_250_s0.08_w1.00,0.07594449305626538,0.007632490499227096,-0.7303331118136747,65,107594.44930562653,0.3376878631425049,-0.5393148247808188,-0.18692745083999374,-0.7290966974707014,39
ma_stop_30_60_s0.15_w0.15,0.07581913638780113,0.0076202952086137365,-0.2777854614296371,48,107581.91363878011,0.22340690730920065,-0.18777830483164645,-0.11810722848159949,-0.16277136509831516,30
breakout_90_60_s0.20_w1.00,0.0755201464875026,0.007591202913098449,-0.7179986753401423,11,107552.01464875026,1.5101296565062503,-0.3471734963589751,-0.5679829707106989,-0.5686455661664583,9
ma_stop_20_60_s0.15_w0.20,0.07518980000385134,0.007559051132765893,-0.3457509550812119,51,107518.98000038513,0.2749387270603503,-0.22531769104562632,-0.15875894757659959,-0.2235357937987931,30
ma_stop_30_250_s0.05_w0.67,0.07470605259001228,0.007511953254840664,-0.5723816739540664,106,107470.60525900123,0.33471599016375486,-0.4396001161255319,-0.19093309793999413,-0.5715369346361013,61
ma_stop_20_250_s0.20_w0.67,0.07458195332250384,0.0074998678293278775,-0.6126091731814183,28,107458.19533225038,0.45630541987875195,-0.40247105133248195,-0.2630237759662486,-0.6110905619300977,15
ma_stop_30_60_s0.20_w0.10,0.07429950369890048,0.007472356767512345,-0.18103919652152833,36,107429.95036989005,0.14785333471660023,-0.130543498894726,-0.0690133603455998,-0.11244980083838736,22
ma_stop_30_250_s0.05_w0.10,0.07421666092850177,0.007464286514921925,-0.10811843798012555,106,107421.66609285017,0.07987002641610075,-0.0781795025639489,-0.008913522671199603,-0.1040799504738833,61
ma_20_40_w1.00,0.07366812072750362,0.007410835572289276,-0.6844026772687213,31,107366.81207275037,0.7384444848787508,-0.4206844433570648,-0.37593400294124835,-0.6812599467669501,18
ma_stop_20_60_s0.05_w0.25,0.07353096793980463,0.007397467284023795,-0.35858418594576863,135,107353.09679398047,0.36613337380190125,-0.18556525724813935,-0.2102011521965974,-0.2611470748013197,82
ma_20_250_w0.67,0.07344498885750039,0.007389086118600563,-0.6167072191198657,10,107344.49888575003,0.3580126791637501,-0.46005413737266415,-0.2042715413699998,-0.6130894684205389,6
ma_stop_30_180_s0.10_w0.10,0.07313592903900057,0.007358954270452411,-0.15941500029915076,56,107313.59290390005,0.10037085678340008,-0.11978223483826916,-0.025104525879800055,-0.09129464433613554,33
ma_stop_30_60_s0.08_w0.33,0.07285056750495444,0.007331125985545528,-0.46545707728946467,84,107285.05675049545,0.5073209079151022,-0.27036486421716954,-0.2794200820915984,-0.3588327913905769,54
ma_stop_30_60_s0.15_w0.10,0.07282516472320011,0.007328648400065418,-0.19590252775177464,48,107282.51647232001,0.1623167578664002,-0.1355078314259622,-0.07868820279180011,-0.11140458775253426,30
ma_stop_40_250_s0.08_w0.33,0.07270125280325335,0.007316562262299042,-0.3294956667536707,63,107270.12528032533,0.07588379647360144,-0.19728995008664782,0.001966309362202434,-0.3282452333792001,38
ma_30_120_w1.00,0.07193206990125112,0.007241509595946383,-0.8309720577292593,15,107193.20699012511,0.38547873394875,-0.6477415254119808,-0.22262440955624896,-0.5248391945162492,8
ma_stop_30_60_s0.15_w0.20,0.07184940267955064,0.007233440508081834,-0.348979464960526,48,107184.94026795507,0.28230718953525025,-0.2329127376210031,-0.15948950891119962,-0.22055035160632858,30
ma_stop_20_120_s0.15_w0.15,0.07145455198885142,0.007194891721964858,-0.26932013501399,45,107145.45519888515,0.1107303884223505,-0.2061026838093031,-0.016501165791099615,-0.12454875484656916,24
ma_stop_40_60_s0.08_w0.50,0.0710579230821573,0.007156156512257983,-0.5534848306620845,88,107105.79230821574,0.3722940324284034,-0.44749586613206616,-0.2167132477385475,-0.4601682800944368,56
breakout_40_20_s0.20_w0.15,0.07104936353850011,0.007155320436243784,-0.2289498411947679,19,107104.93635385,0.20851474459100006,-0.1307192562378785,-0.11281036900959984,-0.1138264447781787,13
ma_stop_20_60_s0.15_w0.15,0.07100958368960075,0.007151434755951591,-0.2806077530436576,51,107100.95836896008,0.2163095272718003,-0.18395053926767752,-0.11850078586469948,-0.1699613829357292,30
ma_stop_20_90_s0.15_w0.33,0.07092419849565146,0.0071430939263998905,-0.47575827418252836,50,107092.41984956514,0.20875580055830123,-0.3653130200792549,-0.11322695719819875,-0.2784116893919712,27
ma_stop_40_250_s0.12_w0.33,0.0706861674868009,0.007119838785040855,-0.32160671426039594,38,107068.61674868008,0.023747725997900204,-0.2276588389232764,0.05279323314125062,-0.31690745461552616,20
ma_stop_20_60_s0.15_w0.10,0.06949763349189997,0.007003652084548451,-0.19803458940157162,51,106949.76334919,0.15889994070819968,-0.13158116940655276,-0.07545608833869988,-0.11307017260535371,30
ma_stop_40_250_s0.12_w0.25,0.06945064695860093,0.00699905647720489,-0.25091206592197046,38,106945.06469586008,0.025796907699300542,-0.1783052772036976,0.044214934181900034,-0.2450430505777916,20
ma_stop_40_180_s0.12_w0.10,0.06927780763430036,0.0069821500409601445,-0.14648348565683567,46,106927.78076343003,0.08493307312220022,-0.12289385437973803,-0.007138765678099901,-0.09343644755817718,27
ma_stop_20_120_s0.15_w0.10,0.06881452485580009,0.006936821530854065,-0.1894160181183094,45,106881.45248558001,0.08933788007389998,-0.14484322522415455,-0.014779634360099991,-0.08295775209699982,24
breakout_40_20_s0.15_w0.10,0.06851991404180025,0.0069079870625772255,-0.151658106290849,21,106851.99140418002,0.17194684394339999,-0.06954321407386185,-0.08889139373309973,-0.0896239783762047,15
ma_stop_30_180_s0.12_w0.33,0.06833548763100117,0.0068899330553220395,-0.49079323759840493,48,106833.54876310012,0.17990165305835015,-0.37957222428288656,-0.08766840766039863,-0.2927817638139274,28
ma_stop_40_250_s0.12_w0.20,0.06811845250360049,0.006868683313702162,-0.20373430785583632,38,106811.84525036006,0.02387067887509997,-0.14356762586668348,0.03436233031110092,-0.20251989850265767,20
breakout_60_40_s0.15_w0.10,0.06794066413119992,0.006851273308311923,-0.14480394335900543,17,106794.06641312,0.1477042929154999,-0.08093003810303964,-0.06628128234449959,-0.06703204684044353,11
ma_stop_20_60_s0.08_w0.25,0.06744503715775285,0.006802725100270246,-0.36856213203311916,92,106744.50371577528,0.3179020423428507,-0.22186642129687473,-0.1954464149263987,-0.2691926016976758,57
ma_10_60_w0.20,0.06684545842350031,0.006743967486366076,-0.33909045442272073,33,106684.54584235002,0.08139364804980032,-0.2646537151415496,-0.00909644117740016,-0.15098391160591054,17
ma_60_250_w0.20,0.0664733648153002,0.006707488114112703,-0.22166400423264576,4,106647.33648153003,0.022713375048200035,-0.15574478013004817,0.04375998976710016,-0.2254025197597924,3
ma_stop_20_180_s0.05_w0.50,0.06620494783500974,0.006681165925481958,-0.5083023588083343,112,106620.49478350097,0.271905902628754,-0.4219058035031621,-0.15946234379154545,-0.4884026023925897,70
ma_stop_30_180_s0.08_w0.33,0.0660530741630041,0.006666269872533048,-0.44615122759158143,72,106605.3074163004,0.24485778883545195,-0.34617105482698773,-0.14241546136049843,-0.326832648562832,46
ma_20_90_w0.15,0.0659995261505999,0.0066610173301637765,-0.3013614045988635,23,106599.95261506,0.072295230795,-0.25151292626500343,0.003278520778700278,-0.15612637442792693,11
ma_stop_30_180_s0.15_w0.20,0.06505322902735022,0.006568155699364642,-0.32160030724427024,36,106505.32290273503,0.13586833008275034,-0.25598078278562086,-0.06336267970779985,-0.1962632715727384,21
ma_stop_10_90_s0.12_w0.10,0.06440393251740018,0.00650439642795364,-0.17432941903330992,60,106440.39325174002,0.09579127946260058,-0.13058795600765277,-0.03863026295259975,-0.0745563003224925,34
breakout_40_20_s0.20_w0.20,0.06437238118870092,0.006501297279561946,-0.2991178448235881,19,106437.2381188701,0.2629171441523004,-0.16944692507872022,-0.1541591030546997,-0.1555603755517667,13
ma_10_60_w0.33,0.06419474355375154,0.006483847178471613,-0.4647918216797957,33,106419.47435537516,0.08980499139860076,-0.36049703774082326,-0.03207420552839957,-0.23258069701408632,17
ma_stop_20_90_s0.15_w0.10,0.0638475423642002,0.006449732589438595,-0.1869164818509984,50,106384.75423642002,0.09601184019810005,-0.14213778734700536,-0.026057573442699766,-0.08641612461484814,27
ma_stop_20_60_s0.10_w0.33,0.06377037739555269,0.006442149315629031,-0.4639518748858291,71,106377.03773955528,0.4076291093980513,-0.29244616468985574,-0.24200688119399827,-0.34353319134173016,43
ma_20_250_w0.20,0.06367445136250027,0.0064327216384891805,-0.2791583535673486,10,106367.44513625003,0.11797058801670013,-0.22942974000086025,-0.043560778044999804,-0.2820122882707506,6
ma_stop_30_90_s0.10_w0.67,0.06325338751875531,0.006391330177285104,-0.7246891857740733,67,106325.33875187553,0.09209722479750315,-0.6239826780948482,-0.02529024775874711,-0.3564715102258712,39
ma_10_60_w0.15,0.06304371322599978,0.006370713274677753,-0.273848748988361,33,106304.37132259998,0.06684494484329973,-0.2143566293965025,-0.003335019931599792,-0.1160509218757617,17
breakout_40_20_s0.20_w0.25,0.06300896244850107,0.006367295940126638,-0.35503198459916163,19,106300.8962448501,0.3173330187592003,-0.201986355105647,-0.1917906327022998,-0.19354244757763428,13
ma_stop_30_180_s0.15_w0.25,0.0626108499964515,0.006328139068885852,-0.37867111297960004,36,106261.08499964514,0.16097296252185078,-0.3033312219284544,-0.08123029287359973,-0.24252928731979193,21
ma_stop_20_120_s0.15_w0.33,0.06250539334900118,0.006317764539907733,-0.4899010180514045,45,106250.53933490011,0.1474921155741007,-0.38304886013730943,-0.06735836842099918,-0.2702090313445764,24
ma_stop_20_180_s0.10_w1.00,0.062192330460010714,0.006286960855064416,-0.7497838605762036,54,106219.23304600107,0.21038626776375424,-0.6905051969579711,-0.11884765390874497,-0.6807807735861584,31
buy_hold_w0.67,0.061991918000000146,0.00626723708799215,-0.5758101748587321,1,106199.19180000002,0.006231918000000114,-0.5320877773919447,0.04885715636000021,-0.5022861248067365,1
ma_stop_10_90_s0.12_w0.15,0.06141827837250058,0.00621076340093385,-0.25367579228002485,60,106141.82783725005,0.11471325725080073,-0.19205988663466853,-0.051626282895599895,-0.11484981650098583,34
ma_20_90_w0.10,0.06122390649550047,0.006191621670040837,-0.21212814425545345,23,106122.39064955006,0.05397876474530028,-0.17577685842356233,0.007146291548100203,-0.10601797032609628,11
ma_stop_30_60_s0.10_w0.33,0.06104520107435274,0.006174019998441471,-0.47158643251119897,68,106104.52010743527,0.43679685723225115,-0.30294789571458847,-0.26273224122959826,-0.32946374041170223,43
ma_stop_20_60_s0.20_w0.15,0.06096747247530021,0.006166363255727392,-0.2647570303370706,39,106096.74724753002,0.17679914390649976,-0.18533400458653287,-0.09319022417459955,-0.17081735012643812,22
ma_20_250_w0.15,0.060599638905099784,0.006130122578439812,-0.21192211441345513,10,106059.96389050999,0.08999495769069998,-0.18572783421564693,-0.032736220095599844,-0.2129726126211822,6
ma_stop_30_180_s0.12_w0.10,0.06013909604130108,0.006084731866963011,-0.17892289702646197,48,106013.90960413011,0.08528895856680041,-0.13239883920122197,-0.01797349908399959,-0.09106140599474047,28
ma_stop_40_180_s0.08_w0.50,0.059349859335005695,0.006006904267067181,-0.5178696318178948,70,105934.98593350057,0.3291289046662522,-0.44923637846434183,-0.2011438367954982,-0.4670996669635771,45
ma_stop_40_250_s0.10_w0.20,0.05905394302760114,0.005977710203177056,-0.21226002303494262,46,105905.3943027601,0.07034251992530005,-0.11898513881012601,-0.01378085467229917,-0.21235565911495413,26
breakout_40_20_s0.20_w0.10,0.05876275514500007,0.005948975492531705,-0.15940471592063327,19,105876.27551450001,0.14377834755069996,-0.09235098058791479,-0.07523293643269946,-0.07597650327485077,13
ma_stop_30_180_s0.20_w0.20,0.0586957363086511,0.005942361004390495,-0.3309362211425432,29,105869.57363086511,0.1276740385151507,-0.26141446209195807,-0.06522859394109992,-0.19738882871511487,17
ma_stop_40_250_s0.12_w0.15,0.058284330544800866,0.005901748695694042,-0.14925453480027157,38,105828.43305448009,0.028097976445900175,-0.10979098845051988,0.030680886622900472,-0.1509325657919591,20
breakout_60_20_s0.20_w0.50,0.05822835698470086,0.005896222119471162,-0.5264661556977476,15,105822.8356984701,0.41806621801345023,-0.36766283378533754,-0.25250520094949924,-0.2557708717943829,9
ma_20_120_w0.25,0.05773383038615032,0.005847383415048313,-0.44738983126076215,18,105773.38303861502,0.04100753315200012,-0.3798524205997338,0.01741275284960042,-0.2582648230003715,9
ma_60_120_w1.00,0.05759124710625163,0.005833298304077417,-0.7822815608899111,14,105759.12471062517,0.4159209101287511,-0.587141482554585,-0.25537228616249874,-0.6399945926411575,7
ma_stop_40_250_s0.08_w0.15,0.057468161002801166,0.005821137856020009,-0.15854729352596642,63,105746.8161002801,0.047463730026400475,-0.09227673737003907,0.011222231212301148,-0.15597024818555866,38
ma_stop_40_180_s0.15_w0.10,0.05722807519959994,0.005797414623468278,-0.14396590385618793,34,105722.80751996,0.08437464135340011,-0.12335447099588089,-0.025681388266500016,-0.0998193082046029,20
ma_stop_30_180_s0.08_w0.10,0.0571092765671013,0.0057856741697739356,-0.15933374040167186,72,105710.92765671012,0.10047185935149994,-0.12018369473103586,-0.022097554051199952,-0.09947534401274906,46
ma_stop_10_90_s0.12_w0.20,0.05662417065550107,0.005737720572995153,-0.321847788697307,60,105662.41706555011,0.13365535832230035,-0.24371413382066923,-0.06576733214029806,-0.14635122658217997,34
ma_stop_20_120_s0.12_w0.50,0.05634542759065342,0.005710157391007442,-0.6355608059157148,56,105634.54275906534,0.08559912393090174,-0.5211726230109396,-0.023706123998548767,-0.36735862500792027,31
ma_stop_30_60_s0.15_w0.25,0.05614692415270306,0.00569052463694919,-0.4136736120743705,48,105614.69241527031,0.32978810274500203,-0.2759924532342003,-0.20201202818679975,-0.27640083576949304,30
breakout_40_20_s0.20_w0.33,0.056114493566150836,0.005687316812871268,-0.4335761151987522,19,105611.44935661508,0.4054915000914503,-0.24788274877951413,-0.24500151221229927,-0.24715164627645306,13
ma_stop_40_250_s0.15_w0.25,0.055699716021001766,0.005646281912120132,-0.2427784117136322,28,105569.97160210017,0.042171163734800565,-0.18692920363445517,0.006722727127100425,-0.24087315036845083,15
ma_stop_20_120_s0.05_w0.33,0.05559179888260668,0.005635603051820315,-0.41222280388809435,128,105559.17988826067,0.19746398284065236,-0.3202922030563274,-0.10787691348779593,-0.29632216038493053,77
breakout_60_10_s0.20_w1.00,0.05550640275375285,0.005627152047885886,-0.6994174692766985,16,105550.64027537528,1.0665954245700004,-0.39178886910908745,-0.4861855108012487,-0.5069277886726676,10
breakout_90_20_s0.15_w1.00,0.055439177332503586,0.005620498829344678,-0.723263904374352,13,105543.91773325036,1.6794341949937506,-0.3014300937264606,-0.6009171823770489,-0.6015292657985373,11
ma_60_250_w0.15,0.054249503472399985,0.005502695378911682,-0.17955272728638977,4,105424.95034724,0.016491545489599968,-0.11739075837613576,0.032272414176899966,-0.16784270515806846,3
ma_stop_20_90_s0.08_w0.33,0.05417702786230505,0.005495514876442176,-0.44789462547282705,87,105417.70278623051,0.20533347416290249,-0.338918087360432,-0.13562159557089826,-0.31516068120205337,51
ma_stop_20_60_s0.20_w0.10,0.05410903373079967,0.005488777973102099,-0.18100065009849772,39,105410.90337307997,0.12353269941219946,-0.1276441621839867,-0.06514161711089983,-0.11695189411246791,22
ma_stop_20_60_s0.15_w0.25,0.05359867382590244,0.005438198742691025,-0.41399352059964406,51,105359.86738259024,0.3138204978469008,-0.2706300492063256,-0.1973752734936992,-0.27191673469989347,30
ma_stop_30_180_s0.20_w0.15,0.05349209421580059,0.005427633396736908,-0.2609442725376855,29,105349.20942158006,0.10491534600740016,-0.2037563664666366,-0.04628212219149941,-0.1502846328032392,17
ma_stop_40_180_s0.20_w0.10,0.05321405915249988,0.005400066986751995,-0.14929273417709965,29,105321.40591524998,0.08591243039639984,-0.12208604175366507,-0.02913683557149993,-0.10342130626011875,17
ma_stop_40_250_s0.10_w0.25,0.05262841177290167,0.005341980322207895,-0.2588771620378512,46,105262.84117729016,0.07776370945860056,-0.1474742292499888,-0.018749289417199222,-0.2568931176471945,26
ma_20_250_w0.10,0.05256688161520029,0.005335875853424987,-0.15236051482780189,10,105256.68816152003,0.06201932736470006,-0.13449171813936267,-0.018570760836199574,-0.14875407952824088,6
ma_stop_30_180_s0.15_w0.15,0.05242816658090077,0.005322112622280439,-0.25221685783606596,36,105242.81665809007,0.11008979060460056,-0.1999945196432774,-0.03574651145759966,-0.1456432957999014,21
ma_20_120_w0.10,0.05233289374520078,0.0053126587610152765,-0.22644916839419363,18,105233.28937452007,0.03104218723150054,-0.19198990223909973,0.008979369789100522,-0.11193636033062046,9
ma_stop_10_90_s0.12_w0.25,0.05176560683570153,0.005256351366212497,-0.38736784481127773,60,105176.56068357015,0.13824889619400071,-0.2974652237062931,-0.08243816098089884,-0.1825070271142584,34
ma_20_90_w0.33,0.051577075948600726,0.005237632264707637,-0.5135640038916255,23,105157.70759486008,0.09094771212110064,-0.4291150044867874,-0.025929968963249728,-0.30377499134597924,11
ma_20_120_w0.15,0.05143691618070023,0.005223713949108255,-0.31048623592019065,18,105143.69161807002,0.034482694023100224,-0.262279147628024,0.02126717293949998,-0.17132680742243694,9
ma_stop_30_180_s0.20_w0.25,0.051422305734251106,0.005222262989110549,-0.3946411221879619,29,105142.23057342511,0.14838461415075077,-0.3110042128977888,-0.08413754994339995,-0.243401259633979,17
ma_stop_20_250_s0.05_w0.50,0.05096891943001003,0.0051772283197755176,-0.5200992500248892,107,105096.891943001,0.46488766471875476,-0.35053975151133504,-0.28284893365714614,-0.5161259345513272,62
ma_30_250_w0.10,0.05041102423840016,0.005121788928874826,-0.14736312495013204,7,105041.10242384001,0.030816107158400108,-0.11275144872472286,0.01959491708000005,-0.1511592145259574,4
ma_stop_40_250_s0.10_w0.15,0.05026059665210103,0.0051068360602863905,-0.16318041054578827,46,105026.0596652101,0.05289492786100025,-0.09108397587946768,0.0008175246908008749,-0.15559656668926153,26
ma_20_120_w0.20,0.04984446622140104,0.005065461681363459,-0.3859838371653287,18,104984.4466221401,0.042534232872700306,-0.32824150527308005,0.02047997773840038,-0.21764937232530746,9
ma_stop_30_60_s0.05_w0.33,0.04969086246855636,0.005050185689129405,-0.45358019728391524,130,104969.08624685564,0.4987220019094021,-0.23908444944138832,-0.2964233552177964,-0.35892806073736777,86
ma_stop_10_90_s0.10_w0.10,0.049678123953900144,0.005048918745686137,-0.16342393375002734,72,104967.81239539002,0.09882558169379996,-0.12065168648572494,-0.049445231239899745,-0.0690357599517084,41
ma_stop_40_180_s0.05_w0.15,0.04899745123190202,0.004981200552362397,-0.18672780082886628,112,104899.74512319021,0.13493465622150103,-0.14915836395103296,-0.06911634857189841,-0.16347719757217416,70
ma_stop_30_180_s0.15_w0.33,0.048412773950300414,0.004923001226833756,-0.4641840358715587,36,104841.27739503003,0.18558021085205056,-0.37652173024064123,-0.11536338141349867,-0.3085310958413525,21
ma_stop_20_60_s0.20_w0.20,0.04816117694600175,0.0048979480735662495,-0.33418440233027985,39,104816.11769460018,0.2063793770073008,-0.234733338728019,-0.13050235279509959,-0.22992421643112193,22
ma_stop_20_90_s0.12_w0.50,0.048127976966904296,0.004894641732830385,-0.6144113614994932,60,104812.79769669042,0.18211222722310194,-0.49387866050107965,-0.1080979087636984,-0.40323685559909317,33
ma_stop_20_60_s0.20_w0.25,0.04799769332275172,0.004881666055176481,-0.39407633982104456,39,104799.76933227517,0.25307583337175044,-0.27683503700169787,-0.16297120797919906,-0.2727509721779428,22
ma_stop_40_250_s0.15_w0.33,0.04795745007600072,0.004877657712670791,-0.3130922161360188,28,104795.74500760007,0.04536652179975054,-0.2381788662707169,0.0005928383157005612,-0.3116176339465987,15
ma_10_60_w0.10,0.04789493330680017,0.004871430590017933,-0.19988898955249915,33,104789.49333068002,0.04915592350140008,-0.15814480684028523,0.005321843148800021,-0.07416913333171683,17
ma_stop_20_60_s0.12_w0.50,0.04759866357110343,0.004841915452188816,-0.5877334375956725,62,104759.86635711035,0.4585890408686013,-0.42815340129855706,-0.2762228362039483,-0.44829927108879025,37
ma_stop_40_250_s0.10_w0.33,0.04752606285705263,0.0048346816449915675,-0.3310873439175942,46,104752.60628570526,0.08804771219055119,-0.19004483497566446,-0.04219985256869896,-0.33191131562041876,26
ma_stop_20_60_s0.05_w0.33,0.04697090030990969,0.004779351369357476,-0.44290313570542034,135,104697.09003099096,0.43788837995510344,-0.23717415695672656,-0.2727689057119962,-0.3333874292560523,82
buy_hold_w0.50,0.046871938,0.004769485529709128,-0.47880021557310365,1,104687.19380000001,0.004711938000000027,-0.4178934499432395,0.03574913879999997,-0.42593715011873523,1
ma_stop_40_250_s0.12_w0.50,0.04616717613385313,0.0046992015967080025,-0.44460310497755073,38,104616.71761338532,-0.0052978060386486,-0.324668328383468,0.046990307520001995,-0.4444045008259278,20
ma_stop_10_120_s0.15_w1.00,0.045439697160005954,0.004626607633088309,-0.8178047811799194,43,104543.9697160006,0.02214848610000386,-0.6922306788003787,0.02319131909250327,-0.5431126968513273,23
ma_stop_10_90_s0.10_w0.15,0.04460348708020079,0.00454310762275556,-0.23789934924988979,72,104460.34870802009,0.12193983079650095,-0.17742591608863273,-0.07509759081669998,-0.1100199197924766,41
breakout_60_40_s0.20_w0.67,0.04431814013250235,0.004514600509340605,-0.6445760231598644,14,104431.81401325023,0.6015448940962509,-0.45492907431878926,-0.34597960271194916,-0.34982015730272825,9
ma_stop_30_60_s0.20_w0.33,0.04413635712965269,0.0044964361400090525,-0.47956870063328955,36,104413.63571296528,0.374572640423551,-0.3292892600491217,-0.233773298969999,-0.3432042034824024,22
ma_stop_10_250_s0.05_w0.67,0.043875532057517486,0.004470368670383307,-0.6388539257961886,114,104387.55320575176,0.8072693996737565,-0.4415087448085342,-0.41978478961439436,-0.6371172909101083,68
ma_stop_40_250_s0.08_w0.50,0.04370309438625486,0.004453131639813979,-0.4589559634124428,63,104370.3094386255,0.07892471866500128,-0.289180397643593,-0.029882757937497506,-0.4573810255999366,38
ma_5_90_w0.15,0.04306940028530004,0.004389765056376227,-0.32599197906181876,35,104306.94002853,0.052437281726699814,-0.2618872343072571,-0.008100416796499532,-0.12488109234381611,20
ma_stop_40_250_s0.05_w0.20,0.04255453423400346,0.004338255341575392,-0.20369126889413514,105,104255.45342340035,0.0494491709224012,-0.15439312321625023,-0.01877836028909896,-0.20948902311449213,59
ma_stop_30_180_s0.20_w0.10,0.04253203368659997,0.0043360037570674415,-0.1807134585779586,29,104253.20336866,0.07347723972349973,-0.14190175660535453,-0.03111957373139984,-0.09851893375549964,17
ma_stop_40_250_s0.05_w0.25,0.04246381162730284,0.004329176646659549,-0.2584152631912009,105,104246.38116273028,0.06508137415390092,-0.1879716407591277,-0.01586769319879766,-0.25081835075383535,59
ma_stop_10_250_s0.08_w1.00,0.04242330816752049,0.00432512319947409,-0.7760016635871613,70,104242.33081675206,1.0554350228662583,-0.4539618411481087,-0.48818275739999284,-0.7739141446001715,44
ma_stop_40_180_s0.05_w0.20,0.04228650482080276,0.004311431346776695,-0.2450412780028236,112,104228.65048208028,0.1594736984726004,-0.1950583977515446,-0.10533661490339785,-0.22068250107738638,70
ma_stop_30_180_s0.15_w0.10,0.0417394755481002,0.0042566662634522245,-0.17631246456596353,36,104173.94755481002,0.0740744957606998,-0.14142124442368748,-0.02730433527539966,-0.09555889361594423,21
breakout_60_10_s0.15_w1.00,0.041302133876252256,0.004212863862753213,-0.6935386864239409,17,104130.21338762522,1.0665954245700004,-0.39178886910908745,-0.49289810470874895,-0.4973097058551669,11
ma_stop_40_250_s0.08_w0.10,0.040350773359801195,0.0041175224156726475,-0.10489813254012528,63,104035.07733598011,0.038166760742700534,-0.06319961242827868,0.007943777537000152,-0.10352224097297459,38
price_ma_120_w0.50,0.039416607296802075,0.0040238280715019226,-0.6453607883952265,56,103941.66072968021,-0.07524775005399864,-0.5336560021656246,0.11847039969670159,-0.3374082271620546,26
ma_stop_10_60_s0.12_w0.67,0.03906541608355618,0.003988585019537583,-0.6297444005441625,65,103906.54160835562,0.1496164323898026,-0.4619032015073788,-0.09538220264624686,-0.39918296572570544,37
ma_stop_40_250_s0.15_w0.20,0.03889931442990102,0.00397191252076623,-0.19772437001007753,28,103889.9314429901,0.03850716716520042,-0.15238346346443346,0.008237629120900092,-0.19796004306735962,15
ma_stop_40_180_s0.05_w0.25,0.03843948350800508,0.003925744403501463,-0.3030310838075799,112,103843.9483508005,0.20035864446040264,-0.2379848232953205,-0.12929351919599852,-0.26680295309230273,70
ma_stop_10_90_s0.10_w0.20,0.037050916841801174,0.0037862177360641347,-0.3031984986748705,72,103705.09168418011,0.14418605393430028,-0.22605681301256875,-0.09534524577039893,-0.14298576865055676,41
ma_5_90_w0.10,0.03670451802750008,0.0037513846224406233,-0.23988506437539772,35,103670.45180275,0.04891931965649987,-0.1926890317890132,-0.013925558890199752,-0.0787755071766182,20
ma_stop_10_60_s0.08_w0.50,0.03609253845125737,0.0036898197851222836,-0.4956176063897807,96,103609.25384512573,0.24877152637330235,-0.3521263092896485,-0.1796237191718475,-0.3434830152464702,58
ma_5_90_w0.20,0.03577017191765086,0.0036573767692635872,-0.40239797504750613,35,103577.01719176509,0.06641022236935012,-0.3228348898600915,-0.023733127404199306,-0.1625032952394763,20
ma_stop_40_250_s0.12_w0.10,0.035553843480000236,0.0036356003693167604,-0.10012575981474016,38,103555.38434800002,0.016077385616900086,-0.07339786177052648,0.021397816331300223,-0.09991953715301069,20
ma_20_120_w0.33,0.03513701704125083,0.003593629620857186,-0.5255765761037736,18,103513.70170412508,0.030247853557800353,-0.4480864870232687,0.011955958541650435,-0.32250342755045225,9
ma_stop_10_60_s0.10_w0.50,0.03208715764400338,0.0032860740203148886,-0.49762338501159725,78,103208.71576440035,0.20432591543900136,-0.3419564461436599,-0.13573428475874738,-0.3075131029419307,44
ma_60_250_w0.10,0.03168465871559989,0.0032454241857466926,-0.11862166701151107,4,103168.46587156,0.010269715930999901,-0.07613993677229734,0.02141494278459999,-0.11967185039444748,3
ma_stop_40_250_s0.15_w0.15,0.03150651215470046,0.0032274279776887127,-0.15291931106363663,28,103150.65121547005,0.02922908063370011,-0.11681758231170938,0.005860044709900203,-0.15029953895512302,15
buy_hold_w0.33,0.030226796800000066,0.0030980703371368268,-0.34698223307456294,1,103022.67968,0.0030267967999999534,-0.2816107111526612,0.02382033273600004,-0.3319160604227612,1
ma_stop_10_90_s0.08_w0.10,0.02984398401670063,0.0030593464410195725,-0.17402168458916134,90,102984.39840167006,0.09354144441029999,-0.12244169450414889,-0.056079952062599636,-0.08078005166862703,55
ma_stop_10_90_s0.08_w0.15,0.02950963454610034,0.00302551435618148,-0.2500177594678562,90,102950.96345461004,0.11754429190270055,-0.17726942822473432,-0.0822620277414996,-0.12981131720635342,55
ma_stop_40_250_s0.10_w0.10,0.029366868576800265,0.0030110651830796975,-0.10329781920581771,46,102936.68685768002,0.029371638022700264,-0.06271390564388922,-0.0038618418977999225,-0.10453353423389591,26
ma_stop_20_180_s0.15_w1.00,0.028445438238756227,0.0029177650978753356,-0.7603873455769237,36,102844.54382387563,0.14476645404000354,-0.7054039465635917,-0.10099907634374683,-0.7016909168385196,20
breakout_90_40_s0.15_w1.00,0.02839445241750327,0.0029126003053692173,-0.7303550297949208,13,102839.44524175033,1.6794341949937506,-0.3014300937264606,-0.6105073809487489,-0.6111047556398803,11
ma_stop_40_180_s0.05_w0.10,0.02770067196480186,0.002842298499943663,-0.12977301377622313,112,102770.06719648019,0.08363895771440055,-0.09991192601975028,-0.0450137283637998,-0.1081765302302979,70
ma_stop_10_90_s0.20_w0.15,0.027409212335650635,0.002812751775052247,-0.26246996284995894,37,102740.92123356507,0.09857673929325039,-0.20196622337984274,-0.0632625263448997,-0.12668916865440158,20
ma_stop_40_250_s0.05_w0.10,0.02635641740380179,0.002705962065646661,-0.10403871470720061,105,102635.64174038019,0.031016307323900705,-0.07352798747712168,0.0015584081482007406,-0.10181171125103235,59
ma_stop_10_90_s0.20_w0.10,0.026205138280900098,0.002690609080824524,-0.19043526891500007,37,102620.51382809001,0.07150042117570021,-0.14875229897807235,-0.04476917286929982,-0.08193554260685845,20
ma_5_90_w0.25,0.026052680921750726,0.0026751344673290323,-0.46666514796166964,35,102605.26809217507,0.06123102143865,-0.37688203281773125,-0.03426868914609893,-0.19504515770001088,20
ma_stop_40_250_s0.05_w0.33,0.02585285735185483,0.0026548490034785655,-0.32685852044039715,105,102585.28573518548,0.06256828317290197,-0.2411246113203078,-0.034049556021997884,-0.3256049151574835,59
ma_stop_40_60_s0.12_w0.67,0.025781678910006933,0.0026476223353828487,-0.6686616168225277,59,102578.16789100069,0.25547715648000313,-0.5682260662872244,-0.1863019420762475,-0.5403381823812872,37
ma_40_180_w0.15,0.02562615638429988,0.00263183074248019,-0.2673830623425225,10,102562.61563843,0.05402259237029994,-0.23818787052557205,-0.036390385076700005,-0.19631981198749607,5
ma_30_60_w0.10,0.025152984140899726,0.0025837721334847075,-0.21785223678295917,23,102515.29841408998,0.09251835135030007,-0.1713428607211592,-0.06464877690559978,-0.10706814821963444,13
ma_stop_20_60_s0.15_w0.33,0.024941967381650665,0.0025623334189424085,-0.49788934223167103,51,102494.19673816508,0.3729315036095502,-0.3290599367110355,-0.25748958509019915,-0.3476951463506819,30
ma_stop_40_250_s0.15_w0.50,0.02440508528250218,0.0025077698552014027,-0.43746452054538565,28,102440.50852825021,0.04140423319500064,-0.333733420011235,-0.01831905840374881,-0.4384272733251584,15
ma_stop_10_90_s0.05_w0.10,0.02408561018900124,0.0024752892984098995,-0.15302848636381644,133,102408.56101890013,0.09323629824200053,-0.09732989724511609,-0.06292499902359883,-0.07417892902160332,78
ma_40_180_w0.20,0.02387107744510031,0.002453472977564708,-0.32465193259652564,10,102387.10774451004,0.07423506914900013,-0.28830743690955724,-0.05185808869039976,-0.25081239410200273,5
ma_stop_40_180_s0.20_w0.50,0.02352056279625314,0.0024178195331230334,-0.5476007895281573,29,102352.0562796253,0.2766846857287508,-0.46997611867075983,-0.19925469089144898,-0.45214373390774654,17
ma_stop_40_250_s0.15_w0.10,0.023211121756600006,0.002386334895438935,-0.09868155963050176,28,102321.11217566,0.020742260016599845,-0.0795682789178266,0.00349996440480016,-0.09959632416183782,15
ma_stop_20_60_s0.08_w0.33,0.023038323151204132,0.0023687494761621686,-0.45239256690576907,92,102303.83231512042,0.3594356791427513,-0.2741510472159044,-0.24505682195009793,-0.3397579009681495,57
buy_hold_w0.25,0.02265759760000008,0.0023299942913375116,-0.27568461734222527,1,102265.75976,0.0022575976000001052,-0.21557069622896655,0.017852749552000002,-0.27189819341900795,1
ma_stop_10_60_s0.20_w0.50,0.02227424094185304,0.002290958212324279,-0.5408023995559208,44,102227.4240941853,0.17739417588760142,-0.3949859463755805,-0.13243703701509846,-0.34514491938272257,23
ma_stop_40_250_s0.05_w0.15,0.021246828539303042,0.0021862751080732323,-0.15712071602437622,105,102124.6828539303,0.03857009420190094,-0.11629275316028823,-0.007997155357298724,-0.1563823652368678,59
ma_stop_40_250_s0.20_w0.15,0.020830418248300564,0.0021438201628074527,-0.16262709909893217,23,102083.04182483006,0.020633977313200047,-0.10360355357840846,0.0033615525398005275,-0.15301969149256092,12
ma_30_60_w0.20,0.02082719940610045,0.002143491926593688,-0.371272732347354,23,102082.71994061004,0.17043245058670053,-0.28900228179689647,-0.12904175320429978,-0.21458635606511253,13
ma_stop_30_180_s0.20_w0.33,0.020687827996151542,0.0021292788635038917,-0.4815023420135432,29,102068.78279961515,0.1687428340448005,-0.385566688397893,-0.12002115030959937,-0.30836844791579826,17
ma_30_60_w0.15,0.020514274401700172,0.002111577477931892,-0.30428394938400455,23,102051.42744017001,0.13116117099610003,-0.23641602997112957,-0.09864679440029944,-0.16242713543248724,13
ma_40_180_w0.25,0.020128187592200364,0.0020721893504684896,-0.3869778780417611,10,102012.81875922004,0.09138427805840044,-0.34337262810593505,-0.06489087655489978,-0.29949268539776824,5
ma_stop_20_120_s0.08_w0.50,0.020017596947706773,0.002060904560227783,-0.5919032158975245,83,102001.75969477068,0.1423485793902033,-0.4864389927294579,-0.11300721177494755,-0.418738798345052,50
ma_5_120_w0.67,0.019922790566252457,0.002051229540559474,-0.7114999421609414,30,101992.27905662525,0.14639346291375088,-0.546975885431656,-0.10508001634739772,-0.47099051042879025,18
buy_hold_w0.20,0.018116078080000042,0.0018666997999208235,-0.22958598028602561,1,101811.607808,0.0017960780799999299,-0.17462071129223028,0.01427219964159998,-0.2302617121928644,1
ma_stop_10_90_s0.05_w0.15,0.01686578009980244,0.0017388279326029377,-0.22085601927524892,133,101686.57800998025,0.1193755547113009,-0.144546350112805,-0.09592819240609884,-0.12118285546421959,78
ma_stop_40_250_s0.20_w0.25,0.0168424537779015,0.001736440938491235,-0.252750770406688,23,101684.24537779014,0.0227796822253008,-0.16890251629168043,-0.0041784622652992764,-0.25577300887764576,12
ma_stop_30_60_s0.12_w0.50,0.016840225959304123,0.0017362129621401046,-0.5990580491340609,58,101684.02259593041,0.4950542972943024,-0.4334438721780701,-0.3195513920011479,-0.4624170020515524,36
ma_stop_20_180_s0.12_w1.00,0.016306350108759693,0.0016815676558077364,-0.8007519224705945,47,101630.63501087597,-0.020167147552495712,-0.7495909247645254,0.03886279034625417,-0.688759683415645,26
ma_40_180_w0.10,0.01595070199789994,0.0016451507201546978,-0.1820778145630602,10,101595.07019978999,0.036873383460899856,-0.16145328630479094,-0.020922681463000026,-0.13567635795587696,5
ma_stop_30_60_s0.15_w0.33,0.01567944896460194,0.0016173678207724862,-0.49835177819163634,48,101567.94489646019,0.3768398973684006,-0.3368585207429868,-0.25702376923169923,-0.34033242781307027,30
ma_stop_40_250_s0.20_w0.20,0.015641719258100206,0.0016135028556327757,-0.20871657942575828,23,101564.17192581002,0.01728933792480003,-0.1375792875330502,-0.0022884678990996443,-0.21136233511799576,12
ma_40_180_w0.33,0.015452285308950486,0.001594095628292047,-0.4588741529839864,10,101545.22853089505,0.11223052735325001,-0.4071781775723374,-0.09173170877924941,-0.3598711861547936,5
ma_stop_10_90_s0.15_w0.10,0.01464243074670013,0.0015110906281390335,-0.19210971591578266,51,101464.24307467001,0.07878055938050044,-0.14247788456371172,-0.06015866345449994,-0.08358215367644656,29
buy_hold_w0.15,0.013574558560000005,0.001401549641000921,-0.1830140265178838,1,101357.455856,0.0013345585599999765,-0.13262990380598483,0.01069164973119996,-0.18344316082253811,1
ma_stop_20_60_s0.20_w0.33,0.01292733229505183,0.0013351076366097114,-0.4805470159181775,39,101292.73322950519,0.28751211332630056,-0.341380488034499,-0.21121824699109903,-0.34459587683434295,22
ma_20_60_w0.10,0.012817722343999582,0.001323851692214495,-0.21303951723404854,25,101281.77223439996,0.0769876812018997,-0.16381106006730764,-0.058649657435099645,-0.11070956831701068,13
ma_stop_40_250_s0.20_w0.33,0.012116056019350285,0.0012517710752246725,-0.3211631301423128,23,101211.60560193504,0.025712288793900306,-0.21647747359808078,-0.012573878942999328,-0.323949064523786,12
ma_stop_10_60_s0.15_w0.50,0.011772426656353696,0.0012164544603017191,-0.5309842605372732,55,101177.24266563536,0.21213944490385117,-0.3771317931257185,-0.1614342338611987,-0.3400545652028324,32
ma_stop_30_180_s0.05_w0.10,0.011734813734501914,0.0012125881279025919,-0.16130973315904112,114,101173.4813734502,0.07643797683920028,-0.113066546317842,-0.05448095293290012,-0.10274198215752155,71
ma_stop_30_180_s0.05_w0.15,0.010681679475402994,0.001104281326064216,-0.23369141389305798,114,101068.16794754029,0.11607229130490104,-0.1617442540399745,-0.09921719630919879,-0.1612578161240496,71
ma_20_60_w0.15,0.009403101195399888,0.0009726533238747503,-0.30045523209653796,25,100940.31011954,0.1110298855202998,-0.2309183402212472,-0.08695692854739989,-0.15613437850038053,13
buy_hold_w0.10,0.009033039039999968,0.0009345280170991455,-0.13019387503191301,1,100903.303904,0.0008730390400000232,-0.08972835452640916,0.007111099820799938,-0.13041090103938394,1
ma_stop_40_250_s0.10_w0.50,0.008942536541253876,0.0009252021751167128,-0.4584064810915051,46,100894.2536541254,0.09584548725375175,-0.2726590269004556,-0.07895893619249827,-0.458187781106061,26
ma_stop_40_180_s0.12_w0.67,0.008482088745005889,0.000877743658805441,-0.6623137699811179,46,100848.20887450059,0.21633144053625286,-0.5867906946225981,-0.17271457354124808,-0.5321476419616212,27
breakout_60_40_s0.15_w0.67,0.00812868790500132,0.0008413053372118284,-0.5931377032359476,17,100812.86879050013,0.6923179672987503,-0.31701142593104636,-0.40129732770154913,-0.40481304419317843,11
ma_40_60_w0.67,0.008018415990002303,0.0008299331187491266,-0.6761082048389392,23,100801.84159900024,0.21714511806000103,-0.5820815616113066,-0.17221341588749883,-0.5430677098766054,13
ma_stop_40_250_s0.20_w0.10,0.007267086269700185,0.0007524196422752372,-0.1015305715858847,23,100726.70862697001,0.010813319470099891,-0.07134027317784636,-0.0017874670182997932,-0.10093313205088289,12
ma_stop_40_180_s0.15_w0.67,0.0072162721800030916,0.0007471753641414836,-0.62494724271716,34,100721.6272180003,0.32231695918500125,-0.5519765898791124,-0.23654102398874932,-0.5351816708518654,20
ma_stop_30_180_s0.05_w0.20,0.0065419298100029,0.0006775572670618679,-0.29684528045946884,114,100654.19298100029,0.14868225295490056,-0.20792527309439657,-0.11475502780639868,-0.21128109903823708,71
ma_stop_10_90_s0.20_w0.20,0.006539811416851116,0.0006773385014748889,-0.33448536090794395,37,100653.9811416851,0.10676009159265032,-0.25978422496169595,-0.09148657680299976,-0.17035815604445445,20
ma_stop_40_60_s0.10_w0.67,0.006350398031257143,0.0006577761913215685,-0.6355893801379079,69,100635.03980312572,0.3485034937800031,-0.5387419593853957,-0.2540679546599981,-0.5261827915796646,43
breakout_40_20_s0.15_w0.67,0.006108582870002488,0.0006327971143884614,-0.6249443739103755,21,100610.85828700024,1.012069591796251,-0.2499437602108761,-0.49271994567979926,-0.49569880803563504,15
price_ma_90_w0.10,0.005927747022400842,0.0006141135760375782,-0.23261211138282692,70,100592.77470224009,-0.011484411924300275,-0.197750039666169,0.014901326383101043,-0.0663018050841853,41
ma_stop_10_90_s0.15_w0.15,0.005688934212050745,0.0005894353804591912,-0.2671831979567984,51,100568.89342120507,0.09875637698615058,-0.20149353758771607,-0.08725021390779997,-0.12177474558729827,29
ma_stop_10_90_s0.10_w0.25,0.005259157517503166,0.0005450103208350932,-0.36595235084888345,72,100525.91575175032,0.13762773146550145,-0.27617856084397985,-0.1206651167569982,-0.17692028326413015,41
ma_5_90_w0.33,0.00367018038700051,0.0003806133673660561,-0.5490640629916403,35,100367.01803870004,0.06109722763625025,-0.4455021728263351,-0.052085897922099056,-0.24349623460175557,20
ma_stop_30_180_s0.10_w0.50,0.002881864586253391,0.00029896695450992716,-0.5941249128784026,56,100288.18645862534,0.2517393712275009,-0.4741618188178301,-0.18993688932984865,-0.4021433435941614,33
breakout_90_60_s0.15_w1.00,0.002408005665003543,0.000249861378515126,-0.7371686747381055,13,100240.80056650034,1.6794341949937506,-0.3014300937264606,-0.620691984150749,-0.6212737384580925,11
ma_stop_30_90_s0.15_w0.67,0.002345837276253926,0.00024341738049971084,-0.7465130946775456,45,100234.5837276254,0.03918312786375222,-0.6395627590977613,-0.03579232921874764,-0.36951314056660217,25
ma_10_60_w0.50,0.0022544265604513836,0.00023394164975565346,-0.5813567654109288,33,100225.44265604514,0.07178144161510058,-0.4492559519396851,-0.07044170948309914,-0.32734398948805193,17
ma_30_60_w0.25,-0.00032547190659926173,-3.3813225017054194e-05,-0.4381407018084379,23,99967.45280934007,0.20437359448490056,-0.3346179587491332,-0.17257739927019966,-0.2644306457641637,13
ma_stop_20_120_s0.20_w0.50,-0.0007670714037963933,-7.970670367529742e-05,-0.6222923731091015,35,99923.29285962036,0.08106792150605169,-0.5227770892772478,-0.06920407656464866,-0.3913493576273737,18
price_ma_90_w0.20,-0.0015183253620978387,-0.00015782297535349432,-0.39334022870230834,70,99848.16746379022,-0.04121134973099849,-0.33565632518673494,0.043408789548900595,-0.13323048159275502,41
ma_40_250_w0.15,-0.0023268138650001102,-0.00024194942540423092,-0.21470465071757755,5,99767.31861349999,-0.00840212563999998,-0.12987639809563362,0.006075311775000092,-0.2132862103786017,3
ma_stop_10_90_s0.12_w0.33,-0.0028954017094461326,-0.00030114985401463734,-0.4728176062870265,60,99710.45982905538,0.12209962721485157,-0.36830978721483654,-0.10919079564019818,-0.23400964492530751,34
ma_10_90_w0.10,-0.0033913505568999858,-0.0003528119367072202,-0.22542927562939064,26,99660.86494431,0.026559385784999945,-0.18414486411459036,-0.04178236162159987,-0.07940581592130823,13
ma_30_40_w0.10,-0.004088892099199715,-0.00042551256336442744,-0.2039614791108795,37,99591.11079008003,0.08402464885869998,-0.13545006295837303,-0.07607197510620023,-0.10405905179189945,22
ma_30_180_w0.10,-0.004569482449900075,-0.00047562820542401685,-0.21986948939923537,11,99543.05175500999,0.023986972216400115,-0.18060034320720567,-0.02855645466630008,-0.13443253624129398,6
ma_stop_10_90_s0.05_w0.20,-0.00558517964919758,-0.0005816158088186585,-0.29036507077090373,133,99441.48203508025,0.14369982104600076,-0.18697307877427638,-0.12597833875149722,-0.16039950544556966,78
ma_40_250_w0.10,-0.006026734403400069,-0.000627722130505326,-0.14436806930786183,5,99397.32655966,-0.005668083760000053,-0.08994212432847298,-0.00035865064340001584,-0.14366450336282516,3
ma_stop_20_90_s0.05_w0.50,-0.006059726775339946,-0.0006311678691809375,-0.5421664524621854,126,99394.027322466,0.2679907112659048,-0.4132771957858477,-0.2077630851202953,-0.39057728430124933,76
price_ma_90_w0.15,-0.006678238397198388,-0.0006957844900511434,-0.32386187430685187,70,99332.17616028016,-0.03349359236739957,-0.27718805460618606,0.03368292866860134,-0.10396664442279537,41
ma_stop_10_90_s0.08_w0.20,-0.008706724445497804,-0.0009079560890445926,-0.3191952617678705,90,99129.32755545022,0.1174042516112006,-0.22816451226905823,-0.11144393700199962,-0.16225892793544147,55
ma_40_250_w0.20,-0.008911305014399962,-0.0009293759984285721,-0.2650202033366869,5,99108.86949856,-0.014957291467699974,-0.1669362092283495,0.006045986453300012,-0.26209120370357925,3
ma_20_60_w0.20,-0.008952089074598879,-0.0009336466277573008,-0.370416392389061,25,99104.79109254011,0.13224960515120077,-0.2818332192348407,-0.1251546649485995,-0.21361363060390207,13
ma_stop_10_250_s0.20_w1.00,-0.009273760323741165,-0.0009673353733764545,-0.7689214898141936,29,99072.62396762588,0.8993689685662538,-0.4811150746719213,-0.4811699439787478,-0.768465879772845,17
ma_40_250_w0.25,-0.011674672216099857,-0.0012190938059813972,-0.3091600706020152,5,98832.53277839001,-0.017691333347700122,-0.20142113114387847,0.007544907167899906,-0.31721898729098164,3
ma_30_90_w0.67,-0.012468470118898733,-0.001302451624290768,-0.7683788139940084,19,98753.15298811013,-0.08542626007499932,-0.6758190629462782,0.07615042168500019,-0.38192014080249503,10
ma_30_40_w0.15,-0.01273776627809986,-0.0013307444280261649,-0.2821368307636336,37,98726.22337219001,0.1178838667386004,-0.19006706078106467,-0.11950576010499969,-0.16267128410910128,22
ma_stop_40_180_s0.05_w0.33,-0.01278571407124518,-0.001335782646246897,-0.39655247144153466,112,98721.42859287548,0.22095617942415058,-0.3032194421319918,-0.18874056531929617,-0.33845511520754823,70
ma_stop_20_90_s0.10_w0.50,-0.012796733927094905,-0.0013369406124598138,-0.5777608745653053,68,98720.32660729051,0.2519224905016526,-0.4581657139787329,-0.20212324657284864,-0.4176482500812945,39
ma_stop_30_120_s0.10_w1.00,-0.014384241348741167,-0.001503877009269683,-0.8109021292785769,59,98561.57586512588,0.5075159137425029,-0.6225831536068809,-0.3424666029524963,-0.5257235294007689,37
ma_stop_20_180_s0.20_w1.00,-0.015281311792493035,-0.0015983161902112242,-0.7760844559345581,28,98471.8688207507,0.07001156287125343,-0.7263303137988986,-0.08503158455999704,-0.7044375010679402,15
ma_stop_20_90_s0.20_w0.50,-0.01717708037474719,-0.00179814730429817,-0.6042901603443557,37,98282.29196252528,0.16909181650685157,-0.4929809451732566,-0.15328442582299884,-0.4111451398374569,19
breakout_40_20_s0.20_w0.50,-0.017512136459998162,-0.00183350115289449,-0.5679524105111718,19,98248.78635400019,0.5291208799987508,-0.32994724031755224,-0.3566195556008993,-0.3594303694849708,13
ma_stop_40_250_s0.05_w0.50,-0.018076748481742677,-0.0018931013249641193,-0.45799578452586515,105,98192.32515182573,0.07221618948075248,-0.3441216188905279,-0.080809211778746,-0.4556538858062797,59
ma_stop_30_180_s0.05_w0.25,-0.018274682061895753,-0.001914002368315848,-0.36418200800975264,114,98172.53179381043,0.16956006892090203,-0.25536553621533165,-0.1621389389681981,-0.2675916706812787,71
ma_stop_10_90_s0.20_w0.25,-0.019351547928948443,-0.0020277815673633848,-0.3967556219729501,37,98064.84520710516,0.11259203118425098,-0.31132974588489054,-0.12210114426719898,-0.2061747107748019,20
ma_stop_40_250_s0.15_w0.67,-0.019514837013748232,-0.002045044095816184,-0.5417578551349074,28,98048.51629862518,0.033584688101250926,-0.4131412607013217,-0.04951658980124818,-0.5418844410922777,15
ma_stop_10_90_s0.15_w0.20,-0.020327037731348696,-0.0021309462932292966,-0.3418922396234522,51,97967.29622686513,0.11041802137345025,-0.25677003412042604,-0.11737989530549875,-0.1663717307686464,29
ma_30_180_w0.15,-0.021125138169999724,-0.002215419368322702,-0.3129756535425299,11,97887.48618300003,0.027661873246100033,-0.25992002338506087,-0.04439616070759966,-0.19509413083881838,6
ma_20_60_w0.25,-0.021541731422049182,-0.0022595372261713376,-0.43424270573476764,25,97845.82685779508,0.16272568854405023,-0.32898361781515434,-0.14847292540109946,-0.2570983106970773,13
ma_stop_40_180_s0.10_w0.67,-0.02277582898499353,-0.002390328892925675,-0.6249922818153205,54,97722.41710150064,0.3634841851875017,-0.5372145371765179,-0.28249839130499754,-0.5294525564652703,33
ma_stop_10_90_s0.05_w0.25,-0.02305341941099459,-0.002419768767801478,-0.3478470111705544,133,97694.65805890055,0.16239237152820207,-0.2277350524492103,-0.15593595796609783,-0.19631981769456244,78
ma_20_90_w0.50,-0.023146390155099228,-0.002429630463267496,-0.6400005251348999,23,97685.36098449008,0.06518379534185059,-0.5378616439310595,-0.07837862165899923,-0.40942954630368805,11
ma_40_180_w0.50,-0.023226690512749393,-0.0024381488484813696,-0.5823651158448132,10,97677.33094872507,0.15792987249000023,-0.5173776751134506,-0.14968894507499964,-0.475882621767702,5
ma_stop_10_90_s0.08_w0.25,-0.023490125221897196,-0.0024660988139045825,-0.3816421488209762,90,97650.98747781028,0.1316781279013013,-0.2760466251627479,-0.13831837966149907,-0.2044718982779266,55
ma_20_250_w1.00,-0.02459661208874886,-0.002583568991806451,-0.7433383219056038,10,97540.33879112512,0.4863250558237502,-0.5321254069292491,-0.3440218114124992,-0.7408162377767145,6
ma_stop_20_90_s0.15_w0.50,-0.024723392550296652,-0.002597036263603636,-0.6142280041917317,50,97527.66074497033,0.18813120970055208,-0.48223649853883493,-0.18352185609744864,-0.39459788201947743,27
price_ma_90_w0.25,-0.025199797131098767,-0.002647656432856471,-0.45503654817284556,70,97480.02028689013,-0.0679252782739993,-0.3897282392717031,0.04528809082250196,-0.1602158694808297,41
ma_40_250_w0.33,-0.025301789204149716,-0.0026584964389347876,-0.3779440959419279,5,97469.82107958503,-0.02479548577949986,-0.253862992001216,0.0010195127939001125,-0.3817072410748523,3
ma_stop_40_250_s0.12_w0.67,-0.02543669636624679,-0.002672836315364524,-0.5512743218771051,38,97456.33036337532,-0.05271415402499868,-0.41167144604707473,0.019220741280002285,-0.5517162408562423,20
ma_30_60_w0.33,-0.02946369085004985,-0.003101704472554645,-0.5153333847237378,23,97053.63091499501,0.24385146967585047,-0.39301484277272947,-0.22667949889409933,-0.33707247512891214,13
ma_10_90_w0.15,-0.029735479067499737,-0.0031307068723369635,-0.3116668737285589,26,97026.45209325003,0.026733627718600328,-0.2543162468134974,-0.05845530133269994,-0.12396332478372335,13
ma_stop_40_250_s0.08_w0.67,-0.029999066906243987,-0.0031588411682158535,-0.5662210098238729,63,97000.0933093756,0.06581230417125239,-0.3687325645794621,-0.07912896029999594,-0.5642894387909471,38
ma_stop_40_250_s0.20_w0.50,-0.030451956648748335,-0.0032071967830038517,-0.44967558359101717,23,96954.80433512517,0.007428567948750908,-0.3088345488996421,-0.03563895450374899,-0.4510347330249951,12
ma_30_40_w0.20,-0.031122328067299088,-0.0032788103617054087,-0.3545652299792744,37,96887.76719327009,0.15178807405930073,-0.23644681117974037,-0.16094498494350018,-0.21676211382381144,22
ma_stop_40_60_s0.20_w0.67,-0.03189012167249661,-0.0033608858043130407,-0.6559678489864589,37,96810.98783275034,0.29324744294625105,-0.5551574491197772,-0.25680814189874857,-0.5431042637631125,22
ma_20_120_w0.50,-0.0329873234055994,-0.003478275545721332,-0.6523704790360724,18,96701.26765944005,-0.007495378253949747,-0.5618721681838537,-0.026917101822899747,-0.4200188969986096,9
breakout_60_20_s0.20_w0.67,-0.035087878361247715,-0.0037033475425821694,-0.6310679437795573,15,96491.21216387523,0.441647083215001,-0.4515437200235123,-0.3262899184119492,-0.33159176826726644,9
ma_30_180_w0.20,-0.03525459901660011,-0.0037212302671008057,-0.3856699506355416,11,96474.54009833999,0.03922124174809993,-0.3191465521533522,-0.0639161395558,-0.24988780504459018,6
ma_stop_10_250_s0.15_w1.00,-0.03619375709624062,-0.003822017635940589,-0.7735165253649867,36,96380.62429037594,0.9435205473525048,-0.5454767744754264,-0.5010744606074975,-0.7716889671526168,22
ma_stop_30_90_s0.20_w0.67,-0.0365104339762482,-0.003856022203056142,-0.7496573217036049,34,96348.95660237518,-0.009948395924999298,-0.648862783747217,-0.03228049685249901,-0.3789222859519879,19
ma_stop_20_120_s0.15_w0.50,-0.03712034597784686,-0.0039215424060272674,-0.630327449319204,45,96287.96540221531,0.10510854867885144,-0.5051650653448175,-0.1270484601090991,-0.38541651792375375,24
ma_stop_30_180_s0.15_w0.50,-0.03744308251124706,-0.003956227641192855,-0.6047634099685579,36,96255.6917488753,0.19091152211625162,-0.4998283050036753,-0.19388011086464918,-0.4320076609249824,21
ma_stop_30_180_s0.08_w0.50,-0.03779888521499375,-0.003994478653516986,-0.5912943126780165,72,96220.11147850062,0.259340804628752,-0.47192650359231625,-0.22586546389139806,-0.46096675220611727,46
ma_stop_20_180_s0.08_w1.00,-0.038651674814985215,-0.004086210483295494,-0.7512359785263081,70,96134.83251850148,0.20189275543125418,-0.6927691974623436,-0.2023039140524926,-0.733887277874114,44
ma_stop_10_90_s0.15_w0.25,-0.03927328226084781,-0.004153120752876105,-0.40192717463832683,51,96072.67177391522,0.12283951097815105,-0.3042102579445933,-0.14495257240309944,-0.2089680034014684,29
ma_stop_40_60_s0.15_w0.67,-0.04242148442999494,-0.004492592445249466,-0.6531757120374878,49,95757.85155700051,0.3263552742937521,-0.543725093421673,-0.275772505319998,-0.5476397628929977,31
ma_stop_30_180_s0.12_w0.50,-0.045029427393996846,-0.004774566071852671,-0.6422781854555875,48,95497.05726060031,0.15380528275125172,-0.5159380231165608,-0.17563718465729838,-0.4208879969345861,28
ma_stop_10_60_s0.05_w0.67,-0.04572712030458581,-0.004850118380658852,-0.5293718637687331,143,95427.28796954142,0.2770514698391551,-0.38045931996674837,-0.249468842171244,-0.3993055309946966,83
ma_40_250_w0.50,-0.04633800782724984,-0.004916311296940701,-0.4897542969397299,5,95366.19921727502,-0.03903265224184982,-0.34322636670962386,-0.004104559055299939,-0.49305613237399176,3
ma_30_180_w0.25,-0.04670882612659999,-0.004956509969421208,-0.4476596005980502,11,95329.11738734,0.04289614277780007,-0.37445573178640407,-0.08450742159030011,-0.2856168762053066,6
ma_10_90_w0.20,-0.04714384091334922,-0.0050036857471476015,-0.38225369521862473,26,95285.61590866507,0.026367660303049822,-0.3134590654272438,-0.07830921820569947,-0.1661884060020315,13
ma_stop_20_120_s0.10_w0.67,-0.04754175689249418,-0.005046855198184708,-0.6819582801275972,65,95245.82431075058,0.10001543087250298,-0.5761952364967003,-0.14250667801499683,-0.4720737061257417,38
ma_stop_10_90_s0.10_w0.33,-0.04786333618569716,-0.0050817547792637585,-0.4458998470425047,72,95213.66638143029,0.1326764412702004,-0.34129511847643507,-0.163441003906298,-0.23359174464694674,41
ma_stop_30_120_s0.08_w1.00,-0.049122827324989515,-0.005218543570660428,-0.8195979457100564,78,95087.71726750105,0.40616899581375443,-0.6311707049356623,-0.3191348727449943,-0.5405313228441535,50
ma_20_60_w0.33,-0.05014696629319859,-0.0053298913527455305,-0.5128309476961846,25,94985.30337068014,0.18779181742070072,-0.3923552200648906,-0.19632378181059928,-0.3268112396888724,13
ma_stop_30_180_s0.05_w0.33,-0.05146410778039401,-0.005473253604806438,-0.452236011440043,114,94853.5892219606,0.19552724820090317,-0.3248910668184571,-0.21058817628319715,-0.3370748326373009,71
ma_stop_20_250_s0.15_w1.00,-0.05428575242999212,-0.005780972612117408,-0.7437176218079132,33,94571.42475700079,0.5901981391800037,-0.5453159238531179,-0.4028349474337478,-0.7418334220342936,18
ma_stop_30_120_s0.20_w1.00,-0.056252027666245596,-0.005995894733623386,-0.8387467308522163,30,94374.79723337544,0.3214250943637529,-0.6640422771249506,-0.28915072085249793,-0.5236754240249991,17
price_ma_90_w0.33,-0.05649877747184673,-0.006022893852597688,-0.5333623106171236,70,94350.12225281533,-0.11134265620234829,-0.45804258881527643,0.06022739027905133,-0.20550474549252398,41
ma_stop_40_250_s0.10_w0.67,-0.057262862182496765,-0.006106539396185107,-0.5617446128378879,46,94273.71378175032,0.0914208463350008,-0.3434855063414019,-0.13584910701374753,-0.5615194091794647,26
ma_stop_20_60_s0.10_w0.50,-0.06025714681249539,-0.006434915010110842,-0.6114365249446797,71,93974.28531875047,0.4553120367812522,-0.4005191003565688,-0.34962566272469764,-0.4719211101162495,43
ma_stop_40_180_s0.08_w0.67,-0.06141233621249276,-0.0065618523967033715,-0.640268133369365,70,93858.76637875072,0.3251352605962532,-0.550862308152264,-0.2950094489062467,-0.5753160376562223,45
ma_30_40_w0.25,-0.06244919583249897,-0.006675906459115422,-0.415176086882952,37,93755.0804167501,0.1713569614984003,-0.2735745559133276,-0.20093773640949952,-0.2676956109914074,22
price_ma_20_w1.00,-0.06296511311998232,-0.00673269923387676,-0.6312569717491329,137,93703.48868800177,0.39777060126375763,-0.590426335803123,-0.3247177809037418,-0.586471869644222,82
ma_5_90_w0.50,-0.06322668963369771,-0.00676150458651803,-0.6754351122158749,35,93677.33103663023,0.032566411352551006,-0.5537234276812548,-0.09718627597944896,-0.3407795368741321,20
ma_stop_20_250_s0.05_w0.67,-0.06471849720373735,-0.006925923461623018,-0.6302546641831889,107,93528.15027962626,0.5365333506487551,-0.4403107685716088,-0.38802484002374493,-0.6287878487104818,62
ma_stop_20_250_s0.12_w1.00,-0.0661276479824926,-0.007081448340577223,-0.740971866850594,44,93387.23520175074,0.3563963408362527,-0.569002537327263,-0.311550713954996,-0.7405131936350295,24
ma_40_180_w0.67,-0.06685746356249933,-0.0071620791653237426,-0.6659172178726611,10,93314.25364375007,0.1957935204225003,-0.5935637679276728,-0.22414205019374955,-0.562503265777874,5
ma_stop_20_180_s0.05_w0.67,-0.06747788823748557,-0.007230668815831565,-0.6375234611572711,112,93252.21117625144,0.24148009767375456,-0.526705285733977,-0.24472677630374384,-0.599915544416353,70
ma_stop_20_120_s0.05_w0.50,-0.06775570589499225,-0.007261395576878327,-0.5653143394323692,128,93224.42941050077,0.16761857435000227,-0.4447966012616186,-0.19914525041584508,-0.4212716730558906,77
ma_stop_40_90_s0.05_w1.00,-0.06907901290873009,-0.007407866667247909,-0.7619320616891273,120,93092.09870912699,0.46050314514750723,-0.6303608841396371,-0.3586350846487416,-0.5820870808507663,78
ma_stop_30_180_s0.20_w0.50,-0.07365727895039775,-0.00791605852447752,-0.6238519669332363,29,92634.27210496023,0.16985709073125133,-0.508969111521497,-0.20834442710884937,-0.4332329243824219,17
ma_stop_20_120_s0.12_w0.67,-0.07501759185374568,-0.008067488276944257,-0.7409745873698195,56,92498.24081462543,-0.019642767446248044,-0.6257780829698258,-0.06493923130499812,-0.4607831889867931,31
ma_30_180_w0.33,-0.0754855729069498,-0.0081196299710391,-0.5303228463132285,11,92451.44270930502,0.05618549548380014,-0.44453899594400986,-0.12146930880299978,-0.3541696578565159,6
ma_stop_20_250_s0.10_w1.00,-0.07669175260498884,-0.00825412968858108,-0.7424613898319434,52,92330.82473950111,0.675846241638755,-0.46749673658759755,-0.4425403514512455,-0.7390707681132277,30
ma_40_250_w0.67,-0.0772093632374995,-0.008311896145688724,-0.5765301855674365,5,92279.06367625005,-0.053318326668749916,-0.41654368805715414,-0.020692510166249733,-0.5720379322558745,3
ma_stop_30_60_s0.20_w0.50,-0.07732477746144639,-0.008324780579628488,-0.6243031627754072,36,92267.52225385536,0.4313093892425519,-0.4368381644039386,-0.3536410027624489,-0.47845741883396814,22
ma_stop_30_90_s0.08_w0.67,-0.07793293847624216,-0.008392697380185221,-0.7475734884399367,84,92206.70615237579,0.03865098568500436,-0.6366041851764959,-0.11294970526124659,-0.4164039097079713,51
price_ma_120_w0.67,-0.07865737119619676,-0.008473651311101338,-0.7301929460568836,56,92134.26288038032,-0.15390804299449778,-0.6095509011260628,0.08801433429750127,-0.40417648614996954,26
ma_stop_10_90_s0.20_w0.33,-0.0789105879838482,-0.008501961242666778,-0.4814978492709547,37,92108.94120161518,0.09856208144715106,-0.3792791634811055,-0.15297939762649893,-0.25970814000966597,20
ma_stop_30_60_s0.10_w0.50,-0.08061329934729522,-0.008692507682034556,-0.62977134442425,68,91938.67006527047,0.5029947124577023,-0.41803296034250786,-0.3842260375227483,-0.46155186638792844,43
ma_stop_30_60_s0.08_w0.50,-0.08173781260824242,-0.008818522791962047,-0.6204182261685767,84,91826.21873917576,0.5876411569588029,-0.3720872563693121,-0.416577457141848,-0.4971925990538998,54
ma_10_90_w0.25,-0.08351536977284912,-0.009018001607612347,-0.44706203214605733,26,91648.46302271509,0.02237837673795018,-0.3671840434194298,-0.10048484755319953,-0.20484259821269418,13
ma_stop_10_90_s0.05_w0.33,-0.09255913202434474,-0.01003830055671806,-0.4398586823999635,133,90744.08679756553,0.15544181065085239,-0.2913223047149431,-0.20826918562639596,-0.2559136204294102,78
ma_10_60_w0.67,-0.09370042628189723,-0.010167705926654835,-0.6659164379312518,33,90629.95737181028,0.020216793075601203,-0.5150645992309558,-0.1104403985099981,-0.4092365374774255,17
ma_stop_40_180_s0.20_w0.67,-0.09398098739249672,-0.010199539640364907,-0.6524348632223855,29,90601.90126075032,0.28209512140875126,-0.5656405690452011,-0.2886125802786481,-0.5522668958122144,17
ma_stop_40_60_s0.05_w0.67,-0.0943458164999843,-0.01024094799122588,-0.651637420832529,132,90565.41835000156,0.454662437580005,-0.47758718005994844,-0.37516879622699406,-0.582441916786961,86
ma_stop_30_90_s0.05_w0.67,-0.09485997650998734,-0.01029933088587176,-0.6952339221713645,126,90514.00234900127,0.13757499653625538,-0.5868651317739112,-0.20034066077999246,-0.4316708886598756,78
ma_stop_10_90_s0.08_w0.33,-0.09597636906369766,-0.010426199705223849,-0.46694044053531436,90,90402.36309363024,0.10896961264740113,-0.3422857913221924,-0.17860077304299804,-0.26230880056978406,55
ma_stop_40_250_s0.20_w0.67,-0.0976086251887468,-0.010611945101743236,-0.5553777281085254,23,90239.13748112532,-0.018982529864998376,-0.3901546194451943,-0.07661903242499801,-0.5553103563746968,12
ma_stop_20_90_s0.08_w0.50,-0.09846973918284463,-0.010710058401205202,-0.5919499770970856,87,90153.02608171554,0.16208509468940235,-0.4605181913733845,-0.2287461169050482,-0.4451176773921997,51
ma_stop_20_60_s0.05_w0.50,-0.0985131515638874,-0.010715006928906257,-0.5987113613186729,135,90148.68484361126,0.4937834526429046,-0.3380753839894592,-0.3897083188585453,-0.4606220219543232,82
ma_stop_30_60_s0.05_w0.50,-0.09884699372679173,-0.010753068352515549,-0.6117012413623297,130,90115.30062732083,0.5928144718908042,-0.3388314816264615,-0.426009225970745,-0.4955201635312514,86
breakout_60_20_s0.15_w1.00,-0.09931443224624747,-0.010806382365825318,-0.7349229649752967,17,90068.55677537525,0.9433759049325006,-0.4280530950410462,-0.533712040436249,-0.5377685752590795,11
ma_30_40_w0.33,-0.1001443399565487,-0.010901099164869477,-0.4974407613982032,37,89985.56600434514,0.21116650267555093,-0.3289386581344722,-0.2573168583905989,-0.3345578955851885,22
ma_stop_20_60_s0.20_w0.50,-0.10109962182699705,-0.011010221791955765,-0.6274599211810191,39,89890.0378173003,0.3326604737625014,-0.44976875456728743,-0.32118794463834865,-0.47020699952908057,22
ma_stop_10_60_s0.20_w0.67,-0.10544543793689687,-0.011507963414600919,-0.6384120300753473,44,89455.45620631031,0.10398958428810157,-0.47524522715641204,-0.1883609630662474,-0.4342617621400787,23
ma_stop_20_60_s0.15_w0.50,-0.10642426574734443,-0.011620370943962177,-0.6393386659514829,51,89357.57342526555,0.41252904186115313,-0.43204144183767873,-0.3691941165869491,-0.4769278351303149,30
ma_stop_40_180_s0.05_w0.50,-0.10814299154704199,-0.011818014807599142,-0.5504892731018529,112,89185.7008452958,0.26709790492125296,-0.42431011639951527,-0.28996372584819474,-0.4738520888245372,70
ma_stop_10_90_s0.15_w0.33,-0.10926353390424748,-0.011947054802586177,-0.49287728601455794,51,89073.64660957525,0.1088519157534511,-0.37268179971469967,-0.1909288501306987,-0.2613630807940202,29
ma_stop_10_60_s0.10_w0.67,-0.10980178980284283,-0.012009091282019768,-0.6005002375293204,78,89019.82101971572,0.11057780027715314,-0.42813164715244906,-0.20163941840249633,-0.3950093639062563,44
ma_stop_40_60_s0.08_w0.67,-0.11113794607499206,-0.012163234877164197,-0.6683732056181904,88,88886.2053925008,0.29992266003375256,-0.5454588174570187,-0.30913969367704763,-0.5626085432565859,56
ma_stop_10_60_s0.15_w0.67,-0.11151181393439469,-0.01220640274087137,-0.6263629505039067,55,88848.81860656053,0.1546470324606024,-0.45116643321947625,-0.23177359383749774,-0.42968874304325033,32
ma_stop_20_60_s0.12_w0.67,-0.11455377789374266,-0.012558242992305235,-0.7009054399160808,62,88544.62221062573,0.40523066634375304,-0.5277423163496193,-0.3692700703240974,-0.557493012212951,37
ma_stop_30_60_s0.15_w0.50,-0.11525620658139679,-0.012639641361491538,-0.6419659815096841,48,88474.37934186032,0.4350304365876021,-0.44177279727097624,-0.38007571732849876,-0.4815729505169368,30
ma_stop_20_90_s0.12_w0.67,-0.11558174676749533,-0.01267738503128546,-0.7204831784836295,60,88441.82532325046,0.08443009955250269,-0.5971541630992272,-0.17559618087374762,-0.505593192132792,33
ma_stop_40_250_s0.05_w0.67,-0.11800547182123933,-0.01295878779152948,-0.5657707044958846,105,88199.45281787607,0.049793008151253426,-0.4370153238527648,-0.1526569571474934,-0.5637613591493719,59
breakout_40_20_s0.20_w0.67,-0.11854769369624729,-0.013021836447435153,-0.6714135509451141,19,88145.23063037527,0.6169172683050013,-0.400213191856415,-0.45038968170594906,-0.45361711687435735,13
ma_stop_30_180_s0.10_w0.67,-0.12139126988624482,-0.013353052914510388,-0.7008622528169619,56,87860.87301137552,0.22665632110875267,-0.5754993756239034,-0.2821125637687484,-0.5024087336371386,33
ma_20_90_w0.67,-0.12258377249624841,-0.013492240211934625,-0.7275570971702477,23,87741.62275037516,0.024314360118750544,-0.6184167753627142,-0.15341633482499917,-0.5020437243505484,11
ma_stop_10_60_s0.08_w0.67,-0.12700732994639197,-0.014010036972470274,-0.5986850625582484,96,87299.2670053608,0.1613405749311041,-0.44309256560134913,-0.24593841504629466,-0.43143066027637483,58
ma_stop_30_120_s0.12_w1.00,-0.12853193812874497,-0.014189043952885783,-0.8630911833094418,53,87146.8061871255,0.1936433940187523,-0.6917293587503659,-0.26679816071999796,-0.5588737242324989,32
ma_stop_10_90_s0.12_w0.50,-0.12945039301734618,-0.014297016888798253,-0.6204982990976043,60,87054.96069826538,0.046869853714301746,-0.4993385695867708,-0.17341058367169782,-0.337069375134798,34
ma_stop_10_180_s0.05_w1.00,-0.13069073686497623,-0.014442993003238702,-0.7690367093934188,114,86930.92631350238,0.4053790545187599,-0.6208703272568519,-0.38366511680248894,-0.6713929472365973,69
ma_10_90_w0.33,-0.13153042924664904,-0.014541922416982933,-0.5260311704975008,26,86846.9570753351,0.0034385289630505245,-0.4328768098287512,-0.13496895820969967,-0.2622807651805932,13
ma_stop_20_120_s0.20_w0.67,-0.1372033347749968,-0.015212537515195024,-0.7232188724839833,35,86279.66652250032,-0.015555026711248199,-0.6205822115333627,-0.1324449515024977,-0.48716722864465356,18
ma_20_120_w0.67,-0.13937783842124807,-0.015470641595341617,-0.7391099690160924,18,86062.2161578752,-0.07337284709624903,-0.6428659451494251,-0.06790001794874934,-0.50031276849388,9
ma_30_60_w0.50,-0.1412983449081986,-0.015699083778013323,-0.6496763562260267,23,85870.16550918014,0.2977462801475508,-0.4894985804049362,-0.33888116059594964,-0.4703447561785887,13
ma_stop_20_60_s0.08_w0.50,-0.14270156559119296,-0.015866285023564464,-0.6060858468314048,92,85729.84344088071,0.355724553739053,-0.3794662247903948,-0.35955725406034766,-0.47088881197786286,57
ma_stop_30_60_s0.12_w0.67,-0.1429453970099933,-0.01589536384773438,-0.7114474004530373,58,85705.46029900067,0.47005049958750345,-0.5299700112026919,-0.41926855386879713,-0.5694486035654057,36
ma_stop_30_120_s0.15_w1.00,-0.14436324103499398,-0.0160645999917437,-0.8403124897478359,42,85563.6758965006,0.3895233040237527,-0.6440729992477713,-0.38407257632249736,-0.5557066183699987,25
ma_stop_20_250_s0.08_w1.00,-0.14695714536748605,-0.016374864068117723,-0.7749821384222881,69,85304.28546325139,0.598145163378756,-0.5039049998894398,-0.46554824788874316,-0.7736346582931739,42
ma_40_250_w1.00,-0.14782195496249972,-0.016478494276023548,-0.6871877926702739,5,85217.80450375003,-0.08571630599999991,-0.5296924244827945,-0.07194970750499996,-0.6895049611500866,3
ma_20_60_w0.50,-0.14892198672874768,-0.016610447440650322,-0.6472320277103099,25,85107.80132712523,0.22508944672500109,-0.49415797944120904,-0.2956776037803994,-0.4541966160908172,13
ma_stop_20_250_s0.20_w1.00,-0.15034663244249236,-0.016781566661375424,-0.7608511221477492,28,84965.33675575076,0.48211842305250285,-0.52879888335525,-0.4234927972274979,-0.7596754193936492,15
ma_stop_20_120_s0.08_w0.67,-0.1504624843799921,-0.0167954933481812,-0.6991037552607322,83,84953.75156200079,0.03712950613125354,-0.5892973962156597,-0.18300306755249596,-0.517929683719592,50
ma_stop_30_120_s0.05_w1.00,-0.15116574622498014,-0.016880069756611493,-0.8020486436236762,123,84883.42537750199,0.3848777074350096,-0.6219504621323515,-0.3801759906262425,-0.5242047803061722,76
ma_30_180_w0.50,-0.15148105736689965,-0.01691801042345864,-0.659745416929003,11,84851.89426331004,0.055905791175000275,-0.5566343509706249,-0.19768492524284986,-0.4717507834118703,6
price_ma_90_w0.50,-0.1523141973789962,-0.017018321080483623,-0.6543666058297176,70,84768.58026210038,-0.21897450687069797,-0.5660432898680986,0.07814184891940279,-0.28750317670704617,41
ma_stop_40_250_s0.15_w1.00,-0.15272991469124708,-0.017068406788610435,-0.6918859860168493,28,84727.00853087529,-0.021217464742498415,-0.5426971171519442,-0.1375753800037468,-0.693701835088276,15
ma_stop_30_180_s0.15_w0.67,-0.15364221517124588,-0.01717839817790212,-0.7066352335285079,36,84635.77848287541,0.1683474754162526,-0.596844426549486,-0.27041352112124906,-0.5338118789835693,21
ma_stop_20_90_s0.10_w0.67,-0.15517792426499388,-0.017363790927715228,-0.6833175181377575,68,84482.20757350061,0.19202397244875313,-0.5567737589431291,-0.28399315346999665,-0.5154927530233034,39
ma_stop_20_90_s0.20_w0.67,-0.15785679940874686,-0.01768791222014854,-0.7081975011890674,37,84214.32005912531,0.09992566993500174,-0.5904239993619611,-0.23951168518864874,-0.517068495210101,19
ma_stop_30_250_s0.05_w1.00,-0.16283925274498146,-0.01829321210768231,-0.7268168435916258,106,83716.07472550185,0.2947650753937572,-0.5819340898617084,-0.3548476350899916,-0.7258631083895152,61
ma_stop_10_120_s0.08_w1.00,-0.16289586026998804,-0.01830010767506285,-0.812363600789504,83,83710.4139730012,-0.060589735244994336,-0.6794366858440031,-0.11186540059499184,-0.6077918372923005,49
ma_stop_20_90_s0.15_w0.67,-0.16727793410249636,-0.018835176338385717,-0.7152735848244485,50,83272.20658975036,0.12436991862750246,-0.5749753797930688,-0.2572464717224977,-0.49031761808382573,27
ma_stop_20_90_s0.05_w0.67,-0.16795913252623929,-0.018918579883590025,-0.6567524324622029,126,83204.08674737607,0.20538722382750385,-0.5143736903323082,-0.3047921042399938,-0.490685141155519,76
ma_stop_30_180_s0.08_w0.67,-0.169700394971241,-0.019132052391077514,-0.7049997237631421,72,83029.9605028759,0.23574994823250406,-0.5739911523446279,-0.33205829893204675,-0.5676571287907389,46
ma_stop_30_180_s0.12_w0.67,-0.17258501022749495,-0.01948658024207861,-0.7495164802192167,48,82741.4989772505,0.09787833212625263,-0.6213072204272689,-0.24622693431619802,-0.5218639484810973,28
breakout_60_40_s0.20_w1.00,-0.17859486527999635,-0.02022878118473126,-0.7942602078210674,14,82140.51347200037,0.5882321276325024,-0.6021907654833446,-0.4819512142574991,-0.48645804934982195,9
ma_stop_20_120_s0.15_w0.67,-0.18026593079624664,-0.02043601789561933,-0.7298732352230037,45,81973.40692037533,0.02421705750750136,-0.5996297444847193,-0.19290255338249818,-0.477536912815115,24
ma_5_90_w0.67,-0.18283256676674775,-0.02075505698690161,-0.7637865398185745,35,81716.74332332522,-0.03905662600124871,-0.6363662600069697,-0.14235303516134945,-0.4210225968576606,20
breakout_60_40_s0.15_w1.00,-0.18773255021624802,-0.0213666384827903,-0.7411145993139319,17,81226.7449783752,0.7928792814150005,-0.428574576914978,-0.5458822393049989,-0.549832897845804,11
breakout_40_20_s0.15_w1.00,-0.19274848705124592,-0.021996126479499334,-0.7710335813574851,21,80725.15129487541,1.3381554096787514,-0.3368125524742728,-0.651672050609899,-0.6547023764578752,15
ma_stop_30_180_s0.05_w0.50,-0.1994808566671421,-0.02284655499982402,-0.6200443183085476,114,80051.9143332858,0.18902791059750257,-0.45450341376305997,-0.327451215582247,-0.46748088234351215,71
ma_stop_10_90_s0.10_w0.50,-0.20497548644124564,-0.023545396394544893,-0.5925763757972939,72,79502.45135587544,0.05920084657590241,-0.46395716381541013,-0.2465304844430476,-0.33322848536314703,41
ma_stop_40_250_s0.12_w1.00,-0.2080958544112449,-0.02394419356102062,-0.701898033143453,38,79190.4145588755,-0.17001511780499767,-0.5704959313014273,-0.04213558937249562,-0.7020156794853846,20
ma_30_40_w0.50,-0.2083214505833484,-0.02397308032843326,-0.6338766730860239,37,79167.85494166517,0.26887261007875063,-0.42040574691546234,-0.37552808918264946,-0.470669335894916,22
ma_stop_30_180_s0.20_w0.67,-0.21063825929249602,-0.02427016687276018,-0.7288393270396063,29,78936.17407075039,0.13415848319250223,-0.6086979825417137,-0.3019543544664487,-0.5362545683184727,17
ma_stop_40_180_s0.15_w1.00,-0.21349734690374467,-0.02463786936762291,-0.7718549660063331,34,78650.26530962554,0.2898108029700026,-0.6871203185391054,-0.3862378789424973,-0.6850202289654854,20
ma_stop_10_120_s0.05_w1.00,-0.21521368366873062,-0.02485918035224044,-0.7700473010158497,123,78478.63163312693,-0.007583465857492699,-0.6456268017546982,-0.19905943619248778,-0.6110041229331395,73
ma_stop_10_90_s0.20_w0.50,-0.2175831178998474,-0.0251654179811871,-0.6198111586343953,37,78241.68821001526,0.03143782856820132,-0.4991197155026807,-0.23790389330969852,-0.3718275516781683,20
ma_stop_20_60_s0.10_w0.67,-0.2180636714587446,-0.02522762849710003,-0.7212991829023716,71,78193.63285412554,0.42459562782000293,-0.4948561496845422,-0.45376143849484707,-0.5845128462627656,43
ma_40_180_w1.00,-0.2208655133099986,-0.025591027277286904,-0.7806306879784595,10,77913.44866900014,0.23602109046750042,-0.7005686801420533,-0.36986104028249933,-0.6825291545217304,5
ma_stop_40_250_s0.08_w1.00,-0.22184325920249048,-0.025718116554870996,-0.7157034678345395,63,77815.67407975096,-0.01999216981124685,-0.5043625125442366,-0.20369875616999356,-0.7167778414853935,38
ma_stop_30_60_s0.20_w0.67,-0.23320576699874584,-0.02720562672253435,-0.734410084755976,36,76679.42330012542,0.44186146582500196,-0.523959971244264,-0.4671849584684983,-0.5861681262598324,22
ma_stop_20_120_s0.05_w0.67,-0.2342422629787374,-0.027342299732002973,-0.6927228490519417,128,76575.77370212626,0.08744461625250555,-0.5516728601119094,-0.28959611718374334,-0.5248691145403096,77
ma_stop_30_60_s0.10_w0.67,-0.23830039174499307,-0.027879007245089182,-0.7385546433806526,68,76169.96082550069,0.5029893086400041,-0.5102334197512189,-0.492888209749497,-0.5701983431349746,43
ma_stop_10_90_s0.05_w0.50,-0.23940375013949078,-0.028025374854146468,-0.5883235944224691,133,76059.62498605093,0.10385588142865343,-0.40812082064498123,-0.3111568877811952,-0.36253962488844294,78
ma_30_180_w0.67,-0.24070598194499948,-0.02819836931046804,-0.7473142951684103,11,75929.40180550005,0.05114981649375028,-0.6371908657045745,-0.27033819691819994,-0.5507051556098257,6
ma_stop_20_60_s0.20_w0.67,-0.24463111827374562,-0.02872141568127473,-0.7331019211458968,39,75536.88817262543,0.31015371889125154,-0.5394391195113368,-0.42024286254899823,-0.5736188155539114,22
ma_stop_30_60_s0.08_w0.67,-0.2478846917137406,-0.02915682198670355,-0.7300851574738547,84,75211.53082862594,0.6001745949225041,-0.4589728688092372,-0.5236755119108967,-0.6010094049375048,54
ma_stop_40_180_s0.12_w1.00,-0.2486860627387425,-0.029264323718348084,-0.8060097902427091,46,75131.39372612575,0.0935110953562539,-0.7350013456819684,-0.3117617528512464,-0.6821356209390015,27
ma_stop_40_250_s0.10_w1.00,-0.24890268765374213,-0.029293401000320185,-0.712254436672633,46,75109.73123462578,0.029064594780003228,-0.4672090401273205,-0.2739259613024969,-0.7132460010463639,26
ma_30_60_w0.67,-0.2499108942942475,-0.029428830232746894,-0.7396172215578003,23,75008.91057057524,0.3341030676750012,-0.5591872924272938,-0.43818521488924933,-0.5763164274444615,13
ma_stop_40_250_s0.20_w1.00,-0.25100025634124656,-0.029575344287643968,-0.7063123345255844,23,74899.97436587534,-0.08902901767499849,-0.5269811737123629,-0.17683076121749797,-0.7070097409026286,12
ma_5_120_w1.00,-0.2537081373937464,-0.029940370483059198,-0.8218862892980984,30,74629.18626062536,0.05866888335750109,-0.6458070725945325,-0.2979351247274967,-0.5972360419136509,18
ma_stop_40_180_s0.05_w0.67,-0.2542832377312382,-0.030018047599078557,-0.6780678473942106,112,74571.67622687618,0.2594695591800049,-0.5259831471248976,-0.4035880733454452,-0.5842028478674046,70
ma_stop_10_90_s0.15_w0.50,-0.2552120291120975,-0.030143610157480794,-0.6339850354706654,51,74478.79708879025,0.04947139951320145,-0.4891454945886893,-0.2895382236334484,-0.375616623996329,29
breakout_60_20_s0.20_w1.00,-0.25686475936874764,-0.030367388833996145,-0.7812909485158328,15,74313.52406312524,0.37715235289875104,-0.5979645167264659,-0.4562133590137488,-0.46094410403966496,9
ma_stop_30_90_s0.12_w1.00,-0.25722291170644307,-0.030415941232873722,-0.8856307801465673,58,74277.70882935569,-0.3004402711049955,-0.80544347415111,0.06045825313125319,-0.4760334995450775,33
ma_stop_20_60_s0.15_w0.67,-0.2597792559862463,-0.030763098852901072,-0.7440969580911784,51,74022.07440137537,0.3980181209062521,-0.5191840853162427,-0.46805259649029785,-0.5791127682285455,30
ma_stop_10_250_s0.05_w1.00,-0.2598813847012258,-0.030776990481058863,-0.7858005365930022,114,74011.86152987742,0.879724913388759,-0.5829893955291546,-0.6062424919302403,-0.784783286913941,68
ma_20_60_w0.67,-0.26007498037624877,-0.030803328232129945,-0.7385249243264356,25,73992.50196237513,0.22225698378000125,-0.5703345936519657,-0.3896362079599991,-0.562856454950168,13
ma_stop_10_90_s0.08_w0.50,-0.2615068259040946,-0.03099831582071888,-0.6141379355017874,90,73849.31740959054,0.03452013223655226,-0.4661034950007598,-0.2805459256730469,-0.3718959108611571,55
ma_10_90_w0.50,-0.2625796011920988,-0.031144627634019595,-0.6537590491274694,26,73742.03988079012,-0.06201595182304942,-0.5443249851392818,-0.21267646329254875,-0.3675362065808777,13
ma_stop_10_60_s0.12_w1.00,-0.2649958587899929,-0.031474871865160625,-0.7753645528235359,65,73500.41412100071,-0.09389598572249702,-0.6039381729667466,-0.18907170106499482,-0.532034912347559,37
ma_stop_20_60_s0.05_w0.67,-0.26662464343123415,-0.03169803688664763,-0.7152368261443298,135,73337.53565687659,0.48111486286500615,-0.4284310551718785,-0.5037977686588434,-0.5703532197410329,82
ma_stop_30_60_s0.05_w0.67,-0.266676326864986,-0.031705125467834216,-0.7265621282211312,130,73332.3673135014,0.6081754625212552,-0.4297198746514413,-0.5461903491304942,-0.6082676756443284,86
ma_stop_20_90_s0.08_w0.67,-0.26748932622749444,-0.03181669040067692,-0.7006800357208317,87,73251.06737725055,0.06955633415250251,-0.5621009419139716,-0.31280117974384647,-0.5492535341947943,51
ma_30_90_w1.00,-0.26782296679124873,-0.031862506791292655,-0.874689366605926,19,73217.70332087512,-0.24473444857874915,-0.7899786769239481,-0.04837122663749904,-0.4934079626322114,10
ma_stop_30_90_s0.10_w1.00,-0.27002587364999253,-0.032165486124035025,-0.8560572993708168,67,72997.41263500074,-0.16060300454249576,-0.768592076530508,-0.12757015966499619,-0.4857070580955903,39
ma_stop_30_60_s0.15_w0.67,-0.2721180479062447,-0.032453995284015824,-0.7468947917655917,48,72788.19520937552,0.42960871014750324,-0.5283566733257952,-0.48684203366164835,-0.5862538478980509,30
price_ma_90_w0.67,-0.27461949724104606,-0.032799920166638796,-0.7389567784265344,70,72538.0502758954,-0.3254177871738475,-0.6449323540706126,0.08145750161250231,-0.3508585956982391,41
ma_40_60_w1.00,-0.2825095915687461,-0.03389808730156263,-0.7960140488842333,23,71749.04084312539,0.11019578792625229,-0.6948635292847242,-0.35719440514874856,-0.6824700920351606,13
ma_stop_30_90_s0.15_w1.00,-0.29171240396999387,-0.03519271894936715,-0.8665615082676148,45,70828.75960300061,-0.19872652760999565,-0.7715203058925604,-0.1259238339449975,-0.49906427313984475,25
ma_stop_40_180_s0.10_w1.00,-0.2926151192249906,-0.03532052152259724,-0.7947992387003605,54,70738.48807750094,0.30186046346625495,-0.6848066771974217,-0.4554047177549966,-0.6826304910826043,33
ma_stop_10_90_s0.12_w0.67,-0.2991038933146444,-0.03624349951991657,-0.7268025688864104,60,70089.61066853556,-0.07942166534249695,-0.602958661710425,-0.23616766938374723,-0.42461185623203945,34
ma_stop_40_60_s0.12_w1.00,-0.3140845921687416,-0.03840398497503428,-0.8120457746883484,59,68591.54078312583,0.02391720727500357,-0.7163672575217244,-0.3237356143124961,-0.6886979408092632,37
ma_10_60_w1.00,-0.3190626673649961,-0.03913127854968523,-0.7773048716849402,33,68093.73326350038,-0.12695531281874806,-0.6085038138661278,-0.22368939152624823,-0.5376089362726792,17
ma_30_40_w0.67,-0.32094146713189753,-0.03940700895684435,-0.7271949341249281,37,67905.85328681025,0.29250133905000086,-0.4892672299076065,-0.4804249242737487,-0.5797473454449149,22
ma_stop_20_60_s0.08_w0.67,-0.3280719459874919,-0.040459728689521524,-0.7194427444235558,92,67192.80540125081,0.275030734241253,-0.4703799981400402,-0.46878435810794605,-0.5766499086429825,57
ma_stop_40_250_s0.05_w1.00,-0.3305138313262367,-0.040822542381162896,-0.7180077597931124,105,66948.61686737633,-0.03170655174374615,-0.580063871908595,-0.31089537867374095,-0.7199800216834443,59
ma_stop_40_60_s0.10_w1.00,-0.33116076805499095,-0.040918862501838404,-0.80252510609689,69,66883.92319450091,0.15640424689500376,-0.6847565783586901,-0.4223209979137449,-0.6825950725496547,43
ma_stop_30_90_s0.20_w1.00,-0.33388084131079643,-0.04132476025326781,-0.8732659373310161,34,66611.91586892036,-0.24141798442124762,-0.7889892011868795,-0.12888975133124803,-0.5053174665747581,19
price_ma_120_w1.00,-0.33604167449594635,-0.04164826648060771,-0.8371764213724672,56,66395.83255040536,-0.33038463422249775,-0.7146285462714207,-0.02278174114124687,-0.5053585675857054,26
ma_stop_40_60_s0.20_w1.00,-0.3372440088712447,-0.04182868111293159,-0.8025210440324333,37,66275.59911287553,0.11660670669375284,-0.6928597215491332,-0.40881493677374736,-0.6890970566680324,22
ma_stop_40_180_s0.08_w1.00,-0.3410480936362402,-0.0424014362230406,-0.808956897387777,70,65895.19063637598,0.2475261054337543,-0.6973372118539266,-0.4694709493012439,-0.72583551087024,45
ma_stop_20_250_s0.05_w1.00,-0.3413216421224814,-0.042442736657574254,-0.7777787658650501,107,65867.83578775186,0.5380862824350086,-0.5821793792788021,-0.5700446482877914,-0.7763876294471135,62
ma_stop_40_60_s0.15_w1.00,-0.3427556223487426,-0.042659491236394564,-0.8042437633683552,49,65724.43776512574,0.17790566200875335,-0.6757918880862495,-0.4404763294424955,-0.7009542247381719,31
breakout_40_20_s0.20_w1.00,-0.34447094881874685,-0.04291933032870676,-0.8140676892424411,19,65552.90511812532,0.6566170282425015,-0.5339106211916331,-0.602420042542749,-0.605878842859604,13
ma_stop_20_120_s0.10_w1.00,-0.35244839345624157,-0.044135824578359295,-0.8207192635054575,65,64755.16065437584,-0.1195808990512458,-0.7224785133090714,-0.2664804495599956,-0.6153587467860527,38
ma_stop_40_180_s0.20_w1.00,-0.3525240781237462,-0.04414743003400379,-0.8121542601418388,29,64747.592187625385,0.21877508293875203,-0.7048807215669914,-0.4654032350174977,-0.7055897197271292,17
ma_stop_30_180_s0.05_w0.67,-0.3591704644398407,-0.04517135592213217,-0.7437550544934298,114,64082.953556015935,0.15261056445375476,-0.5597670948102853,-0.43876310441989486,-0.575968134430824,71
ma_stop_10_60_s0.05_w1.00,-0.36379675010248436,-0.045889702554213097,-0.6868050066792699,143,63620.32498975156,0.07575645855375646,-0.5157497788274983,-0.39821744868749065,-0.5435108149910154,83
ma_stop_20_180_s0.05_w1.00,-0.37368127148623065,-0.04744034170030953,-0.8138380326812984,112,62631.87285137693,0.09898757007750736,-0.6825767417333131,-0.43051775861249053,-0.7536836233727532,70
ma_20_120_w1.00,-0.3752925624337482,-0.04769518993906996,-0.8498056633087245,18,62470.743756625176,-0.23483270932874878,-0.7566307736238962,-0.19421804507624907,-0.6219214423512102,9
ma_stop_10_90_s0.20_w0.67,-0.3753407965842974,-0.04770282792238312,-0.7221235340862978,37,62465.92034157026,-0.0751814924737485,-0.5951214780287796,-0.3268414903302478,-0.4642476738000746,20
ma_stop_10_90_s0.10_w0.67,-0.37967306751839536,-0.04839101752967834,-0.7059675284641653,72,62032.69324816047,-0.06771618235359811,-0.5655142249388359,-0.330812234428997,-0.42436451838475503,41
ma_stop_10_60_s0.15_w1.00,-0.3808392039562446,-0.04857699618075184,-0.7592081866609337,55,61916.07960437554,-0.040929361784998064,-0.5699275161888702,-0.3563247265987467,-0.5703891197799718,32
ma_stop_10_60_s0.20_w1.00,-0.3846558103537452,-0.04918788170598831,-0.7709490735574993,44,61534.41896462548,-0.10149452264249759,-0.5970865263019148,-0.31091232012749703,-0.5691928709389327,23
ma_10_90_w0.67,-0.39181055746044835,-0.05034227554327664,-0.7427572695235245,26,60818.94425395517,-0.145122785437499,-0.62579968726809,-0.2902907482420991,-0.46056885226192246,13
ma_stop_20_120_s0.12_w1.00,-0.39730520056499496,-0.05123710855135144,-0.8708597014805706,56,60269.479943500504,-0.2831626460812472,-0.7739763660765121,-0.16167594338999713,-0.6061699989775418,31
ma_20_90_w1.00,-0.3977051779349977,-0.05130253217360936,-0.8399508287925654,23,60229.48220650023,-0.1246465567912487,-0.7325260943599302,-0.30278132966249904,-0.6344023205850162,11
ma_5_90_w1.00,-0.4082004355926473,-0.0530332914124495,-0.8684502455997792,35,59179.956440735274,-0.1965587638949986,-0.7464521644744911,-0.26666017121249785,-0.5397404124593196,20
ma_stop_30_180_s0.15_w1.00,-0.4084189248262442,-0.05306961357590534,-0.8410972993458057,36,59158.107517375574,0.03561042376125356,-0.7341091133238441,-0.43217821763999786,-0.6852886431057125,21
ma_stop_10_90_s0.05_w0.67,-0.40923299103068944,-0.05320505177645518,-0.707448142160518,133,59076.700896931055,0.003323260541255202,-0.5095383986285571,-0.40897549247979526,-0.4596051950796542,78
ma_stop_30_180_s0.10_w1.00,-0.41011448122124217,-0.05335189619845804,-0.841666214106774,56,58988.55187787578,0.07793524776375493,-0.7216361326767996,-0.44919979620749717,-0.6482053500111392,33
ma_stop_10_90_s0.15_w0.67,-0.41197288871699655,-0.05366212732318831,-0.7384191337431965,51,58802.71112830034,-0.04835281142249814,-0.5820775182355349,-0.3813946899158981,-0.4712678343825315,29
ma_stop_10_60_s0.10_w1.00,-0.4171293377549924,-0.054527537235080525,-0.7440270593121707,78,58287.06622450076,-0.13529097737999618,-0.5737282997924995,-0.3287570485387451,-0.5296065260556629,44
ma_stop_30_90_s0.08_w1.00,-0.4221072554399914,-0.05536951735835105,-0.8737381906846873,84,57789.27445600086,-0.23166083713499497,-0.7804789440113852,-0.25631078806124485,-0.558507338854828,51
ma_30_180_w1.00,-0.42559349537249913,-0.05596306903553183,-0.8533128553144916,11,57440.65046275008,-0.0025482153937493868,-0.7438600750328922,-0.4256531238374993,-0.6759527738087475,6
ma_stop_10_90_s0.08_w0.67,-0.4256796866409924,-0.05597778442809953,-0.7225280101989382,90,57432.031335900756,-0.08469864687489648,-0.5651092260944752,-0.3794270808266961,-0.4643641751341686,55
ma_stop_20_120_s0.20_w1.00,-0.4299652714499961,-0.05671196748408225,-0.8501012028343177,35,57003.47285500039,-0.2387567334262477,-0.7578788493330025,-0.2570828062724977,-0.63107934173891,18
ma_stop_10_60_s0.08_w1.00,-0.4325484028617911,-0.057156888259248584,-0.7465454023960169,96,56745.159713820896,-0.06763132978929631,-0.5902319127412485,-0.3918930642899945,-0.5717408253074284,58
ma_stop_20_60_s0.12_w1.00,-0.4362030718987412,-0.0577894821261008,-0.8450174069407502,62,56379.69281012588,0.18470960001000392,-0.6769080155818858,-0.5198763483224966,-0.7062788424814432,37
ma_stop_20_90_s0.12_w1.00,-0.4405690731487417,-0.058550036949611806,-0.8548904760051611,60,55943.09268512583,-0.1671551820899957,-0.7458945438138469,-0.32572520516249615,-0.6543160821872954,33
ma_stop_30_90_s0.05_w1.00,-0.44191015420498514,-0.058784720407458635,-0.8357969362761347,126,55808.984579501484,-0.11097339391124228,-0.7384505807509045,-0.3622688443237414,-0.5791542159150801,78
ma_stop_40_60_s0.05_w1.00,-0.4445365048312291,-0.05924578821451021,-0.8216628019317183,132,55546.3495168771,0.2840062267575081,-0.6259946018466239,-0.5612882062985902,-0.7346773195606343,86
ma_stop_20_90_s0.15_w1.00,-0.4519003243949953,-0.0605490369263213,-0.8417145038551715,50,54809.967560500474,-0.06955815013874733,-0.7083601689184821,-0.42290246670749754,-0.6450937195692035,27
ma_stop_40_60_s0.08_w1.00,-0.45781656014248673,-0.06160750930695791,-0.8278513306758077,88,54218.34398575133,0.0764938669950066,-0.6891275630261082,-0.49308544949624455,-0.7159958317823153,56
ma_stop_20_120_s0.15_w1.00,-0.4592110761224947,-0.06185850862202902,-0.8556005665969124,45,54078.89238775053,-0.18806523708374645,-0.7363648093448227,-0.3344041709774974,-0.625941941549184,24
ma_stop_30_180_s0.12_w1.00,-0.46029542188499395,-0.06205408148107472,-0.8756297932095566,48,53970.4578115006,-0.09279869873624669,-0.7673510151011097,-0.4084678273162471,-0.6722344958881822,28
ma_stop_20_90_s0.20_w1.00,-0.46219632541874456,-0.06239778017214892,-0.8377046612055873,37,53780.36745812555,-0.108280495878747,-0.7275709172547917,-0.39901258214999724,-0.6643940217656479,19
ma_stop_30_60_s0.12_w1.00,-0.4639218444899924,-0.06271071184764188,-0.8533853890869563,58,53607.815551000764,0.2753099123287539,-0.6773003239635593,-0.5766331632023469,-0.7189447565337544,36
ma_stop_20_90_s0.10_w1.00,-0.4680273986212413,-0.06345891929030978,-0.8328752541930805,68,53197.26013787587,-0.02279085266249592,-0.7020817284124206,-0.4643137444724963,-0.6689557396483937,39
ma_stop_20_120_s0.08_w1.00,-0.47250215824499053,-0.06428032836706121,-0.8361807801831999,83,52749.78417550095,-0.20460988313999495,-0.7368807266307008,-0.3335452005599939,-0.6672830165517631,50
ma_stop_30_180_s0.08_w1.00,-0.4761633150787383,-0.06495704612300857,-0.8594439790531276,72,52383.66849212617,0.0852502483462565,-0.721373127585936,-0.5135479957237459,-0.7188478550265336,46
ma_20_60_w1.00,-0.4843741480987478,-0.06649025882402826,-0.8557385946746346,25,51562.58519012522,0.15266388179250123,-0.6800346201162554,-0.5540410131749993,-0.7169982918441051,13
ma_stop_30_180_s0.20_w1.00,-0.4869363223237462,-0.06697317468933517,-0.8621850973989248,29,51306.36776762539,-0.011833124062497813,-0.7464187605765712,-0.4817594856262485,-0.6869960835740755,17
ma_30_60_w1.00,-0.4877083212299971,-0.06711910391158127,-0.8574647103976285,23,51229.16787700029,0.31007931493500207,-0.662369389405581,-0.6053167501812489,-0.7294990500157968,13
ma_stop_20_90_s0.05_w1.00,-0.49123177169623555,-0.06778764629707668,-0.8265262530485865,126,50876.82283037645,0.01691516823750594,-0.665466561900718,-0.49175814182624245,-0.6477727275348448,76
price_ma_90_w1.00,-0.4964590436916443,-0.0687871569972427,-0.8439142237161795,70,50354.09563083557,-0.5247168521693464,-0.7527213074663396,0.05804130369375393,-0.45643150048831876,41
ma_stop_20_60_s0.20_w1.00,-0.5134803568537439,-0.07210753365324085,-0.8638850300591627,39,48651.964314625606,0.18385860957750322,-0.6713955122474249,-0.5900800635605479,-0.7238842817671609,22
ma_stop_20_60_s0.10_w1.00,-0.5204143997324882,-0.07349009108157512,-0.8598650521551703,71,47958.56002675119,0.24040766514375655,-0.6404235062151421,-0.6112762056804963,-0.7330628737004065,43
ma_stop_30_60_s0.20_w1.00,-0.5250499398787453,-0.07442438247519123,-0.8678399911161938,36,47495.00601212547,0.33200136801000224,-0.6566672880742243,-0.6394682035225479,-0.7384471131207421,22
ma_stop_40_180_s0.05_w1.00,-0.5309501160599859,-0.07562545264068177,-0.8428597888550582,112,46904.98839400141,0.16273972771875544,-0.6807043218424055,-0.5893358947529412,-0.7409215333320702,70
ma_30_40_w1.00,-0.5315578263449962,-0.07574992918586798,-0.8465708199719117,37,46844.217365500386,0.26883753667875254,-0.5946357456609939,-0.6320081792181984,-0.7268244598749921,22
ma_stop_30_60_s0.10_w1.00,-0.5386407218887408,-0.0772114824264456,-0.8726695371208488,68,46135.92781112593,0.3578534933512547,-0.6532782381142874,-0.6568378934433964,-0.7241309916336599,43
ma_stop_20_60_s0.15_w1.00,-0.5416673587649937,-0.07784216812811506,-0.8695035553094238,51,45833.26412350063,0.24191663476500347,-0.6491978333040808,-0.6293779523727976,-0.7302858679066913,30
ma_stop_20_120_s0.05_w1.00,-0.5438299889424858,-0.07829510368984594,-0.8504984237413399,128,45617.00110575143,-0.13726537314749332,-0.706113519632876,-0.46434797837999076,-0.6778704962703812,77
ma_stop_30_60_s0.15_w1.00,-0.5514597210037432,-0.07990857514827776,-0.8730014243977713,48,44854.02789962568,0.30333216522375417,-0.658198612864397,-0.6546329284020476,-0.7416117295375304,30
ma_stop_30_60_s0.08_w1.00,-0.5563170447412371,-0.08094862213933407,-0.868240577109889,84,44368.29552587629,0.4854001453762562,-0.5964687609967072,-0.700821169213396,-0.751392653602703,54
ma_stop_20_60_s0.05_w1.00,-0.5714027714092801,-0.08424512170323217,-0.8614877162607141,135,42859.72285907199,0.31348205430750786,-0.5793793845447719,-0.6727002685209412,-0.7267719869861166,82
ma_stop_30_60_s0.05_w1.00,-0.5724016217433825,-0.08446704044141518,-0.8699571694428513,130,42759.83782566174,0.5061849240825063,-0.5747276727864385,-0.7106583339896912,-0.7572966380837555,86
ma_stop_10_90_s0.12_w1.00,-0.580406345112843,-0.08626245575745461,-0.85774264635008,60,41959.3654887157,-0.34260333441749535,-0.7497662355028445,-0.36750540016124666,-0.5616839496437743,34
ma_stop_20_90_s0.08_w1.00,-0.5915937685468894,-0.08882385935916393,-0.8513008713312811,87,40840.62314531106,-0.1747144172474936,-0.7082944769651114,-0.502176483607494,-0.701289383282509,51
ma_10_90_w1.00,-0.6156969990530479,-0.09456325180502612,-0.8518105150307862,26,38430.300094695216,-0.32758951372874867,-0.7379493098276132,-0.4353847338262491,-0.5960933068669865,13
ma_stop_20_60_s0.08_w1.00,-0.627214896600991,-0.09742065793050758,-0.8598526565472573,92,37278.51033990091,0.02713959758250417,-0.6169138816959419,-0.6396180500809951,-0.7274145847596434,57
ma_stop_30_180_s0.05_w1.00,-0.6341625619451366,-0.0991827556614755,-0.8868256057913887,114,36583.74380548634,-0.01066137710624282,-0.7140184224969679,-0.6328095131698933,-0.7322345340877693,71
ma_stop_10_90_s0.20_w1.00,-0.6411944466812467,-0.10099701766461922,-0.856623734675709,37,35880.55533187533,-0.311949030217498,-0.7318947722112048,-0.4799994868012478,-0.6043630766171562,20
ma_stop_10_90_s0.10_w1.00,-0.6462495274000937,-0.10232104585139534,-0.8451752552194798,72,35375.047259990635,-0.3169605542512465,-0.7085430290488423,-0.4818323511787467,-0.5695707847590687,41
ma_stop_10_90_s0.15_w1.00,-0.6582658919574446,-0.10553774404196692,-0.8634453684122828,51,34173.410804255545,-0.2715740931149965,-0.7143776143354829,-0.5352023109712475,-0.6181110796477891,29
ma_stop_10_90_s0.05_w1.00,-0.6809598534561385,-0.11189955499478887,-0.8551553014324903,133,31904.014654386145,-0.23996058737624437,-0.6614697506402362,-0.5746807484344931,-0.6101943276739461,78
ma_stop_10_90_s0.08_w1.00,-0.700789254565643,-0.11779951498206354,-0.8637732323922854,90,29921.074543435698,-0.3506752935562465,-0.7117138133493204,-0.5397649763512452,-0.6085804083005499,55
