timestamp,ret,equity,drawdown,benchmark_equity,active_ret
2016-06-02,0.0,100000.0,0.0,100000.0,0.0
2016-06-03,0.0,100000.0,0.0,99812.85090455395,0.0018714909544604863
2016-06-06,0.0,100000.0,0.0,99875.23393636932,-0.0006250000000000977
2016-06-07,0.0,100000.0,0.0,100499.06425452275,-0.006246096189881145
2016-06-08,0.0,100000.0,0.0,99812.85090455395,0.006828057107386654
2016-06-13,0.0,100000.0,0.0,92139.73799126637,0.07687500000000003
2016-06-14,0.0,100000.0,0.0,91328.75857766687,0.008801624915368955
2016-06-15,0.0,100000.0,0.0,93761.69681846535,-0.026639344262294973
2016-06-16,0.0,100000.0,0.0,92202.12102308171,0.016633399866932796
2016-06-17,0.0,100000.0,0.0,95071.74048658765,-0.0311231393775373
2016-06-20,0.0,100000.0,0.0,94759.8253275109,0.0032808398950131545
2016-06-21,0.0,100000.0,0.0,93387.39862757329,0.014483212639894605
2016-06-22,0.0,100000.0,0.0,95321.27261384901,-0.020708082832331165
2016-06-23,0.0,100000.0,0.0,94260.76107298811,0.011125654450261813
2016-06-24,0.0,100000.0,0.0,93200.24953212723,0.011250827266710783
2016-06-27,0.0,100000.0,0.0,95009.35745477227,-0.019410977242302563
2016-06-28,0.0,100000.0,0.0,96381.7841547099,-0.014445173998686833
2016-06-29,0.0,100000.0,0.0,96506.55021834058,-0.0012944983818770073
2016-06-30,0.0,100000.0,0.0,96381.78415470988,0.0012928248222366934
2016-07-01,0.0,100000.0,0.0,96132.2520274485,0.0025889967637540146
2016-07-04,0.0,100000.0,0.0,98066.12601372424,-0.020116807268007797
2016-07-05,0.0,100000.0,0.0,98689.95633187768,-0.006361323155216203
2016-07-06,0.0,100000.0,0.0,109295.07174048651,-0.10745891276864716
2016-07-07,0.0,100000.0,0.0,109606.98689956326,-0.0028538812785388057
2016-07-08,0.0,100000.0,0.0,105552.08983156577,0.03699487763232778
2016-07-11,0.0,100000.0,0.0,105676.85589519647,-0.0011820330969267712
2016-07-12,0.0,100000.0,0.0,107236.43169058012,-0.014757969303423879
2016-07-13,0.0,100000.0,0.0,110168.43418590138,-0.02734147760325767
2016-07-14,0.0,100000.0,0.0,114285.71428571426,-0.03737259343148369
2016-07-15,0.0,100000.0,0.0,123643.1690580162,-0.08187772925764203
2016-07-18,0.0,100000.0,0.0,121459.76294447907,0.017658930373360304
2016-07-19,0.0,100000.0,0.0,121771.67810355581,-0.002568053415511029
2016-07-20,0.0,100000.0,0.0,120711.16656269491,0.00870901639344257
2016-07-21,0.0,100000.0,0.0,121272.61384903305,-0.0046511627906977715
2016-07-22,0.0,100000.0,0.0,124329.38240798502,-0.025205761316872355
2016-07-25,0.0,100000.0,0.0,123206.48783530877,0.009031610637230347
2016-07-26,0.0,100000.0,0.0,125077.97878976916,-0.0151898734177216
2016-07-27,0.0,100000.0,0.0,114597.62944479102,0.083790523690773
2016-07-28,0.0,100000.0,0.0,117903.93013100435,-0.028851388132825173
2016-07-29,0.0,100000.0,0.0,115658.1409856519,0.01904761904761898
2016-08-01,0.0,100000.0,0.0,116531.50343106675,-0.007551240560949246
2016-08-02,0.0,100000.0,0.0,116656.26949469745,-0.0010706638115631772
2016-08-03,0.0,100000.0,0.0,117779.16406737367,-0.009625668449197766
2016-08-04,0.0,100000.0,0.0,118402.99438552716,-0.005296610169491567
2016-08-05,0.0,100000.0,0.0,125514.66001247663,-0.06006322444678602
2016-08-08,0.0,100000.0,0.0,127074.23580786028,-0.0124254473161034
2016-08-09,0.0,100000.0,0.0,127386.15096693701,-0.002454590083456054
2016-08-10,0.0,100000.0,0.0,125140.36182158452,0.01762977473065641
2016-08-11,0.0,100000.0,0.0,124079.85028072365,0.008474576271186307
2016-08-12,0.0,100000.0,0.0,123767.93512164692,0.002513826043237799
2016-08-15,0.0,100000.0,0.0,125077.9787897692,-0.010584677419354982
2016-08-16,0.0,100000.0,0.0,126699.93761696821,-0.012967581047381493
2016-08-17,0.0,100000.0,0.0,124890.82969432317,0.014278680452978754
2016-08-18,0.0,100000.0,0.0,122645.04054897072,0.017982017982017928
2016-08-19,0.0,100000.0,0.0,122832.18964441675,-0.0015259409969481386
2016-08-22,0.0,100000.0,0.0,121896.44416718655,0.0076180802437786355
2016-08-23,0.0,100000.0,0.0,119276.35683094202,0.02149437052200609
2016-08-24,0.0,100000.0,0.0,118028.6961946351,0.010460251046025104
2016-08-25,0.0,100000.0,0.0,118714.90954460391,-0.005813953488372103
2016-08-26,0.0,100000.0,0.0,117467.24890829696,0.010509721492380608
2016-08-29,-0.004356617522399908,99564.33824776001,-0.004356617522399901,117342.48284466626,-0.003294482631268747
2016-08-30,-0.010967782433129902,98472.33824776002,-0.015276617522399756,116032.439176544,0.00019649188903902992
2016-08-31,0.011617475733354254,99616.33824776002,-0.0038366175223997563,117404.8658764816,-0.00021048125589295807
2016-09-01,-0.011484059945615632,98472.33824776002,-0.015276617522399756,116032.439176544,0.0002056318716000538
2016-09-02,0.006336804945465735,99096.33824776001,-0.009036617522399901,116781.03555832815,-0.00011480795775997699
2016-09-05,-0.015742256753218054,97536.33824776002,-0.024636617522399755,114909.54460386778,0.0002833842724228042
2016-09-06,0.01066269268134934,98576.33824776002,-0.014236617522399755,116157.2052401747,-0.0001950706194107088
2016-09-07,0.012132729022597655,99772.33824776002,-0.002276617522399756,117592.01497192767,-0.000219580322192936
2016-09-08,-0.00573305196656404,99200.33824776001,-0.007996617522399902,116905.80162195885,0.0001024918000143149
2016-09-09,-0.012580602264510632,97952.33824776002,-0.020476617522399754,115408.60885839055,0.00022622804498773075
2016-09-12,-0.05414878393800149,92648.33824776002,-0.07351661752239975,109045.53961322524,0.0009863511971336392
2016-09-13,-0.0044900967234571265,92232.33824776001,-0.0776766175223999,108546.47535870246,8.65623154445716e-05
2016-09-14,-0.010148284406339747,91296.33824776001,-0.0870366175223999,107423.58078602623,0.00019654317986717018
2016-09-19,0.014808918144459948,92648.33824776002,-0.07351661752239975,109045.53961322525,-0.0002898042713357363
2016-09-20,0.014031552260802993,93948.33824776002,-0.06051661752239976,110605.11540860891,-0.0002705072357644944
2016-09-21,-0.0022789483513309117,93734.23483720001,-0.06265765162799987,111540.86088583908,-0.010739185237963578
2016-09-22,0.0,93734.23483720001,-0.06265765162799987,110729.88147223956,0.007270693512304249
2016-09-23,0.0,93734.23483720001,-0.06265765162799987,107735.49594510294,0.02704225352112677
2016-09-26,0.0,93734.23483720001,-0.06265765162799987,108296.94323144105,-0.005211349160393786
2016-09-27,0.0,93734.23483720001,-0.06265765162799987,109232.68870867127,-0.008640552995391904
2016-09-28,0.0,93734.23483720001,-0.06265765162799987,108234.56019962575,0.00913763563677894
2016-09-29,0.0,93734.23483720001,-0.06265765162799987,110043.66812227076,-0.016714697406339907
2016-09-30,0.0,93734.23483720001,-0.06265765162799987,110854.64753587024,-0.007369614512471534
2016-10-10,0.0,93734.23483720001,-0.06265765162799987,116718.65252651279,-0.05289814293753525
2016-10-11,0.0,93734.23483720001,-0.06265765162799987,117092.95071740486,-0.003206841261357507
2016-10-12,0.0,93734.23483720001,-0.06265765162799987,115907.67311291328,0.010122535961641033
2016-10-13,0.0,93734.23483720001,-0.06265765162799987,117342.48284466624,-0.01237890204520986
2016-10-14,0.0,93734.23483720001,-0.06265765162799987,116032.43917654398,0.011164274322168932
2016-10-17,0.0,93734.23483720001,-0.06265765162799987,121210.23081721769,-0.04462365591397832
2016-10-18,0.0,93734.23483720001,-0.06265765162799987,121210.23081721769,0.0
2016-10-19,0.0,93734.23483720001,-0.06265765162799987,120648.78353087958,0.0046320123520329215
2016-10-20,0.0,93734.23483720001,-0.06265765162799987,122083.59326263254,-0.011892450879007255
2016-10-21,0.0,93734.23483720001,-0.06265765162799987,119650.65502183403,0.019928461931527863
2016-10-24,0.0,93734.23483720001,-0.06265765162799987,118527.76044915781,0.009384775808133461
2016-10-25,0.0,93734.23483720001,-0.06265765162799987,118652.5265127885,-0.001052631578947416
2016-10-26,0.0,93734.23483720001,-0.06265765162799987,119213.97379912662,-0.004731861198738141
2016-10-27,0.0,93734.23483720001,-0.06265765162799987,119837.80411728009,-0.005232862375719627
2016-10-28,0.0,93734.23483720001,-0.06265765162799987,117030.5676855895,0.02342529932326909
2016-10-31,0.0,93734.23483720001,-0.06265765162799987,114098.56519026821,0.025053304904051332
2016-11-01,0.0,93734.23483720001,-0.06265765162799987,113412.35184029941,0.006014215418261304
2016-11-02,0.0,93734.23483720001,-0.06265765162799987,112850.9045539613,0.004950495049504955
2016-11-03,0.0,93734.23483720001,-0.06265765162799987,113038.05364940736,-0.0016583747927032544
2016-11-04,0.004203918020394548,94128.28587616002,-0.05871714123839978,113162.81971303803,0.003100165261012755
2016-11-07,0.003792696283343444,94485.28587616002,-0.05514714123839978,113599.50093574547,-6.61791301075354e-05
2016-11-08,-0.007016965592600233,93822.28587616001,-0.061777141238399925,112788.52152214595,0.00012196905869044095
2016-11-09,-0.016851007042045563,92241.28587616002,-0.07758714123839978,110854.64753587024,0.00029501065706938334
2016-11-10,0.010505057369873949,93210.28587616002,-0.06789714123839978,112039.92514036183,-0.00018712045792579346
2016-11-11,0.004377199320491965,93618.28587616001,-0.06381714123839993,112538.98939488459,-7.714366391775584e-05
2016-11-14,0.02887256452842557,96321.28587616002,-0.03678714123839978,115845.29008109793,-0.0005065928995124924
2016-11-15,-0.010589559625599376,95301.28587616002,-0.04698714123839978,114597.62944479102,0.00018049960972632562
2016-11-16,-0.00012683020474368867,95289.19879456001,-0.04710801205439988,117467.24890829694,-0.02516765764078066
2016-11-17,0.0,95289.19879456001,-0.04710801205439988,115970.05614472865,0.012745618693574046
2016-11-18,0.0,95289.19879456001,-0.04710801205439988,112913.28758577668,0.02635825712748785
2016-11-21,0.0,95289.19879456001,-0.04710801205439988,112476.60636306924,0.003867403314917195
2016-11-22,0.0,95289.19879456001,-0.04710801205439988,115159.07673112913,-0.023849140321686058
2016-11-23,0.0,95289.19879456001,-0.04710801205439988,112663.75545851525,0.021668472372697867
2016-11-24,0.0,95289.19879456001,-0.04710801205439988,110917.03056768558,0.015503875968992165
2016-11-25,0.0,95289.19879456001,-0.04710801205439988,111915.15907673111,-0.008998875140607376
2016-11-28,0.0,95289.19879456001,-0.04710801205439988,112102.30817217712,-0.0016722408026754731
2016-11-29,0.0,95289.19879456001,-0.04710801205439988,111852.77604491575,0.0022259321090706274
2016-11-30,0.0,95289.19879456001,-0.04710801205439988,111478.47785402367,0.003346346904629094
2016-12-01,0.0,95289.19879456001,-0.04710801205439988,112726.1384903306,-0.011191941801902638
2016-12-02,0.0,95289.19879456001,-0.04710801205439988,111353.71179039299,0.01217487548422791
2016-12-05,0.0,95289.19879456001,-0.04710801205439988,109731.752963194,0.014565826330532272
2016-12-06,0.0,95289.19879456001,-0.04710801205439988,111104.17966313162,-0.012507106310403637
2016-12-07,0.0,95289.19879456001,-0.04710801205439988,112476.60636306924,-0.012352610892756966
2016-12-08,0.0,95289.19879456001,-0.04710801205439988,112601.37242669995,-0.0011092623405435376
2016-12-09,0.0,95289.19879456001,-0.04710801205439988,114535.24641297566,-0.01717451523545699
2016-12-12,0.0,95289.19879456001,-0.04710801205439988,108733.62445414846,0.05065359477124176
2016-12-13,0.0,95289.19879456001,-0.04710801205439988,107673.11291328761,0.009753298909925268
2016-12-14,0.0,95289.19879456001,-0.04710801205439988,104616.34435433563,0.028389339513325673
2016-12-15,0.0,95289.19879456001,-0.04710801205439988,103555.83281347476,0.010137149672033274
2016-12-16,0.0,95289.19879456001,-0.04710801205439988,105676.85589519652,-0.02048192771084345
2016-12-19,0.0,95289.19879456001,-0.04710801205439988,104553.9613225203,0.010625737898465104
2016-12-20,0.0,95289.19879456001,-0.04710801205439988,104678.727386151,-0.0011933174224343368
2016-12-21,0.0,95289.19879456001,-0.04710801205439988,105302.55770430446,-0.005959475566150063
2016-12-22,0.0,95289.19879456001,-0.04710801205439988,106612.60137242672,-0.012440758293838838
2016-12-23,0.0,95289.19879456001,-0.04710801205439988,104304.42919525891,0.02165008777062616
2016-12-26,0.0,95289.19879456001,-0.04710801205439988,105240.1746724891,-0.008971291866028741
2016-12-27,0.0,95289.19879456001,-0.04710801205439988,105177.79164067373,0.0005927682276231083
2016-12-28,0.0,95289.19879456001,-0.04710801205439988,103992.51403618217,0.011269276393831462
2016-12-29,0.0,95289.19879456001,-0.04710801205439988,103431.06674984403,0.005398920215957004
2016-12-30,0.0,95289.19879456001,-0.04710801205439988,103431.06674984403,0.0
2017-01-03,0.0,95289.19879456001,-0.04710801205439988,104803.49344978169,-0.01326899879372756
2017-01-04,0.0,95289.19879456001,-0.04710801205439988,105177.79164067375,-0.0035714285714285587
2017-01-05,0.0,95289.19879456001,-0.04710801205439988,105177.79164067375,0.0
2017-01-06,0.0,95289.19879456001,-0.04710801205439988,103742.98190892079,0.013641755634638209
2017-01-09,0.0,95289.19879456001,-0.04710801205439988,104054.89706799753,-0.0030066145520144527
2017-01-10,0.0,95289.19879456001,-0.04710801205439988,104242.04616344356,-0.0017985611510791255
2017-01-11,0.0,95289.19879456001,-0.04710801205439988,102994.38552713665,0.011968880909634882
2017-01-12,0.0,95289.19879456001,-0.04710801205439988,97005.6144728634,0.05814657783161725
2017-01-13,0.0,95289.19879456001,-0.04710801205439988,93636.9307548347,0.03472668810289392
2017-01-16,0.0,95289.19879456001,-0.04710801205439988,90393.01310043668,0.03464357095269821
2017-01-17,0.0,95289.19879456001,-0.04710801205439988,91765.4398003743,-0.015182884748102143
2017-01-18,0.0,95289.19879456001,-0.04710801205439988,90330.63006862134,0.015635622025832796
2017-01-19,0.0,95289.19879456001,-0.04710801205439988,90892.07735495946,-0.006215469613259694
2017-01-20,0.0,95289.19879456001,-0.04710801205439988,91640.67373674361,-0.008236101578586119
2017-01-23,0.0,95289.19879456001,-0.04710801205439988,92950.7174048659,-0.014295439074200278
2017-01-24,0.0,95289.19879456001,-0.04710801205439988,90393.0131004367,0.027516778523489993
2017-01-25,0.0,95289.19879456001,-0.04710801205439988,90393.0131004367,0.0
2017-01-26,0.0,95289.19879456001,-0.04710801205439988,90767.31129132879,-0.0041407867494824835
2017-02-03,0.0,95289.19879456001,-0.04710801205439988,91016.84341859017,-0.0027491408934707806
2017-02-06,0.0,95289.19879456001,-0.04710801205439988,93075.4834684966,-0.022618231665524346
2017-02-07,0.0,95289.19879456001,-0.04710801205439988,93574.54772301938,-0.00536193029490617
2017-02-08,0.0,95289.19879456001,-0.04710801205439988,96568.933250156,-0.03200000000000003
2017-02-09,0.0,95289.19879456001,-0.04710801205439988,96132.25202744857,0.004521963824289377
2017-02-10,0.0,95289.19879456001,-0.04710801205439988,95820.33686837183,0.0032446463335497056
2017-02-13,0.0,95289.19879456001,-0.04710801205439988,96194.6350592639,-0.00390625
2017-02-14,0.0,95289.19879456001,-0.04710801205439988,95196.50655021837,0.01037613488975353
2017-02-15,0.0,95289.19879456001,-0.04710801205439988,93699.31378665006,0.01572739187418093
2017-02-16,0.0,95289.19879456001,-0.04710801205439988,94073.61197754215,-0.003994673768308976
2017-02-17,0.0,95289.19879456001,-0.04710801205439988,93636.93075483473,0.004641909814323664
2017-02-20,0.0,95289.19879456001,-0.04710801205439988,96069.86899563322,-0.025982678214523602
2017-02-21,0.0,95289.19879456001,-0.04710801205439988,97691.82782283223,-0.016883116883116944
2017-02-22,0.0,95289.19879456001,-0.04710801205439988,97005.61447286342,0.007024265644955285
2017-02-23,0.0,95289.19879456001,-0.04710801205439988,97192.76356830947,-0.0019292604501608412
2017-02-24,0.0,95289.19879456001,-0.04710801205439988,98066.12601372432,-0.00898587933247752
2017-02-27,0.0,95289.19879456001,-0.04710801205439988,98814.72239550846,-0.007633587786259444
2017-02-28,0.0,95289.19879456001,-0.04710801205439988,100062.38303181538,-0.012626262626262541
2017-03-01,0.0,95289.19879456001,-0.04710801205439988,99126.63755458519,0.009351620947630868
2017-03-02,0.0,95289.19879456001,-0.04710801205439988,97567.06175920155,0.01573316551290116
2017-03-03,0.0,95289.19879456001,-0.04710801205439988,97816.59388646293,-0.002557544757033181
2017-03-06,0.0,95289.19879456001,-0.04710801205439988,98440.42420461637,-0.0063775510204080454
2017-03-07,0.0,95289.19879456001,-0.04710801205439988,97878.97691827826,0.005703422053231932
2017-03-08,0.0,95289.19879456001,-0.04710801205439988,97067.99750467877,0.008285532186105726
2017-03-09,0.0,95289.19879456001,-0.04710801205439988,96007.48596381789,0.010925449871465265
2017-03-10,0.0,95289.19879456001,-0.04710801205439988,95258.88958203372,0.007797270955165803
2017-03-13,0.0,95289.19879456001,-0.04710801205439988,95321.27261384907,-0.0006548788474132206
2017-03-14,0.0,95289.19879456001,-0.04710801205439988,94884.59139114166,0.0045811518324606615
2017-03-15,0.0,95289.19879456001,-0.04710801205439988,95258.88958203373,-0.0039447731755424265
2017-03-16,0.0,95289.19879456001,-0.04710801205439988,96007.4859638179,-0.007858546168958869
2017-03-17,0.0,95289.19879456001,-0.04710801205439988,94635.05926388028,0.014294996751137101
2017-03-20,0.0,95289.19879456001,-0.04710801205439988,95071.7404865877,-0.004614370468029039
2017-03-21,0.0,95289.19879456001,-0.04710801205439988,94447.91016843425,0.006561679790026198
2017-03-22,0.0,95289.19879456001,-0.04710801205439988,93387.39862757336,0.011228533685601061
2017-03-23,0.0,95289.19879456001,-0.04710801205439988,92950.71740486594,0.004676018704074858
2017-03-24,0.0,95289.19879456001,-0.04710801205439988,94946.97442295702,-0.021476510067114152
2017-03-27,0.0,95289.19879456001,-0.04710801205439988,96943.23144104809,-0.021024967148488782
2017-03-28,0.0,95289.19879456001,-0.04710801205439988,96007.48596381792,0.009652509652509522
2017-03-29,0.0,95289.19879456001,-0.04710801205439988,95820.33686837187,0.0019493177387914784
2017-03-30,0.0,95289.19879456001,-0.04710801205439988,96132.25202744862,-0.0032552083333334814
2017-03-31,0.0,95289.19879456001,-0.04710801205439988,97005.61447286347,-0.009085009733938998
2017-04-05,0.0,95289.19879456001,-0.04710801205439988,99001.87149095454,-0.02057877813504816
2017-04-06,0.0,95289.19879456001,-0.04710801205439988,98315.65814098573,0.006931316950220534
2017-04-07,0.0,95289.19879456001,-0.04710801205439988,99688.08484092336,-0.013959390862944288
2017-04-10,0.0,95289.19879456001,-0.04710801205439988,96693.69931378674,0.030037546933667114
2017-04-11,0.0025904553729345636,95536.04121156002,-0.044639587884399805,97067.99750467883,-0.0012805123690009523
2017-04-12,-0.00702352736716505,94865.04121156002,-0.051349587884399805,96381.78415471001,4.5881373194944786e-05
2017-04-13,-0.011574337458530537,93767.04121156002,-0.06232958788439981,95258.88958203378,7.614797836263953e-05
2017-04-14,-0.018215355608228734,92059.04121156002,-0.07940958788439981,93512.16469120407,0.0001212521193416638
2017-04-17,-0.021866401968861915,90046.04121156002,-0.0995395878843998,91453.52464129766,0.00014827448210541494
2017-04-18,0.0020322936748551346,90229.04121156002,-0.0977095878843998,91640.67373674369,-1.4091045472230945e-05
2017-04-19,-0.0060845155021957975,89680.04121156002,-0.10319958788439981,91079.22645040558,4.2101243889924866e-05
2017-04-20,0.007482155348446984,90351.04121156003,-0.09648958788439967,91765.4398003744,-5.209122689553425e-05
2017-04-21,-0.005401155243549893,89863.04121156002,-0.1013695878843998,91266.37554585162,3.732198282668797e-05
2017-04-24,-0.0017471015136285573,89706.04135624004,-0.10293958643759965,86774.7972551467,0.047466842437157486
2017-04-25,0.0,89706.04135624004,-0.10293958643759965,86587.64815970066,0.0021567217828899476
2017-04-26,0.0,89706.04135624004,-0.10293958643759965,85090.45539613235,0.01729106628242072
2017-04-27,0.0,89706.04135624004,-0.10293958643759965,85963.81784154719,-0.01026392961876832
2017-04-28,0.0,89706.04135624004,-0.10293958643759965,85963.81784154719,0.0
2017-05-02,0.0,89706.04135624004,-0.10293958643759965,85028.07236431702,0.010885341074020172
2017-05-03,0.0,89706.04135624004,-0.10293958643759965,86088.5839051779,-0.01247248716067495
2017-05-04,0.0,89706.04135624004,-0.10293958643759965,83468.49656893336,0.0304347826086957
2017-05-05,0.0,89706.04135624004,-0.10293958643759965,81285.09045539623,0.0261584454409568
2017-05-08,0.0,89706.04135624004,-0.10293958643759965,81035.55832813485,0.003069838833461125
2017-05-09,0.0,89706.04135624004,-0.10293958643759965,81597.00561447296,-0.006928406466512715
2017-05-10,0.0,89706.04135624004,-0.10293958643759965,80349.34497816603,0.015290519877675823
2017-05-11,0.0,89706.04135624004,-0.10293958643759965,77729.25764192149,0.03260869565217395
2017-05-12,0.0,89706.04135624004,-0.10293958643759965,77167.81035558337,0.007223113964687111
2017-05-15,0.0,89706.04135624004,-0.10293958643759965,77604.49157829079,-0.0056588520614389015
2017-05-16,0.0,89706.04135624004,-0.10293958643759965,79164.06737367444,-0.020096463022508004
2017-05-17,0.0,89706.04135624004,-0.10293958643759965,80286.96194635068,-0.014184397163120588
2017-05-18,0.0,89706.04135624004,-0.10293958643759965,79663.13162819721,0.007770007770007692
2017-05-19,0.0,89706.04135624004,-0.10293958643759965,79039.30131004375,0.007830853563038365
2017-05-22,0.0,89706.04135624004,-0.10293958643759965,76232.06487835318,0.03551696921862657
2017-05-23,0.0,89706.04135624004,-0.10293958643759965,74610.10605115417,0.021276595744680882
2017-05-24,0.0,89706.04135624004,-0.10293958643759965,75296.31940112296,-0.009197324414715657
2017-05-25,0.0,89706.04135624004,-0.10293958643759965,76356.83094198386,-0.014084507042253502
2017-05-26,0.0,89706.04135624004,-0.10293958643759965,76356.83094198386,0.0
2017-05-31,0.0,89706.04135624004,-0.10293958643759965,76044.91578290712,0.004084967320261534
2017-06-01,0.0,89706.04135624004,-0.10293958643759965,73050.5302557705,0.03937653814602127
2017-06-02,0.0,89706.04135624004,-0.10293958643759965,73861.50966937,-0.01110162254483349
2017-06-05,0.0,89706.04135624004,-0.10293958643759965,74360.57392389278,-0.006756756756756799
2017-06-06,0.0,89706.04135624004,-0.10293958643759965,74984.40424204624,-0.008389261744966348
2017-06-07,0.0,89706.04135624004,-0.10293958643759965,76543.9800374299,-0.02079866888519133
2017-06-08,0.0,89706.04135624004,-0.10293958643759965,76107.29881472247,0.005704971475142595
2017-06-09,0.0,89706.04135624004,-0.10293958643759965,76044.91578290712,0.0008196721311475308
2017-06-12,0.0,89706.04135624004,-0.10293958643759965,73736.7436057393,0.03035274815422473
2017-06-13,0.0,89706.04135624004,-0.10293958643759965,75545.85152838434,-0.024534686971235065
2017-06-14,0.0,89706.04135624004,-0.10293958643759965,75733.00062383039,-0.0024772914946327163
2017-06-15,0.0,89706.04135624004,-0.10293958643759965,76793.51216469129,-0.014003294892916074
2017-06-16,0.0,89706.04135624004,-0.10293958643759965,76481.59700561456,0.004061738424045558
2017-06-19,0.0,89706.04135624004,-0.10293958643759965,77417.34248284475,-0.012234910277324706
2017-06-20,0.0,89706.04135624004,-0.10293958643759965,76855.89519650662,0.00725221595487513
2017-06-21,0.0,89706.04135624004,-0.10293958643759965,76793.51216469127,0.0008116883116883189
2017-06-22,0.0,89706.04135624004,-0.10293958643759965,75733.00062383039,0.01380991064175463
2017-06-23,0.0,89706.04135624004,-0.10293958643759965,75171.55333749228,0.007413509060955503
2017-06-26,0.0,89706.04135624004,-0.10293958643759965,76169.68184653782,-0.01327800829875514
2017-06-27,0.0,89706.04135624004,-0.10293958643759965,76232.06487835315,-0.0008190008190007703
2017-06-28,0.0,89706.04135624004,-0.10293958643759965,75171.55333749227,0.013911620294599025
2017-06-29,0.0,89706.04135624004,-0.10293958643759965,75545.85152838434,-0.004979253112033177
2017-06-30,0.0,89706.04135624004,-0.10293958643759965,75421.08546475366,0.0016515276630882925
2017-07-03,0.0,89706.04135624004,-0.10293958643759965,75670.61759201504,-0.003308519437551727
2017-07-04,0.0,89706.04135624004,-0.10293958643759965,75233.93636930762,0.00577081615828523
2017-07-05,0.0,89706.04135624004,-0.10293958643759965,78602.62008733631,-0.04477611940298498
2017-07-06,0.0,89706.04135624004,-0.10293958643759965,77292.57641921405,0.016666666666666607
2017-07-07,0.0,89706.04135624004,-0.10293958643759965,77417.34248284475,-0.0016142050040355294
2017-07-10,0.0,89706.04135624004,-0.10293958643759965,76855.89519650662,0.00725221595487513
2017-07-11,0.0,89706.04135624004,-0.10293958643759965,75982.53275109177,0.011363636363636465
2017-07-12,0.0,89706.04135624004,-0.10293958643759965,74734.87211478484,0.016420361247947435
2017-07-13,0.0,89706.04135624004,-0.10293958643759965,75046.78727386157,-0.004173622704507496
2017-07-14,0.0,89706.04135624004,-0.10293958643759965,77729.25764192147,-0.03574397339983393
2017-07-17,0.0,89706.04135624004,-0.10293958643759965,74610.10605115416,0.0401284109149278
2017-07-18,0.0,89706.04135624004,-0.10293958643759965,77729.25764192147,-0.041806020066889715
2017-07-19,0.0,89706.04135624004,-0.10293958643759965,78976.91827822839,-0.016051364365970988
2017-07-20,0.0,89706.04135624004,-0.10293958643759965,78602.62008733631,0.004739336492891044
2017-07-21,0.0,89706.04135624004,-0.10293958643759965,78727.386150967,-0.0015873015873015817
2017-07-24,0.0,89706.04135624004,-0.10293958643759965,79663.1316281972,-0.01188589540412055
2017-07-25,0.0,89706.04135624004,-0.10293958643759965,78540.23705552095,0.014095536413469056
2017-07-26,0.0,89706.04135624004,-0.10293958643759965,76731.12913287593,0.023034154090547987
2017-07-27,0.0,89706.04135624004,-0.10293958643759965,80474.1110417967,-0.04878048780487809
2017-07-28,-0.012779441649726109,88559.64823510004,-0.11440351764899954,78976.91827822839,0.005825209513064644
2017-07-31,0.005453951202671892,89042.64823510006,-0.1095735176489994,79413.59950093582,-7.527470570090067e-05
2017-08-01,-0.01239855307408555,87938.64823510004,-0.12061351764899955,78415.47099189028,0.0001701821969277706
2017-08-02,-0.008631017365320792,87179.64823510006,-0.1282035176489994,77729.25764192147,0.00011997706586452939
2017-08-03,0.001582938252146171,87317.64823510004,-0.12682351764899955,77854.02370555217,-2.2198184450816782e-05
2017-08-04,0.020545674743434494,89111.64823510004,-0.10888351764899955,79475.98253275116,-0.0002876585898987649
2017-08-07,-0.001548619094508319,88973.64823510006,-0.1102635176489994,79351.21646912048,2.123961820754694e-05
2017-08-08,0.010857147247097965,89939.64823510004,-0.10060351764899955,80224.57891453532,-0.00014914206107796701
2017-08-09,-0.010740535669818141,88973.64823510006,-0.1102635176489994,79351.21646912048,0.0001459340035876444
2017-08-10,0.038775525882493556,92423.64823510006,-0.0757635176489994,82470.36805988778,-0.000532650218135311
2017-08-11,-0.006719059589817888,91802.64823510006,-0.0819735176489994,81908.92077354967,8.880727856330761e-05
2017-08-14,0.03607739061642534,95114.64823510004,-0.04885351764899955,84903.3063006863,-0.0004801112876111624
2017-08-15,0.036997455862969764,98633.64823510004,-0.01366351764899955,88084.84092326896,-0.0004749908673755687
2017-08-16,-0.00909425957622434,97736.64823510004,-0.02263351764899955,87273.86150966946,0.00011253929063115287
2017-08-17,0.003529893916252691,98081.64823510004,-0.01918351764899955,87585.77666874618,-4.408749904394327e-05
2017-08-18,-0.02321535211706527,95804.64823510006,-0.041953517648999405,85527.13661883977,0.00028892138720815197
2017-08-21,0.004321293461503561,96218.64823510004,-0.03781351764899955,85901.43480973183,-5.5074153376022394e-05
2017-08-22,-0.011473867283008365,95114.64823510004,-0.04885351764899955,84903.3063006863,0.00014559531684643634
2017-08-23,-0.016685127153888146,93527.64823510006,-0.0647235176489994,83468.49656893333,0.00021421156764001026
2017-08-24,0.006639747836265419,94148.64823510006,-0.058513517648999404,84029.94385527146,-8.670956283762798e-05
2017-08-25,0.003664417986527946,94493.64823510004,-0.05506351764899955,84341.85901434819,-4.753450048022856e-05
2017-08-28,0.0036510390533515125,94838.64823510004,-0.05161351764899955,84653.77417342493,-4.718579871965112e-05
2017-08-29,0.012368375359929074,96011.64823510004,-0.03988351764899955,85714.28571428583,-0.00015925912791181496
2017-08-30,-0.02084122121412002,94010.64823510004,-0.05989351764899955,83905.17779164079,0.0002650378834054834
2017-08-31,0.0029358376437294,94286.64823510004,-0.05713351764899955,84154.70991890218,-3.814005143798482e-05
2017-09-01,0.01829527332118941,96011.64823510004,-0.03988351764899955,85714.28571428583,-0.00023697278703882496
2017-09-04,-0.009342616406329718,95114.64823510004,-0.04885351764899955,84903.30630068632,0.00011881008566450024
2017-09-05,0.015234246531810935,96563.64823510004,-0.03436351764899955,86213.3499688086,-0.00019558447480183538
2017-09-06,0.02358030212835649,98840.64823510004,-0.01159351764899955,88271.99001871503,-0.0002981349194004501
2017-09-07,-0.029319921021833895,95942.64823510004,-0.04057351764899955,85651.90268247048,0.0003620577767526889
2017-09-08,-0.012226054018496968,94769.64823510006,-0.052303517648999404,84591.3911416096,0.00015559201209303097
2017-09-11,0.0014561624166593568,94907.64823510004,-0.05092351764899955,84716.15720524028,-1.876383702792417e-05
2017-09-12,-0.014540450908461344,93527.64823510006,-0.0647235176489994,83468.49656893336,0.00018708959227498045
2017-09-13,-0.007377497595850602,92837.64823510004,-0.07162351764899955,82844.66625077989,9.634395870850021e-05
2017-09-14,0.00817556254848184,93596.64823510006,-0.06403351764899941,83530.8796007487,-0.0001075699816386333
2017-09-15,-0.011795294177916915,92492.64823510004,-0.07507351764899955,82532.75109170315,0.00015392165479410913
2017-09-18,0.0014920104747053742,92630.64823510004,-0.07369351764899955,82657.51715533384,-1.97053227246613e-05
2017-09-19,0.005214256935502926,93113.64823510004,-0.06886351764899955,83094.19837804126,-6.876193242155715e-05
2017-09-20,0.0029641197099605776,93389.64823510004,-0.06610351764899955,83343.73050530265,-3.8883293042468736e-05
2017-09-21,-0.022904037443371106,91250.64823510006,-0.0874935176489994,81409.85651902693,0.0002995553710000154
2017-09-22,0.02797788343839902,93803.64823510004,-0.06196351764899955,83718.02869619473,-0.0003746069830568022
2017-09-25,-0.02942316265869116,91043.64823510004,-0.08956351764899954,81222.70742358087,0.0003830966557648585
2017-09-26,-0.015915443065926627,89594.64823510006,-0.10405351764899941,79912.66375545862,0.00021358919213776417
2017-09-27,0.004620811713146544,90008.64823510004,-0.09991351764899956,80286.96194635068,-6.302903626798084e-05
2017-09-28,-0.00766593003594207,89318.64823510004,-0.10681351764899955,79663.13162819722,0.00010407773406562182
2017-09-29,0.0023175451497559063,89525.64823510006,-0.1047435176489994,79850.28072364327,-3.17109191556586e-05
2017-10-09,0.03776571369940007,92906.64823510004,-0.07093351764899955,82907.04928259522,-0.0005155363005997504
2017-10-10,0.0007426809739752294,92975.64823510006,-0.0702435176489994,82969.43231441059,-9.764473730022871e-06
2017-10-11,0.0022263894248584215,93182.64823510004,-0.06817351764899955,83156.58140985662,-2.924967288597813e-05
2017-10-12,0.053314647030268336,98150.64823510006,-0.018493517648999404,87648.15970056156,-0.0006988563455756491
2017-10-13,0.011248015370775688,99254.64823510006,-0.007453517648999404,88646.2882096071,-0.00013988498509620584
2017-10-16,-0.030587988109219588,96218.64823510004,-0.03781351764899955,85901.43480973184,0.0003761216726242411
2017-10-17,-0.027967551502332655,93527.64823510006,-0.0647235176489994,83468.49656893335,0.00035488858481325103
2017-10-18,-0.02729674110464697,90974.64823510004,-0.09025351764899955,81160.32439176552,0.0003564726472216062
2017-10-19,-0.015169061126059424,89594.64823510006,-0.10405351764899941,79912.6637554586,0.000203729035354816
2017-10-20,-0.0009667860036985942,89508.02938318007,-0.10491970616819933,80910.79226450414,-0.013457028002137328
2017-10-23,0.0,89508.02938318007,-0.10491970616819933,79413.59950093583,0.018504240555127227
2017-10-24,0.0,89508.02938318007,-0.10491970616819933,78041.1728009982,0.01728201099764337
2017-10-25,0.0,89508.02938318007,-0.10491970616819933,78477.85402370563,-0.005595523581135131
2017-10-26,0.0,89508.02938318007,-0.10491970616819933,79164.06737367444,-0.008744038155802825
2017-10-27,0.0,89508.02938318007,-0.10491970616819933,78727.38615096701,0.005516154452324673
2017-10-30,0.0,89508.02938318007,-0.10491970616819933,75358.70243293833,0.04278922345483349
2017-10-31,0.0,89508.02938318007,-0.10491970616819933,76107.29881472248,-0.009933774834437026
2017-11-01,0.0,89508.02938318007,-0.10491970616819933,76481.59700561456,-0.004918032786885185
2017-11-02,0.0,89508.02938318007,-0.10491970616819933,75358.70243293833,0.014681892332789492
2017-11-03,0.0,89508.02938318007,-0.10491970616819933,73986.2757330007,0.018211920529801362
2017-11-06,0.0,89508.02938318007,-0.10491970616819933,74922.0212102309,-0.012647554806070938
2017-11-07,0.0,89508.02938318007,-0.10491970616819933,75483.46849656901,-0.007493755203996644
2017-11-08,0.0,89508.02938318007,-0.10491970616819933,77043.04429195268,-0.02066115702479343
2017-11-09,0.0,89508.02938318007,-0.10491970616819933,77043.04429195268,0.0
2017-11-10,0.0,89508.02938318007,-0.10491970616819933,76419.21397379921,0.0080971659919028
2017-11-13,0.0,89508.02938318007,-0.10491970616819933,76169.68184653785,0.0032653061224489077
2017-11-14,0.0,89508.02938318007,-0.10491970616819933,74734.87211478488,0.018837018837018826
2017-11-15,0.0,89508.02938318007,-0.10491970616819933,75358.70243293834,-0.008347245409014992
2017-11-16,0.0,89508.02938318007,-0.10491970616819933,75795.38365564577,-0.005794701986755024
2017-11-17,0.0,89508.02938318007,-0.10491970616819933,72426.69993761706,0.04444444444444451
2017-11-20,0.0,89508.02938318007,-0.10491970616819933,71179.03930131013,0.017226528854435763
2017-11-21,0.0,89508.02938318007,-0.10491970616819933,71179.03930131013,0.0
2017-11-22,0.0,89508.02938318007,-0.10491970616819933,71116.6562694948,0.0008764241893075564
2017-11-23,0.0,89508.02938318007,-0.10491970616819933,69806.61260137252,0.018421052631579005
2017-11-24,0.0,89508.02938318007,-0.10491970616819933,69369.93137866509,0.006255585344057235
2017-11-27,0.0,89508.02938318007,-0.10491970616819933,69307.54834684974,0.0008992805755395628
2017-11-28,0.0,89508.02938318007,-0.10491970616819933,69619.46350592648,-0.004500450045004545
2017-11-29,0.0,89508.02938318007,-0.10491970616819933,69120.39925140372,0.007168458781361964
2017-11-30,0.0,89508.02938318007,-0.10491970616819933,69307.54834684976,-0.0027075812274368616
2017-12-01,0.0,89508.02938318007,-0.10491970616819933,69806.61260137253,-0.007200720072007227
2017-12-04,0.0,89508.02938318007,-0.10491970616819933,69931.37866500323,-0.0017873100983021306
2017-12-05,0.0,89508.02938318007,-0.10491970616819933,66313.16281971315,0.05173951828724355
2017-12-06,0.0,89508.02938318007,-0.10491970616819933,66936.99313786661,-0.00940733772342428
2017-12-07,0.0,89508.02938318007,-0.10491970616819933,66625.07797878986,0.004659832246039164
2017-12-08,0.0,89508.02938318007,-0.10491970616819933,66999.37616968196,-0.005617977528090012
2017-12-11,0.0,89508.02938318007,-0.10491970616819933,68122.27074235819,-0.016759776536312776
2017-12-12,0.0,89508.02938318007,-0.10491970616819933,69120.39925140372,-0.0146520146520146
2017-12-13,0.0,89508.02938318007,-0.10491970616819933,67935.12164691214,0.017148014440433124
2017-12-14,0.0,89508.02938318007,-0.10491970616819933,67436.05739238937,0.00734618916437102
2017-12-15,0.0,89508.02938318007,-0.10491970616819933,66874.61010605126,0.008325624421831601
2017-12-18,0.0,89508.02938318007,-0.10491970616819933,65938.86462882106,0.013992537313432862
2017-12-19,0.0,89508.02938318007,-0.10491970616819933,66562.69494697452,-0.009460737937559083
2017-12-20,0.0,89508.02938318007,-0.10491970616819933,65502.18340611363,0.015932521087160256
2017-12-21,0.0,89508.02938318007,-0.10491970616819933,64254.52276980671,0.01904761904761898
2017-12-22,0.0,89508.02938318007,-0.10491970616819933,63817.841547099284,0.006796116504854344
2017-12-25,0.0,89508.02938318007,-0.10491970616819933,60698.689956331975,0.04887585532746819
2017-12-26,0.0,89508.02938318007,-0.10491970616819933,61010.6051154087,-0.005138746145940232
2017-12-27,0.0,89508.02938318007,-0.10491970616819933,60386.77479725524,0.010224948875255602
2017-12-28,0.0,89508.02938318007,-0.10491970616819933,60823.456019962665,-0.00723140495867769
2017-12-29,0.0,89508.02938318007,-0.10491970616819933,61072.98814722405,-0.004102564102564044
2018-01-02,0.0,89508.02938318007,-0.10491970616819933,61509.669369931486,-0.007150153217569066
2018-01-03,0.0,89508.02938318007,-0.10491970616819933,63069.245165315144,-0.02535496957403649
2018-01-04,0.0,89508.02938318007,-0.10491970616819933,62882.09606986911,0.0029673590504450953
2018-01-05,0.0,89508.02938318007,-0.10491970616819933,63131.62819713049,-0.003968253968253954
2018-01-08,0.0,89508.02938318007,-0.10491970616819933,62944.47910168446,0.0029644268774703386
2018-01-09,0.0,89508.02938318007,-0.10491970616819933,62383.031815346345,0.008919722497522264
2018-01-10,0.0,89508.02938318007,-0.10491970616819933,63069.245165315144,-0.010999999999999899
2018-01-11,0.0,89508.02938318007,-0.10491970616819933,65564.56643792901,-0.03956478733926816
2018-01-12,0.0,89508.02938318007,-0.10491970616819933,64004.990642545345,0.02378686964795429
2018-01-15,0.0,89508.02938318007,-0.10491970616819933,61696.81846537753,0.03606237816764124
2018-01-16,0.0,89508.02938318007,-0.10491970616819933,62258.26575171565,-0.009100101112234471
2018-01-17,0.0,89508.02938318007,-0.10491970616819933,63006.86213349981,-0.012024048096192397
2018-01-18,0.0,89508.02938318007,-0.10491970616819933,62320.64878353101,0.01089108910891079
2018-01-19,0.0,89508.02938318007,-0.10491970616819933,62445.41484716169,-0.002002002002001957
2018-01-22,0.0,89508.02938318007,-0.10491970616819933,63755.45851528397,-0.020979020979021046
2018-01-23,0.0,89508.02938318007,-0.10491970616819933,63630.69245165327,0.001956947162426781
2018-01-24,0.0,89508.02938318007,-0.10491970616819933,64878.353087960204,-0.019607843137255054
2018-01-25,0.0,89508.02938318007,-0.10491970616819933,64504.05489706812,0.00576923076923086
2018-01-26,0.0,89508.02938318007,-0.10491970616819933,64753.58702432951,-0.003868471953578423
2018-01-29,0.0,89508.02938318007,-0.10491970616819933,63755.45851528396,0.015414258188824692
2018-01-30,0.0,89508.02938318007,-0.10491970616819933,67623.20648783541,-0.06066536203522488
2018-01-31,0.0,89508.02938318007,-0.10491970616819933,64192.13973799137,0.050738007380073835
2018-02-01,0.0,89508.02938318007,-0.10491970616819933,58889.58203368694,0.08260447035957241
2018-02-02,0.0,89508.02938318007,-0.10491970616819933,61197.75421085476,-0.03919491525423746
2018-02-05,0.0,89508.02938318007,-0.10491970616819933,61946.35059263891,-0.012232415902140525
2018-02-06,0.0,89508.02938318007,-0.10491970616819933,56581.40985651912,0.0866062437059415
2018-02-07,0.0,89508.02938318007,-0.10491970616819933,57517.155333749324,-0.016538037486218293
2018-02-08,0.0,89508.02938318007,-0.10491970616819933,56706.17592014981,0.014099783080260386
2018-02-09,0.0,89508.02938318007,-0.10491970616819933,53025.57704304438,0.06490649064906484
2018-02-12,0.0,89508.02938318007,-0.10491970616819933,53836.55645664389,-0.015294117647058902
2018-02-13,0.0,89508.02938318007,-0.10491970616819933,54148.47161572062,-0.005793742757821407
2018-02-14,0.0,89508.02938318007,-0.10491970616819933,54086.088583905264,0.0011520737327188613
2018-02-22,0.0,89508.02938318007,-0.10491970616819933,55895.19650655032,-0.033448673587082034
2018-02-23,0.0,89508.02938318007,-0.10491970616819933,55708.047411104264,0.0033482142857144126
2018-02-26,0.0,89508.02938318007,-0.10491970616819933,60074.85963817851,-0.07838745800671898
2018-02-27,0.0,89508.02938318007,-0.10491970616819933,59575.795383655735,0.00830737279335414
2018-02-28,0.0,89508.02938318007,-0.10491970616819933,60761.072988147316,-0.019895287958115127
2018-03-01,0.0,89508.02938318007,-0.10491970616819933,61197.754210854735,-0.007186858316221789
2018-03-02,0.0,89508.02938318007,-0.10491970616819933,67997.50467872749,-0.11111111111111116
2018-03-05,0.0,89508.02938318007,-0.10491970616819933,67061.75920149729,0.013761467889908285
2018-03-06,0.0,89508.02938318007,-0.10491970616819933,66437.92888334383,0.009302325581395321
2018-03-07,0.0,89508.02938318007,-0.10491970616819933,64815.97005614483,0.024413145539906034
2018-03-08,0.0,89508.02938318007,-0.10491970616819933,64192.13973799136,0.009624639076034835
2018-03-09,0.0,89508.02938318007,-0.10491970616819933,65252.65127885226,-0.016520894071914594
2018-03-12,0.0,89508.02938318007,-0.10491970616819933,67436.05739238937,-0.03346080305927335
2018-03-13,0.0,89508.02938318007,-0.10491970616819933,64940.73611977551,0.03700277520814066
2018-03-14,0.0,89508.02938318007,-0.10491970616819933,64067.373674360664,0.01344860710854956
2018-03-15,0.0,89508.02938318007,-0.10491970616819933,64566.437928883424,-0.00778967867575453
2018-03-16,0.0,89508.02938318007,-0.10491970616819933,65003.11915159085,-0.006763285024154575
2018-03-19,0.0,89508.02938318007,-0.10491970616819933,63880.224578914625,0.017274472168905874
2018-03-20,0.005559312404810113,90005.63248126008,-0.0999436751873992,63817.84154709928,0.006535874904810113
2018-03-21,0.0009666061734314724,90092.63248126008,-0.09907367518739921,63880.224578914625,-1.0910933117891375e-05
2018-03-22,0.04055825542404978,93746.63248126008,-0.0625336751873992,66500.31191515917,-0.0004573695759502172
2018-03-23,-0.10208366686571957,84176.63248126008,-0.1582336751873992,59638.17841547109,0.0011058265676762158
2018-03-26,0.006201245935042676,84698.63248126008,-0.1530136751873992,60012.47660636316,-7.490469257231958e-05
2018-03-27,0.02670645243889247,86960.63248126008,-0.1303936751873992,61634.435433562176,-0.0003205745881347255
2018-03-28,0.019008601396226288,88613.63248126008,-0.1138636751873992,62819.71303805375,-0.0002221678345428746
2018-03-29,-0.004908951228153269,88178.63248126008,-0.1182136751873992,62507.79787897701,5.62920687683377e-05
2018-03-30,0.030585641034670985,90875.63248126008,-0.0912436751873992,64441.67186525275,-0.00035248271782406526
2018-04-02,-0.012445580505128562,89744.63248126008,-0.1025536751873992,63630.69245165324,0.0001391242383371738
2018-04-03,-0.031021353846218513,86960.63248126008,-0.1303936751873992,61634.43543356216,0.00035119517338921824
2018-04-04,0.004001810820258189,87308.63248126008,-0.1269136751873992,61883.96756082354,-4.677217569315495e-05
2018-04-09,-0.0029893951214505776,87047.63248126008,-0.1295236751873992,61696.8184653775,3.47984269364332e-05
2018-04-10,-0.011993433597688674,86003.63248126008,-0.13996367518739922,60948.22208359334,0.00014003455195754633
2018-04-11,0.010115851794859632,86873.63248126008,-0.1312636751873992,61572.052401746805,-0.0001195627394290355
2018-04-12,0.01201745535649379,87917.63248126008,-0.1208236751873992,62320.64878353096,-0.00014059935475252416
2018-04-13,0.03958250355230808,91397.63248126008,-0.0860236751873992,64815.97005614481,-0.00045753648773194655
2018-04-16,0.0590168459900311,96791.63248126008,-0.032083675187399206,68683.71802869628,-0.0006559162813837283
2018-04-17,-0.06291866191201079,90701.63248126008,-0.09298367518739921,64316.90580162205,0.0006599030289519137
2018-04-18,-0.01342864474078409,89483.63248126008,-0.1051636751873992,63443.5433562072,0.00015040472575333919
2018-04-19,0.01166693808746122,90527.63248126007,-0.09472367518739935,64192.13973799135,-0.00013247194203724888
2018-04-20,-0.046129561610533165,86351.63248126008,-0.1364836751873992,61197.754210854735,0.0005176687101664523
2018-04-23,0.007052559198949204,86960.63248126008,-0.1303936751873992,61634.43543356216,-8.301674396626879e-05
2018-04-24,0.021009506806355382,88787.63248126008,-0.1121236751873992,62944.47910168444,-0.0002455539223895631
2018-04-25,-0.004899330997386708,88352.63248126007,-0.11647367518739934,62632.5639426077,5.6070390125784186e-05
2018-04-26,-0.02757133468000139,85916.63248126008,-0.1408336751873992,60885.839051778,0.00031711153513802603
2018-04-27,0.018226971364846856,87482.63248126008,-0.1251736751873992,62008.73362445424,-0.0002156515859728092
2018-05-02,-0.037790357997150914,84176.63248126008,-0.1582336751873992,59638.17841547109,0.00043901826039427494
2018-05-03,0.0,84176.63248126008,-0.1582336751873992,59638.17841547109,0.0
2018-05-04,0.0020670819783474847,84350.63248126008,-0.1564936751873992,59762.944479101774,-2.4968230857513873e-05
2018-05-07,0.014439725751559607,85568.63248126008,-0.1443136751873992,60636.30692451663,-0.00017405295407724175
2018-05-08,0.008133821703325994,86264.63248126008,-0.13735367518739922,61135.3711790394,-9.66309715710878e-05
2018-05-09,-0.0020170491080200303,86090.63248126008,-0.1390936751873992,61010.6051154087,2.376721851071739e-05
2018-05-10,-0.0010105629090242374,86003.63248126008,-0.13996367518739922,60948.22208359335,1.1931978501356078e-05
2018-05-11,0.007081096256401631,86612.63248126008,-0.1338736751873992,61384.90330630079,-8.36939176005469e-05
2018-05-14,-0.007031306895466605,86003.63248126008,-0.13996367518739922,60948.22208359336,8.251424274485775e-05
2018-05-15,-0.0020231703589719263,85829.63248126008,-0.1417036751873992,60823.45601996267,2.39125478858071e-05
2018-05-16,-0.0040545437506793736,85481.63248126008,-0.1451836751873992,60573.923892701285,4.802035188467002e-05
2018-05-17,-0.008850368416698617,84725.0885409401,-0.15274911459059906,59451.02932002505,0.009687221696586756
2018-05-18,0.0,84725.0885409401,-0.15274911459059906,60324.3917654399,-0.014690451206715638
2018-05-21,0.0,84725.0885409401,-0.15274911459059906,61135.3711790394,-0.013443640124095158
2018-05-22,0.0,84725.0885409401,-0.15274911459059906,61322.52027448544,-0.003061224489795844
2018-05-23,0.0,84725.0885409401,-0.15274911459059906,60386.77479725524,0.015259409969481164
2018-05-24,0.0,84725.0885409401,-0.15274911459059906,60761.072988147316,-0.006198347107438051
2018-05-25,0.0,84725.0885409401,-0.15274911459059906,59451.02932002504,0.021560574948665368
2018-05-28,0.0,84725.0885409401,-0.15274911459059906,62882.09606986908,-0.057712486883525704
2018-05-29,0.0,84725.0885409401,-0.15274911459059906,62632.5639426077,0.003968253968254065
2018-05-30,0.0,84725.0885409401,-0.15274911459059906,56955.7080474112,0.090637450199203
2018-05-31,0.0,84725.0885409401,-0.15274911459059906,57579.538365564666,-0.010952902519167473
2018-06-01,0.0,84725.0885409401,-0.15274911459059906,56394.26076107308,0.020585048754062973
2018-06-04,0.0,84725.0885409401,-0.15274911459059906,55957.579538365666,0.00774336283185828
2018-06-05,0.0,84725.0885409401,-0.15274911459059906,56519.026824703775,-0.010033444816053505
2018-06-06,0.0,84725.0885409401,-0.15274911459059906,56519.026824703775,0.0
2018-06-07,0.0,84725.0885409401,-0.15274911459059906,55458.51528384289,0.01876379690949226
2018-06-08,0.0,84725.0885409401,-0.15274911459059906,54460.386774797356,0.017997750281214864
2018-06-11,0.0,84725.0885409401,-0.15274911459059906,55645.66437928893,-0.021764032073310347
2018-06-12,0.0,84725.0885409401,-0.15274911459059906,55333.749220212194,0.005605381165919354
2018-06-13,0.0,84725.0885409401,-0.15274911459059906,54148.47161572062,0.021420518602029204
2018-06-14,0.0,84725.0885409401,-0.15274911459059906,53399.875233936466,0.013824884792626668
2018-06-15,0.0,84725.0885409401,-0.15274911459059906,53462.258265751814,-0.001168224299065379
2018-06-19,0.0,84725.0885409401,-0.15274911459059906,47473.48721147857,0.11201866977829633
2018-06-20,0.0,84725.0885409401,-0.15274911459059906,47286.33811603254,0.003942181340341633
2018-06-21,0.0,84725.0885409401,-0.15274911459059906,44915.782907049375,0.05013192612137207
2018-06-22,0.0,84725.0885409401,-0.15274911459059906,45227.698066126104,-0.00694444444444442
2018-06-25,0.0,84725.0885409401,-0.15274911459059906,44915.782907049375,0.006896551724137945
2018-06-26,0.0,84725.0885409401,-0.15274911459059906,44915.782907049375,0.0
2018-06-27,0.0,84725.0885409401,-0.15274911459059906,44416.71865252661,0.011111111111111072
2018-06-28,0.0,84725.0885409401,-0.15274911459059906,43792.888334373136,0.014044943820224809
2018-06-29,0.0,84725.0885409401,-0.15274911459059906,45290.08109794145,-0.03418803418803429
2018-07-02,0.0,84725.0885409401,-0.15274911459059906,44167.18652526522,0.024793388429751984
2018-07-03,0.0,84725.0885409401,-0.15274911459059906,45290.08109794145,-0.025423728813559254
2018-07-04,0.0,84725.0885409401,-0.15274911459059906,44416.71865252661,0.019283746556473802
2018-07-05,0.0,84725.0885409401,-0.15274911459059906,43855.27136618849,0.012640449438202195
2018-07-06,0.0,84725.0885409401,-0.15274911459059906,43730.5053025578,0.002844950213371278
2018-07-09,0.0,84725.0885409401,-0.15274911459059906,44479.10168434196,-0.01711840228245376
2018-07-10,0.0,84725.0885409401,-0.15274911459059906,44666.250779788,-0.004207573632538653
2018-07-11,0.0,84725.0885409401,-0.15274911459059906,42794.759825327616,0.04189944134078205
2018-07-12,0.0,84725.0885409401,-0.15274911459059906,44042.42046163454,-0.02915451895043719
2018-07-13,0.0,84725.0885409401,-0.15274911459059906,43855.27136618851,0.004249291784702458
2018-07-16,0.0,84725.0885409401,-0.15274911459059906,44229.56955708058,-0.008534850640113723
2018-07-17,0.0,84725.0885409401,-0.15274911459059906,44229.56955708058,0.0
2018-07-18,0.0,84725.0885409401,-0.15274911459059906,44666.250779788,-0.009873060648801113
2018-07-19,0.0,84725.0885409401,-0.15274911459059906,43356.20711166573,0.029329608938547524
2018-07-20,0.0,84725.0885409401,-0.15274911459059906,44042.42046163453,-0.015827338129496216
2018-07-23,0.0,84725.0885409401,-0.15274911459059906,44666.250779787995,-0.014164305949008638
2018-07-24,0.0,84725.0885409401,-0.15274911459059906,45664.37928883354,-0.022346368715083775
2018-07-25,0.0,84725.0885409401,-0.15274911459059906,45726.762320648886,-0.001366120218579292
2018-07-26,0.0,84725.0885409401,-0.15274911459059906,46412.97567061769,-0.01500682128240105
2018-07-27,0.0,84725.0885409401,-0.15274911459059906,45851.52838427957,0.012096774193548487
2018-07-30,0.0,84725.0885409401,-0.15274911459059906,45352.464129756794,0.010884353741496655
2018-07-31,0.0,84725.0885409401,-0.15274911459059906,45601.99625701818,-0.005502063273727709
2018-08-01,0.0,84725.0885409401,-0.15274911459059906,44416.71865252661,0.025991792065663377
2018-08-02,0.0,84725.0885409401,-0.15274911459059906,41921.397379912756,0.0561797752808989
2018-08-03,0.0,84725.0885409401,-0.15274911459059906,41859.014348097415,0.0014880952380952328
2018-08-06,0.0,84725.0885409401,-0.15274911459059906,40798.502807236524,0.025335320417287588
2018-08-07,0.0,84725.0885409401,-0.15274911459059906,41859.01434809741,-0.02599388379204881
2018-08-08,0.0,84725.0885409401,-0.15274911459059906,41422.33312538998,0.010432190760059634
2018-08-09,0.0,84725.0885409401,-0.15274911459059906,42607.61072988157,-0.028614457831325435
2018-08-10,0.0,84725.0885409401,-0.15274911459059906,42857.14285714296,-0.005856515373352966
2018-08-13,0.0,84725.0885409401,-0.15274911459059906,43169.05801621969,-0.00727802037845704
2018-08-14,0.0,84725.0885409401,-0.15274911459059906,42732.37679351227,0.010115606936416222
2018-08-15,0.0,84725.0885409401,-0.15274911459059906,41235.18402994396,0.035036496350364876
2018-08-16,0.0,84725.0885409401,-0.15274911459059906,40736.11977542119,0.012102874432677768
2018-08-17,0.0,84725.0885409401,-0.15274911459059906,39675.6082345603,0.026033690658499253
2018-08-20,0.0,84725.0885409401,-0.15274911459059906,40237.055520898415,-0.014150943396226356
2018-08-21,0.0,84725.0885409401,-0.15274911459059906,40985.65190268257,-0.018604651162790642
2018-08-22,0.0,84725.0885409401,-0.15274911459059906,40923.26887086722,0.0015220700152207556
2018-08-23,0.0,84725.0885409401,-0.15274911459059906,40736.11977542118,0.004573170731707266
2018-08-24,0.0,84725.0885409401,-0.15274911459059906,40798.502807236524,-0.0015313935681469104
2018-08-27,0.0,84725.0885409401,-0.15274911459059906,41609.48222083603,-0.01987767584097866
2018-08-28,0.0,84725.0885409401,-0.15274911459059906,41671.865252651376,-0.0014992503748125774
2018-08-29,0.0,84725.0885409401,-0.15274911459059906,41484.71615720534,0.004491017964071808
2018-08-30,0.0,84725.0885409401,-0.15274911459059906,41547.09918902068,-0.0015037593984961184
2018-08-31,0.0,84725.0885409401,-0.15274911459059906,40237.05552089841,0.03153153153153154
2018-09-03,0.0,84725.0885409401,-0.15274911459059906,42482.844666250865,-0.055813953488371926
2018-09-04,0.0,84725.0885409401,-0.15274911459059906,42482.844666250865,0.0
2018-09-05,0.0,84725.0885409401,-0.15274911459059906,42545.22769806622,-0.001468428781204123
2018-09-06,0.0,84725.0885409401,-0.15274911459059906,42108.546475358795,0.01026392961876832
2018-09-07,0.0,84725.0885409401,-0.15274911459059906,41609.48222083602,0.011851851851851891
2018-09-10,0.0,84725.0885409401,-0.15274911459059906,40361.82158452909,0.02998500749625188
2018-09-11,0.0,84725.0885409401,-0.15274911459059906,40736.11977542117,-0.009273570324574987
2018-09-12,0.0,84725.0885409401,-0.15274911459059906,41796.63131628206,-0.026033690658499253
2018-09-13,0.0,84725.0885409401,-0.15274911459059906,41796.63131628206,0.0
2018-09-14,0.0,84725.0885409401,-0.15274911459059906,42233.31253898948,-0.010447761194029681
2018-09-17,0.0,84725.0885409401,-0.15274911459059906,42981.908920773625,-0.017725258493352936
2018-09-18,0.0,84725.0885409401,-0.15274911459059906,42046.16344354343,0.021770682148040565
2018-09-19,0.0,84725.0885409401,-0.15274911459059906,42233.31253898946,-0.004451038575667532
2018-09-20,0.0,84725.0885409401,-0.15274911459059906,41796.63131628204,0.010339734121122546
2018-09-21,0.0,84725.0885409401,-0.15274911459059906,43605.73923892709,-0.0432835820895523
2018-09-25,0.0,84725.0885409401,-0.15274911459059906,43106.67498440432,0.011444921316165924
2018-09-26,0.0,84725.0885409401,-0.15274911459059906,43106.67498440432,0.0
2018-09-27,0.0,84725.0885409401,-0.15274911459059906,43169.05801621967,-0.0014471780028944004
2018-09-28,0.0,84725.0885409401,-0.15274911459059906,44167.18652526521,-0.023121387283236983
2018-10-08,0.0,84725.0885409401,-0.15274911459059906,41983.7804117281,0.049435028248587476
2018-10-09,0.0,84725.0885409401,-0.15274911459059906,41547.099189020664,0.010401188707280906
2018-10-10,0.0,84725.0885409401,-0.15274911459059906,41921.39737991274,-0.009009009009008917
2018-10-11,0.0,84725.0885409401,-0.15274911459059906,37180.28696194642,0.11309523809523803
2018-10-12,0.0,84725.0885409401,-0.15274911459059906,35495.94510293207,0.0453020134228187
2018-10-15,0.0,84725.0885409401,-0.15274911459059906,34061.1353711791,0.040421792618629215
2018-10-16,0.0,84725.0885409401,-0.15274911459059906,31815.34622582663,0.06593406593406603
2018-10-17,0.0,84725.0885409401,-0.15274911459059906,32314.410480349397,-0.015686274509803866
2018-10-18,0.0,84725.0885409401,-0.15274911459059906,32938.24079850286,-0.01930501930501949
2018-10-19,0.0,84725.0885409401,-0.15274911459059906,34373.05053025583,-0.043560606060605966
2018-10-22,0.0,84725.0885409401,-0.15274911459059906,36431.690580162256,-0.05989110707803991
2018-10-23,0.0,84725.0885409401,-0.15274911459059906,35558.32813474741,0.023972602739726012
2018-10-24,0.0,84725.0885409401,-0.15274911459059906,35433.56207111671,0.0035087719298246833
2018-10-25,0.0,84725.0885409401,-0.15274911459059906,36681.222707423636,-0.035211267605633756
2018-10-26,0.0,84725.0885409401,-0.15274911459059906,36244.54148471621,0.011904761904761973
2018-10-29,0.0,84725.0885409401,-0.15274911459059906,36930.75483468502,-0.018932874354561147
2018-10-30,0.0,84725.0885409401,-0.15274911459059906,36930.75483468502,0.0
2018-10-31,0.0,84725.0885409401,-0.15274911459059906,37242.669993761745,-0.008445945945945832
2018-11-01,0.0,84725.0885409401,-0.15274911459059906,37242.669993761745,0.0
2018-11-02,0.0,84725.0885409401,-0.15274911459059906,38677.47972551471,-0.03852596314907886
2018-11-05,0.0,84725.0885409401,-0.15274911459059906,39613.22520274491,-0.024193548387096753
2018-11-06,0.0,84725.0885409401,-0.15274911459059906,39737.9912663756,-0.0031496062992126816
2018-11-07,0.0,84725.0885409401,-0.15274911459059906,41172.800998128565,-0.03610675039246458
2018-11-08,0.0,84725.0885409401,-0.15274911459059906,40299.43855271372,0.021212121212121127
2018-11-09,0.0,84725.0885409401,-0.15274911459059906,39176.54398003749,0.02786377708978327
2018-11-12,0.0,84725.0885409401,-0.15274911459059906,41048.034934497875,-0.047770700636942554
2018-11-13,0.0,84725.0885409401,-0.15274911459059906,42420.461634435494,-0.033434650455927084
2018-11-14,0.0,84725.0885409401,-0.15274911459059906,42919.52588895826,-0.0117647058823529
2018-11-15,0.0,84725.0885409401,-0.15274911459059906,45414.847161572114,-0.058139534883721034
2018-11-16,0.0,84725.0885409401,-0.15274911459059906,45414.847161572114,0.0
2018-11-19,0.0,84725.0885409401,-0.15274911459059906,45102.932002495385,0.006868131868131844
2018-11-20,0.0,84725.0885409401,-0.15274911459059906,43106.6749844043,0.044260027662517354
2018-11-21,0.0,84725.0885409401,-0.15274911459059906,45227.69806612607,-0.04920405209840806
2018-11-22,-0.026108168077170424,82513.07168896009,-0.17486928311039912,43730.50530255776,0.006995280198691667
2018-11-23,-0.04537462881170273,78769.0716889601,-0.21230928311039898,41734.24828446668,0.00027444394150688556
2018-11-26,0.0148535456228307,79939.07168896009,-0.2006092831103991,42358.07860262014,-9.413748628728236e-05
2018-11-27,-0.027808679198197517,77716.07168896009,-0.2228392831103991,41172.80099812856,0.0001736477532016112
2018-11-28,0.08731784626427519,84502.07168896009,-0.15497928311039913,44791.01684341864,-0.0005609416145127
2018-11-29,-0.06369074618442927,79120.07168896009,-0.2087992831103991,41921.39737991271,0.0003761061832587842
2018-11-30,-0.026617771635485732,77014.07168896009,-0.22985928311039913,40798.50280723648,0.00016794265022845867
2018-12-03,0.1139402164768013,85789.0716889601,-0.14210928311039897,45477.230193387455,-0.0007386826057675933
2018-12-04,-0.010910480572556058,84853.07168896009,-0.15146928311039912,44978.16593886469,6.345632730675455e-05
2018-12-05,0.017925102412030824,86374.07168896009,-0.13625928311039912,45789.14535246419,-0.00010541076411341166
2018-12-06,-0.0392826218986001,82981.07168896009,-0.17018928311039913,43980.037429819145,0.0002269148861410164
2018-12-07,-0.02537928177035309,80875.0716889601,-0.191249283110399,42857.14285714291,0.0001526331232638567
2018-12-10,-0.0188067839475885,79354.0716889601,-0.20645928311039896,42046.16344354342,0.00011606903639982402
2018-12-11,0.010320831465462588,80173.07168896009,-0.19826928311039912,42482.844666250836,-6.492521109513483e-05
2018-12-12,-0.014593428633234096,79003.07168896009,-0.2099692831103991,41859.01434809737,9.085917880702343e-05
2018-12-13,0.014809550755271461,80173.07168896009,-0.19826928311039912,42482.844666250836,-9.357890195649254e-05
2018-12-14,-0.032105542993114966,77599.07168896009,-0.2240092831103991,41110.417966313216,0.00019989019337540714
2018-12-17,0.0030154999912621605,77833.0716889601,-0.22166928311039896,41235.18402994391,-1.9401374443450692e-05
2018-12-18,-0.03457399202685851,75142.07168896009,-0.24857928311039912,39800.374298190945,0.00022177196709016744
2018-12-19,-0.017127555456913024,73855.07168896009,-0.2614492831103991,39114.16094822213,0.0001138238534318381
2018-12-20,0.01108928583062263,74674.07168896009,-0.25325928311039914,39550.842170929565,-7.498849154652376e-05
2018-12-21,-0.0015668088983729067,74557.07168896009,-0.25442928311039914,39488.45913911422,1.0478167873140265e-05
2018-12-24,0.0141234087678892,75610.07168896009,-0.24389928311039913,40049.90642545233,-9.460071078382093e-05
2018-12-25,-0.02011636764817515,74089.07168896009,-0.2591092831103991,39238.92701185284,0.00013285353562542124
2018-12-26,0.020529343468972616,75610.07168896009,-0.24389928311039913,40049.90642545233,-0.00013838308110680764
2018-12-27,-0.029400845024255773,73387.0716889601,-0.26612928311039896,38864.62882096076,0.00019417055206816247
2018-12-28,0.012754290073966779,74323.07168896009,-0.2567692831103991,39363.69307548353,-8.680141881001191e-05
2019-01-02,0.004722625047965279,74674.07168896009,-0.25325928311039914,39550.842170929565,-3.17331136829857e-05
2019-01-03,0.02506894237396673,76546.07168896009,-0.23453928311039912,40548.97067997511,-0.00016765068597024424
2019-01-04,0.04279775470793368,79822.0716889601,-0.20177928311039897,42295.695570804804,-0.0002791683689893354
2019-01-07,0.011726080020163732,80758.0716889601,-0.19241928311039896,42794.75982532757,-7.333000933473777e-05
2019-01-08,0.0014487715909143883,80875.0716889601,-0.191249283110399,42857.14285714292,-8.954356607526748e-06
2019-01-09,0.01880678394758828,82396.07168896009,-0.17603928311039913,43668.122270742424,-0.00011606903640015709
2019-01-10,0.015619676686266848,83683.0716889601,-0.16316928311039897,44354.33562071124,-9.460902801894377e-05
2019-01-11,-0.004194396703130376,83332.0716889601,-0.16667928311039898,44167.1865252652,2.5012579570105054e-05
2019-01-14,0.01965629759108678,84970.07168896009,-0.1502992831103991,45040.548970680036,-0.00011771370834812167
2019-01-15,0.0,84970.07168896009,-0.1502992831103991,45040.548970680036,0.0
2019-01-16,0.004130866233523545,85321.07168896009,-0.14678928311039913,45227.69806612608,-2.4258420216138887e-05
2019-01-17,0.0013712907923439932,85438.07168896009,-0.14561928311039912,45290.08109794143,-8.019552483640169e-06
2019-01-18,-0.004108238787010721,85087.0716889601,-0.14912928311039897,45102.9320024954,2.399261794783225e-05
2019-01-21,0.008250372072577505,85789.0716889601,-0.14210928311039897,45477.23019338748,-4.838311414445684e-05
2019-01-22,-0.005455240286278085,85321.07168896009,-0.14678928311039913,45227.69806612609,3.172816365337727e-05
2019-01-23,0.008227744754064403,86023.07168896009,-0.13976928311039913,45601.99625701816,-4.8117314900952834e-05
2019-01-24,0.013601002347724434,87193.0716889601,-0.12806928311039897,46225.82657517162,-7.888821315105154e-05
2019-01-25,0.06038323800291834,92458.0716889601,-0.07541928311039897,49033.063006862205,-0.00034550693635293506
2019-01-28,0.04175946923259266,96319.07168896009,-0.03680928311039912,51091.70305676862,-0.00022526359183472344
2019-01-29,-0.018220690557186447,94564.07168896009,-0.05435928311039912,50155.95757953842,9.43277578319135e-05
2019-01-30,-0.014847076431078743,93160.07168896009,-0.06839928311039913,49407.361197754275,7.82967032495474e-05
2019-01-31,0.03139757137334431,96085.07168896009,-0.03914928311039912,50966.93699313793,-0.0001680851923122617
2019-02-01,-0.004870683778172791,95617.0716889601,-0.04382928311039897,50717.40486587656,2.527705414046011e-05
2019-02-11,0.03059077158851875,98542.0716889601,-0.014579283110398973,52276.98066126022,-0.000159535914556308
2019-02-12,-0.008311170913730237,97723.0716889601,-0.022769283110398972,51840.29943855279,4.2051043310342706e-05
2019-02-13,0.013169868463573708,99010.07168896009,-0.009899283110399119,52526.5127885216,-6.719531500620768e-05
2019-02-14,0.09453583701468715,108370.0716889601,0.0,57517.1553337493,-0.00047603946987351264
2019-02-15,0.04426498871171902,113167.0716889601,0.0,60074.85963817851,-0.0002035579260251108
2019-02-18,0.045490264289503424,118315.07168896009,0.0,62819.71303805375,-0.00020028607394406706
2019-02-19,-0.023733240067520645,115507.07168896009,-0.023733240067520603,61322.52027448544,9.992775770284457e-05
2019-02-20,0.10939589944784056,128143.07168896009,0.0,68059.88771054283,-0.00047185233242386104
2019-02-21,0.10865199199996622,142066.07168896007,0.0,75483.46849656904,-0.00042225181304922366
2019-02-22,0.10788642085885924,157393.07168896007,0.0,83655.64566437941,-0.0003780419510581723
2019-02-25,0.1070441018731434,174241.07168896007,0.0,92638.80224578928,-0.0003384484624271433
2019-02-26,0.10609438877304189,192727.07168896007,0.0,102495.321272614,-0.0003029176242645981
2019-02-27,0.054029773340848575,203140.07168896007,0.0,108047.41110417983,-0.00013942933717947525
2019-02-28,-0.04895636748237142,193195.07168896007,-0.0489563674823714,102744.8533998754,0.00011984498876027594
2019-03-01,0.10598096432275628,213670.07168896007,0.0,113661.88396756102,-0.00027283045562875863
2019-03-04,0.10513404999789056,236134.07168896007,0.0,125639.42607610751,-0.00024465472219725726
2019-03-05,0.10454653927501889,260821.07168896007,0.0,138802.24578914559,-0.00022009429002567416
2019-03-06,0.10407134601597812,287965.0716889601,0.0,153275.10917030592,-0.00019831690537031044
2019-03-07,0.10401261453108468,317917.0716889601,0.0,169245.16531503457,-0.00017948966101943853
2019-03-08,-0.07838836671338589,292996.0716889601,-0.0783883667133859,155957.5795383658,0.00012250685830594854
2019-03-11,0.103823917585808,323416.07168896013,0.0,172177.16781035587,-0.00017608241419209136
2019-03-12,0.10346424599511406,356878.07168896013,0.0,190018.71490954488,-0.00015894241068292736
2019-03-13,-0.019998426819063053,349741.07168896013,-0.019998426819063032,186213.34996880876,2.783713366183438e-05
2019-03-14,-0.10303622570256332,313705.0716889601,-0.12097409010220113,166999.37616968207,0.00014635386192585198
2019-03-15,-0.09920783184167836,282583.0716889601,-0.20818034475582026,150405.48970679994,0.00015712893531083516
2019-03-18,0.05216873010789058,297325.07168896013,-0.16687211886726366,158265.75171553358,-9.174272495893199e-05
2019-03-19,0.06099384722917511,315460.07168896013,-0.11605644416308711,167935.1216469123,-0.00010193519100631931
2019-03-20,0.013722814354357515,319789.0716889601,-0.10392625084660642,170243.2938240801,-2.1613580263535326e-05
2019-03-21,-0.020854371179033104,313120.0716889601,-0.12261330541523908,166687.46101060536,3.240053221642558e-05
2019-03-22,-0.04110244332335378,300250.07168896013,-0.1586760423020739,159825.3275109173,6.522134730480023e-05
2019-03-25,-0.0023380510654041897,299548.0716889601,-0.1606431006777196,159451.0293200252,3.869309303183854e-06
2019-03-26,0.0019529419658805836,300133.0716889601,-0.15900388536468166,159762.94447910192,-3.2395677658225708e-06
2019-03-27,0.03547426459898406,310780.0716889601,-0.1291701666673909,165439.80037429844,-5.8730324873801365e-05
2019-03-28,-0.10352980429260572,278605.0716889601,-0.21932700888447834,148284.4666250782,0.00016551999095382186
2019-03-29,0.018477768436847786,283753.0716889601,-0.20490191412974434,151029.32002495346,-3.295937131375659e-05
2019-04-01,0.05360294395922072,298963.07168896013,-0.1622823159907574,159139.1141609485,-9.387553685535899e-05
2019-04-02,0.059094255020167186,316630.0716889601,-0.11277801353701136,168558.9519650658,-9.821851962099615e-05
2019-04-03,-0.05173229413310665,300250.07168896013,-0.1586760423020739,159825.32751091733,8.11773694839868e-05
2019-04-04,0.007793503551346559,302590.0716889601,-0.15211918104992225,161072.98814722424,-1.2897697677649589e-05
2019-04-08,0.03750618761763569,313939.0716889601,-0.12031840397698595,167124.14223331286,-6.158929948285596e-05
2019-04-09,0.06857381556294206,335467.0716889601,-0.059995280457189264,178602.62008733657,-0.00010852859532595183
2019-04-10,-0.08265788907505611,307738.07168896013,-0.1376940862951881,163817.8415470995,0.00012241130915613407
2019-04-11,-0.06729424112636684,287029.0716889601,-0.19572230837673182,152776.0449157832,0.00010865300920070986
2019-04-12,0.031387064547115484,296038.07168896013,-0.17047839255594716,157579.53836556486,-5.4340107845884944e-05
2019-04-15,-0.0035569749322862387,294985.07168896013,-0.1734289801194155,157018.09107922675,5.970435884794512e-06
2019-04-16,0.005949453611165945,296740.0716889601,-0.1685113341803018,157953.83655645692,-1.0021954984118508e-05
2019-04-17,-0.012617102835792315,292996.0716889601,-0.17900231218374468,155957.57953836586,2.112781191698776e-05
2019-04-18,0.01118103727847175,296272.07168896013,-0.169822706430732,157704.3044291956,-1.8962721528348325e-05
2019-04-19,-0.031197675661119306,287029.0716889601,-0.19572230837673182,152776.04491578322,5.232433888080479e-05
2019-04-22,-0.011821102232030478,283636.0716889601,-0.20522975719235195,150966.93699313817,2.046575490288749e-05
2019-04-23,0.026812527598181646,291241.07168896013,-0.18391995812285838,155021.8340611357,-4.697653404983626e-05
2019-04-24,-0.008034581065197832,288901.0716889601,-0.19047681937501038,153774.17342482874,1.3708673232915025e-05
2019-04-25,-0.025918906967786426,281413.07168896013,-0.211458775381896,149781.6593886466,4.4581876026850153e-05
2019-04-26,-0.05945352822306871,264682.0716889601,-0.2583403333347816,140860.88583905206,0.00010498906139622122
2019-04-29,-0.0694002426487964,246313.07168896013,-0.3098116941641732,131066.7498440427,0.00013031536714680492
2019-04-30,-0.03372537211703486,238006.07168896007,-0.33308855160931233,126637.55458515309,6.805958215605479e-05
2019-05-06,-0.10470741281158624,213085.07168896013,-0.40291912394472895,113349.96880848431,0.00021869556279796587
2019-05-07,-0.01317783539570938,210277.07168896007,-0.4107873574473113,111852.776044916,3.075018491816017e-05
2019-05-08,0.005564087375777849,211447.07168896013,-0.40750892682123524,112476.60636306948,-1.3157465270863256e-05
2019-05-09,0.012726589110481967,214138.07168896013,-0.3999685363812607,113911.41609482245,-2.9927805768714677e-05
2019-05-10,0.05190576300763894,225253.07168896007,-0.36882344543353973,119837.80411728035,-0.00012052395840700392
2019-05-13,-0.04051443086468365,216127.07168896007,-0.39439520431693176,114971.92763568333,8.942129564959433e-05
2019-05-14,0.008661571108935728,217999.07168896007,-0.3891497153152103,115970.05614472888,-1.992644939319277e-05
2019-05-15,0.012174402366202486,220653.08010316011,-0.3817129781639483,118902.05864005015,-0.013108007531591914
2019-05-16,0.0,220653.08010316011,-0.3817129781639483,115346.2258265754,0.0299055613850997
2019-05-17,0.0,220653.08010316011,-0.3817129781639483,107049.28259513435,0.07193077339102205
2019-05-20,0.0,220653.08010316011,-0.3817129781639483,112788.5215221462,-0.05361305361305346
2019-05-21,0.0,220653.08010316011,-0.3817129781639483,116094.82220835956,-0.029314159292035402
2019-05-22,0.0,220653.08010316011,-0.3817129781639483,119650.65502183429,-0.030628694250403043
2019-05-23,0.0,220653.08010316011,-0.3817129781639483,112102.30817217736,0.06308654848800843
2019-05-24,0.0,220653.08010316011,-0.3817129781639483,120648.78353087982,-0.07623817473567063
2019-05-27,0.0,220653.08010316011,-0.3817129781639483,120024.95321272635,0.005170630816959787
2019-05-28,0.0,220653.08010316011,-0.3817129781639483,118590.1434809734,0.011954261954261747
2019-05-29,0.0,220653.08010316011,-0.3817129781639483,115907.6731129135,0.022619673855865496
2019-05-30,0.0,220653.08010316011,-0.3817129781639483,114348.09731752984,0.013455328310010728
2019-05-31,0.0,220653.08010316011,-0.3817129781639483,111665.62694946995,0.02345881069285327
2019-06-03,0.0,220653.08010316011,-0.3817129781639483,109170.30567685611,0.022346368715083775
2019-06-04,0.0,220653.08010316011,-0.3817129781639483,107735.49594510315,0.013142857142857123
2019-06-05,0.0,220653.08010316011,-0.3817129781639483,106674.98440424228,0.009843659525188064
2019-06-06,0.0,220653.08010316011,-0.3817129781639483,103493.4497816596,0.029824561403508865
2019-06-10,0.0,220653.08010316011,-0.3817129781639483,105489.70679975067,-0.019288728149487566
2019-06-11,0.0,220653.08010316011,-0.3817129781639483,112289.45726762342,-0.06445890005913668
2019-06-12,0.0,220653.08010316011,-0.3817129781639483,108234.56019962594,0.03611111111111098
2019-06-13,0.0,220653.08010316011,-0.3817129781639483,110542.73237679375,-0.02132564841498552
2019-06-14,0.0,220653.08010316011,-0.3817129781639483,104865.87648159724,0.05135440180586903
2019-06-17,0.0,220653.08010316011,-0.3817129781639483,105614.47286338141,-0.007138607971445721
2019-06-18,0.0,220653.08010316011,-0.3817129781639483,105864.00499064279,-0.002362669816893037
2019-06-19,0.0,220653.08010316011,-0.3817129781639483,107985.02807236457,-0.0200353565114908
2019-06-20,0.0,220653.08010316011,-0.3817129781639483,112414.22333125415,-0.04101675332177934
2019-06-21,0.0,220653.08010316011,-0.3817129781639483,113287.585776669,-0.007769145394006749
2019-06-24,0.0,220653.08010316011,-0.3817129781639483,113474.73487211506,-0.0016519823788547772
2019-06-25,0.0,220653.08010316011,-0.3817129781639483,110480.34934497843,0.02638812534359536
2019-06-26,0.0,220653.08010316011,-0.3817129781639483,108796.0074859641,0.015245623941276043
2019-06-27,0.0,220653.08010316011,-0.3817129781639483,109482.22083593291,-0.006307339449541205
2019-06-28,0.0,220653.08010316011,-0.3817129781639483,105053.0255770433,0.0404558404558405
2019-07-01,0.0,220653.08010316011,-0.3817129781639483,112663.75545851554,-0.07244655581947734
2019-07-02,0.0,220653.08010316011,-0.3817129781639483,110667.49844042448,0.017718715393133966
2019-07-03,0.0,220653.08010316011,-0.3817129781639483,111478.47785402398,-0.007328072153325982
2019-07-04,0.0,220653.08010316011,-0.3817129781639483,109981.28509045565,0.013430330162283233
2019-07-05,0.0,220653.08010316011,-0.3817129781639483,111041.79663131655,-0.0096426545660806
2019-07-08,0.0,220653.08010316011,-0.3817129781639483,106113.53711790418,0.04438202247191003
2019-07-09,0.0,220653.08010316011,-0.3817129781639483,107049.28259513437,-0.008818342151675429
2019-07-10,0.0,220653.08010316011,-0.3817129781639483,105177.79164067398,0.0174825174825175
2019-07-11,0.0,220653.08010316011,-0.3817129781639483,105364.94073612001,-0.001779359430605032
2019-07-12,0.0,220653.08010316011,-0.3817129781639483,105364.94073612001,0.0
2019-07-15,0.0,220653.08010316011,-0.3817129781639483,107111.66562694972,-0.0165778567199526
2019-07-16,0.0,220653.08010316011,-0.3817129781639483,107298.81472239575,-0.0017472335468839972
2019-07-17,0.0,220653.08010316011,-0.3817129781639483,106113.53711790418,0.011046511627906819
2019-07-18,0.0,220653.08010316011,-0.3817129781639483,103555.83281347498,0.02410346854791301
2019-07-19,0.0,220653.08010316011,-0.3817129781639483,102932.0024953215,0.006024096385542244
2019-07-22,0.0,220653.08010316011,-0.3817129781639483,94697.44229569577,0.08000000000000007
2019-07-23,0.0,220653.08010316011,-0.3817129781639483,95258.8895820339,-0.005928853754940677
2019-07-24,0.0,220653.08010316011,-0.3817129781639483,96194.6350592641,-0.00982318271119853
2019-07-25,0.0,220653.08010316011,-0.3817129781639483,96132.25202744875,0.0006485084306095956
2019-07-26,0.0,220653.08010316011,-0.3817129781639483,101621.95882719923,-0.057105775470473574
2019-07-29,0.0,220653.08010316011,-0.3817129781639483,98939.48845913933,0.02639656230816445
2019-07-30,0.0,220653.08010316011,-0.3817129781639483,101247.66063630716,-0.02332912988650704
2019-07-31,0.0,220653.08010316011,-0.3817129781639483,98877.10542732402,0.023413431916204597
2019-08-01,0.0,220653.08010316011,-0.3817129781639483,98190.8920773552,0.006940063091482651
2019-08-02,0.0,220653.08010316011,-0.3817129781639483,96568.9332501562,0.016518424396442133
2019-08-05,0.0,220653.08010316011,-0.3817129781639483,95695.57080474135,0.009043927648578864
2019-08-06,0.0,220653.08010316011,-0.3817129781639483,90767.311291329,0.051499348109517507
2019-08-07,0.0,220653.08010316011,-0.3817129781639483,91203.9925140364,-0.004810996563573866
2019-08-08,0.0,220653.08010316011,-0.3817129781639483,91952.58889582058,-0.008207934336525335
2019-08-09,0.0,220653.08010316011,-0.3817129781639483,88646.28820960721,0.03595658073270014
2019-08-12,0.0,220653.08010316011,-0.3817129781639483,90704.92825951365,-0.023223082336382816
2019-08-13,0.0,220653.08010316011,-0.3817129781639483,89020.5864004993,0.018569463548830822
2019-08-14,0.0,220653.08010316011,-0.3817129781639483,89082.96943231465,-0.0007007708479327412
2019-08-15,0.0,220653.08010316011,-0.3817129781639483,89893.94884591416,-0.0091036414565826
2019-08-16,0.0,220653.08010316011,-0.3817129781639483,92139.73799126661,-0.02498265093684937
2019-08-19,0.0,220653.08010316011,-0.3817129781639483,96444.16718652552,-0.046716316858496976
2019-08-20,0.0,220653.08010316011,-0.3817129781639483,97005.61447286364,-0.005821474773609392
2019-08-21,0.0,220653.08010316011,-0.3817129781639483,96069.86899563344,0.009646302250803873
2019-08-22,0.0,220653.08010316011,-0.3817129781639483,97691.82782283245,-0.016883116883116944
2019-08-23,0.0,220653.08010316011,-0.3817129781639483,96506.55021834088,0.012132822477650018
2019-08-26,0.0,220653.08010316011,-0.3817129781639483,96880.84840923296,-0.003878474466709747
2019-08-27,0.0,220653.08010316011,-0.3817129781639483,101746.72489082997,-0.05022537025112683
2019-08-28,0.0,220653.08010316011,-0.3817129781639483,106674.98440424235,-0.04843654199877401
2019-08-29,0.0,220653.08010316011,-0.3817129781639483,117903.93013100469,-0.10526315789473673
2019-08-30,0.0,220653.08010316011,-0.3817129781639483,119213.97379912695,-0.011111111111111072
2019-09-02,0.0,220653.08010316011,-0.3817129781639483,131690.58016219622,-0.10465724751439032
2019-09-03,0.0,220653.08010316011,-0.3817129781639483,145414.8471615724,-0.10421601136901937
2019-09-04,0.0,220653.08010316011,-0.3817129781639483,134373.0505302561,0.07593307593307597
2019-09-05,0.0,220653.08010316011,-0.3817129781639483,134373.0505302561,0.0
2019-09-06,0.026480984508298056,226496.19089908016,-0.36534012911702607,138116.0324391769,-0.0013741686950445864
2019-09-09,0.04908691822086242,237614.19089908016,-0.3341866319369304,144915.78290704964,-0.00014524076739408365
2019-09-10,-0.04550233283243632,226802.19089908016,-0.3644826934148216,138303.18153462294,0.00012831718908756784
2019-09-11,0.056666119269185966,239654.19089908013,-0.328470393922234,146163.44354335655,-0.00016743959414267096
2019-09-12,0.006384198808542019,241184.19089908013,-0.32418321541121164,147099.18902058675,-1.7849847027795462e-05
2019-09-16,0.10319084309474502,266072.19089908013,-0.2544451116319149,162320.6487835313,-0.0002866802301066951
2019-09-17,-0.06057002780163778,249956.19089908016,-0.29960339194801683,152464.1297567066,0.00015249333594857806
2019-09-18,-0.028565005628857554,242816.19089908013,-0.3196102249994545,148097.3175296323,7.656556590529551e-05
2019-09-19,-0.025204250084557067,236696.19089908016,-0.33675893904354376,144354.33562071153,6.954940996684034e-05
2019-09-20,-0.0008618643131733661,236492.19089908016,-0.33733056284501345,144229.56955708083,2.4399219173965037e-06
2019-09-23,0.018114763044451365,240776.19089908013,-0.32532646301415097,146849.6568933254,-5.132692094655944e-05
2019-09-24,-0.023299645945272895,235166.19089908013,-0.3410461175545662,143418.59014348133,6.484003603557387e-05
2019-09-25,-0.05204829807041744,222926.19089908013,-0.3753435456427449,135932.62632563975,0.00014830915011321277
2019-09-26,-0.06542972784477874,208340.19089908013,-0.41621464744782455,127011.85277604523,0.00019670629932400097
2019-09-27,-0.007343758270535017,206810.19089908016,-0.42050182595884683,126076.10729881504,2.3628762863769914e-05
2019-09-30,-0.04290891063647051,197936.19089908013,-0.4453674613227765,120648.78353087991,0.00013908540509310896
2019-10-08,-0.002576587928076468,197426.19089908013,-0.4467965208264506,120336.86837180317,8.727480403369903e-06
2019-10-09,0.013949516968636555,200180.19089908013,-0.43907959950661035,122021.21023081751,-4.737261145670857e-05
2019-10-10,0.008662195755793967,201914.19089908016,-0.4342207971941183,123081.72177167839,-2.9010788173300384e-05
2019-10-11,0.014649787549991578,204872.19089908013,-0.42593225207280855,124890.82969432343,-4.864123865511161e-05
2019-10-14,0.01045529893832775,207014.19089908016,-0.4199302021573772,126200.87336244572,-3.4211551182883326e-05
2019-10-15,-0.05272102338781515,196100.19089908013,-0.45051207553600325,119525.88895820366,0.00017072154545227924
2019-10-16,0.021845975673755014,200384.19089908013,-0.4385079757051407,122145.97629444819,-7.46923846999259e-05
2019-10-17,0.0539563523024893,211196.19089908016,-0.40821191422724945,128758.5776668749,-0.0001805220591042378
2019-10-18,-0.025597052565134892,205790.19089908013,-0.4233599449661951,125452.27698066155,8.124200850856411e-05
2019-10-21,-0.03816508437883526,197936.19089908013,-0.4453674613227765,120648.78353087988,0.0001243238757644427
2019-10-22,0.02009738583899634,201914.19089908016,-0.4342207971941183,123081.72177167839,-6.807434714639626e-05
2019-10-23,0.04394936264997518,210788.19089908016,-0.4093551618301887,128509.04553961355,-0.00014592371596511278
2019-10-24,-0.021291515339911804,206300.19089908013,-0.421930885462521,125764.19213973831,6.770796105914911e-05
2019-10-25,-0.00395540109024517,205484.19089908013,-0.4242173806683996,125265.12788521554,1.2852878008895452e-05
2019-10-28,0.10374520738906856,226802.19089908016,-0.3644826934148216,138303.18153462294,-0.00033845794957709785
2019-10-29,-0.032830370687703114,219356.19089908016,-0.38534696216846365,133749.22021210266,9.700865374928647e-05
2019-10-30,-0.04975469329252369,208442.19089908016,-0.41592883554708965,127074.23580786062,0.00015202312538675766
2019-10-31,-0.047955742342200236,198446.19089908016,-0.44393840181910227,120960.69868995667,0.00015422329353864672
2019-11-01,0.0020559729473843547,198854.19089908013,-0.44279515421616306,121210.23081721805,-6.946083043635198e-06
2019-11-04,-0.009745834328347414,196916.19089908013,-0.4482255803301247,120024.95321272645,3.2858414833247807e-05
2019-11-05,0.0020719474520463077,197324.19089908016,-0.44708233272718534,120274.48533998786,-7.054626955937948e-06
2019-11-06,-0.038768688041460275,189674.19089908016,-0.46851822528229703,115595.75795383687,0.00013172689629903367
2019-11-07,0.018821748932090987,193244.19089908013,-0.4585148087565783,117779.16406737399,-6.654032856734382e-05
2019-11-08,0.011612250746372732,195488.19089908016,-0.45222694694041216,119151.59076731163,-4.029162650875939e-05
2019-11-11,-0.008348330364582046,193856.19089908016,-0.4567999373521693,118153.46225826608,2.8632986203258604e-05
2019-11-12,0.005261632322751009,194876.19089908013,-0.45394181834482117,118777.29257641954,-1.819872265551581e-05
2019-11-13,-0.02093636981088609,190796.19089908016,-0.46537429437421396,116281.97130380568,7.203355045837245e-05
2019-11-14,0.0009152279406476893,190970.81290396015,-0.46488498999063677,115283.84279476014,0.009498918927772215
2019-11-15,0.0,190970.81290396015,-0.46488498999063677,113225.2027448537,0.017857142857142905
2019-11-18,0.0,190970.81290396015,-0.46488498999063677,110979.41359950123,0.01983471074380161
2019-11-19,0.0,190970.81290396015,-0.46488498999063677,115658.1409856522,-0.042158516020236014
2019-11-20,0.0,190970.81290396015,-0.46488498999063677,112538.98939488488,0.02696871628910469
2019-11-21,0.0,190970.81290396015,-0.46488498999063677,112601.37242670023,-0.0005543237250555944
2019-11-22,0.0,190970.81290396015,-0.46488498999063677,113412.35184029974,-0.00720221606648197
2019-11-25,0.0,190970.81290396015,-0.46488498999063677,110729.88147223985,0.023652365236523587
2019-11-26,0.0,190970.81290396015,-0.46488498999063677,109856.519026825,0.007887323943661984
2019-11-27,0.0,190970.81290396015,-0.46488498999063677,109731.7529631943,0.0011357183418512218
2019-11-28,0.0,190970.81290396015,-0.46488498999063677,109918.90205864036,-0.0017055144968733948
2019-11-29,0.0,190970.81290396015,-0.46488498999063677,110542.73237679382,-0.00567536889897835
2019-12-02,0.0,190970.81290396015,-0.46488498999063677,110542.73237679382,0.0
2019-12-03,0.0,190970.81290396015,-0.46488498999063677,110355.5832813478,0.0016930022573361514
2019-12-04,0.0,190970.81290396015,-0.46488498999063677,112227.07423580818,-0.01695873374788004
2019-12-05,0.0,190970.81290396015,-0.46488498999063677,113474.73487211512,-0.011117287381879004
2019-12-06,0.0,190970.81290396015,-0.46488498999063677,114472.86338116067,-0.008796041781198527
2019-12-09,0.0,190970.81290396015,-0.46488498999063677,115408.60885839086,-0.008174386920980936
2019-12-10,0.0,190970.81290396015,-0.46488498999063677,114784.77854023738,0.005405405405405461
2019-12-11,0.0,190970.81290396015,-0.46488498999063677,123955.08421709332,-0.07989130434782621
2019-12-12,0.0,190970.81290396015,-0.46488498999063677,121085.46475358737,0.0231504781077001
2019-12-13,0.0,190970.81290396015,-0.46488498999063677,123019.3387398631,-0.01597114889232354
2019-12-16,0.0,190970.81290396015,-0.46488498999063677,124142.23331253935,-0.009127789046653234
2019-12-17,0.0,190970.81290396015,-0.46488498999063677,127947.5982532755,-0.030653266331658546
2019-12-18,0.0,190970.81290396015,-0.46488498999063677,125577.04304429234,0.018527547537786515
2019-12-19,0.0,190970.81290396015,-0.46488498999063677,126575.17155333789,-0.007948335817188346
2019-12-20,0.0,190970.81290396015,-0.46488498999063677,123580.78602620125,0.02365697387875798
2019-12-23,0.0,190970.81290396015,-0.46488498999063677,116593.8864628825,0.05653710247349808
2019-12-24,0.0,190970.81290396015,-0.46488498999063677,117342.48284466664,-0.006420545746388395
2019-12-25,0.0,190970.81290396015,-0.46488498999063677,118278.22832189682,-0.00797448165869219
2019-12-26,0.0,190970.81290396015,-0.46488498999063677,119650.65502183443,-0.011603375527426074
2019-12-27,0.0,190970.81290396015,-0.46488498999063677,117716.7810355587,0.016162669447340905
2019-12-30,0.0,190970.81290396015,-0.46488498999063677,118153.46225826612,-0.0037095919448861814
2019-12-31,0.0,190970.81290396015,-0.46488498999063677,118091.07922645076,0.0005279831045407191
2020-01-02,0.017409463048952967,194295.51221464016,-0.4555689249969387,121896.4441671869,-0.014814520046662505
2020-01-03,0.10394475801216263,214491.51221464013,-0.39897816865144387,134622.58265751757,-0.00045647023758155214
2020-01-06,0.05815614739811892,226965.51221464016,-0.3640250544380499,142482.84466625124,-0.00023124833867438355
2020-01-07,0.019628532795709086,231420.51221464016,-0.35154179936183777,145290.08109794182,-7.374391182146667e-05
2020-01-08,-0.060318767193174194,217461.51221464016,-0.3906559986006357,136494.07361197798,0.00022223752988292933
2020-01-09,0.006828794598532362,218946.51221464016,-0.3864949135752317,137429.81908920818,-2.6781269840681077e-05
2020-01-10,0.010399800284408123,221223.51221464016,-0.3801145832029455,138864.62882096117,-4.050838558744552e-05
2020-01-13,0.04788369868082665,231816.51221464016,-0.3504321766883967,145539.61322520318,-0.00018458523651365688
2020-01-14,-0.02049897116733468,227064.51221464016,-0.3637476487696896,142545.22769806656,7.539659948907484e-05
2020-01-15,0.10333186710312892,250527.51221464016,-0.29800250536830586,157330.00623830364,-0.00038804536951864144
2020-01-16,-0.08219456545099024,229935.51221464016,-0.3557028843872418,144354.33562071162,0.000279661353133398
2020-01-17,0.004305555024818775,230925.51221464016,-0.3529288277036391,144978.16593886504,-1.5966150634927345e-05
2020-01-20,-0.04672935396574984,220134.51221464016,-0.38316604555490846,138178.4154709923,0.00017253932168559416
2020-01-21,-0.05351727851066368,208353.51221464016,-0.4161773200897805,130754.83468496609,0.00020732645547616446
2020-01-22,0.023757698861829768,213303.51221464016,-0.402307036671767,133873.98627573342,-9.726297023138208e-05
2020-01-23,-0.05012575690381038,202611.51221464016,-0.43226684885467603,127136.618839676,0.00020043135341241136
2020-02-03,-0.10358740118264353,181623.51221464016,-0.4910768505470531,113911.41609482256,0.0004361513198097855
2020-02-04,0.008176254174872666,183108.51221464016,-0.48691576552164906,114847.16157205275,-3.8422714502939215e-05
2020-02-05,0.03352110683311671,189246.51221464016,-0.4697166140833124,118714.90954460422,-0.0001562424335861401
2020-02-06,0.04132704961626743,197067.51221464016,-0.4478015662828511,123643.16905801657,-0.0001863502786352278
2020-02-07,0.02160173410705779,201324.51221464016,-0.4358731225433596,126325.63942607648,-9.352320878486253e-05
2020-02-10,0.006392664190974839,202611.51221464016,-0.43226684885467603,127136.61883967597,-2.7088895444782324e-05
2020-02-11,-0.0034203387182948353,201918.51221464016,-0.43420868853319794,126699.93761696854,1.4401222823923199e-05
2020-02-12,0.006373858374272956,203205.51221464016,-0.43060241484451445,127510.91703056805,-2.6929414993492884e-05
2020-02-13,-0.0292314905007387,197265.51221464016,-0.4472467549461306,123767.93512164726,0.00012271693566057174
2020-02-14,0.007026063423047457,198651.51221464016,-0.44336307558908683,124641.29756706211,-3.038818985579006e-05
2020-02-17,0.03388849108143788,205383.51221464016,-0.4244994901405885,128883.34373050566,-0.0001455429525960561
2020-02-18,0.040008080061522566,213600.51221464016,-0.4014748196666862,134061.1353711794,-0.00016616969646388036
2020-02-19,-0.020856691558507667,209145.51221464016,-0.4139580747428983,131253.89893948883,8.328052152950516e-05
2020-02-20,0.034081534547510284,216273.51221464016,-0.39398486662095894,135745.4772301938,-0.00013899777188153273
2020-02-21,0.02380319229703387,221421.51221464016,-0.3795597718662249,138989.3948845918,-9.386652649556737e-05
2020-02-24,-0.006259554395313005,220035.51221464016,-0.3834434512232687,138116.03243917695,2.4108082245399842e-05
2020-02-25,-0.044092882564046754,210333.51221464016,-0.4106292067225751,132002.495321273,0.00017089340704634637
2020-02-26,0.003765448461640286,211125.51221464016,-0.4084099613756929,132501.55957579575,-1.5269874843459874e-05
2020-02-27,0.02203902290723425,215778.51221464016,-0.39537189496276026,135433.56207111702,-8.9037356419297e-05
2020-02-28,-0.09956042322986425,194295.51221464016,-0.4555689249969387,121896.44416718686,0.00039351504742735077
2020-03-02,0.04025311707333734,202116.51221464013,-0.43365387719647747,126824.70368059921,-0.00017677033710272738
2020-03-03,0.013225045151983528,204789.51221464016,-0.42616392415075016,128509.0455396136,-5.5820563707786874e-05
2020-03-04,-0.003867385548386393,203997.51221464016,-0.4283831694976323,128009.98128509082,1.6109597244740037e-05
2020-03-05,0.021353201579324965,208353.51221464016,-0.4161773200897805,130754.83468496609,-8.929354738085316e-05
2020-03-06,-0.019956467043937054,204195.51221464016,-0.42782835816091175,128134.74734872152,8.170089499437427e-05
2020-03-09,-0.06254300038962546,191424.51221464016,-0.46361368937938646,120087.33624454185,0.00026128393364621694
2020-03-10,0.0263759324319901,196473.51221464016,-0.44946600029301276,123268.87086712453,-0.00011757406151646776
2020-03-11,-0.0035271930154275877,195780.51221464016,-0.4514078399715346,122832.18964441711,1.5317106029866245e-05
2020-03-12,-0.029328761760030853,190038.51221464016,-0.4674973687364302,119213.97379912701,0.0001278151825796492
2020-03-13,-0.02135882854847615,185979.51221464016,-0.4788710011392013,116656.2694946978,9.59071919738319e-05
2020-03-16,0.00940778055606839,187729.16665348015,-0.4739683338765152,110293.20024953247,0.06395323510152295
2020-03-17,0.0,187729.16665348015,-0.4739683338765152,110917.03056768591,-0.005656108597285048
2020-03-18,0.0,187729.16665348015,-0.4739683338765152,110729.88147223988,0.0016872890888639525
2020-03-19,0.0,187729.16665348015,-0.4739683338765152,111728.00998128543,-0.00901408450704233
2020-03-20,0.0,187729.16665348015,-0.4739683338765152,113973.79912663788,-0.02010050251256268
2020-03-23,0.0,187729.16665348015,-0.4739683338765152,108796.00748596415,0.0454296661193212
2020-03-24,0.0,187729.16665348015,-0.4739683338765152,111665.62694947007,-0.026376146788990695
2020-03-25,0.0,187729.16665348015,-0.4739683338765152,113786.65003119184,-0.018994413407821265
2020-03-26,0.0,187729.16665348015,-0.4739683338765152,113225.20274485373,0.004934210526315819
2020-03-27,0.0,187729.16665348015,-0.4739683338765152,111977.5421085468,0.011019283746556474
2020-03-30,0.0,187729.16665348015,-0.4739683338765152,108109.79413599531,0.034540389972144925
2020-03-31,0.0,187729.16665348015,-0.4739683338765152,107797.8789769186,0.0028851702250430877
2020-04-01,0.0,187729.16665348015,-0.4739683338765152,108047.41110417996,-0.0023148148148146586
2020-04-02,0.0,187729.16665348015,-0.4739683338765152,110106.05115408638,-0.019053117782909856
2020-04-03,0.0,187729.16665348015,-0.4739683338765152,108920.77354959481,0.01076487252124636
2020-04-07,0.0,187729.16665348015,-0.4739683338765152,113849.03306300718,-0.04524627720503993
2020-04-08,0.0,187729.16665348015,-0.4739683338765152,119401.12289457301,-0.04876712328767119
2020-04-09,0.0,187729.16665348015,-0.4739683338765152,121958.82719900222,-0.0214211076280042
2020-04-10,0.0,187729.16665348015,-0.4739683338765152,118964.44167186557,0.02455242966751925
2020-04-13,0.0,187729.16665348015,-0.4739683338765152,115034.31066749876,0.03303618248557938
2020-04-14,0.0,187729.16665348015,-0.4739683338765152,119713.03805364974,-0.04067245119305851
2020-04-15,0.0,187729.16665348015,-0.4739683338765152,117030.56768558986,0.022407503908285498
2020-04-16,0.0,187729.16665348015,-0.4739683338765152,118964.4416718656,-0.016524520255863484
2020-04-17,0.0,187729.16665348015,-0.4739683338765152,122083.59326263292,-0.026219192448872608
2020-04-20,0.0,187729.16665348015,-0.4739683338765152,125327.51091703092,-0.026571282575370336
2020-04-21,0.0,187729.16665348015,-0.4739683338765152,126388.0224578918,-0.008461921353907442
2020-04-22,0.0,187729.16665348015,-0.4739683338765152,125826.57517155369,0.0044422507403750755
2020-04-23,0.0,187729.16665348015,-0.4739683338765152,127261.38490330665,-0.011403073872087166
2020-04-24,0.0,187729.16665348015,-0.4739683338765152,125826.57517155372,0.011274509803921418
2020-04-27,0.0,187729.16665348015,-0.4739683338765152,121085.46475358737,0.03767972235994055
2020-04-28,0.0,187729.16665348015,-0.4739683338765152,122520.27448534036,-0.011849562081401421
2020-04-29,0.0,187729.16665348015,-0.4739683338765152,121023.08172177203,0.012219959266802527
2020-04-30,0.0,187729.16665348015,-0.4739683338765152,128571.42857142893,-0.06237113402061856
2020-05-06,0.0,187729.16665348015,-0.4739683338765152,141983.78041172842,-0.10431829209121801
2020-05-07,-0.05793141663529766,176853.75008548016,-0.5044420934900746,137367.4360573928,-0.025418235615965457
2020-05-08,0.01764169546018657,179973.75008548016,-0.49569961182053884,139800.3742981913,-6.947620193886728e-05
2020-05-11,0.011112731712541901,181973.75008548016,-0.4900954569041698,141359.95009357497,-4.300233475840187e-05
2020-05-12,-0.03736802696436037,175173.75008548016,-0.5091495836198247,136057.39238927054,0.00014300569230341065
2020-05-13,0.005480273154691018,176133.75008548016,-0.5064595892599675,136805.9887710547,-2.1790119036690925e-05
2020-05-14,0.011355007197821898,178133.75008548016,-0.5008554343435984,138365.56456643835,-4.4901602907598814e-05
2020-05-15,-0.0004491007457128049,178053.75008548016,-0.5010796005402531,138303.181534623,1.7558818795615494e-06
2020-05-18,-0.03504559716941824,171813.75008548016,-0.5185645638793247,133437.30505302598,0.00013708212692820076
2020-05-19,0.008381168557717755,173253.75008548016,-0.5145295723395389,134560.1996257022,-3.397870735932784e-05
2020-05-20,-0.006926257004006842,172053.75008548016,-0.5178920652893604,133624.45414847202,2.784591671634029e-05
2020-05-21,-0.048821952417931525,163653.75008548016,-0.5414295159381105,127074.23580786063,0.00019765542520577828
2020-05-22,-0.06697066210994451,152693.75008548016,-0.5721402848798129,118527.76044915816,0.0002851061767517038
2020-05-25,-0.039818263659097575,146613.75008548016,-0.589176915825575,113786.65003119184,0.00018173634090246082
2020-05-26,0.01473258816953149,148773.75008548016,-0.5831244285158964,115470.99189020622,-7.004340941607623e-05
2020-05-27,-0.020971441522495415,145653.75008548016,-0.5918669101854321,113038.05364940771,9.825053585144072e-05
2020-05-28,-0.00878796460268827,144373.75008548016,-0.5954535693319083,112039.92514036216,4.205747236696311e-05
2020-05-29,0.02105645935081757,147413.75008548016,-0.5869352538590273,114410.48034934531,-0.00010166982512882505
2020-06-01,0.02604913040861745,151253.75008548016,-0.5761752764195988,117404.86587648196,-0.00012317057284394473
2020-06-02,-0.0074047750840361415,150133.75008548016,-0.5793136031727654,116531.5034310671,3.4119708737567755e-05
2020-06-03,0.002664291005668229,150533.75008548016,-0.5781927721894916,116843.41859014385,-1.236852323982518e-05
2020-06-04,-0.012223172537422111,148693.75008548016,-0.5833485947125511,115408.60885839089,5.65925453328564e-05
2020-06-05,0.011298390141039727,150373.75008548016,-0.5786411045828012,116718.65252651316,-5.296121031173051e-05
2020-06-08,-0.00478806972354362,149653.75008548016,-0.580658600352694,116157.20524017506,2.219216849275174e-05
2020-06-09,0.005345672925289646,150453.75008548016,-0.5784169383861464,116781.0355583285,-2.489635505398269e-05
2020-06-10,-0.010102772440942265,148933.75008548016,-0.5826760961225869,115595.75795383695,4.6800208630237705e-05
2020-06-11,-0.010205880125408795,147413.75008548016,-0.5869352538590273,114410.48034934535,4.7762616091517884e-05
2020-06-12,-0.023962116041086445,143881.40469988016,-0.5968331592385393,115470.99189020626,-0.03323147263868742
2020-06-15,0.0,143881.40469988016,-0.5968331592385393,116281.97130380575,-0.007023230686115545
2020-06-16,0.0,143881.40469988016,-0.5968331592385393,121896.44416718693,-0.04828326180257503
2020-06-17,0.0,143881.40469988016,-0.5968331592385393,121085.46475358744,0.006653019447287578
2020-06-18,0.0,143881.40469988016,-0.5968331592385393,121210.23081721814,-0.0010303967027305294
2020-06-19,0.0,143881.40469988016,-0.5968331592385393,121522.14597629487,-0.00257334019557387
2020-06-22,0.0,143881.40469988016,-0.5968331592385393,121147.8477854028,0.0030800821355235763
2020-06-23,0.0,143881.40469988016,-0.5968331592385393,122021.21023081764,-0.00720906282183309
2020-06-24,0.0,143881.40469988016,-0.5968331592385393,120960.69868995679,0.008691206543967156
2020-06-29,0.0,143881.40469988016,-0.5968331592385393,115970.05614472907,0.04125838060856113
2020-06-30,0.0,143881.40469988016,-0.5968331592385393,118340.61135371221,-0.02044109736417421
2020-07-01,0.0,143881.40469988016,-0.5968331592385393,126949.46974423005,-0.07274644175013201
2020-07-02,0.0,143881.40469988016,-0.5968331592385393,124142.23331253944,0.02211302211302224
2020-07-03,0.0,143881.40469988016,-0.5968331592385393,124641.29756706221,-0.004020100502512669
2020-07-06,0.0,143881.40469988016,-0.5968331592385393,132189.64441671915,-0.06056056056056058
2020-07-07,0.0,143881.40469988016,-0.5968331592385393,134435.43356207162,-0.01698914582350164
2020-07-08,0.0,143881.40469988016,-0.5968331592385393,136057.39238927062,-0.012064965197215782
2020-07-09,0.0,143881.40469988016,-0.5968331592385393,139238.9270118533,-0.023383768913342484
2020-07-10,0.0,143881.40469988016,-0.5968331592385393,135932.62632563993,0.023745519713261665
2020-07-13,0.0,143881.40469988016,-0.5968331592385393,140548.97067997555,-0.033960532354291084
2020-07-14,-0.010012046873776437,142440.85733176017,-0.6008696845461954,140611.3537117909,-0.010455899514699607
2020-07-15,-0.061035858410699806,133746.85733176017,-0.6252309459676517,132002.49532127308,0.0001886313852185184
2020-07-16,-0.06264820099074042,125367.85733176017,-0.64870955298978,123705.55208983198,0.00020624135330504778
2020-07-17,-0.019598324899962494,122910.85733176018,-0.6555942573045394,121272.6138490335,6.884605313872694e-05
2020-07-20,0.02614089649808138,126123.85733176017,-0.6465911824313925,124454.14847161615,-9.367140315319489e-05
2020-07-21,-0.006993125794432009,125241.85733176017,-0.6490626147495112,123580.78602620131,2.441806521713552e-05
2020-07-22,0.007042374001717588,126123.85733176017,-0.6465911824313925,124454.14847161615,-2.476380746974094e-05
2020-07-23,-0.019480850427346375,123666.85733176017,-0.6534758867461519,122021.21023081764,6.802175310482994e-05
2020-07-24,-0.037698055085957916,119004.85733176017,-0.6665391718562081,117404.86587648203,0.00013425575248782184
2020-07-27,-0.004764511404936389,118437.85733176017,-0.6681279497749988,116843.4185901439,1.7635247560932044e-05
2020-07-28,0.006383094198355588,119193.85733176018,-0.6660095792166113,117592.01497192806,-2.3739757864404964e-05
2020-07-29,0.020613478370460347,121650.85733176017,-0.6591248749018519,120024.95321272656,-7.617680195326493e-05
2020-07-30,-0.01398263881824624,119949.85733176017,-0.6638912086582237,118340.61135371219,5.062521501775219e-05
2020-07-31,0.008928730919935957,121020.85733176017,-0.6608901837005081,119401.12289457307,-3.27872666745499e-05
2020-08-03,0.06819485650622736,129273.85733176017,-0.6377646384381112,127573.30006238345,-0.00024819469544445916
2020-08-04,-0.02680356316055188,125808.85733176017,-0.6474738368307206,124142.23331253939,9.130236512056022e-05
2020-08-05,0.0,125808.85733176017,-0.6474738368307206,124142.23331253939,0.0
2020-08-06,0.01952962654704704,128265.85733176017,-0.6405891325159612,126575.1715533379,-6.836340270166552e-05
2020-08-07,-0.02554070169684064,124989.85733176017,-0.6497687382689736,123331.2538989399,8.768667181380252e-05
2020-08-10,0.02520204492784539,128139.85733176017,-0.6409421942756924,126450.40548970723,-8.879978636811003e-05
2020-08-11,-0.030973969244589283,124170.85733176017,-0.6520636397072268,122520.27448534041,0.00010644516093605283
2020-08-12,-0.005298332257481442,123512.95887292018,-0.6539071221485167,120024.95321272656,0.015068266520522733
2020-08-13,0.0,123512.95887292018,-0.6539071221485167,119588.27199001916,0.0036382536382534303
2020-08-14,0.0,123512.95887292018,-0.6539071221485167,123331.25389893993,-0.031298904538340944
2020-08-17,0.0,123512.95887292018,-0.6539071221485167,127074.2358078607,-0.030349013657056112
2020-08-18,-0.0031846734171813162,123119.61043612019,-0.6550093149364861,126263.25639426119,0.0031972607998045355
2020-08-19,-0.005847971719936118,122399.6104361202,-0.6570268107063789,125514.66001247706,8.088203500444813e-05
2020-08-20,-0.014457815936624985,120629.97939772018,-0.6619854539483833,124578.91453524685,-0.007002547546962834
2020-08-21,0.0,120629.97939772018,-0.6619854539483833,126450.40548970725,-0.015022533800701066
2020-08-24,-0.009565958196804725,119476.03805752017,-0.665218886965825,125577.0430442924,-0.0026591994400212426
2020-08-25,-0.01629615470729473,117529.03805752019,-0.6706745317769103,123518.402994386,9.728791565599693e-05
2020-08-26,-0.02911620869665632,114107.03805752017,-0.6802632408388177,119900.18714909589,0.00017672059627305003
2020-08-27,0.0062047005342746875,114815.03805752017,-0.6782793699984231,120648.78353088007,-3.879582368582213e-05
2020-08-28,0.004110959748700793,115287.03805752019,-0.6769567894381601,121147.84778540285,-2.5544904866947604e-05
2020-08-31,-0.012282386848151416,113871.03805752017,-0.6809245311189493,119650.65502183452,7.600656070549938e-05
2020-09-01,0.006217559900019376,114579.03805752019,-0.6789406602785547,120399.25140361866,-3.89573054029313e-05
2020-09-02,0.0028778491279919383,114908.77924228017,-0.6780166999377036,119837.80411728055,0.007541061563225093
2020-09-03,0.0,114908.77924228017,-0.6780166999377036,118652.52651278897,0.009890681936491452
2020-09-04,0.0,114908.77924228017,-0.6780166999377036,118340.61135371223,0.002628811777076745
2020-09-07,0.0,114908.77924228017,-0.6780166999377036,118091.07922645086,0.0021085925144965767
2020-09-08,0.0,114908.77924228017,-0.6780166999377036,118215.84529008153,-0.0010565240359217132
2020-09-09,0.0,114908.77924228017,-0.6780166999377036,114660.01247660677,0.030079155672823266
2020-09-10,0.0,114908.77924228017,-0.6780166999377036,113038.05364940778,0.014145810663764857
2020-09-11,0.0,114908.77924228017,-0.6780166999377036,113911.41609482262,-0.007726269315673218
2020-09-14,0.0,114908.77924228017,-0.6780166999377036,113287.58577666915,0.005476451259583848
2020-09-15,0.0,114908.77924228017,-0.6780166999377036,113786.65003119191,-0.004405286343612147
2020-09-16,0.0,114908.77924228017,-0.6780166999377036,112289.4572676236,0.013157894736842035
2020-09-17,0.0,114908.77924228017,-0.6780166999377036,112102.30817217757,0.0016666666666667052
2020-09-18,0.0,114908.77924228017,-0.6780166999377036,113474.7348721152,-0.012242626599888728
2020-09-21,0.0,114908.77924228017,-0.6780166999377036,114285.71428571468,-0.007146783947223678
2020-09-22,0.0,114908.77924228017,-0.6780166999377036,112414.22333125428,0.01637554585152845
2020-09-23,0.0,114908.77924228017,-0.6780166999377036,112663.75545851568,-0.002219755826859071
2020-09-24,0.0,114908.77924228017,-0.6780166999377036,110667.4984404246,0.017718715393133966
2020-09-25,0.0,114908.77924228017,-0.6780166999377036,112227.07423580826,-0.014092446448703555
2020-09-28,0.0,114908.77924228017,-0.6780166999377036,113349.96880848451,-0.010005558643691126
2020-09-29,0.0,114908.77924228017,-0.6780166999377036,112850.90455396174,0.004402861860209217
2020-09-30,0.0,114908.77924228017,-0.6780166999377036,111104.17966313205,0.015478164731896116
2020-10-09,0.0,114908.77924228017,-0.6780166999377036,113100.43668122313,-0.017967434025828233
2020-10-12,0.0,114908.77924228017,-0.6780166999377036,115533.37492202167,-0.021511307225593024
2020-10-13,0.0,114908.77924228017,-0.6780166999377036,114410.48034934542,0.009719222462203025
2020-10-14,0.0,114908.77924228017,-0.6780166999377036,112850.90455396177,0.0136314067611778
2020-10-15,0.0,114908.77924228017,-0.6780166999377036,112039.92514036225,0.007186290768380288
2020-10-16,0.0,114908.77924228017,-0.6780166999377036,112538.98939488501,-0.00445434298440972
2020-10-19,0.0,114908.77924228017,-0.6780166999377036,111728.00998128549,0.007206208425720617
2020-10-20,0.0,114908.77924228017,-0.6780166999377036,112414.22333125431,-0.006141820212171911
2020-10-21,0.0,114908.77924228017,-0.6780166999377036,111353.71179039341,0.00943396226415083
2020-10-22,0.0,114908.77924228017,-0.6780166999377036,111790.39301310082,-0.0039215686274509665
2020-10-23,0.0,114908.77924228017,-0.6780166999377036,110854.64753587062,0.00837053571428581
2020-10-26,0.0,114908.77924228017,-0.6780166999377036,107673.11291328796,0.028700056274620023
2020-10-27,0.0,114908.77924228017,-0.6780166999377036,104553.96132252064,0.028968713789107814
2020-10-28,0.0,114908.77924228017,-0.6780166999377036,105739.23892701222,-0.011336515513126422
2020-10-29,0.0,114908.77924228017,-0.6780166999377036,104678.72738615134,0.010029498525073621
2020-10-30,0.0,114908.77924228017,-0.6780166999377036,99750.46787273897,0.04707985697258643
2020-11-02,0.0,114908.77924228017,-0.6780166999377036,98440.42420461669,0.013133208255159512
2020-11-03,0.0,114908.77924228017,-0.6780166999377036,100935.74547723056,-0.025348542458808687
2020-11-04,0.0,114908.77924228017,-0.6780166999377036,100187.1490954464,0.007416563658838138
2020-11-05,0.0,114908.77924228017,-0.6780166999377036,101684.34185901472,-0.014943960149439661
2020-11-06,0.0,114908.77924228017,-0.6780166999377036,101746.72489083002,-0.0006134969325151118
2020-11-09,0.0,114908.77924228017,-0.6780166999377036,103056.76855895232,-0.012875536480686733
2020-11-10,0.0,114908.77924228017,-0.6780166999377036,101372.42669993796,0.016343825665859568
2020-11-11,0.0,114908.77924228017,-0.6780166999377036,99688.0848409236,0.016615384615384587
2020-11-12,0.0,114908.77924228017,-0.6780166999377036,100124.76606363103,-0.004380475594493172
2020-11-13,0.0,114908.77924228017,-0.6780166999377036,99625.70180910826,0.004984423676012484
2020-11-16,0.0,114908.77924228017,-0.6780166999377036,99875.23393636965,-0.00250469630557304
2020-11-17,0.0,114908.77924228017,-0.6780166999377036,98877.1054273241,0.009993753903810187
2020-11-18,0.0,114908.77924228017,-0.6780166999377036,99438.55271366223,-0.005678233438485725
2020-11-19,0.0,114908.77924228017,-0.6780166999377036,99750.46787273895,-0.0031367628607277265
2020-11-20,0.0,114908.77924228017,-0.6780166999377036,100810.97941359984,-0.010631644777986171
2020-11-23,0.0,114908.77924228017,-0.6780166999377036,100124.76606363103,0.0068069306930692575
2020-11-24,0.0,114908.77924228017,-0.6780166999377036,102932.00249532162,-0.028037383177569986
2020-11-25,0.0,114908.77924228017,-0.6780166999377036,101746.72489083002,0.01151515151515159
2020-11-26,0.0,114908.77924228017,-0.6780166999377036,102744.85339987556,-0.009809932556713585
2020-11-27,0.0,114908.77924228017,-0.6780166999377036,105053.02557704339,-0.022465088038858605
2020-11-30,0.0,114908.77924228017,-0.6780166999377036,105427.32376793546,-0.0035629453681709222
2020-12-01,0.0,114908.77924228017,-0.6780166999377036,104616.34435433596,0.007692307692307665
2020-12-02,0.0,114908.77924228017,-0.6780166999377036,102932.00249532159,0.01610017889087656
2020-12-03,0.0,114908.77924228017,-0.6780166999377036,103056.76855895229,-0.00121212121212122
2020-12-04,0.0,114908.77924228017,-0.6780166999377036,102682.47036806023,0.00363196125907983
2020-12-07,0.0,114908.77924228017,-0.6780166999377036,102308.17217716812,0.0036452004860269005
2020-12-08,0.0,114908.77924228017,-0.6780166999377036,101684.34185901468,0.0060975609756096505
2020-12-09,0.0,114908.77924228017,-0.6780166999377036,99688.08484092359,0.019631901840490795
2020-12-10,0.0,114908.77924228017,-0.6780166999377036,99937.61696818496,-0.0025031289111387967
2020-12-11,0.0,114908.77924228017,-0.6780166999377036,98689.95633187804,0.012484394506866336
2020-12-14,0.0,114908.77924228017,-0.6780166999377036,98877.10542732407,-0.0018963337547408532
2020-12-15,0.0,114908.77924228017,-0.6780166999377036,105552.08983156615,-0.06750788643533134
2020-12-16,0.0,114908.77924228017,-0.6780166999377036,103243.9176543983,0.021867612293144267
2020-12-17,0.0,114908.77924228017,-0.6780166999377036,103867.74797255176,-0.0060422960725075026
2020-12-18,0.0,114908.77924228017,-0.6780166999377036,103867.74797255176,0.0
2020-12-21,0.0,114908.77924228017,-0.6780166999377036,104928.25951341268,-0.010210210210210402
2020-12-22,0.0,114908.77924228017,-0.6780166999377036,102121.02308172209,0.026753864447086717
2020-12-23,0.0,114908.77924228017,-0.6780166999377036,101809.10792264534,0.0030543677458766405
2020-12-24,0.0,114908.77924228017,-0.6780166999377036,99563.31877729288,0.022058823529411686
2020-12-25,0.0,114908.77924228017,-0.6780166999377036,100000.00000000033,-0.004385964912280826
2020-12-28,0.0,114908.77924228017,-0.6780166999377036,98378.04117280133,0.016219588271990104
2020-12-29,0.0,114908.77924228017,-0.6780166999377036,99313.78665003151,-0.009511731135066537
2020-12-30,0.0,114908.77924228017,-0.6780166999377036,99064.25452277013,0.002512562814070307
2020-12-31,0.0,114908.77924228017,-0.6780166999377036,100873.36244541519,-0.018261964735516445
2021-01-04,0.0,114908.77924228017,-0.6780166999377036,101996.2570180914,-0.011131725417439675
2021-01-05,0.0,114908.77924228017,-0.6780166999377036,103680.59887710575,-0.016513761467889854
2021-01-06,0.0,114908.77924228017,-0.6780166999377036,101746.72489082998,0.01865222623345386
2021-01-07,0.0,114908.77924228017,-0.6780166999377036,99376.16968184683,0.023298589822194904
2021-01-08,0.0,114908.77924228017,-0.6780166999377036,101310.04366812257,-0.019460138104205882
2021-01-11,0.0,114908.77924228017,-0.6780166999377036,100873.36244541519,0.004310344827585966
2021-01-12,0.0,114908.77924228017,-0.6780166999377036,102432.93824079885,-0.015460729746443969
2021-01-13,0.0,114908.77924228017,-0.6780166999377036,104678.7273861513,-0.02192448233861133
2021-01-14,0.0,114908.77924228017,-0.6780166999377036,104865.87648159733,-0.0017878426698449967
2021-01-15,0.0,114908.77924228017,-0.6780166999377036,105739.23892701218,-0.008328375966686563
2021-01-18,0.0,114908.77924228017,-0.6780166999377036,105240.17467248943,0.004719764011799299
2021-01-19,0.0,114908.77924228017,-0.6780166999377036,105864.00499064288,-0.005927682276229973
2021-01-20,-0.018155321795920498,112822.57337796019,-0.683862410363247,103992.5140361825,-0.00047706605048758455
2021-01-21,-0.013064761384781187,111348.57337796017,-0.687992672536611,102620.08733624486,0.00013259914311336551
2021-01-22,-0.024670275663753793,108601.57337796017,-0.6956899793142439,100062.38303181565,0.0002537364943009379
2021-01-25,-0.0018508019151846078,108400.57337796019,-0.6962531968833391,99875.23393636962,1.95222743414325e-05
2021-01-26,-0.0030903895575529194,108065.57337796019,-0.6971918928318309,99563.31877729288,3.265853738776414e-05
2021-01-27,0.03285967851741578,111616.57337796017,-0.6872417157778176,102869.61946350623,-0.0003483415327094619
2021-01-28,0.0,111616.57337796017,-0.6872417157778176,102869.61946350623,0.0
2021-01-29,0.014406462690401245,113224.57337796019,-0.6827359752250568,104366.81222707455,-0.00014781262797369799
2021-02-01,-0.004142210352468312,112755.57337796019,-0.6840501495529454,103930.13100436713,4.189006594179645e-05
2021-02-02,-0.023768226436280515,110075.57337796019,-0.6915597171408799,101434.80973175327,0.0002413774052559825
2021-02-03,0.012782127376878227,111482.57337796017,-0.6876171941572143,102744.85339987553,-0.0001330017744132217
2021-02-04,-0.031852511943378126,107931.57337796017,-0.6975673712112276,99438.55271366218,0.000327208760932729
2021-02-05,0.004345345716008753,108400.57337796019,-0.6962531968833391,99875.23393636962,-4.612228901024196e-05
2021-02-08,0.022868882725891604,110879.57337796017,-0.6893068468644996,102183.40611353745,-0.0002416731766692326
2021-02-09,0.004229814254437025,111348.57337796017,-0.687992672536611,102620.08733624486,-4.369001906723291e-05
2021-02-10,-0.0006017140405791821,111281.57337796019,-0.6881804117263094,102557.70430442951,6.188694983033649e-06
2021-02-18,0.019868518505669286,113492.57337796017,-0.6819850184662634,104616.34435433596,-0.00020447419506064435
2021-02-19,0.10331072466700242,125217.57337796019,-0.6491306602690498,115533.37492202158,-0.001042286662753078
2021-02-22,0.0288937079868119,128835.57337796017,-0.638992744025338,118902.05864005028,-0.0002639593997970646
2021-02-23,-0.044723672576798545,123073.57337796017,-0.6551383143393974,113537.11790393048,0.00039699898668521527
2021-02-24,0.026675100997660017,126356.57337796019,-0.6459390940441775,116593.88646288247,-0.00024797592541703217
2021-02-25,0.002120981859790927,126624.57337796019,-0.645188137285384,116843.41859014385,-1.92000556717975e-05
2021-02-26,-0.019577558556509222,124145.57337796017,-0.6521344873042235,114535.246412976,0.00017684614183577363
2021-03-01,0.008635023954791432,125217.57337796019,-0.6491306602690498,115533.37492202155,-7.957299509975257e-05
2021-03-02,-0.0048156179978020575,124614.57337796019,-0.650820312976335,114971.92763568345,4.399323329939975e-05
2021-03-03,0.007527209495433729,125552.57337796019,-0.6481919643205579,115845.2900810983,-6.91008681039662e-05
2021-03-04,-0.0752433800903547,116105.57337796019,-0.6746631900680272,107049.28259513444,0.0006855375186921586
2021-03-05,-0.028275989726288198,112822.57337796019,-0.683862410363247,103992.51403618249,0.0002787888284903062
2021-03-08,-0.02969263951086598,109472.57337796019,-0.6932493698481652,100873.36244541516,0.0003013616888940529
2021-03-09,-0.004896203528069409,108936.57337796019,-0.6947512833657521,100374.29819089238,5.122999079276713e-05
2021-03-10,-0.0024601471451664025,108668.57337796019,-0.6955022401245455,100124.766063631,2.5869013938528695e-05
2021-03-11,0.010481411180750744,109807.57337796017,-0.6923106738996734,101185.2776044919,-0.00011048913077571498
2021-03-12,-0.014643798697428712,108199.57337796019,-0.6968164144524341,99688.08484092359,0.00015274877482762683
2021-03-15,-0.027245948463235914,105251.57337796017,-0.7050769387991621,96943.23144104835,0.00028846955929229257
2021-03-16,0.012731401127734632,106591.57337796019,-0.7013221550051949,98190.89207735528,-0.0001386117422783606
2021-03-17,-0.00502854009011966,106055.57337796019,-0.7028240685227818,97691.8278228325,5.4052031862594774e-05
2021-03-18,0.002526977050464785,106323.57337796017,-0.7020731117639883,97941.35995009389,-2.7301365882470563e-05
2021-03-19,0.004411063182882202,106792.57337796017,-0.7007589374360997,98378.04117280133,-4.753554323255749e-05
2021-03-22,0.03450614479490133,110477.57337796019,-0.6904332820026897,101809.10792264539,-0.00037020270034293645
2021-03-23,-0.013342074367955425,109003.57337796019,-0.6945635441760538,100436.68122270778,0.00013831778890727175
2021-03-24,0.0,109003.57337796019,-0.6945635441760538,100436.68122270778,0.0
2021-03-25,0.014137151216655042,110544.57337796017,-0.6902455428129914,101871.4909544607,-0.0001485630690589712
2021-03-26,-0.00537134456279309,109950.80038480018,-0.6919093407324038,101185.2776044919,0.0013647240226324353
2021-03-29,0.0,109950.80038480018,-0.6919093407324038,99376.16968184686,0.017879161528976506
2021-03-30,0.0,109950.80038480018,-0.6919093407324038,98253.27510917063,0.011299435028248594
2021-03-31,0.0,109950.80038480018,-0.6919093407324038,98689.95633187804,-0.004444444444444473
2021-04-01,0.0,109950.80038480018,-0.6919093407324038,98565.19026824736,0.0012642225031604948
2021-04-02,0.0,109950.80038480018,-0.6919093407324038,99812.85090455427,-0.012658227848101111
2021-04-06,0.0,109950.80038480018,-0.6919093407324038,100561.44728633844,-0.007500000000000062
2021-04-07,0.0,109950.80038480018,-0.6919093407324038,99563.31877729291,0.00992555831265507
2021-04-08,0.0,109950.80038480018,-0.6919093407324038,98877.10542732409,0.006892230576441172
2021-04-09,0.0,109950.80038480018,-0.6919093407324038,98440.42420461665,0.00441640378548902
2021-04-12,0.0,109950.80038480018,-0.6919093407324038,97629.44479101714,0.008238276299112779
2021-04-13,0.0,109950.80038480018,-0.6919093407324038,99001.87149095476,-0.014057507987220275
2021-04-14,0.0,109950.80038480018,-0.6919093407324038,99376.16968184683,-0.003780718336483968
2021-04-15,0.0,109950.80038480018,-0.6919093407324038,100062.38303181565,-0.006905210295040876
2021-04-16,0.0,109950.80038480018,-0.6919093407324038,102557.70430442951,-0.02493765586034935
2021-04-19,0.0,109950.80038480018,-0.6919093407324038,104054.89706799784,-0.014598540145985384
2021-04-20,0.0,109950.80038480018,-0.6919093407324038,107298.81472239587,-0.031175059952038398
2021-04-21,0.0,109950.80038480018,-0.6919093407324038,106550.21834061171,0.006976744186046546
2021-04-22,0.0,109950.80038480018,-0.6919093407324038,107174.04865876518,-0.005854800936768267
2021-04-23,0.0,109950.80038480018,-0.6919093407324038,106113.5371179043,0.009895227008148932
2021-04-26,0.0,109950.80038480018,-0.6919093407324038,103680.59887710579,0.022927689594356315
2021-04-27,0.0,109950.80038480018,-0.6919093407324038,102308.17217716816,0.013237063778580138
2021-04-28,0.0,109950.80038480018,-0.6919093407324038,102807.23643169094,-0.004878048780487809
2021-04-29,0.0,109950.80038480018,-0.6919093407324038,100998.1285090459,0.01759708737864074
2021-04-30,0.0,109950.80038480018,-0.6919093407324038,99313.78665003154,0.016676961087090825
2021-05-06,0.0,109950.80038480018,-0.6919093407324038,100561.44728633847,-0.012562814070351758
2021-05-07,0.0,109950.80038480018,-0.6919093407324038,105676.85589519689,-0.05086848635235741
2021-05-10,0.0,109950.80038480018,-0.6919093407324038,107049.28259513449,-0.01298701298701288
2021-05-11,0.0,109950.80038480018,-0.6919093407324038,105489.70679975083,0.014568764568764547
2021-05-12,0.0,109950.80038480018,-0.6919093407324038,111291.32875857803,-0.05499704316972198
2021-05-13,0.0,109950.80038480018,-0.6919093407324038,108983.1565814102,0.020739910313901433
2021-05-14,0.01962237828928326,112108.2965831602,-0.6858638692688603,111291.32875857803,-0.0015567859923424354
2021-05-17,0.027098797257582463,115146.29658316019,-0.6773511579508958,114348.09731753002,-0.00036757045542201716
2021-05-18,-0.005384454545198647,114526.2965831602,-0.6790884459749702,113724.26699937656,7.10828252322715e-05
2021-05-19,-0.014075370007529231,112914.29658316019,-0.6836053948375637,112102.30817217754,0.00018683514880657448
2021-05-20,0.006039979175690213,113596.29658316019,-0.6816943780110819,112788.52152214633,-8.133412425403996e-05
2021-05-21,-0.014736395906837618,111922.29658316019,-0.6863850556760828,111104.179663132,0.00019723241174640638
2021-05-24,0.03434525664101118,115766.2965831602,-0.6756138699268214,114971.92763568349,-0.0004666467840310773
2021-05-25,0.011782358426056794,117130.29658316019,-0.6717918362738577,116344.35433562112,-0.00015470071664536178
2021-05-26,-0.03917005363973103,112542.2965831602,-0.6846477676520083,111728.00998128549,0.0005082305425745393
2021-05-27,0.05178497486670319,118370.2965831602,-0.6683172602257088,117592.01497192806,-0.0006996705827664318
2021-05-28,-0.03456948337647525,114278.2965831602,-0.6797833611845999,113474.7348721152,0.0004437792229942117
2021-05-31,-0.006510422558307805,113534.2965831602,-0.6818681068134892,112726.13849033102,8.660877759114616e-05
2021-06-01,0.024574072187573792,116324.29658316019,-0.6740503107051544,115533.3749220216,-0.0003290822119834669
2021-06-02,-0.08687780882281293,106218.2965831602,-0.7023681054975672,105364.94073612014,0.0011351501404699427
2021-06-03,-0.022764439628410904,103800.2965831602,-0.7091435287914575,102932.00249532163,0.0003261465172373912
2021-06-04,0.00238920319270286,104048.29658316019,-0.7084486135818278,103181.53462258304,-3.5039231539579774e-05
2021-06-07,0.009534034026276839,105040.29658316019,-0.7056689527433088,104179.6631316286,-0.00013948471616576086
2021-06-08,-0.014756241656009306,103490.29658316019,-0.7100121728034948,102620.08733624492,0.00021381822423016672
2021-06-09,0.002995449914001469,103800.2965831602,-0.7091435287914575,102932.00249532166,-4.406376381016486e-05
2021-06-10,0.0005973007981756595,103862.2965831602,-0.7089697999890501,102994.38552713703,-8.759807885061477e-06
2021-06-11,-0.007760275157738916,103056.29658316019,-0.7112282744203469,102183.4061135375,0.00011374059029278794
2021-06-15,-0.015641936043172322,101444.2965831602,-0.7157452232829402,100561.44728633849,0.0002310798298433836
2021-06-16,0.005500555662511619,102002.2965831602,-0.7141816640612733,101122.89457267663,-8.257088835694759e-05
2021-06-17,0.002431317806631972,102250.2965831602,-0.7134867488516435,101372.42669993802,-3.629477819222515e-05
2021-06-18,0.010308038560482569,103304.2965831602,-0.710533359210717,102432.9382407989,-0.00015349990105595346
2021-06-21,0.0048013491830005695,103800.2965831602,-0.7091435287914575,102932.00249532166,-7.075800335742954e-05
2021-06-22,-0.008959511972636114,102870.2965831602,-0.7117494608275691,101996.25701809148,0.00013139711827292455
2021-06-23,0.006027007023342135,103490.29658316019,-0.7100121728034948,102620.08733624492,-8.920092772801702e-05
2021-06-24,-0.012580889638805659,102188.29658316019,-0.713660477654051,101310.04366812264,0.00018506780800287004
2021-06-25,0.00849412338812816,103056.29658316019,-0.7112282744203469,102183.4061135375,-0.0001265662670442147
2021-06-28,0.0036713619563717437,103434.65354980018,-0.7101680888929779,102245.78914535283,0.0030608613458711353
2021-06-29,0.0,103434.65354980018,-0.7101680888929779,101684.34185901472,0.005491153142159866
2021-06-30,0.0,103434.65354980018,-0.7101680888929779,102682.47036806027,-0.009815950920245342
2021-07-01,0.0,103434.65354980018,-0.7101680888929779,97005.61447286373,0.05528554070473879
2021-07-02,0.0,103434.65354980018,-0.7101680888929779,91515.90767311324,0.056591639871382715
2021-07-05,0.0,103434.65354980018,-0.7101680888929779,90892.07735495978,0.0068166325835037345
2021-07-06,0.0,103434.65354980018,-0.7101680888929779,90205.86400499097,0.007549759780370535
2021-07-07,0.0,103434.65354980018,-0.7101680888929779,90393.01310043702,-0.0020746887966804906
2021-07-08,0.0,103434.65354980018,-0.7101680888929779,87835.30879600781,0.028295376121463045
2021-07-09,0.0,103434.65354980018,-0.7101680888929779,87960.07485963851,-0.0014204545454545858
2021-07-12,0.0,103434.65354980018,-0.7101680888929779,88521.52214597663,-0.006382978723404209
2021-07-13,0.0,103434.65354980018,-0.7101680888929779,88459.13911416128,0.0007047216349541641
2021-07-14,0.0,103434.65354980018,-0.7101680888929779,86587.6481597009,0.021156558533145242
2021-07-15,0.0,103434.65354980018,-0.7101680888929779,85589.51965065536,0.011527377521613813
2021-07-16,0.0,103434.65354980018,-0.7101680888929779,84965.68933250189,0.007288629737609464
2021-07-19,0.0,103434.65354980018,-0.7101680888929779,84029.9438552717,0.0110132158590307
2021-07-20,0.0,103434.65354980018,-0.7101680888929779,84529.00810979448,-0.005939123979213035
2021-07-21,0.0,103434.65354980018,-0.7101680888929779,84653.77417342516,-0.0014760147601475815
2021-07-22,0.0,103434.65354980018,-0.7101680888929779,85215.22145976328,-0.006632277081798144
2021-07-23,0.0,103434.65354980018,-0.7101680888929779,84092.32688708705,0.013177159590043952
2021-07-26,0.0,103434.65354980018,-0.7101680888929779,79351.21646912073,0.05637982195845692
2021-07-27,0.0,103434.65354980018,-0.7101680888929779,78540.23705552121,0.010220125786163603
2021-07-28,0.0,103434.65354980018,-0.7101680888929779,73736.74360573954,0.06115965051628269
2021-07-29,0.0,103434.65354980018,-0.7101680888929779,74298.19089207765,-0.0076142131979695105
2021-07-30,0.0,103434.65354980018,-0.7101680888929779,74797.25514660042,-0.0067170445004198776
2021-08-02,0.0,103434.65354980018,-0.7101680888929779,76169.68184653806,-0.01834862385321112
2021-08-03,0.0,103434.65354980018,-0.7101680888929779,84154.70991890242,-0.10483210483210481
2021-08-04,0.0,103434.65354980018,-0.7101680888929779,82158.45290081133,0.023721275018532273
2021-08-05,0.0,103434.65354980018,-0.7101680888929779,80099.8128509049,0.02505694760820043
2021-08-06,0.0,103434.65354980018,-0.7101680888929779,78041.17280099847,0.025700934579439227
2021-08-09,0.0,103434.65354980018,-0.7101680888929779,79351.21646912074,-0.016786570743405393
2021-08-10,0.0,103434.65354980018,-0.7101680888929779,81035.5583281351,-0.021226415094339535
2021-08-11,0.0,103434.65354980018,-0.7101680888929779,81347.47348721181,-0.0038491147036181506
2021-08-12,0.0,103434.65354980018,-0.7101680888929779,80286.96194635093,0.0130368098159509
2021-08-13,0.0,103434.65354980018,-0.7101680888929779,79101.68434185936,0.01476301476301467
2021-08-16,0.0,103434.65354980018,-0.7101680888929779,79164.06737367471,-0.0007886435331230235
2021-08-17,0.0,103434.65354980018,-0.7101680888929779,77479.72551466036,0.02127659574468077
2021-08-18,0.0,103434.65354980018,-0.7101680888929779,79475.98253275146,-0.025764895330112836
2021-08-19,0.0,103434.65354980018,-0.7101680888929779,79101.68434185936,0.004709576138147598
2021-08-20,0.0,103434.65354980018,-0.7101680888929779,78041.17280099847,0.01340694006309151
2021-08-23,0.0,103434.65354980018,-0.7101680888929779,79164.0673736747,-0.014388489208633004
2021-08-24,0.0,103434.65354980018,-0.7101680888929779,79101.68434185935,0.0007880220646178104
2021-08-25,0.0,103434.65354980018,-0.7101680888929779,79288.83343730538,-0.0023659305993690705
2021-08-26,0.0,103434.65354980018,-0.7101680888929779,78477.85402370588,0.010228166797797034
2021-08-27,0.0,103434.65354980018,-0.7101680888929779,77354.95945102963,0.014308426073131986
2021-08-30,0.0,103434.65354980018,-0.7101680888929779,79600.74859638211,-0.029032258064516148
2021-08-31,0.0,103434.65354980018,-0.7101680888929779,79413.59950093608,0.0023510971786833146
2021-09-01,0.0,103434.65354980018,-0.7101680888929779,81908.92077354994,-0.03142183817753352
2021-09-02,0.0,103434.65354980018,-0.7101680888929779,81160.32439176578,0.009139375476009182
2021-09-03,0.0,103434.65354980018,-0.7101680888929779,81472.23955084251,-0.003843197540353671
2021-09-06,0.0,103434.65354980018,-0.7101680888929779,81534.62258265786,-0.0007656967840734552
2021-09-07,0.0,103434.65354980018,-0.7101680888929779,81721.77167810389,-0.002295332823259333
2021-09-08,0.0,103434.65354980018,-0.7101680888929779,84653.77417342519,-0.03587786259541992
2021-09-09,0.0,103434.65354980018,-0.7101680888929779,82844.66625078012,0.021370670596905006
2021-09-10,0.0,103434.65354980018,-0.7101680888929779,83593.2626325643,-0.009036144578313365
2021-09-13,0.0,103434.65354980018,-0.7101680888929779,83468.49656893361,0.0014925373134327957
2021-09-14,0.0,103434.65354980018,-0.7101680888929779,81908.92077354995,0.01868460388639759
2021-09-15,0.0,103434.65354980018,-0.7101680888929779,84903.30630068657,-0.036557501904036505
2021-09-16,0.0,103434.65354980018,-0.7101680888929779,82844.66625078014,0.024246877296105862
2021-09-17,0.0,103434.65354980018,-0.7101680888929779,82907.04928259549,-0.0007530120481926694
2021-09-22,0.0,103434.65354980018,-0.7101680888929779,82595.13412351876,0.003762227238525151
2021-09-23,0.0,103434.65354980018,-0.7101680888929779,83031.81534622618,-0.005287009063444037
2021-09-24,0.0,103434.65354980018,-0.7101680888929779,82969.43231441083,0.0007513148009015147
2021-09-27,0.0,103434.65354980018,-0.7101680888929779,79039.30131004401,0.047368421052631615
2021-09-28,0.0,103434.65354980018,-0.7101680888929779,78914.53524641332,0.0015785319652722452
2021-09-29,-0.004426949997174079,102976.75351056019,-0.7114511602710339,78165.93886462916,0.005059216010731116
2021-09-30,0.005574073569343474,103550.75351056019,-0.7098427678100361,78602.62008733659,-1.2518609427525362e-05
2021-10-08,0.01662952650387428,105272.7535105602,-0.7050175904270423,79912.66375545887,-3.714016279254828e-05
2021-10-11,0.023367869823536225,107732.75351056019,-0.6981244798799083,81784.15470991927,-5.133392353640076e-05
2021-10-12,-0.015222854206907832,106092.75351056019,-0.702719886911331,80536.49407361234,3.26759227641249e-05
2021-10-13,0.010820720190712674,107240.7535105602,-0.6995031019893351,81409.85651902719,-2.35865482494102e-05
2021-10-14,-0.016057328428137563,105518.75351056019,-0.7043282793723289,80099.81285090491,3.462559485101213e-05
2021-10-15,0.006994017418203713,106256.75351056019,-0.7022603462081887,80661.26013724302,-1.5328376188783466e-05
2021-10-18,-0.015434313074857875,104616.7535105602,-0.7068557532396114,79413.59950093609,3.359102413669213e-05
2021-10-19,0.0,104616.7535105602,-0.7068557532396114,79413.59950093609,0.0
2021-10-20,-0.00783813273193601,103796.7535105602,-0.7091534567553227,78789.76918278263,1.732681244726031e-05
2021-10-21,0.015800108813934566,105436.75351056019,-0.7045580497239,80037.42981908955,-3.52039334921006e-05
2021-10-22,-0.01166576131231889,104206.75351056019,-0.708004604997467,79101.68434185936,2.5587089863554624e-05
2021-10-25,-0.004721383052684214,103714.75351056019,-0.7093832271068938,78727.38615096727,1.0478146054038184e-05
2021-10-26,-0.003162520170928218,103386.75351056019,-0.7103023085131783,78477.85402370589,7.0519368371435576e-06
2021-10-27,-0.017449043893381755,101582.75351056019,-0.7153572562477433,77105.42732376828,3.903241822400538e-05
2021-10-28,-0.008201672057977838,100749.60507952017,-0.7176918026856823,76169.68184653808,0.003934250272119133
2021-10-29,0.0,100749.60507952017,-0.7176918026856823,78165.93886462916,-0.02620802620802598
2021-11-01,0.0,100749.60507952017,-0.7176918026856823,78727.38615096729,-0.007182761372705571
2021-11-02,0.0,100749.60507952017,-0.7176918026856823,77978.78976918313,0.009508716323296307
2021-11-03,0.0,100749.60507952017,-0.7176918026856823,78415.47099189056,-0.005600000000000049
2021-11-04,0.0,100749.60507952017,-0.7176918026856823,79039.30131004401,-0.007955449482895727
2021-11-05,0.0,100749.60507952017,-0.7176918026856823,81222.70742358116,-0.027624309392265234
2021-11-08,0.0,100749.60507952017,-0.7176918026856823,79850.28072364355,0.016897081413210335
2021-11-09,0.0,100749.60507952017,-0.7176918026856823,80286.96194635096,-0.005468749999999911
2021-11-10,0.0,100749.60507952017,-0.7176918026856823,80910.79226450443,-0.007770007770007803
2021-11-11,0.0,100749.60507952017,-0.7176918026856823,82532.75109170344,-0.02004626060138781
2021-11-12,0.0,100749.60507952017,-0.7176918026856823,82532.75109170344,0.0
2021-11-15,0.0,100749.60507952017,-0.7176918026856823,83156.5814098569,-0.0075585789871503994
2021-11-16,0.0,100749.60507952017,-0.7176918026856823,81721.77167810393,0.017254313578394576
2021-11-17,0.0,100749.60507952017,-0.7176918026856823,82532.75109170342,-0.00992366412213741
2021-11-18,0.0,100749.60507952017,-0.7176918026856823,80848.40923268908,0.020408163265306034
2021-11-19,0.0,100749.60507952017,-0.7176918026856823,80910.79226450442,-0.0007716049382715529
2021-11-22,0.0,100749.60507952017,-0.7176918026856823,79850.28072364353,0.013107170393215073
2021-11-23,0.0,100749.60507952017,-0.7176918026856823,79101.68434185936,0.009375000000000022
2021-11-24,0.0,100749.60507952017,-0.7176918026856823,79288.83343730541,-0.0023659305993690705
2021-11-25,0.0,100749.60507952017,-0.7176918026856823,78665.00311915194,0.007867820613690069
2021-11-26,0.0,100749.60507952017,-0.7176918026856823,78727.38615096729,-0.0007930214115781098
2021-11-29,0.0,100749.60507952017,-0.7176918026856823,77105.42732376828,0.020602218700475405
2021-11-30,0.0,100749.60507952017,-0.7176918026856823,77854.02370555243,-0.009708737864077666
2021-12-01,0.0,100749.60507952017,-0.7176918026856823,78789.76918278263,-0.012019230769230838
2021-12-02,0.0,100749.60507952017,-0.7176918026856823,77978.78976918312,0.010292953285827466
2021-12-03,0.0,100749.60507952017,-0.7176918026856823,78165.93886462916,-0.0023999999999999577
2021-12-06,0.0,100749.60507952017,-0.7176918026856823,77791.64067373709,0.004788507581803603
2021-12-07,0.0,100749.60507952017,-0.7176918026856823,77666.87461010639,0.0016038492381716951
2021-12-08,0.0,100749.60507952017,-0.7176918026856823,78602.62008733657,-0.012048192771084265
2021-12-09,0.0,100749.60507952017,-0.7176918026856823,79039.301310044,-0.005555555555555536
2021-12-10,0.0,100749.60507952017,-0.7176918026856823,78976.91827822865,0.0007892659826361781
2021-12-13,0.0,100749.60507952017,-0.7176918026856823,80286.96194635092,-0.016587677725118377
2021-12-14,0.0,100749.60507952017,-0.7176918026856823,80848.40923268904,-0.006993006993007089
2021-12-15,0.0,100749.60507952017,-0.7176918026856823,86400.49906425485,-0.06867283950617264
2021-12-16,0.0,100749.60507952017,-0.7176918026856823,87024.32938240831,-0.0072202166064980755
2021-12-17,0.0,100749.60507952017,-0.7176918026856823,85714.28571428603,0.01505376344086018
2021-12-20,0.0,100749.60507952017,-0.7176918026856823,83218.96444167217,0.02911208151382827
2021-12-21,0.0,100749.60507952017,-0.7176918026856823,83094.19837804149,0.0014992503748125774
2021-12-22,0.046396048707194604,105423.9886640202,-0.704593817812647,86899.56331877761,0.0006002529113988686
2021-12-23,-0.03201358668714305,102048.9886640202,-0.7140508292340197,84092.32688708704,0.0002907923509042343
2021-12-24,0.0036747056968355896,102423.98866402019,-0.7130000501872006,84404.24204616375,-3.449311622061302e-05
2021-12-27,-0.0190385087071403,100473.9886640202,-0.7184641012306604,82782.28321896475,0.00017804709478130842
2021-12-28,0.00746461855424041,101223.98866402019,-0.716362543137022,83406.1135371182,-7.117647213483735e-05
2021-12-29,-0.0029637243499239796,100923.9886640202,-0.7172031663744773,83156.58140985684,2.8048275356407082e-05
2021-12-30,0.020807738851770674,103023.98866402019,-0.7113188037122898,84903.30630068654,-0.0001975124610575918
2021-12-31,0.01747165901205916,104823.9886640202,-0.7062750642875577,86400.49906425485,-0.00016243356692680067
2022-01-04,0.018602612101034532,106773.9886640202,-0.7008110132440978,88022.45789145386,-0.00016995107586081915
2022-01-05,0.0021072547988068013,106998.9886640202,-0.7001805458160063,88209.60698689992,-1.889686667877477e-05
2022-01-06,-0.021028236136558798,104748.9886640202,-0.7064852200969215,86338.11603243952,0.00018817121846248508
2022-01-07,-0.012171955226121911,103473.9886640202,-0.7100578688561068,85277.60449157863,0.00011128176809771517
2022-01-10,0.015221216658749093,105048.9886640202,-0.7056445968594661,86587.64815970091,-0.0001408901444697186
2022-01-11,-0.022132531017848067,102723.9886640202,-0.7121594269497452,84653.77417342518,0.00020176293027873715
2022-01-12,0.002190335509030028,102948.9886640202,-0.7115289595216536,84840.92326887122,-2.0423518235945792e-05
2022-01-13,-0.01966993582237797,100923.9886640202,-0.7172031663744773,83156.58140985687,0.00018300535409254692
2022-01-14,-0.0118901364867261,99723.9886640202,-0.7205656593242988,82158.45290081132,0.00011286426346146516
2022-01-17,0.04662870049919765,104373.98866402019,-0.7075359991437407,86026.2008733628,-0.00044798894651232324
2022-01-18,-0.015089966572705338,102798.9886640202,-0.7119492711403813,84716.15720524052,0.0001384598232336831
2022-01-19,0.006566212457654652,103473.9886640202,-0.7100578688561068,85277.60449157863,-6.1180767676694e-05
2022-01-20,-0.02536869443124845,100848.9886640202,-0.7174133221838412,83094.19837804152,0.00023481690744941996
2022-01-21,0.0,100848.9886640202,-0.7174133221838412,83094.19837804152,0.0
2022-01-24,-0.02007952709120675,98823.9886640202,-0.7230875290366648,81409.85651902716,0.000190743179063535
2022-01-25,-0.0698211040991118,91923.9886640202,-0.7424218634981382,75670.61759201527,0.0006769801920759599
2022-01-26,0.0146860468047596,93273.9886640202,-0.738639058929589,76793.5121646915,-0.00015319474511676923
2022-01-27,-0.024926563485719755,90948.9886640202,-0.7451538890198681,74859.63817841577,0.0002562147433623485
2022-01-28,0.02144059025442946,92898.9886640202,-0.7396898379764083,76481.59700561478,-0.00022607641223726382
2022-02-07,0.009687941848914638,93798.9886640202,-0.7371679682640422,77230.19338739893,-9.99863729451711e-05
2022-02-08,0.01839039017977906,95523.9886640202,-0.7323343846486738,78665.0031191519,-0.00018796200115778205
2022-02-09,0.003140572375543993,95823.9886640202,-0.7314937614112185,78914.53524641329,-3.151327076844623e-05
2022-02-10,-0.003304433612236868,95507.3446550202,-0.7323810224511065,79101.68434185932,-0.005675975114213139
2022-02-11,0.0,95507.3446550202,-0.7323810224511065,78165.93886462912,0.011829652996845463
2022-02-14,0.0,95507.3446550202,-0.7323810224511065,79039.30131004399,-0.011173184357541999
2022-02-15,0.0,95507.3446550202,-0.7323810224511065,79039.30131004399,0.0
2022-02-16,0.0,95507.3446550202,-0.7323810224511065,79850.28072364349,-0.010260457774269982
2022-02-17,0.0,95507.3446550202,-0.7323810224511065,78665.00311915191,0.014843750000000044
2022-02-18,0.0,95507.3446550202,-0.7323810224511065,79538.36556456676,-0.011102299762093537
2022-02-21,0.0,95507.3446550202,-0.7323810224511065,87835.30879600784,-0.10431372549019602
2022-02-22,0.0,95507.3446550202,-0.7323810224511065,84341.85901434843,0.03977272727272729
2022-02-23,0.0,95507.3446550202,-0.7323810224511065,84653.77417342518,-0.0036982248520711636
2022-02-24,0.0,95507.3446550202,-0.7323810224511065,80536.49407361231,0.048636698599852646
2022-02-25,0.0,95507.3446550202,-0.7323810224511065,79975.0467872742,0.006971340046475594
2022-02-28,0.0,95507.3446550202,-0.7323810224511065,80723.64316905836,-0.009360374414976613
2022-03-01,0.0,95507.3446550202,-0.7323810224511065,82532.75109170341,-0.022411128284389514
2022-03-02,0.0,95507.3446550202,-0.7323810224511065,83156.58140985687,-0.0075585789871503994
2022-03-03,0.0,95507.3446550202,-0.7323810224511065,82782.28321896477,0.004501125281320406
2022-03-04,0.0,95507.3446550202,-0.7323810224511065,81908.92077354994,0.010550113036925324
2022-03-07,0.0,95507.3446550202,-0.7323810224511065,77916.40673736775,0.04874333587204882
2022-03-08,0.0,95507.3446550202,-0.7323810224511065,75109.17030567715,0.03602882305844679
2022-03-09,0.0,95507.3446550202,-0.7323810224511065,70555.20898315687,0.06063122923588027
2022-03-10,0.0,95507.3446550202,-0.7323810224511065,70617.59201497221,-0.0008841732979663064
2022-03-11,0.0,95507.3446550202,-0.7323810224511065,70430.44291952616,0.0026501766784453595
2022-03-14,0.0,95507.3446550202,-0.7323810224511065,66936.99313786677,0.049601417183347984
2022-03-15,0.0,95507.3446550202,-0.7323810224511065,61572.05240174696,0.08014911463187335
2022-03-16,0.0,95507.3446550202,-0.7323810224511065,63880.22457891478,-0.037487335359675855
2022-03-17,0.0,95507.3446550202,-0.7323810224511065,65003.11915159102,-0.017578125
2022-03-18,0.0,95507.3446550202,-0.7323810224511065,65439.80037429845,-0.006717850287907945
2022-03-21,0.0,95507.3446550202,-0.7323810224511065,65377.4173424831,0.0009532888465204614
2022-03-22,0.0,95507.3446550202,-0.7323810224511065,65502.18340611379,-0.00190839694656475
2022-03-23,0.0,95507.3446550202,-0.7323810224511065,65689.33250155982,-0.0028571428571428914
2022-03-24,0.0,95507.3446550202,-0.7323810224511065,64441.6718652529,0.018993352326685642
2022-03-25,0.0,95507.3446550202,-0.7323810224511065,64753.58702432964,-0.004840271055179146
2022-03-28,0.0,95507.3446550202,-0.7323810224511065,65190.268247037064,-0.00674373795761074
2022-03-29,0.0,95507.3446550202,-0.7323810224511065,64628.820960698955,0.008612440191387516
2022-03-30,0.0,95507.3446550202,-0.7323810224511065,65315.03431066776,-0.010617760617760652
2022-03-31,0.0,95507.3446550202,-0.7323810224511065,65065.50218340637,0.003820439350525451
2022-04-01,0.0,95507.3446550202,-0.7323810224511065,66063.63069245192,-0.015340364333652934
2022-04-06,0.0,95507.3446550202,-0.7323810224511065,67685.58951965091,-0.02455146364494798
2022-04-07,0.0,95507.3446550202,-0.7323810224511065,65689.33250155982,0.029493087557603714
2022-04-08,0.0,95507.3446550202,-0.7323810224511065,64504.05489706825,0.018043684710351338
2022-04-11,0.0,95507.3446550202,-0.7323810224511065,60823.45601996281,0.05705996131528046
2022-04-12,0.0,95507.3446550202,-0.7323810224511065,62570.18091079251,-0.02871794871794875
2022-04-13,0.0,95507.3446550202,-0.7323810224511065,61384.903306300934,0.018943170488534333
2022-04-14,0.0,95507.3446550202,-0.7323810224511065,61696.81846537767,-0.005081300813008172
2022-04-15,0.0,95507.3446550202,-0.7323810224511065,60573.92389270143,0.018200202224469164
2022-04-18,0.0,95507.3446550202,-0.7323810224511065,59700.56144728657,0.014418125643666402
2022-04-19,0.0,95507.3446550202,-0.7323810224511065,60074.859638178656,-0.006269592476489061
2022-04-20,0.0,95507.3446550202,-0.7323810224511065,59388.646288209835,0.01142263759086204
2022-04-21,0.0,95507.3446550202,-0.7323810224511065,57142.85714285736,0.037815126050420145
2022-04-22,0.0,95507.3446550202,-0.7323810224511065,57080.474111042015,0.0010917030567685337
2022-04-25,0.0,95507.3446550202,-0.7323810224511065,52401.74672489103,0.08196721311475408
2022-04-26,0.0,95507.3446550202,-0.7323810224511065,50530.25577043063,0.03571428571428581
2022-04-27,0.0,95507.3446550202,-0.7323810224511065,52089.8315658143,-0.030864197530864113
2022-04-28,0.0,95507.3446550202,-0.7323810224511065,51466.00124766083,0.0119760479041916
2022-04-29,0.0,95507.3446550202,-0.7323810224511065,53898.93948845935,-0.047272727272727355
2022-05-05,0.0,95507.3446550202,-0.7323810224511065,53337.49220212124,0.01041666666666663
2022-05-06,0.0,95507.3446550202,-0.7323810224511065,52588.89582033708,0.0140350877192984
2022-05-09,0.0,95507.3446550202,-0.7323810224511065,53025.577043044505,-0.008303677342823335
2022-05-10,0.0,95507.3446550202,-0.7323810224511065,53649.40736119796,-0.0117647058823529
2022-05-11,0.0,95507.3446550202,-0.7323810224511065,53524.64129756728,0.0023255813953487747
2022-05-12,0.0,95507.3446550202,-0.7323810224511065,54023.70555209004,-0.00932400932400923
2022-05-13,0.0,95507.3446550202,-0.7323810224511065,54023.70555209004,0.0
2022-05-16,0.0,95507.3446550202,-0.7323810224511065,54335.620711166775,-0.005773672055427337
2022-05-17,0.0,95507.3446550202,-0.7323810224511065,54210.85464753608,0.0022962112514353095
2022-05-18,0.0,95507.3446550202,-0.7323810224511065,55021.83406113559,-0.014959723820483495
2022-05-19,0.0,95507.3446550202,-0.7323810224511065,54335.620711166775,0.012471655328798126
2022-05-20,0.0,95507.3446550202,-0.7323810224511065,55957.579538365775,-0.02985074626865658
2022-05-23,0.0,95507.3446550202,-0.7323810224511065,61883.96756082368,-0.10590858416945359
2022-05-24,0.0,95507.3446550202,-0.7323810224511065,57018.091079226666,0.0786290322580645
2022-05-25,0.0,95507.3446550202,-0.7323810224511065,58203.36868371824,-0.020787746170678245
2022-05-26,0.0,95507.3446550202,-0.7323810224511065,59263.88022457912,-0.018220793140407254
2022-05-27,0.0,95507.3446550202,-0.7323810224511065,58515.283842794975,0.012631578947368327
2022-05-30,0.0,95507.3446550202,-0.7323810224511065,58827.1990018717,-0.005330490405117239
2022-05-31,0.0,95507.3446550202,-0.7323810224511065,59451.02932002516,-0.010604453870625585
2022-06-01,0.0,95507.3446550202,-0.7323810224511065,63006.862133499904,-0.0598111227701994
2022-06-02,0.0,95507.3446550202,-0.7323810224511065,63755.45851528407,-0.011881188118811892
2022-06-06,0.0,95507.3446550202,-0.7323810224511065,63381.16032439198,0.005870841487279899
2022-06-07,0.0,95507.3446550202,-0.7323810224511065,62008.73362445436,0.021653543307086687
2022-06-08,0.0,95507.3446550202,-0.7323810224511065,63069.245165315246,-0.017102615694164935
2022-06-09,0.0,95507.3446550202,-0.7323810224511065,61634.435433562285,0.022749752720078953
2022-06-10,0.0,95507.3446550202,-0.7323810224511065,62383.03181534645,-0.012145748987854255
2022-06-13,0.0,95507.3446550202,-0.7323810224511065,61821.58452900832,0.009000000000000008
2022-06-14,0.0,95507.3446550202,-0.7323810224511065,62071.11665626971,-0.004036326942482349
2022-06-15,0.0,95507.3446550202,-0.7323810224511065,64129.756706176144,-0.03316582914572863
2022-06-16,0.0006725129975291289,95571.5745856602,-0.7322010452103195,64566.43792888357,-0.006136825523871625
2022-06-17,-0.003850517286080213,95203.57458566022,-0.7332322097149313,64316.90580162219,1.4217013436623738e-05
2022-06-20,-0.004831751349694491,94743.57458566022,-0.7345211653456962,64004.990642545454,1.7909174068964084e-05
2022-06-21,0.004855210519675968,95203.57458566022,-0.7332322097149313,64316.90580162219,-1.8083827302728395e-05
2022-06-22,-0.03092320863804443,92259.57458566022,-0.7414815257518267,62320.648783531105,0.00011461871404094826
2022-06-23,0.02891840778566368,94927.5745856602,-0.7340055830933904,64129.756706176144,-0.00011062124336524981
2022-06-24,0.0,94927.5745856602,-0.7340055830933904,64129.756706176144,0.0
2022-06-27,0.005814959482630666,95479.57458566022,-0.7324588363364725,64504.05489706822,-2.16163928556945e-05
2022-06-28,0.019271137392314452,97319.5745856602,-0.7273030138134129,65751.71553337514,-7.122237557721789e-05
2022-06-29,-0.0056720346584963055,96767.57458566022,-0.7288497605703307,65377.417342483066,2.0564961996982767e-05
2022-06-30,0.014260975392933917,98147.57458566022,-0.724982893678036,66313.16281971327,-5.200170630281775e-05
2022-07-01,-0.01687255143075095,96491.5745856602,-0.7296231339487897,65190.26824703702,6.065647141284547e-05
2022-07-04,-0.010487962336043988,95479.57458566022,-0.7324588363364725,64504.05489706822,3.8353453429618156e-05
2022-07-05,-0.016380466783467384,93915.57458566022,-0.7368412854810731,63443.54335620733,6.053901924052418e-05
2022-07-06,-0.016653254871730305,92351.57458566022,-0.7412237346256737,62383.03181534645,6.257600339254488e-05
2022-07-07,0.009961930850963974,93271.5745856602,-0.738645823364144,63006.862133499904,-3.80691490360352e-05
2022-07-08,0.000986366965591401,93363.5745856602,-0.738388032237991,63069.24516531526,-3.7320443095900657e-06
2022-07-11,-0.015766320072176043,91891.5745856602,-0.7425126902564386,62071.11665626971,5.959486353124266e-05
2022-07-12,-0.008009439421607811,91155.5745856602,-0.7445750192656624,61572.052401746936,3.076158341730473e-05
2022-07-13,0.005046317815349255,91615.57458566022,-0.7432860636348976,61883.96756082367,-1.953831433665343e-05
2022-07-14,0.021088117481526947,93547.57458566022,-0.737872449985685,63194.01122894594,-8.123735718279512e-05
2022-07-15,-0.03638790225269817,90143.57458566022,-0.7474107216533452,60885.83905177812,0.0001372705014973663
2022-07-18,0.046947328408620814,94375.57458566022,-0.7355523298503083,63755.45851528407,-0.0001838191323628724
2022-07-19,0.010723113522148164,95387.57458566022,-0.7327166274626253,64441.67186525287,-4.0095871198131405e-05
2022-07-20,0.009644862069260407,96307.5745856602,-0.7301387162010957,65065.50218340633,-3.5680041097663207e-05
2022-07-21,-0.006686909132232355,95663.5745856602,-0.7319432540841665,64628.820960698904,2.450026374078984e-05
2022-07-22,-0.006731924902339315,95019.5745856602,-0.7337477919672374,64192.139737991485,2.4831854417484145e-05
2022-07-25,-0.0009682215522556215,94927.5745856602,-0.7340055830933904,64129.75670617614,3.5957460923219386e-06
2022-07-26,0.004845799568858888,95387.57458566022,-0.7327166274626253,64441.67186525286,-1.801366071307875e-05
2022-07-27,0.0,95387.57458566022,-0.7327166274626253,64441.67186525286,0.0
2022-07-28,0.0009644862069260185,95479.57458566022,-0.7324588363364725,64504.0548970682,-3.5680041097219117e-06
2022-07-29,-0.014453353044236006,94099.5745856602,-0.7363257032287671,63568.309419838,5.3416781682802394e-05
2022-08-01,0.010754565091883439,95111.57458566022,-0.7334900008410843,64254.52276980681,-4.033186591834159e-05
2022-08-02,-0.05706981535787092,89683.57458566022,-0.74869967728411,60573.92389270137,0.00021173804018725928
2022-08-03,-0.005129144351406656,89223.57458566022,-0.7499886329148749,60262.008733624636,2.0186235617059012e-05
2022-08-04,0.020622352428095958,91063.5745856602,-0.7448328103918154,61509.669369931566,-8.158131931601531e-05
2022-08-05,0.06364784192111772,96859.57458566022,-0.7285919694441777,65439.80037429839,-0.00024668140545447415
2022-08-08,-0.0018996573213035939,96675.57458566022,-0.7291075516964837,65315.03431066771,6.920371737328956e-06
2022-08-09,-0.0009516364437894831,96583.57458566022,-0.7293653428226367,65252.65127885237,3.4733938417685906e-06
2022-08-10,-0.0009525429183450118,96491.5745856602,-0.7296231339487897,65190.26824703702,3.480026205759934e-06
2022-08-11,0.020022473550629805,98423.57458566022,-0.7242095202995771,66500.3119151593,-7.322022927458427e-05
2022-08-12,0.0028042062195148265,98699.5745856602,-0.7234361469211182,66687.46101060534,-1.0052692305029254e-05
2022-08-15,-0.004660607727348998,98239.57458566022,-0.724725102551883,66375.54585152862,1.6660747861330094e-05
2022-08-16,-0.008428375260094656,97411.57458566022,-0.7270452226872599,65814.09856519049,3.0271356446731623e-05
2022-08-17,0.016055586891521534,98975.57458566022,-0.7226627735426593,66874.61010605139,-5.8157184307905396e-05
2022-08-18,-0.008365700360581263,98147.57458566022,-0.724982893678036,66313.16281971327,2.982202747847662e-05
2022-08-19,-0.0009373639683751822,98055.5745856602,-0.7252406848041891,66250.7797878979,3.369803967423479e-06
2022-08-22,0.04222095497878464,102195.57458566022,-0.7136400841273051,69058.0162195885,-0.00015192637714767088
2022-08-23,0.0009002346762372326,102287.57458566022,-0.7133822930011521,69120.39925140385,-3.107690519810191e-06
2022-08-24,0.0,102287.57458566022,-0.7133822930011521,69120.39925140385,0.0
2022-08-25,0.03058044941109128,105415.57458566022,-0.7046173947119508,71241.42233312562,-0.00010547116652603883
2022-08-26,0.01832746259358542,107347.57458566022,-0.6992037810627383,72551.4660012479,-6.132900010991094e-05
2022-08-29,0.0,107347.57458566022,-0.6992037810627383,72551.4660012479,0.0
2022-08-30,-0.005999204010763259,106703.57458566022,-0.7010083189458092,72114.78477854046,1.971258424970923e-05
2022-08-31,-0.018106235030102336,104771.5745856602,-0.7064219325950217,70804.74111041818,5.9854935295700074e-05
2022-09-01,-0.009659108436635977,103759.57458566022,-0.7092576349827044,70118.52776044936,3.25215193111017e-05
2022-09-02,0.030146615505036056,106887.57458566022,-0.7004927366935032,72239.55084217114,-0.00010249481524859938
2022-09-05,-0.013771479105088469,105415.57458566022,-0.7046173947119508,71241.4223331256,4.544662893568585e-05
2022-09-06,0.0,105415.57458566022,-0.7046173947119508,71241.4223331256,0.0
2022-09-07,-0.0392731341291116,101275.57458566022,-0.7162179953888348,68434.18590143502,0.00013141928594961882
2022-09-08,0.0018168250415047105,101459.57458566022,-0.7157024131365289,68558.9519650657,-6.329015012962458e-06
2022-09-09,0.0009067650872349731,101551.57458566022,-0.715444622010376,68621.33499688105,-3.1530201354268428e-06
2022-09-13,-0.0009059436091992668,101459.57458566022,-0.7157024131365289,68558.95196506572,3.147299891592681e-06
2022-09-14,0.0036270603489401143,101827.5745856602,-0.7146712486319171,68808.48409232711,-1.2612080541263282e-05
2022-09-15,0.01626278546590476,103483.57458566022,-0.7100310083611634,69931.37866500334,-5.634418051414514e-05
2022-09-16,-0.021336719463360798,101275.57458566022,-0.7162179953888348,68434.18590143503,7.27363796365621e-05
2022-09-19,-0.019076662935798905,99343.57458566022,-0.7216316090380474,67124.14223331276,6.645465763777114e-05
2022-09-20,0.011112948216374763,100447.57458566022,-0.7185381155242117,67872.73861509693,-3.946814050270753e-05
2022-09-21,0.03388832447215662,103851.57458566022,-0.7089998438565515,70180.91079226474,-0.00011902846901978847
2022-09-22,-0.009744676515860307,102839.57458566022,-0.7118355462442342,69494.69744229593,3.310126191746754e-05
2022-09-23,-0.025048722832418324,100263.5745856602,-0.7190536977765176,67747.97255146621,8.592707781518438e-05
2022-09-26,-0.018351629767877298,98423.57458566022,-0.7242095202995771,66500.3119151593,6.457649363278417e-05
2022-09-27,0.03738941626019909,102103.57458566022,-0.713897875253458,68995.63318777314,-0.00013403589739935384
2022-09-28,-0.022526145723433033,99803.57458566022,-0.7203426534072824,67436.05739238948,7.783257674776056e-05
2022-09-29,-0.09679012039502588,90143.57458566022,-0.7474107216533452,60885.8390517781,0.00034216452634328043
2022-09-30,0.010205940958395665,91063.5745856602,-0.7448328103918154,61509.66936993155,-3.996068094846983e-05
2022-10-10,-0.006061699230582418,90511.57458566022,-0.7463795571487333,61135.371179039474,2.3493467186219696e-05
2022-10-11,0.001016444586464882,90603.57458566022,-0.7461217660225803,61197.754210854815,-3.963576800325441e-06
2022-10-12,0.02030824951901189,92443.57458566022,-0.7409659434995207,62445.41484716174,-7.91103178892083e-05
2022-10-13,0.033836856850461894,95571.5745856602,-0.7322010452103195,64566.43792888351,-0.00012917711557203226
2022-10-14,0.020215215751921978,97503.57458566022,-0.7267874315611069,65876.4815970058,-7.463932054196931e-05
2022-10-17,-0.0055204774434921555,96965.30830150022,-0.7282956953824524,66126.01372426718,-0.009308356231370829
2022-10-18,0.0,96965.30830150022,-0.7282956953824524,64254.52276980679,0.028301886792452713
2022-10-19,0.0,96965.30830150022,-0.7282956953824524,63194.0112289459,0.01650485436893201
2022-10-20,0.0,96965.30830150022,-0.7282956953824524,62320.64878353104,0.013820335636722691
2022-10-21,0.0,96965.30830150022,-0.7282956953824524,59326.263256394406,0.048048048048048075
2022-10-24,0.0,96965.30830150022,-0.7282956953824524,56706.17592014986,0.04416403785488954
2022-10-25,0.0,96965.30830150022,-0.7282956953824524,55832.813474735,0.015401540154015514
2022-10-26,0.0,96965.30830150022,-0.7282956953824524,56519.02682470382,-0.012290502793296243
2022-10-27,0.0,96965.30830150022,-0.7282956953824524,57018.09107922659,-0.008830022075055233
2022-10-28,0.0,96965.30830150022,-0.7282956953824524,54834.68496568946,0.038293216630197136
2022-10-31,0.0,96965.30830150022,-0.7282956953824524,56519.02682470382,-0.03071672354948829
2022-11-01,0.0,96965.30830150022,-0.7282956953824524,57454.77230193402,-0.01655629139072845
2022-11-02,0.0,96965.30830150022,-0.7282956953824524,58702.43293824094,-0.021715526601520097
2022-11-03,0.0,96965.30830150022,-0.7282956953824524,58951.96506550233,-0.004250797024442088
2022-11-04,0.0,96965.30830150022,-0.7282956953824524,59950.09357454788,-0.01693121693121702
2022-11-07,0.0,96965.30830150022,-0.7282956953824524,61260.137242670164,-0.021852237252861784
2022-11-08,0.0,96965.30830150022,-0.7282956953824524,62071.11665626967,-0.01323828920570258
2022-11-09,0.0,96965.30830150022,-0.7282956953824524,61509.669369931544,0.009045226130653283
2022-11-10,0.0,96965.30830150022,-0.7282956953824524,62944.47910168451,-0.023326572008113722
2022-11-11,0.0,96965.30830150022,-0.7282956953824524,62445.41484716174,0.007928642220019877
2022-11-14,0.0,96965.30830150022,-0.7282956953824524,62757.33000623849,-0.004995004995005159
2022-11-15,0.0,96965.30830150022,-0.7282956953824524,63568.309419837984,-0.012922465208747402
2022-11-16,0.0,96965.30830150022,-0.7282956953824524,64628.82096069888,-0.016683022571148287
2022-11-17,0.0,96965.30830150022,-0.7282956953824524,65751.71553337511,-0.01737451737451745
2022-11-18,0.0,96965.30830150022,-0.7282956953824524,66188.39675608254,-0.006641366223908873
2022-11-21,0.0,96965.30830150022,-0.7282956953824524,64316.90580162216,0.028275212064090338
2022-11-22,0.0,96965.30830150022,-0.7282956953824524,65626.94946974442,-0.020368574199805867
2022-11-23,0.0,96965.30830150022,-0.7282956953824524,64316.90580162216,0.019961977186311652
2022-11-24,0.0,96965.30830150022,-0.7282956953824524,62819.71303805385,0.023278370514064006
2022-11-25,0.0,96965.30830150022,-0.7282956953824524,64254.52276980682,-0.022840119165839168
2022-11-28,0.0,96965.30830150022,-0.7282956953824524,64815.970056144935,-0.008737864077669855
2022-11-29,0.0,96965.30830150022,-0.7282956953824524,65439.80037429839,-0.009624639076034613
2022-11-30,0.0,96965.30830150022,-0.7282956953824524,64379.28883343751,0.0162059103908484
2022-12-01,0.0,96965.30830150022,-0.7282956953824524,71116.65626949491,-0.10465116279069764
2022-12-02,0.0,96965.30830150022,-0.7282956953824524,78540.23705552114,-0.1043859649122807
2022-12-05,-0.001246544137457506,96844.43676490022,-0.7286343867904954,86712.41422333152,-0.10529737813269191
2022-12-06,0.05272373066090874,101950.43676490022,-0.7143269792890051,91328.75857766716,-0.0005136794110336407
2022-12-07,0.10219671764650129,112369.43676490022,-0.6851321342521804,100748.59638178445,-0.0009453588562307047
2022-12-08,-0.10193163132039273,100915.43676490022,-0.7172271294582261,90393.01310043695,0.0008547463885855144
2022-12-09,-0.0950399691807694,91324.43676490022,-0.744101854359674,81721.77167810379,0.0008882571822396157
2022-12-12,0.05062171926558001,95947.43676490022,-0.7311478502704869,85901.43480973202,-0.0005233189023590157
2022-12-13,-0.07838666934301419,88426.43676490022,-0.7522222748334928,79101.68434185926,0.0007709196184962908
2022-12-14,0.002340928884767335,88633.43676490022,-0.7516422447996486,79288.8334373053,-2.5001714601735614e-05
2022-12-15,0.10276031633703808,97741.43676490022,-0.7261209233105038,87523.39363693101,-0.0010949157636699347
2022-12-16,0.029649656235058552,100639.43676490022,-0.718000502836685,90143.48097317557,-0.00028619551119946074
2022-12-19,-0.04045133926484601,96568.43676490022,-0.7294077601689543,86462.88209607013,0.00037911056214356975
2022-12-20,-0.019292017789783067,94705.43676490022,-0.7346280304735521,84778.54023705577,0.00018850169073636458
2022-12-21,0.10272905476537297,104434.43676490022,-0.7073666188828748,93574.54772301963,-0.001023704616525567
2022-12-22,0.021142451363725723,106642.43676490022,-0.7011796318552033,95570.80474111073,-0.00019088196960770354
2022-12-23,0.020057681209175282,108781.43676490022,-0.6951859881721466,97504.67872738646,-0.00017730573599439303
2022-12-26,0.10212220329474864,119890.43676490021,-0.6640577096891745,107548.34684965722,-0.0008848344531717789
2022-12-27,-0.02589864616215176,116785.43676490022,-0.6727581601968375,104741.11041796663,0.00020344200490152176
2022-12-28,0.024814737866964753,119683.43676490022,-0.6646377397230188,107361.19775421119,-0.00020015194840161676
2022-12-29,-0.08993725690835763,108919.43676490022,-0.6947993014829171,97629.44479101713,0.0007077169440538045
2022-12-30,0.04814567680256232,114163.43676490022,-0.6801052072921974,102370.55520898347,-0.00041662351692650645
2023-01-03,0.10214303572529815,125824.43676490024,-0.6474301820523075,112913.28758577701,-0.0008429484307044266
2023-01-04,-0.03838681995473381,120994.43676490022,-0.6609642161753388,108546.47535870274,0.00028721319443758553
2023-01-05,-0.026232611059360256,117820.43676490024,-0.6698580100276166,105676.85589519682,0.00020417054983501437
2023-01-06,-0.03923767494789365,113197.43676490022,-0.6828120141168036,101497.19276356862,0.00031368278528232096
2023-01-09,0.01036242545346866,114370.43676490024,-0.6795251772583532,102557.70430442951,-8.625309600907016e-05
2023-01-10,-0.008446238620087865,113404.43676490022,-0.6822319840829595,101684.34185901468,6.957646507033122e-05
2023-01-11,-0.05597664589755069,107056.43676490022,-0.7000195717875148,95945.1029320028,0.0004650718938603582
2023-01-12,-0.010312317814429206,105952.43676490022,-0.7031130653013506,94946.97442295725,9.080312185172357e-05
2023-01-13,-0.0175833615241322,104089.43676490022,-0.7083333356059484,93262.6325639429,0.00015645450740531253
2023-01-16,0.0013257829448312108,104227.43676490022,-0.7079466489167189,93387.3986275736,-1.2009697309300904e-05
2023-01-17,0.0721595026553774,111748.43676490022,-0.6868722243537131,100187.14909544635,-0.0006527885937874789
2023-01-18,-0.03951733131883106,107332.43676490022,-0.699246198409056,96194.63505926418,0.0003332290796744797
2023-01-19,0.011571525229790991,108574.43676490022,-0.6957660182059907,97317.52963194043,-0.00010162652118173021
2023-01-20,0.03241094409377232,112093.43676490022,-0.6859055076306394,100499.06425452308,-0.00028136359853525583
2023-01-30,0.025853431598124255,114991.43676490024,-0.6777850871568206,103119.15159076764,-0.0002173319028069276
2023-01-31,-0.01260093830258413,113542.43676490022,-0.68184529739373,101809.10792264534,0.00010323592609107202
2023-02-01,0.012154046005348862,114922.43676490022,-0.6779784305014354,103056.76855895227,-0.00010085595543540826
2023-02-02,-0.03182146239625272,111265.43676490022,-0.6882256277660161,99750.46787273891,0.0002608620589530375
2023-02-03,0.007441664042981522,112093.43676490022,-0.6859055076306394,100499.06425452307,-6.302638853816767e-05
2023-02-06,0.036933473711605824,116233.43676490022,-0.6743049069537554,104242.04616344385,-0.00031047414686735664
2023-02-07,0.05461423301833346,122581.43676490022,-0.6565173192492,109981.28509045573,-0.0004426191659872014
2023-02-08,-0.08274499196361462,112438.43676490022,-0.6849387909075657,100810.97941359982,0.0006356092842582095
2023-02-09,-0.009818706411832911,111334.43676490022,-0.6880322844214014,99812.85090455427,8.22836871769983e-05
2023-02-10,0.009916069385892401,112438.43676490022,-0.6849387909075657,100810.97941359982,-8.393061410760794e-05
2023-02-13,0.014114390467009796,114025.43676490022,-0.6804918939814268,102245.7891453528,-0.00011828280031700444
2023-02-14,0.04841025087569939,119545.43676490024,-0.6650244264122482,107236.43169058053,-0.00039999927683265213
2023-02-15,0.10216199238134238,131758.43676490022,-0.6308026544154405,118278.22832189682,-0.0008048488053939984
2023-02-16,-0.018852682689551425,129274.43676490024,-0.6377630148215708,116032.43917654436,0.00013465908260046344
2023-02-17,0.0037362375121261504,129757.43676490024,-0.6364096114092678,116469.12039925177,-2.7203348088811197e-05
2023-02-20,-0.028183355738029214,126100.43676490022,-0.6466568086738486,113162.81971303839,0.00020443215698962014
2023-02-21,-0.020245766513559138,123547.43676490022,-0.6538105124245936,110854.64753587058,0.00015114638611013476
2023-02-22,-0.023456577294392766,120649.43676490024,-0.6619309328984124,108234.56019962602,0.00017876316705900397
2023-02-23,-0.026879528715242906,117406.43676490022,-0.6710180700953049,105302.55770430472,0.000209808460549743
2023-02-24,0.014104848470242182,119062.43676490022,-0.6663778298245513,106799.75046787305,-0.00011316100843083987
2023-02-27,-0.02839686547551601,115681.43676490022,-0.6758516537106732,103742.98190892107,0.0002246298515868883
2023-02-28,0.02206922797119537,118234.43676490022,-0.6686979499599282,106051.15408608888,-0.0001797197137114459
2023-03-01,0.036765938240511664,122581.43676490022,-0.6565173192492,109981.2850904557,-0.00029288528890014653
2023-03-02,0.0686727144187822,130999.43676490024,-0.6329294312062025,117592.01497192797,-0.0005275124672077247
2023-03-03,-0.021068792875447828,128239.43676490022,-0.6406631649907919,115096.6936993141,0.00015136627574596773
2023-03-06,-0.02690280062852146,124789.43676490022,-0.6503303322215285,111977.54210854678,0.00019747037418860192
2023-03-07,0.008846902659556788,125893.43676490022,-0.6472368387076928,112975.67061759233,-6.674636551284863e-05
2023-03-08,0.020279055569573545,128446.43676490022,-0.6400831349569477,115283.84279476016,-0.00015164570044312597
2023-03-09,-0.05157013434420232,121822.43676490022,-0.658644096039962,109295.07174048689,0.00037791760384964235
2023-03-10,-0.015859147553652142,119890.43676490021,-0.6640577096891745,107548.34684965719,0.00012258760616523645
2023-03-13,0.04431546121079344,125203.43676490024,-0.6491702721538402,112351.8402994389,-0.00034811187505368046
2023-03-14,-0.018186401738121916,122926.43676490022,-0.6555506025261263,110293.20024953247,0.00013675206532071105
2023-03-15,0.01459409421775626,124720.43676490024,-0.6505236755661432,111915.15907673149,-0.0001117881351850869
2023-03-16,-0.04813164671092163,118717.43676490022,-0.667344546547625,106487.83530879633,0.0003633365666704247
2023-03-17,0.019179996317720382,120994.43676490022,-0.6609642161753388,108546.47535870277,-0.00015216536945006354
2023-03-20,0.005132467381179007,121615.43676490021,-0.6592241260738062,109107.9226450409,-3.994641192450743e-05
2023-03-21,-0.019290314308825218,119269.43676490022,-0.6657977997907072,106986.89956331912,0.00014936550821309513
2023-03-22,0.031240191125783356,122995.43676490024,-0.6553572591815116,110355.58328134785,-0.0002466893406891657
2023-03-23,-0.02300085331952184,120166.43676490024,-0.6632843363107156,107797.87897691864,0.000176082802581079
2023-03-24,0.04651049120258599,125755.43676490022,-0.6476235253969223,112850.9045539617,-0.0003645087974140093
2023-03-27,0.03621314606472015,130309.43676490022,-0.6348628646523499,116968.18465377456,-0.0002710993747492285
2023-03-28,-0.01588526549872682,128239.43676490022,-0.6406631649907919,115096.69369931417,0.00011473450127319484
2023-03-29,0.06940922562158547,137140.43676490022,-0.6157218735354913,123144.10480349384,-0.0005094735654063154
2023-03-30,-0.06037606555238262,128860.43676490022,-0.6389230748892593,115658.14098565228,0.00041420800384839307
2023-03-31,-0.005890093337063251,128101.43676490022,-0.6410498516800213,114971.92763568347,4.30242465397912e-05
2023-04-03,0.10180213687949236,141142.43676490022,-0.6045079595478368,126762.32064878396,-0.0007480530282668596
2023-04-04,0.08799621350372377,153562.43676490022,-0.5697061575171849,137991.2663755463,-0.0005864636616306207
2023-04-06,-0.006290600880988317,152596.43676490022,-0.5724129643417911,137117.9039301315,3.851304306234926e-05
2023-04-07,0.005426076896380305,153424.43676490022,-0.5700928442064143,137866.50031191562,-3.343174784165015e-05
2023-04-10,-0.04047595109973179,147214.43676490022,-0.5874937452217402,132252.02744853444,0.00024803080072077766
2023-04-11,0.10170877482560847,162187.43676490022,-0.5455382394403432,145789.1453524646,-0.0006497157404292686
2023-04-12,0.043394236572108724,169225.43676490022,-0.5258172182896405,152152.21459762994,-0.0002514630427821185
2023-04-13,0.0012232203618867121,169432.43676490022,-0.5252371882557962,152339.36369307598,-6.791938236272443e-06
2023-04-14,-0.05212697266613142,160600.43676490022,-0.549985136366482,144354.33562071162,0.00028907974992098406
2023-04-17,-0.035230290240633844,154942.43676490022,-0.5658392906248902,139238.92701185323,0.00020618339808697872
2023-04-18,-0.016031760257966376,152458.43676490022,-0.5727996510310206,136993.13786650077,9.727200009812531e-05
2023-04-19,-0.009051647316363653,151078.43676490022,-0.5766665179233152,135745.47723019382,5.5820807497886094e-05
2023-04-20,0.06942089304459009,161566.43676490022,-0.5472783295418758,145227.6980661265,-0.0004320481318804692
2023-04-21,-0.09950705308550001,145489.43676490022,-0.5923273288371086,130692.45165315078,0.0005788575674210428
2023-04-24,-0.004742612352778508,144799.43676490022,-0.594260762283256,130068.62133499733,3.065733695883921e-05
2023-04-25,0.03240344095825476,149491.43676490022,-0.5811134148494541,134310.66749844086,-0.00021046791464685022
2023-04-26,-0.06646534554100236,139555.43676490022,-0.6089548564739756,125327.51091703099,0.0004180729448314269
2023-04-27,-0.036093183589009814,134518.43676490022,-0.6230689206308512,120773.5495945107,0.00024330222482793484
2023-04-28,0.038983503868432745,139762.43676490022,-0.6083748264401314,125514.66001247705,-0.00027269447867483976
2023-05-04,0.07602901212916313,150388.43676490022,-0.5785999513694625,135121.6469120404,-0.0005117433380337211
2023-05-05,-0.07203346369598251,139555.43676490022,-0.6089548564739756,125327.51091703103,0.00045037748591958415
2023-05-08,0.024226931450157307,142936.43676490022,-0.5994810325878537,128384.27947598301,-0.00016331245228173863
2023-05-09,0.019309282240886017,145696.43676490022,-0.5917472988032644,130879.6007485969,-0.00012706372607240723
2023-05-10,0.04783232970374818,152665.43676490022,-0.5722196209971764,137180.28696194687,-0.0003087570455366784
2023-05-11,0.03254174687654121,157633.43676490022,-0.5582989001849156,141671.86525265183,-0.00020040864869774744
2023-05-12,-0.08798260245181799,143764.43676490022,-0.5971609124524769,129132.87585776718,0.0005246630699786703
2023-05-15,-0.039835999283782786,138037.43676490022,-0.6132084100554998,123955.08421709345,0.00026061907370500403
2023-05-16,-0.07897857462079538,127135.43676490022,-0.6437566585046276,114098.56519026868,0.0005382849665223066
2023-05-17,0.0016281849126202896,127342.43676490022,-0.6431766284707834,114285.71428571474,-1.2055655996601189e-05
2023-05-18,0.018422766672285373,129688.43676490022,-0.6366029547538825,116406.73736743652,-0.00013618529278014435
2023-05-19,-0.019153596588591837,127204.43676490022,-0.6435633151600129,114160.94822208404,0.0001390079130157984
2023-05-22,0.02929143113841537,130930.43676490022,-0.6331227745508172,117529.63194011274,-0.00021676558289596137
2023-05-23,-0.044794779158426334,125065.43676490021,-0.6495569588430695,112227.0742358083,0.0003219936653529043
2023-05-24,0.013792779561012436,126790.43676490021,-0.6447233752277013,113786.65003119195,-0.00010382966633604163
2023-05-25,-0.03700594555644665,122098.43676490022,-0.657870722661503,109544.6038677484,0.0002747561979392632
2023-05-26,0.016953534007857707,124168.43676490022,-0.6520704223230611,111416.0948222088,-0.0001307484522790059
2023-05-29,-0.009512069146495716,122987.3380085802,-0.6553799525240352,110667.49844042462,-0.002793144174491169
2023-05-30,0.0,122987.3380085802,-0.6553799525240352,114472.86338116079,-0.03438556933483672
2023-05-31,0.0,122987.3380085802,-0.6553799525240352,116905.80162195927,-0.021253405994550167
2023-06-01,0.0,122987.3380085802,-0.6553799525240352,118902.05864005037,-0.01707577374599789
2023-06-02,0.0,122987.3380085802,-0.6553799525240352,116781.0355583286,0.017838405036726068
2023-06-05,0.0,122987.3380085802,-0.6553799525240352,128758.57766687514,-0.10256410256410264
2023-06-06,0.0,122987.3380085802,-0.6553799525240352,136743.6057392395,-0.0620155038759691
2023-06-07,0.0,122987.3380085802,-0.6553799525240352,150717.4048658771,-0.10218978102189769
2023-06-08,0.0,122987.3380085802,-0.6553799525240352,152027.44853399936,-0.008692052980132425
2023-06-09,0.0,122987.3380085802,-0.6553799525240352,167498.44042420524,-0.10176446450553955
2023-06-12,0.0,122987.3380085802,-0.6553799525240352,160573.92389270177,0.04134078212290515
2023-06-13,0.0,122987.3380085802,-0.6553799525240352,176855.89519650722,-0.10139860139860146
2023-06-14,0.1029448244144997,135648.2479250802,-0.6199031022469055,194822.20835932696,0.0013575228271982542
2023-06-15,0.08432103012725478,147086.2479250802,-0.5878529402801907,211416.09482220915,-0.0008534815602252444
2023-06-16,0.029234548169249974,151386.2479250802,-0.5758040072099972,217654.3980037438,-0.0002726811019213571
2023-06-19,0.012781874354648393,153321.24792508024,-0.5703819873284101,220461.63443543442,-0.00011580406323652426
2023-06-20,-0.03141117141411054,148505.2479250802,-0.5838767923670269,213474.7348721156,0.0002809621455952538
2023-06-21,-0.03851042357025114,142786.2479250802,-0.5999018733503843,205177.79164067452,0.0003557365700176396
2023-06-26,-0.06022988995769685,134186.2479250802,-0.6239997394907713,192701.1852776052,0.0005788665032335771
2023-06-27,0.004806751883845273,134831.2479250802,-0.6221923995302423,193636.9307548354,-4.918854995206168e-05
2023-06-28,-0.07558336926216591,124640.24792508023,-0.6507483709066008,178852.1522145983,0.000769723521339194
2023-06-29,0.0006899857905584561,124726.24792508023,-0.6505073922451969,178976.918278229,-7.607512545915185e-06
2023-06-30,0.0017237750960739096,124941.24792508021,-0.6499049455916873,179288.8334373057,-1.8992418739482986e-05
2023-07-03,-0.03097455855667941,121071.24792508021,-0.6607489853548615,173674.36057392452,0.00034068152682786845
2023-07-04,0.009234232067153014,122189.24792508023,-0.6576162627566111,175296.31940112356,-0.00010484839261715173
2023-07-05,-0.023226266207482582,119351.24792508023,-0.6655685585829388,171179.0393013107,0.00026127827650324065
2023-07-06,-0.028822488744812857,115911.24792508023,-0.6752077050390936,166188.39675608298,0.0003320302056244451
2023-07-07,-0.037097348850728684,111611.24792508023,-0.687256638109287,159950.09357454831,0.00044018868680884005
2023-07-10,-0.01464010151644246,109977.24792508023,-0.6918352326759606,157579.53836556515,0.00018049130727049167
2023-07-11,-0.004691879545408506,109461.24792508023,-0.6932811046443839,156830.941983781,5.871427881953828e-05
2023-07-12,0.10056527043739094,120469.24792508021,-0.6624358359846886,172800.99812850967,-0.0012644829436749827
2023-07-13,0.10065639330247289,132595.2479250802,-0.6284578447267428,190393.0131004374,-0.0011486608491517725
2023-07-14,0.10053150628393404,145925.2479250802,-0.591106152209143,209731.7529631948,-0.0010412329034839019
2023-07-17,0.018269628031529983,148591.2479250802,-0.583635813705623,213599.5009357463,-0.00017177589470462884
2023-07-18,-0.057876894636056386,139991.2479250802,-0.60773367984601,201122.89457267703,0.000534320317214676
2023-07-19,-0.02303715444929766,136766.2479250802,-0.6167703796486552,196444.16718652603,0.00022587284598785118
2023-07-20,0.014777037687742078,138787.2479250802,-0.6111073811056642,199376.1696818473,-0.00014833544658632292
2023-07-21,-0.10007403567435469,124898.24792508023,-0.6500254349223892,179226.45040549038,0.0009897941128793608
2023-07-24,0.04544499297864224,130574.24792508023,-0.6341208432697337,187461.0106051161,-0.0005000122423810538
2023-07-25,-0.0016465727616012948,130359.24792508021,-0.6347232899232434,187149.09544603937,1.73207492140115e-05
2023-07-26,-0.05640566447748996,123006.24792508021,-0.6553269654732744,176481.59700561513,0.0005943355225100921
2023-07-27,0.04754230048185737,128854.24792508021,-0.6389404164978112,184965.68933250225,-0.0005312237316457136
2023-07-28,-0.034372169108271344,124425.24792508023,-0.6513508175601105,178540.23705552157,0.0003664480924031599
2023-07-31,0.0024191231684846937,124726.24792508023,-0.6505073922451969,178976.91827822902,-2.671889999894539e-05
2023-08-01,0.014479710807021151,126532.24792508021,-0.6454468403557158,181597.00561447354,-0.0001595363174122788
2023-08-02,0.09991128907695801,139174.2479250802,-0.6100229771293468,199937.6169681854,-0.0010849321528598743
2023-08-03,-0.01977377310119499,136422.2479250802,-0.6177342942942706,195945.1029320032,0.00019502565075502076
2023-08-04,0.0438125019262432,142399.2479250802,-0.6009862773267017,204616.34435433632,-0.00044092055067479485
2023-08-07,-0.009361004495622938,141066.2479250802,-0.6047214465784617,202682.47036806063,9.021501657202613e-05
2023-08-08,-0.003962677169218276,140507.2479250802,-0.6062878078775868,201871.4909544611,3.8553978827349233e-05
2023-08-09,-0.059064568714811805,132208.2479250802,-0.6295422487030603,189831.56581409922,0.00057696404167773
2023-08-10,-0.026995290051967658,128639.24792508023,-0.6395428631513208,184653.77417342548,0.0002804247032081042
2023-08-11,-0.021393159897846847,125887.24792508023,-0.6472541803162447,180661.2601372433,0.00022846172377477547
2023-08-14,0.10008162230616136,138486.2479250802,-0.6119508064205778,198939.48845913983,-0.0010924108430099277
2023-08-15,0.008383503903059752,139647.2479250802,-0.6086975944916255,200623.83031815413,-8.310004802192239e-05
2023-08-16,0.0,139647.2479250802,-0.6086975944916255,200623.83031815413,0.0
2023-08-17,0.0412611067214963,145409.2479250802,-0.5925520241775662,208983.15658141056,-0.0004055599451704417
2023-08-18,0.011828683694768971,147129.2479250802,-0.5877324509494888,211478.47785402442,-0.00011161481269361673
2023-08-21,-0.030102784201379795,142700.2479250802,-0.6001428520117882,205053.0255770437,0.0002806966245789688
2023-08-22,0.10004187243945872,156976.2479250802,-0.5601403942187457,225764.19213973873,-0.0009620825346818851
2023-08-23,0.03506262936432836,162480.2479250802,-0.544717759888898,233749.22021210307,-0.0003062570683878274
2023-08-24,-0.055575986098714836,153450.2479250802,-0.5700205193363044,220648.78353088032,0.00046884976998018413
2023-08-25,-0.024379237248456476,149709.2479250802,-0.5805030911073727,215221.4597629452,0.0002178789517131019
2023-08-28,0.03504125545153558,154955.2479250802,-0.5658033927617366,222832.18964441743,-0.00032106338904402953
2023-08-29,0.06354737985228454,164802.2479250802,-0.5382113360309935,237117.90393013175,-0.0005623625889248363
2023-08-30,0.0999318893240273,181271.24792508024,-0.4920639223721523,261010.60511540947,-0.0008310677925211785
2023-08-31,-0.01518166852990055,178519.24792508024,-0.49977523953707614,257018.09107922734,0.00011469858291013324
2023-09-01,-0.03902100239030515,171553.2479250802,-0.5192945111107897,246912.03992514117,0.0002993859592095305
2023-09-04,-0.0002506510399545858,171510.2479250802,-0.5194150004414917,246849.65689332582,2.00181502263419e-06
2023-09-05,-0.07721987554810894,158266.2479250802,-0.5565257142976876,227635.68309419914,0.0006168694607361358
2023-09-06,0.023909077580402727,162050.2479250802,-0.5459226531959174,233125.38989394958,-0.00020711863773903438
2023-09-07,0.00928724281061144,163555.2479250802,-0.5417055266213496,235308.7960074867,-7.855863439787392e-05
2023-09-08,0.005258162063952465,164415.2479250802,-0.539295740007311,236556.45664379364,-4.406487136043857e-05
2023-09-11,-0.011768981432194958,162480.2479250802,-0.544717759888898,233749.22021210307,9.810717540004177e-05
2023-09-12,-0.05795781407437406,153063.2479250802,-0.5711049233126217,220087.3362445422,0.0004889433315505842
2023-09-13,0.009551607063216228,154525.2479250802,-0.567008286068756,222208.35932626395,-8.558114540035966e-05
2023-09-14,-0.051201988712136215,146613.2479250802,-0.5891783229179121,210729.8814722402,0.0004543841121197323
2023-09-15,0.005572484148345769,147430.2479250802,-0.5868890256345752,211915.15907673183,-5.2145810209625054e-05
2023-09-18,0.053082729698568754,155256.2479250802,-0.5649599674468231,223268.87086712488,-0.000493955611999386
2023-09-19,-0.017171611678304166,152590.2479250802,-0.572430305950343,219401.1228945734,0.0001516629794213742
2023-09-20,-0.02677104241947148,148505.2479250802,-0.5838767923670269,213474.73487211546,0.00024061524330942774
2023-09-21,-0.0396686317979279,142614.2479250802,-0.600383830673192,204928.25951341304,0.00036643541422864967
2023-09-22,0.03738756875681237,147946.24792508024,-0.585443153666152,212663.755458516,-0.0003597676206610334
2023-09-25,0.03487753202509736,153106.2479250802,-0.5709844339819199,220149.71927635756,-0.00032340666660091166
2023-09-26,0.07976160454259018,165318.2479250802,-0.5367654640625703,237866.500311916,-0.000714450997223004
2023-09-27,-0.01456584515153625,162910.2479250802,-0.5435128665818787,234373.0505302566,0.0001207533273518413
2023-09-28,0.012405603856974201,164931.2479250802,-0.5378498680388877,237305.0530255779,-0.00010437751113867577
2023-10-09,-0.013035734750376893,162781.2479250802,-0.5438743345739845,234185.90143481057,0.00010832413500694305
2023-10-10,-0.01954770614281387,159599.2479250802,-0.5527905450459276,229569.55708047491,0.00016460072985535756
2023-10-11,-0.0008082744854820412,159470.24792508024,-0.5531520130380334,229382.4079850289,6.942905822149292e-06
2023-10-12,-0.021032136361735287,156116.2479250802,-0.5625501808327844,224516.53150343188,0.00018080897413641495
2023-10-13,-0.02864532077497839,151644.24792508024,-0.5750810712257856,218028.69619463588,0.00025159503496874347
2023-10-16,0.04933916124333604,159126.2479250802,-0.5541159276836489,228883.3437305061,-0.0004462464819856571
2023-10-17,0.01648376703530996,161749.2479250802,-0.5467660785108309,232688.70867124223,-0.0001420165569494536
2023-10-18,-0.04864937612349707,153880.2479250802,-0.568815626029285,221272.61384903383,0.0004122860748942969
2023-10-19,-0.00726538990595027,152762.2479250802,-0.5719483486275353,219650.65502183486,6.474823896085447e-05
2023-10-20,-0.07684490218916651,141023.2479250802,-0.6048419359091636,202620.08733624523,0.0006898890633186827
2023-10-23,-0.059153367425147874,132681.2479250802,-0.628216866065339,190517.77916406805,0.0005756966142609343
2023-10-24,0.06352065670017626,141109.2479250802,-0.6046009572477598,202744.85339987595,-0.0006574703463202436
2023-10-25,-0.010665495154499438,139604.2479250802,-0.6088180838223275,200561.4472863388,0.00010373561473142612
2023-10-26,-0.0231010162508144,136379.2479250802,-0.6178547836249726,195882.71990018783,0.00022713304934107725
2023-10-27,0.008513025388127815,137540.2479250802,-0.6146015716960204,197567.0617592022,-8.570072652203109e-05
2023-10-30,0.009066437052514642,138787.2479250802,-0.6111073811056642,199376.16968184724,-9.049379686953962e-05
2023-10-31,0.004337574301674918,139389.2479250802,-0.6094205304758371,200249.53212726212,-4.290129281825372e-05
2023-11-01,0.013881988953983182,141324.2479250802,-0.60399851059425,203056.7685589527,-0.00013670263480181077
2023-11-02,-0.002957238007320395,140906.3184877602,-0.6051695812496762,207485.9638178423,-0.024769834013464775
2023-11-03,0.0,140906.3184877602,-0.6051695812496762,202183.4061135378,0.025556223692122737
2023-11-06,0.0,140906.3184877602,-0.6051695812496762,207735.49594510364,-0.027460660290034022
2023-11-07,0.0,140906.3184877602,-0.6051695812496762,205739.23892701257,0.00960960960960966
2023-11-08,0.0,140906.3184877602,-0.6051695812496762,205177.79164067446,0.002728926622195149
2023-11-09,0.0,140906.3184877602,-0.6051695812496762,200623.83031815413,0.022195196108239723
2023-11-10,0.0,140906.3184877602,-0.6051695812496762,194572.67623206557,0.030161691542288427
2023-11-13,0.0,140906.3184877602,-0.6051695812496762,204429.19525889028,-0.05065726194293041
2023-11-14,0.0,140906.3184877602,-0.6051695812496762,206238.3031815353,-0.008849557522123908
2023-11-15,0.0,140906.3184877602,-0.6051695812496762,206550.21834061205,-0.0015124016938898865
2023-11-16,0.0,140906.3184877602,-0.6051695812496762,209606.98689956407,-0.014799154334038223
2023-11-17,0.0,140906.3184877602,-0.6051695812496762,205364.94073612054,0.020238095238095277
2023-11-20,0.0,140906.3184877602,-0.6051695812496762,205552.08983156655,-0.0009113001215066419
2023-11-21,0.0,140906.3184877602,-0.6051695812496762,203431.06674984476,0.010318664643399145
2023-11-22,0.0,140906.3184877602,-0.6051695812496762,206550.2183406121,-0.015332720024532343
2023-11-23,0.0,140906.3184877602,-0.6051695812496762,199937.61696818535,0.03201449713077631
2023-11-24,0.0,140906.3184877602,-0.6051695812496762,202245.7891453532,-0.011544461778471238
2023-11-27,0.0,140906.3184877602,-0.6051695812496762,205053.02557704374,-0.013880320789635858
2023-11-28,0.0,140906.3184877602,-0.6051695812496762,218465.37741734323,-0.06540918770915738
2023-11-29,0.0,140906.3184877602,-0.6051695812496762,215159.07673112987,0.015134209023415224
2023-11-30,0.0,140906.3184877602,-0.6051695812496762,209981.28509045605,0.024064946361264328
2023-12-01,0.0,140906.3184877602,-0.6051695812496762,213661.88396756153,-0.01752822341057647
2023-12-04,0.0,140906.3184877602,-0.6051695812496762,214472.86338116106,-0.0037956204379563374
2023-12-05,0.0,140906.3184877602,-0.6051695812496762,204054.89706799816,0.04857475276323453
2023-12-06,0.0,140906.3184877602,-0.6051695812496762,201310.0436681229,0.013451543870375948
2023-12-07,0.0,140906.3184877602,-0.6051695812496762,208047.4111041803,-0.03346761698171674
2023-12-08,0.0,140906.3184877602,-0.6051695812496762,204491.5782907055,0.017091454272863627
2023-12-11,0.0,140906.3184877602,-0.6051695812496762,206799.75046787332,-0.01128737034777294
2023-12-12,0.0,140906.3184877602,-0.6051695812496762,209045.53961322576,-0.010859728506787292
2023-12-13,0.0,140906.3184877602,-0.6051695812496762,205614.47286338176,0.016413011041480075
2023-12-14,0.0,140906.3184877602,-0.6051695812496762,204054.8970679981,0.007584951456310662
2023-12-15,0.0,140906.3184877602,-0.6051695812496762,200499.06425452337,0.017425863650259887
2023-12-18,0.0,140906.3184877602,-0.6051695812496762,200873.3624454155,-0.0018668326073429942
2023-12-19,0.0,140906.3184877602,-0.6051695812496762,199189.0205864011,0.008385093167701974
2023-12-20,0.0,140906.3184877602,-0.6051695812496762,180162.19588272044,0.09552145317882876
2023-12-21,0.0,140906.3184877602,-0.6051695812496762,176044.91578290757,0.022853185595567926
2023-12-22,0.0,140906.3184877602,-0.6051695812496762,167124.14223331303,0.05067328136073701
2023-12-25,0.0,140906.3184877602,-0.6051695812496762,168059.88771054326,-0.005599104143337197
2023-12-26,0.0,140906.3184877602,-0.6051695812496762,162133.4996880853,0.03526354862657766
2023-12-27,0.0,140906.3184877602,-0.6051695812496762,162944.47910168485,-0.005001923816852827
2023-12-28,0.0,140906.3184877602,-0.6051695812496762,166313.16281971356,-0.020673813169984623
2023-12-29,0.0,140906.3184877602,-0.6051695812496762,172676.2320648789,-0.03825956489122273
2024-01-02,0.0,140906.3184877602,-0.6051695812496762,170617.59201497247,0.011921965317919003
2024-01-03,0.0,140906.3184877602,-0.6051695812496762,167935.12164691256,0.015722120658135275
2024-01-04,0.0,140906.3184877602,-0.6051695812496762,166500.3119151596,0.008543833580980653
2024-01-05,0.0,140906.3184877602,-0.6051695812496762,163817.84154709973,0.016110902959910023
2024-01-08,0.0,140906.3184877602,-0.6051695812496762,159014.34809731803,0.029322162985529476
2024-01-09,0.0,140906.3184877602,-0.6051695812496762,158390.51777916457,0.003923107100823775
2024-01-10,0.0,140906.3184877602,-0.6051695812496762,151154.0860885844,0.04568727845608511
2024-01-11,0.0,140906.3184877602,-0.6051695812496762,155645.66437928932,-0.029715229054890546
2024-01-12,0.0,140906.3184877602,-0.6051695812496762,151590.7673112918,0.02605210420841675
2024-01-15,0.0,140906.3184877602,-0.6051695812496762,150842.1709295076,0.004938271604938316
2024-01-16,0.0,140906.3184877602,-0.6051695812496762,149344.97816593933,0.00992555831265507
2024-01-17,0.0,140906.3184877602,-0.6051695812496762,145414.84716157248,0.026315789473684292
2024-01-18,0.0,140906.3184877602,-0.6051695812496762,146412.97567061803,-0.0068640068640069
2024-01-19,0.0,140906.3184877602,-0.6051695812496762,147223.95508421757,-0.005538985939497421
2024-01-22,0.0,140906.3184877602,-0.6051695812496762,138802.2457891458,0.057203389830508544
2024-01-23,0.0,140906.3184877602,-0.6051695812496762,142732.3767935126,-0.028314606741572934
2024-01-24,0.0,140906.3184877602,-0.6051695812496762,143668.1222707428,-0.006555944055944174
2024-01-25,0.0,140906.3184877602,-0.6051695812496762,154086.08858390566,-0.07251411202778968
2024-01-26,0.0,140906.3184877602,-0.6051695812496762,151091.703056769,0.019433198380566785
2024-01-29,0.0,140906.3184877602,-0.6051695812496762,145664.3792888339,0.03592072667217161
2024-01-30,0.0,140906.3184877602,-0.6051695812496762,141110.41796631363,0.031263383297644554
2024-01-31,0.0,140906.3184877602,-0.6051695812496762,132875.8577666879,0.05835543766578255
2024-02-01,0.0,140906.3184877602,-0.6051695812496762,131503.43106675026,0.010328638497652642
2024-02-02,0.0,140906.3184877602,-0.6051695812496762,126013.72426699976,0.04174573055028463
2024-02-05,0.0,140906.3184877602,-0.6051695812496762,117280.09981285127,0.06930693069306926
2024-02-06,0.0,140906.3184877602,-0.6051695812496762,123206.48783530919,-0.05053191489361697
2024-02-07,0.0,140906.3184877602,-0.6051695812496762,130754.83468496612,-0.06126582278481019
2024-02-08,0.0,140906.3184877602,-0.6051695812496762,133686.8371802874,-0.022423664122137366
2024-02-19,0.0,140906.3184877602,-0.6051695812496762,143543.35620711217,-0.07372841810545983
2024-02-20,0.0,140906.3184877602,-0.6051695812496762,158078.60262008788,-0.10126032159930465
2024-02-21,0.0,140906.3184877602,-0.6051695812496762,150280.72364316956,0.0493291239147593
2024-02-22,0.0,140906.3184877602,-0.6051695812496762,154398.00374298246,-0.027397260273972712
2024-02-23,0.0,140906.3184877602,-0.6051695812496762,160573.92389270177,-0.040000000000000036
2024-02-26,0.0,140906.3184877602,-0.6051695812496762,155208.983156582,0.03341103341103335
2024-02-27,0.0,140906.3184877602,-0.6051695812496762,159762.94447910227,-0.02934083601286175
2024-02-28,0.0,140906.3184877602,-0.6051695812496762,152588.89582033743,0.04490433424443574
2024-02-29,0.0,140906.3184877602,-0.6051695812496762,163693.0754834691,-0.07277187244480765
2024-03-01,0.0,140906.3184877602,-0.6051695812496762,180224.5789145359,-0.10099085365853666
2024-03-04,0.0,140906.3184877602,-0.6051695812496762,177978.7897691834,0.012461059190031154
2024-03-05,0.0,140906.3184877602,-0.6051695812496762,175857.76668746164,0.01191728005608128
2024-03-06,0.0,140906.3184877602,-0.6051695812496762,170617.59201497253,0.02979780063852433
2024-03-07,0.0,140906.3184877602,-0.6051695812496762,173674.36057392447,-0.01791590493601447
2024-03-08,0.0,140906.3184877602,-0.6051695812496762,173362.44541484772,0.0017959770114942541
2024-03-11,0.0,140906.3184877602,-0.6051695812496762,172676.23206487892,0.003958258366318801
2024-03-12,0.0,140906.3184877602,-0.6051695812496762,177729.25764192195,-0.029263005780346685
2024-03-13,0.0,140906.3184877602,-0.6051695812496762,176980.66126013783,0.004212004212004072
2024-03-14,-0.019699657898883283,138130.51221776023,-0.6129476054271304,170804.74111041852,0.015196359020397732
2024-03-15,0.0061536005792839354,138980.51221776023,-0.6105658395876735,171865.25265127944,-5.5311035033200895e-05
2024-03-18,0.05504368834109408,146630.51221776023,-0.5891299470325618,181409.8565190274,-0.000491701858542859
2024-03-19,-0.01977760260220074,143730.51221776023,-0.5972559716612971,177791.6406737373,0.0001673767650619551
2024-03-20,0.03826605718671039,149230.51221776023,-0.5818445456412821,184653.77417342545,-0.00033043404135990606
2024-03-21,-0.010386615826515455,147680.51221776023,-0.5861877657014681,182719.90018714973,8.635714645754966e-05
2024-03-22,0.05180101209778987,155330.51221776023,-0.5647518731463564,192264.50405489776,-0.0004352460107797107
2024-03-25,-0.056653389436218116,146530.51221776023,-0.5894101547783803,181285.09045539677,0.0004523860342556807
2024-03-26,-0.06688026849613504,136730.51221776023,-0.6168705138685888,169058.01621958887,0.0005663935823232435
2024-03-27,-0.061434714635032917,128330.51221776025,-0.6404079645173388,158577.66687461067,0.000557905291166283
2024-03-28,0.03701380067695714,133080.51221776023,-0.6270980965909624,164504.0548970686,-0.0003583472380703778
2024-03-29,-0.010519947486444692,131680.51221776023,-0.6310210050324206,162757.33000623886,9.817917263765796e-05
2024-04-01,0.017086810812819264,133930.51221776023,-0.6247163307515055,165564.56643792946,-0.00016117692194494992
2024-04-02,-0.024266315018012907,130680.51221776023,-0.6338230824906053,161509.66936993194,0.0002250188177067569
2024-04-03,-0.038643864446941456,125630.51221776023,-0.6479735736544371,155208.98315658193,0.0003673367890570933
2024-04-08,-0.028655459063638755,122030.51221776023,-0.6580610525039015,150717.404865877,0.0002834476887727533
2024-04-09,0.005736270276001765,122730.51221776023,-0.6560995982831723,151590.76731129186,-5.843171075325948e-05
2024-04-10,-0.047665408497769235,116880.51221776023,-0.6724917514135518,144291.95258889633,0.0004827396503789272
2024-04-11,0.05604013770744509,123430.51221776023,-0.6541381440624431,152464.1297567067,-0.0005962652324598139
2024-04-12,-0.02916620805760539,119830.51221776023,-0.6642256229119075,147972.55146600175,0.0002936937427220343
2024-04-15,-0.0020862799914072028,119580.51221776025,-0.6649261422764535,147660.63630692504,2.1645809604509125e-05
2024-04-16,-0.04390347476049927,114330.51221776023,-0.6796370489319223,141110.41796631366,0.000456474542415819
2024-04-17,0.04635682896185522,119630.51221776023,-0.6647860384035443,147723.01933874036,-0.0005043558303639006
2024-04-18,0.025495167942173103,122680.51221776023,-0.6562397021560815,151528.38427947648,-0.00026496719296198457
2024-04-19,0.005298315015560551,123330.51221776025,-0.6544183518082615,152339.363693076,-5.368169090314012e-05
2024-04-22,-0.02878444219652565,119780.51221776023,-0.6643657267848166,147910.1684341864,0.00029008687800347044
2024-04-23,0.016279776767483822,121730.51221776023,-0.6589016757413568,150343.1066749849,-0.00016897903175694395
2024-04-24,-0.0021514774991787666,121468.61175976021,-0.6596355411110069,153462.25826575223,-0.022898365465983672
2024-04-25,0.0,121468.61175976021,-0.6596355411110069,150280.72364316956,0.02073170731707319
2024-04-26,0.0,121468.61175976021,-0.6596355411110069,150966.9369931384,-0.004566210045662045
2024-04-29,0.0,121468.61175976021,-0.6596355411110069,156331.87772925818,-0.035537190082644665
2024-04-30,0.0,121468.61175976021,-0.6596355411110069,153399.8752339369,0.01875498802873099
2024-05-06,0.0,121468.61175976021,-0.6596355411110069,154210.8546475364,-0.005286701911346059
2024-05-07,0.0,121468.61175976021,-0.6596355411110069,154210.8546475364,0.0
2024-05-08,0.0,121468.61175976021,-0.6596355411110069,147286.33811603297,0.04490291262135915
2024-05-09,0.0,121468.61175976021,-0.6596355411110069,149220.21210230872,-0.013130029648454222
2024-05-10,0.0,121468.61175976021,-0.6596355411110069,147099.18902058693,0.014214046822742632
2024-05-13,0.0,121468.61175976021,-0.6596355411110069,143792.8883343736,0.02247667514843077
2024-05-14,0.0,121468.61175976021,-0.6596355411110069,144354.3356207117,-0.0039045553145335976
2024-05-15,0.0,121468.61175976021,-0.6596355411110069,141297.56706175974,0.021175453759723517
2024-05-16,0.0,121468.61175976021,-0.6596355411110069,140985.65190268302,0.002207505518763697
2024-05-17,0.0,121468.61175976021,-0.6596355411110069,141734.24828446718,-0.005309734513274211
2024-05-20,0.0,121468.61175976021,-0.6596355411110069,146225.8265751721,-0.03169014084507049
2024-05-21,0.0,121468.61175976021,-0.6596355411110069,145352.46412975725,0.005972696245733822
2024-05-22,0.0,121468.61175976021,-0.6596355411110069,144915.78290704984,0.0030042918454935563
2024-05-23,0.0,121468.61175976021,-0.6596355411110069,140611.35371179093,0.02970297029702973
2024-05-24,0.0,121468.61175976021,-0.6596355411110069,136182.15845290135,0.031499556344276924
2024-05-27,0.0,121468.61175976021,-0.6596355411110069,137866.5003119157,-0.012368300503893925
2024-05-28,0.0,121468.61175976021,-0.6596355411110069,134185.90143481028,0.026696832579185537
2024-05-29,0.0,121468.61175976021,-0.6596355411110069,133562.07111665682,0.004649000464900133
2024-05-30,0.0,121468.61175976021,-0.6596355411110069,133312.53898939543,0.0018682858477346853
2024-05-31,0.0,121468.61175976021,-0.6596355411110069,134872.11478477909,-0.01169864295741685
2024-06-03,0.0,121468.61175976021,-0.6596355411110069,135495.94510293257,-0.0046253469010175685
2024-06-04,0.0,121468.61175976021,-0.6596355411110069,135059.26388022516,0.0032228360957642366
2024-06-05,0.0,121468.61175976021,-0.6596355411110069,132439.1765439806,0.019399538106235514
2024-06-06,0.0,121468.61175976021,-0.6596355411110069,129320.02495321329,0.023551577955723046
2024-06-07,0.0,121468.61175976021,-0.6596355411110069,130131.00436681278,-0.006271104679208772
2024-06-11,0.0,121468.61175976021,-0.6596355411110069,130318.15346225881,-0.0014381591562799834
2024-06-12,0.0,121468.61175976021,-0.6596355411110069,133125.3898939494,-0.021541407371948207
2024-06-13,0.0,121468.61175976021,-0.6596355411110069,131940.11228945781,0.008903467666354303
2024-06-14,0.0,121468.61175976021,-0.6596355411110069,132813.47473487267,-0.006619385342789608
2024-06-17,0.0,121468.61175976021,-0.6596355411110069,130505.30255770485,0.0173790511977453
2024-06-18,0.0,121468.61175976021,-0.6596355411110069,130692.45165315089,-0.001434034416825991
2024-06-19,0.0,121468.61175976021,-0.6596355411110069,128758.57766687515,0.01479713603818611
2024-06-20,0.0,121468.61175976021,-0.6596355411110069,124890.82969432366,0.030038759689922534
2024-06-21,0.0,121468.61175976021,-0.6596355411110069,125015.59575795436,-0.0009990009990010762
2024-06-24,0.0,121468.61175976021,-0.6596355411110069,119775.42108546526,0.041916167664670656
2024-06-25,0.0,121468.61175976021,-0.6596355411110069,118465.37741734297,0.010937500000000044
2024-06-26,0.0,121468.61175976021,-0.6596355411110069,127261.38490330683,-0.07424960505529232
2024-06-27,0.0,121468.61175976021,-0.6596355411110069,124641.29756706228,0.020588235294117574
2024-06-28,0.0,121468.61175976021,-0.6596355411110069,122832.18964441725,0.014514514514514465
2024-07-01,0.0,121468.61175976021,-0.6596355411110069,124578.91453524695,-0.01422041645505323
2024-07-02,0.0,121468.61175976021,-0.6596355411110069,124890.82969432368,-0.0025037556334501776
2024-07-03,0.0,121468.61175976021,-0.6596355411110069,123955.08421709349,0.007492507492507405
2024-07-04,0.0,121468.61175976021,-0.6596355411110069,121334.99688084892,0.021137393054856624
2024-07-05,0.0,121468.61175976021,-0.6596355411110069,122145.97629444841,-0.006683804627249268
2024-07-08,0.0,121468.61175976021,-0.6596355411110069,118964.44167186574,0.026046986721143917
2024-07-09,0.0,121468.61175976021,-0.6596355411110069,120648.78353088011,-0.014158363922391226
2024-07-10,0.0,121468.61175976021,-0.6596355411110069,118215.8452900816,0.020165460186142736
2024-07-11,0.0,121468.61175976021,-0.6596355411110069,121397.37991266428,-0.026912928759894594
2024-07-12,0.0,121468.61175976021,-0.6596355411110069,119713.03805364993,0.013874614594039048
2024-07-15,0.0,121468.61175976021,-0.6596355411110069,118028.69619463556,0.014069828035435106
2024-07-16,0.0,121468.61175976021,-0.6596355411110069,119026.8247036811,-0.00845665961945019
2024-07-17,0.0,121468.61175976021,-0.6596355411110069,119338.73986275785,-0.002620545073375391
2024-07-18,0.0,121468.61175976021,-0.6596355411110069,119276.3568309425,0.000522739153162477
2024-07-19,0.0,121468.61175976021,-0.6596355411110069,124766.063630693,-0.046025104602510414
2024-07-22,0.0,121468.61175976021,-0.6596355411110069,124391.76543980093,0.0029999999999998916
2024-07-23,0.0,121468.61175976021,-0.6596355411110069,120149.71927635738,0.034102306920762215
2024-07-24,0.0,121468.61175976021,-0.6596355411110069,116157.20524017522,0.03322949117341645
2024-07-25,0.0,121468.61175976021,-0.6596355411110069,116219.58827199055,-0.0005370569280342963
2024-07-26,0.0,121468.61175976021,-0.6596355411110069,117030.56768559005,-0.006977992485238893
2024-07-29,0.0,121468.61175976021,-0.6596355411110069,115907.67311291379,0.009594882729211274
2024-07-30,0.0,121468.61175976021,-0.6596355411110069,115034.31066749897,0.007534983853605848
2024-07-31,0.0,121468.61175976021,-0.6596355411110069,122645.04054897123,-0.0661605206073752
2024-08-01,0.0,121468.61175976021,-0.6596355411110069,122582.65751715587,0.0005086469989827869
2024-08-02,0.0,121468.61175976021,-0.6596355411110069,120835.93262632618,0.014249363867684384
2024-08-05,0.0,121468.61175976021,-0.6596355411110069,118590.1434809737,0.01858544140423335
2024-08-06,0.0,121468.61175976021,-0.6596355411110069,121459.76294447962,-0.024197790636506955
2024-08-07,0.0,121468.61175976021,-0.6596355411110069,119775.42108546526,0.013867488443759624
2024-08-08,0.0,121468.61175976021,-0.6596355411110069,119089.20773549646,0.005729166666666674
2024-08-09,0.0,121468.61175976021,-0.6596355411110069,116344.3543356212,0.023048716605552744
2024-08-12,0.0,121468.61175976021,-0.6596355411110069,114597.62944479153,0.015013404825737098
2024-08-13,0.0,121468.61175976021,-0.6596355411110069,114410.48034934547,0.0016330974414807686
2024-08-14,0.0,121468.61175976021,-0.6596355411110069,113849.03306300736,0.004907306434023928
2024-08-15,0.0,121468.61175976021,-0.6596355411110069,115845.29008109846,-0.017534246575342527
2024-08-16,0.0,121468.61175976021,-0.6596355411110069,114410.48034934548,0.012385568120624635
2024-08-19,0.0,121468.61175976021,-0.6596355411110069,114722.39550842223,-0.0027262813522355156
2024-08-20,0.0,121468.61175976021,-0.6596355411110069,112476.60636306975,0.019575856443719397
2024-08-21,0.0,121468.61175976021,-0.6596355411110069,110106.05115408658,0.021075984470327325
2024-08-22,0.0,121468.61175976021,-0.6596355411110069,106363.06924516581,0.03399433427762033
2024-08-23,0.0,121468.61175976021,-0.6596355411110069,106799.75046787325,-0.004105571847507372
2024-08-26,0.0,121468.61175976021,-0.6596355411110069,107049.28259513462,-0.002336448598130758
2024-08-27,0.0,121468.61175976021,-0.6596355411110069,104678.72738615145,0.022144522144522116
2024-08-28,0.0,121468.61175976021,-0.6596355411110069,106924.51653150392,-0.021454112038140627
2024-08-29,0.0,121468.61175976021,-0.6596355411110069,107049.2825951346,-0.001166861143523823
2024-08-30,0.0,121468.61175976021,-0.6596355411110069,108983.15658141034,-0.01806526806526798
2024-09-02,0.0,121468.61175976021,-0.6596355411110069,106799.75046787322,0.020034344590726838
2024-09-03,0.0,121468.61175976021,-0.6596355411110069,108172.17716781085,-0.012850467289719614
2024-09-04,0.0,121468.61175976021,-0.6596355411110069,108047.41110418017,0.0011534025374855261
2024-09-05,0.0,121468.61175976021,-0.6596355411110069,112102.30817217768,-0.03752886836027702
2024-09-06,0.0,121468.61175976021,-0.6596355411110069,109981.2850904559,0.018920422927100722
2024-09-09,0.0,121468.61175976021,-0.6596355411110069,109419.8378041178,0.005104934770277958
2024-09-10,0.0,121468.61175976021,-0.6596355411110069,111416.09482220886,-0.018244013683010207
2024-09-11,0.0,121468.61175976021,-0.6596355411110069,111228.94572676283,0.0016797312430011369
2024-09-12,0.0,121468.61175976021,-0.6596355411110069,110729.88147224006,0.0044868199663488095
2024-09-13,0.0,121468.61175976021,-0.6596355411110069,109045.53961322572,0.015211267605633738
2024-09-18,0.0,121468.61175976021,-0.6596355411110069,107423.5807860267,0.014874141876430325
2024-09-19,0.0,121468.61175976021,-0.6596355411110069,111603.24391765491,-0.03890824622531941
2024-09-20,0.0,121468.61175976021,-0.6596355411110069,112351.84029943908,-0.006707657909446718
2024-09-23,0.0,121468.61175976021,-0.6596355411110069,113661.88396756131,-0.011660188784008652
2024-09-24,0.0,121468.61175976021,-0.6596355411110069,118590.1434809737,-0.04335894621295289
2024-09-25,0.0,121468.61175976021,-0.6596355411110069,120212.1023081727,-0.013677012098895158
2024-09-26,0.0,121468.61175976021,-0.6596355411110069,123892.70118527813,-0.030617540217955375
2024-09-27,0.0,121468.61175976021,-0.6596355411110069,134061.13537117958,-0.08207452165156082
2024-09-30,0.0,121468.61175976021,-0.6596355411110069,145851.52838428007,-0.08794788273615639
2024-10-08,0.0,121468.61175976021,-0.6596355411110069,157142.8571428578,-0.07741659538066736
2024-10-09,-0.0585202038528182,114360.24383786021,-0.6795537386294449,143044.29195258947,0.031197938267070735
2024-10-10,0.01542494087806423,116124.24383786021,-0.6746108739932074,145290.08109794196,-0.0002750155109458863
2024-10-11,-0.0852362923785338,106226.24383786021,-0.7023458366743179,132688.70867124197,0.0014962108417323483
2024-10-14,0.020296302703603386,108382.24383786021,-0.6963045576744721,135433.56207111722,-0.0003901100843608507
2024-10-15,-0.01537152157960786,106716.24383786022,-0.7009728187198074,133312.53898939546,0.00028946414125807785
2024-10-16,-0.003673292705050568,106324.24383786021,-0.7020712330834159,132813.4747348727,7.027304132289913e-05
2024-10-17,-0.0036868355311115986,105932.24383786021,-0.7031696474470241,132314.4104803499,7.079716029279037e-05
2024-10-18,0.022665431345672005,108333.24383786021,-0.6964418594699231,135371.17903930187,-0.00043687888535104413
2024-10-21,0.02171078716631225,110685.24383786021,-0.6898513732882731,138365.5645664385,-0.0004090285018905071
2024-10-22,0.09872137984361018,121612.24383786021,-0.6592330729026906,152276.98066126075,-0.0018196481095007488
2024-10-23,-0.03747155595678042,117055.24383786021,-0.6720021398796376,146475.35870243353,0.0006275837400651074
2024-10-24,-0.020093076763462947,114703.24383786021,-0.6785926260612877,143480.9731752969,0.000349853389859045
2024-10-25,0.012815679407270464,116173.24383786021,-0.6744735721977564,145352.46412975728,-0.00022779885359902607
2024-10-28,0.004217838667601281,116663.24383786021,-0.6731005542432459,145976.29444791074,-7.400682596081509e-05
2024-10-29,-0.02814082561053033,113380.24383786021,-0.6822997745384658,141796.63131628252,0.0004916530219482018
2024-10-30,-0.01988000663698819,111126.24383786021,-0.6886156571292137,138927.01185277657,0.0003575648544328347
2024-10-31,0.017196657909073876,113037.24383786021,-0.683260887106623,141359.9500935751,-0.0003156905417569522
2024-11-01,-0.04074763187438302,108431.24383786021,-0.6961672558790211,135495.94510293254,0.0007351571812216351
2024-11-04,0.018075970823786314,110391.24383786022,-0.6906751840609793,137991.26637554643,-0.00034023543772399023
2024-11-05,0.042168199561526176,115046.24383786021,-0.6776315134931303,143917.65439800438,-0.0007793592088174428
2024-11-06,0.0017036627486615163,115242.24383786021,-0.6770823063113262,144167.18652526574,-3.0190740718527564e-05
2024-11-07,0.01190535652820457,116614.24383786021,-0.673237856038697,145913.91141609545,-0.0002106105855990137
2024-11-08,-0.008823964947461405,115585.24383786021,-0.6761211937431689,144603.86774797316,0.00015423086271393327
2024-11-11,0.09877558432991207,127002.24383786022,-0.644129875403076,159139.1141609489,-0.0017421033318654189
2024-11-12,0.019676817704027183,129501.24383786021,-0.6371274838350729,162320.64878353156,-0.0003153422332522471
2024-11-13,0.061675083291091726,137488.2438378602,-0.614747291176553,172489.08296943305,-0.0009690366166714703
2024-11-14,-0.08909852695803155,125238.24383786021,-0.6490727400393136,156893.32501559643,0.0013173862426917315
2024-11-15,-0.01408515439009006,123474.24383786021,-0.6540156046755511,154647.53587024397,0.00022896091806101637
2024-11-18,-0.0686539940356431,114997.24383786021,-0.6777688152885813,143855.271366189,0.0011322100789192824
2024-11-19,0.013209012227647143,116516.24383786022,-0.6735124596295989,145789.14535246475,-0.00023417944624704035
2024-11-20,0.051726693218732356,122543.24383786022,-0.6566243387891207,153462.25826575235,-0.0009048857286360068
2024-11-21,0.016794071509343755,124601.24383786021,-0.6508576633801771,156082.3456019969,-0.00027909922236357687
2024-11-22,-0.02595479708218884,121367.24383786021,-0.6599195818799459,151965.06550218404,0.0004240998003052221
2024-11-25,-0.014534399432820644,119603.24383786021,-0.6648624465161834,149719.27635683154,0.00024392569033204747
2024-11-26,-0.004916254619290461,119015.24383786021,-0.666510068061596,148970.67997504742,8.37453807095434e-05
2024-11-27,0.02840812563982209,122396.24383786021,-0.657036244175474,153275.10917030633,-0.0004863467219871076
2024-11-28,0.039633569200262286,127247.24383786021,-0.6434433664258208,159451.0293200256,-0.0006594710927778635
2024-11-29,-0.023104626169712317,124307.24383786022,-0.6516814741528832,155708.04741110484,0.0003695522340434465
2024-12-02,0.014584829845996516,126120.24383786021,-0.6466013077211947,158016.21958827265,-0.0002388881027213241
2024-12-03,-0.019037387868411693,123719.24383786021,-0.6533290956982959,154959.45102932068,0.00030726274351089433
2024-12-04,-0.028516178167267148,120191.24383786022,-0.6632148249707708,150467.87273861576,0.00046932907910957056
2024-12-05,0.029760903421761853,123768.24383786022,-0.6531917939028448,155021.83406113603,-0.0005044365450705968
2024-12-06,0.024545876274853162,126806.24383786021,-0.6446790825848802,158889.58203368747,-0.00040382191428145475
2024-12-09,-0.0023184978207849705,126512.24383786021,-0.6455028933575865,158515.28384279544,3.7214782277361635e-05
2024-12-10,-0.0038731429080334223,126022.24383786021,-0.6468759113120969,157891.45352464195,6.231557287961209e-05
2024-12-11,0.00583230370779364,126757.24383786022,-0.6448163843803312,158827.19900187216,-9.420755257782965e-05
2024-12-12,0.011596970362343306,128227.24383786022,-0.6406973305167999,160698.68995633253,-0.0001862189542316539
2024-12-13,0.0019106704056570667,128472.24383786021,-0.6400108215395448,161010.60511540924,-3.0323383162667028e-05
2024-12-16,-0.02593556320387136,125140.24383786021,-0.6493473436302156,156768.55895196568,0.00041081416923982594
2024-12-17,-0.047378843273487514,119211.24383786022,-0.6659608608797917,149220.21210230878,0.0007707786922903637
2024-12-18,0.007809666018301353,120142.24383786021,-0.6633521267662219,150405.48970680035,-0.0001334777944075327
2024-12-19,0.0077491477623512495,121073.24383786021,-0.6607433926526521,151590.76731129194,-0.00013139972831655022
2024-12-20,0.006880132831953656,121906.24383786021,-0.6584092621299844,152651.27885215278,-0.0001157519417087638
2024-12-23,-0.032155859097863226,117986.24383786022,-0.6693934057660678,147660.6363069251,0.0005372344861170886
2024-12-24,-0.00041530265229350327,117937.24383786021,-0.6695307075615189,147598.25327510975,7.173055353359992e-06
2024-12-25,-0.02409756161426979,115095.24383786021,-0.6774942116976793,143980.0374298196,0.00041638597660098586
2024-12-26,0.00638601540334216,115830.24383786021,-0.6754346847659136,144915.78290704984,-0.00011311804553137961
2024-12-27,0.00042303286582545674,115879.24383786021,-0.6752973829704626,144978.16593886516,-7.444964566172274e-06
2024-12-30,-0.010571349617313985,114654.24383786021,-0.6787299278567387,143418.5901434815,0.00018596535686843385
2024-12-31,-0.046156163285885454,109362.24383786021,-0.6935585217654512,136681.2227074241,0.0008207832125920467
2025-01-02,-0.03225976238408734,105834.24383786022,-0.7034442510379262,132189.64441671918,0.0006019445990252947
2025-01-03,-0.04768777870924368,100787.24383786021,-0.7175863359693836,125764.19213973849,0.0009200551746638697
2025-01-06,0.009237280081770605,101718.24383786022,-0.7149776018558137,126949.46974423007,-0.00018732309283264748
2025-01-07,-0.00028196736197816374,101689.56261298021,-0.7150579688695232,127822.83218964489,-0.007161574241584812
2025-01-08,0.0,101689.56261298021,-0.7150579688695232,128509.04553961373,-0.005368472425573589
2025-01-09,0.0,101689.56261298021,-0.7150579688695232,128384.27947598301,0.000970873786407922
2025-01-10,0.0,101689.56261298021,-0.7150579688695232,124329.3824079855,0.03158406219630705
2025-01-13,0.0,101689.56261298021,-0.7150579688695232,124641.29756706225,-0.0025087807325641087
2025-01-14,0.0,101689.56261298021,-0.7150579688695232,130630.06862133552,-0.048048048048048075
2025-01-15,0.0,101689.56261298021,-0.7150579688695232,133811.6032439182,-0.024355300859598694
2025-01-16,0.0,101689.56261298021,-0.7150579688695232,137928.88334373108,-0.030769230769230882
2025-01-17,0.0,101689.56261298021,-0.7150579688695232,137492.20212102367,0.003165988240615092
2025-01-20,0.0,101689.56261298021,-0.7150579688695232,136244.54148471676,0.00907441016333932
2025-01-21,0.0,101689.56261298021,-0.7150579688695232,136805.98877105486,-0.004120879120879106
2025-01-22,0.0,101689.56261298021,-0.7150579688695232,135121.6469120405,0.012311901504787892
2025-01-23,0.0,101689.56261298021,-0.7150579688695232,135184.0299438559,-0.00046168051708228575
2025-01-24,0.0,101689.56261298021,-0.7150579688695232,138615.09669369995,-0.025380710659898442
2025-01-27,0.0,101689.56261298021,-0.7150579688695232,138677.47972551527,-0.0004500450045004101
2025-02-05,0.0,101689.56261298021,-0.7150579688695232,144853.39987523455,-0.04453441295546545
2025-02-06,0.0,101689.56261298021,-0.7150579688695232,144915.7829070499,-0.00043066322136087187
2025-02-07,0.0,101689.56261298021,-0.7150579688695232,145601.9962570187,-0.004735256134309029
2025-02-10,0.0,101689.56261298021,-0.7150579688695232,149781.65938864695,-0.028706083976006935
2025-02-11,0.0,101689.56261298021,-0.7150579688695232,147972.55146600187,0.012078300708038392
2025-02-12,0.0,101689.56261298021,-0.7150579688695232,148471.6157205247,-0.00337268128161905
2025-02-13,0.0,101689.56261298021,-0.7150579688695232,148970.67997504745,-0.003361344537815114
2025-02-14,0.0,101689.56261298021,-0.7150579688695232,154959.4510293207,-0.04020100502512558
2025-02-17,0.0,101689.56261298021,-0.7150579688695232,151466.00124766133,0.02254428341384862
2025-02-18,0.0,101689.56261298021,-0.7150579688695232,144603.8677479732,0.045304777594728174
2025-02-19,0.0,101689.56261298021,-0.7150579688695232,147660.63630692518,-0.021138912855910297
2025-02-20,0.0,101689.56261298021,-0.7150579688695232,145789.14535246478,0.012674271229404344
2025-02-21,0.0,101689.56261298021,-0.7150579688695232,153836.55645664447,-0.055198973042361876
2025-02-24,0.0,101689.56261298021,-0.7150579688695232,155084.21709295138,-0.008110300081102917
2025-02-25,0.0,101689.56261298021,-0.7150579688695232,151715.5333749227,0.021721641190667662
2025-02-26,0.005618442445803895,102260.89956786022,-0.7134570384672261,152776.04491578357,-0.00137168913314345
2025-02-27,-0.006414964104287768,101604.89956786022,-0.7152952012797952,151777.91640673805,0.0001183147850548627
2025-02-28,-0.0577039101946476,95741.89956786022,-0.731723781417131,142857.14285714348,0.001071264486815604
2025-03-03,-0.0012847039859786857,95618.89956786022,-0.7320684369444878,142669.99376169746,2.5339682143465936e-05
2025-03-04,-0.0004287855244653471,95577.89956786022,-0.7321833221202734,142607.61072988212,8.468520134585766e-06
2025-03-05,-0.010295267048648249,94593.89956786022,-0.734940566339127,141110.41796631383,0.00020342061539369016
2025-03-06,0.032940813458743445,97709.89956786022,-0.7262092929794239,145851.52838428016,-0.0006577718639797503
2025-03-07,-0.022239302359438384,95536.89956786022,-0.7322982072960589,142545.2276980668,0.00042964545920998187
2025-03-10,-0.01888275638167025,93732.89956786022,-0.7373531550306238,139800.3742981915,0.00037326112380031695
2025-03-11,-0.008310849270549037,92953.89956786022,-0.7395359733705495,138615.09669369995,0.00016750860539926915
2025-03-12,0.011026971485491144,93978.89956786022,-0.7366638439759104,140174.6724890836,-0.00022415362702021824
2025-03-13,-0.020940870866219763,92010.89956786022,-0.7421783324136175,137180.286961947,0.00042094488811939
2025-03-14,0.018715174050982775,93732.89956786022,-0.7373531550306238,139800.37429819154,-0.00038441667207322894
2025-03-17,-0.006123783673036121,93158.89956786022,-0.7389615474916217,138927.0118527767,0.000123427393452058
2025-03-18,-0.0008802164944022861,93076.89956786022,-0.7391913178431928,138802.245789146,1.785265692233473e-05
2025-03-19,-0.011893391433745681,91969.89956786022,-0.7422932175894031,137117.90393013164,0.00024144002692849664
2025-03-20,-0.008915960589855443,91149.89956786022,-0.7445909211051145,135870.24329382472,0.00018322048384789014
2025-03-21,-0.012144829618554343,90042.89956786022,-0.7476928208513247,134185.90143481034,0.00025186459632164926
2025-03-24,-0.003187369591354683,89755.89956786022,-0.7484970170818237,133749.22021210293,6.693073407537664e-05
2025-03-25,-0.0036543558872362825,89427.89956786022,-0.7494160984881082,133250.15595758014,7.698739634587337e-05
2025-03-26,-0.001265145794843936,89314.76023678022,-0.7497331236573617,133312.53898939549,-0.0017333105888514
2025-03-27,0.0,89314.76023678022,-0.7497331236573617,132813.4747348727,0.0037435657463734673
2025-03-28,0.0,89314.76023678022,-0.7497331236573617,132938.2407985034,-0.0009394081728510972
2025-03-31,0.0,89314.76023678022,-0.7497331236573617,129756.70617592074,0.023932426091036962
2025-04-01,0.0,89314.76023678022,-0.7497331236573617,130754.83468496629,-0.007692307692307665
2025-04-02,0.0,89314.76023678022,-0.7497331236573617,131503.43106675043,-0.005725190839694472
2025-04-03,0.0,89314.76023678022,-0.7497331236573617,131004.36681222767,0.003795066413662118
2025-04-07,0.0,89314.76023678022,-0.7497331236573617,117841.54709918954,0.1004761904761905
2025-04-08,0.0,89314.76023678022,-0.7497331236573617,118340.6113537123,-0.004235044997352944
2025-04-09,0.0,89314.76023678022,-0.7497331236573617,120960.69868995687,-0.022140221402214166
2025-04-10,0.0,89314.76023678022,-0.7497331236573617,122832.18964441726,-0.015471892728210479
2025-04-11,0.0,89314.76023678022,-0.7497331236573617,122832.18964441726,0.0
2025-04-14,0.0,89314.76023678022,-0.7497331236573617,123580.7860262014,-0.006094464195022686
2025-04-15,0.0,89314.76023678022,-0.7497331236573617,123393.63693075535,0.0015143866733972056
2025-04-16,0.0,89314.76023678022,-0.7497331236573617,124578.91453524692,-0.009605662285136374
2025-04-17,0.0,89314.76023678022,-0.7497331236573617,122894.57267623256,0.013520280420630915
2025-04-18,0.0,89314.76023678022,-0.7497331236573617,122582.65751715582,0.002538071065989911
2025-04-21,0.0,89314.76023678022,-0.7497331236573617,124079.85028072415,-0.012213740458015376
2025-04-22,0.0,89314.76023678022,-0.7497331236573617,123456.01996257067,0.005027652086475709
2025-04-23,0.0,89314.76023678022,-0.7497331236573617,123955.08421709345,-0.004042445679636186
2025-04-24,0.0,89314.76023678022,-0.7497331236573617,122956.9557080479,0.00805234021137391
2025-04-25,0.0,89314.76023678022,-0.7497331236573617,126013.72426699987,-0.02486047691527138
2025-04-28,0.0,89314.76023678022,-0.7497331236573617,122832.1896444172,0.02524752475247516
2025-04-29,0.0,89314.76023678022,-0.7497331236573617,122645.04054897116,0.001523616048755727
2025-04-30,0.0,89314.76023678022,-0.7497331236573617,122769.80661260184,-0.0010172939979653517
2025-05-06,0.0,89314.76023678022,-0.7497331236573617,126699.93761696867,-0.03201219512195119
2025-05-07,0.0,89314.76023678022,-0.7497331236573617,126076.10729881522,0.004923682914820149
2025-05-08,0.0,89314.76023678022,-0.7497331236573617,130442.91952588946,-0.03463631865413164
2025-05-09,0.0,89314.76023678022,-0.7497331236573617,127074.23580786076,0.0258249641319942
2025-05-12,0.0,89314.76023678022,-0.7497331236573617,127885.21522146028,-0.006381934216985741
2025-05-13,0.0,89314.76023678022,-0.7497331236573617,127448.53399875284,0.0034146341463414664
2025-05-14,0.0,89314.76023678022,-0.7497331236573617,127947.59825327562,-0.003915810083211069
2025-05-15,0.0,89314.76023678022,-0.7497331236573617,125265.12788521568,0.020965382740126937
2025-05-16,0.0,89314.76023678022,-0.7497331236573617,124703.68059887757,0.004482071713147406
2025-05-19,0.0,89314.76023678022,-0.7497331236573617,124890.82969432362,-0.0015007503751875984
2025-05-20,0.0,89314.76023678022,-0.7497331236573617,125389.89394884638,-0.003996003996004083
2025-05-21,0.0,89314.76023678022,-0.7497331236573617,124890.82969432359,0.003980099502487677
2025-05-22,0.0,89314.76023678022,-0.7497331236573617,123767.93512164734,0.00899100899100902
2025-05-23,0.0,89314.76023678022,-0.7497331236573617,122145.97629444832,0.013104838709677491
2025-05-26,0.0,89314.76023678022,-0.7497331236573617,123892.70118527803,-0.01430030643513791
2025-05-27,0.0,89314.76023678022,-0.7497331236573617,123331.2538989399,0.004531722054380682
2025-05-28,0.0,89314.76023678022,-0.7497331236573617,122520.27448534041,0.006575619625695417
2025-05-29,0.0,89314.76023678022,-0.7497331236573617,124079.85028072407,-0.01272912423625261
2025-05-30,0.0,89314.76023678022,-0.7497331236573617,122832.18964441716,0.010055304172951196
2025-06-03,0.0,89314.76023678022,-0.7497331236573617,123393.63693075527,-0.004570848146267181
2025-06-04,0.0,89314.76023678022,-0.7497331236573617,124079.85028072407,-0.005561172901921152
2025-06-05,0.0,89314.76023678022,-0.7497331236573617,124828.44666250823,-0.006033182503770718
2025-06-06,0.0,89314.76023678022,-0.7497331236573617,124641.29756706217,0.0014992503748126884
2025-06-09,0.0,89314.76023678022,-0.7497331236573617,126200.87336244583,-0.012512512512512508
2025-06-10,0.0,89314.76023678022,-0.7497331236573617,125077.97878976961,0.008897676717745884
2025-06-11,0.0,89314.76023678022,-0.7497331236573617,125202.74485340028,-0.0009975062344138586
2025-06-12,0.0,89314.76023678022,-0.7497331236573617,125452.27698066166,-0.0019930244145489606
2025-06-13,0.0,89314.76023678022,-0.7497331236573617,122707.42358078643,0.021879661859771193
2025-06-16,0.0,89314.76023678022,-0.7497331236573617,123955.08421709336,-0.010167768174885516
2025-06-17,0.0,89314.76023678022,-0.7497331236573617,123081.72177167851,0.007045797684952171
2025-06-18,0.0,89314.76023678022,-0.7497331236573617,122333.12538989434,0.00608210846426771
2025-06-19,0.0,89314.76023678022,-0.7497331236573617,120773.54959451068,0.012748597654258065
2025-06-20,0.0,89314.76023678022,-0.7497331236573617,118964.44167186564,0.014979338842975198
2025-06-23,0.0,89314.76023678022,-0.7497331236573617,120149.71927635722,-0.009963293130571538
2025-06-24,0.0,89314.76023678022,-0.7497331236573617,122582.65751715573,-0.02024922118380057
2025-06-25,0.0,89314.76023678022,-0.7497331236573617,124079.85028072406,-0.012213740458015376
2025-06-26,0.0,89314.76023678022,-0.7497331236573617,124266.99937617009,-0.0015082956259426794
2025-06-27,0.0,89314.76023678022,-0.7497331236573617,124266.99937617009,0.0
2025-06-30,0.0,89314.76023678022,-0.7497331236573617,125265.12788521562,-0.008032128514056103
2025-07-01,0.0,89314.76023678022,-0.7497331236573617,124079.85028072406,0.009462151394422191
2025-07-02,0.0,89314.76023678022,-0.7497331236573617,123268.87086712454,0.006535947712418277
2025-07-03,0.0,89314.76023678022,-0.7497331236573617,123518.40299438592,-0.002024291497975561
2025-07-04,0.0,89314.76023678022,-0.7497331236573617,123019.33873986313,0.0040404040404041774
2025-07-07,0.0,89314.76023678022,-0.7497331236573617,122769.80661260175,0.0020283975659228792
2025-07-08,0.0,89314.76023678022,-0.7497331236573617,123331.25389893989,-0.004573170731707377
2025-07-09,0.0,89314.76023678022,-0.7497331236573617,125202.74485340028,-0.015174506828528056
2025-07-10,0.0,89314.76023678022,-0.7497331236573617,127011.85277604531,-0.014449427005480686
2025-07-11,0.0,89314.76023678022,-0.7497331236573617,130255.77043044331,-0.025540275049115824
2025-07-14,0.0,89314.76023678022,-0.7497331236573617,126450.40548970719,0.02921455938697315
2025-07-15,0.0,89314.76023678022,-0.7497331236573617,125951.34123518443,0.00394671928959045
2025-07-16,0.0,89314.76023678022,-0.7497331236573617,125764.19213973837,0.0014858841010402246
2025-07-17,0.0,89314.76023678022,-0.7497331236573617,126263.25639426115,-0.003968253968253954
2025-07-18,0.0,89314.76023678022,-0.7497331236573617,127635.68309419877,-0.010869565217391353
2025-07-21,-0.005574388297747035,88816.88508250023,-0.7511282084041597,127074.23580786066,-0.001175561318274898
2025-07-22,0.0019365687035775014,88988.88508250023,-0.750646251081352,127323.76793512203,-2.7103363187341856e-05
2025-07-23,-0.0009664128269533112,88902.88508250023,-0.7508872297427559,127199.00187149136,1.3498980983905895e-05
2025-07-24,0.015961236788695876,90321.88508250023,-0.746911081829592,129257.64192139776,-0.00022316733097049735
2025-07-25,0.004760750947649495,90751.88508250023,-0.7457061885225726,129881.47223955127,-6.550387860548845e-05
2025-07-28,-0.008054929099659658,90020.88508250023,-0.7477545071445055,128820.96069869035,0.00011029664481687629
2025-07-29,-0.002388334660373137,89805.88508250023,-0.7483569537980153,128509.04553961364,3.297284568004599e-05
2025-07-30,0.00047881049176790036,89848.88508250023,-0.7482364644673133,128571.42857142896,-6.62640143578308e-06
2025-07-31,-0.011007370866003341,88859.88508250023,-0.7510077190734578,127136.618839676,0.00015226038096416428
2025-08-01,0.015485052661529775,90235.88508250023,-0.7471520604909959,129132.87585776707,-0.00021661564072728012
2025-08-04,0.0019061152870916143,90407.88508250023,-0.7466701031681882,129382.40798502845,-2.6251862666804016e-05
2025-08-05,-0.00047562223096753176,90364.88508250023,-0.74679059249889,129320.02495321311,6.537846177989692e-06
2025-08-06,0.011420365322855508,91396.88508250023,-0.7438988485620436,130817.21771678141,-0.00015705870029925073
2025-08-07,-0.0004704755524347348,91353.88508250023,-0.7440193378927455,130754.83468496607,6.396169072053759e-06
2025-08-08,-0.020710668170175417,89461.88508250023,-0.7493208684436307,128009.98128509082,0.0002816982420383862
2025-08-11,0.012016290501912108,90536.88508250023,-0.7463086351760824,129569.55708047446,-0.00016694536553418793
2025-08-12,0.0014248336452313826,90665.88508250023,-0.7459471671839765,129756.7061759205,-1.955730325198246e-05
2025-08-13,0.005216956737030598,91138.88508250023,-0.7446217845462553,130442.91952588929,-7.150480143081062e-05
2025-08-14,0.0,91138.88508250023,-0.7446217845462553,130442.91952588929,0.0
2025-08-15,0.007548918328079246,91826.88508250023,-0.7426939552550242,131441.04803493482,-0.00010292289621527395
2025-08-18,0.022945349808032756,93933.88508250023,-0.7367899780506295,134497.81659388676,-0.00031046414545543577
2025-08-19,0.005035456582942022,94406.88508250023,-0.7354645954129082,135184.0299438556,-6.658423338468111e-05
2025-08-20,-0.004099277289593917,94019.88508250023,-0.7365489993892256,134622.58265751746,5.392990929875552e-05
2025-08-21,0.007317600945760505,94707.88508250023,-0.7346211700979947,135620.711166563,-9.667152875292295e-05
2025-08-22,0.012258746977494628,95868.88508250023,-0.7313679581690424,137305.05302557736,-0.00016075624237665842
2025-08-25,0.004485292591334122,96298.88508250023,-0.730163064862023,137928.88334373082,-5.80967771346419e-05
2025-08-26,-0.0058048439451930944,95739.88508250023,-0.7317294261611482,137117.90393013132,7.484850166350476e-05
2025-08-27,0.018414477920887462,97502.88508250023,-0.7267893636023689,139675.60823456052,-0.00023884328020451484
2025-08-28,-0.007938226641653667,96728.88508250023,-0.7289581715550036,138552.7136618843,0.00010107661873037799
2025-08-29,-0.016448034096981812,95137.88508250023,-0.7334162767909753,136244.5414847165,0.00021112844241488737
2025-09-01,-0.006327658003727588,94535.88508250023,-0.7351031274208024,135371.17903930164,8.25984065287999e-05
2025-09-02,-0.020013564143910867,92643.88508250023,-0.7404046579716875,132626.32563942642,0.00026293355194151324
2025-09-03,-0.03202585899067012,89676.88508250023,-0.748718421790121,128321.89644416752,0.0004294561551436704
2025-09-04,-0.014864477047498714,88343.88508250023,-0.752453591041881,126388.02245789178,0.0002060139588211385
2025-09-05,0.006814280348184987,88945.88508250023,-0.7507667404120539,127261.3849033066,-9.588747017619248e-05
2025-09-08,-0.0009668800295846713,88859.88508250023,-0.7510077190734578,127136.61883967591,1.3512127278070274e-05
2025-09-09,-0.015485052661529775,87483.88508250023,-0.7548633776559197,125140.36182158481,0.00021661564072739115
2025-09-10,0.010813420084257785,88429.88508250023,-0.7522126123804771,126512.78852152245,-0.00015367861963078155
2025-09-11,0.009238958065339364,89246.88508250023,-0.7499233150971404,127698.06612601402,-0.00012987822657373194
2025-09-12,0.010118000187516518,90149.88508250023,-0.7473930391523997,129008.10979413631,-0.0001409152985607509
2025-09-15,-0.01717140292062891,88601.88508250023,-0.7517306550576695,126762.32064878383,0.00023672087047355017
2025-09-16,0.000485316988007245,88644.88508250023,-0.7516101657269675,126824.70368059917,-6.80899624461162e-06
2025-09-17,-0.008246386684574891,87913.88508250023,-0.7536584843489004,125764.19213973828,0.00011563987715645929
2025-09-18,-0.014673450033398483,86623.88508250023,-0.7572731642699584,123892.70118527788,0.00020750234755395613
2025-09-19,0.001489196656062397,86752.88508250023,-0.7569116962778526,124079.85028072393,-2.137736206453411e-05
2025-09-22,-0.012887179474628474,85634.88508250023,-0.760044418876103,122457.8914535249,0.00018471595020819187
2025-09-23,-0.013055427106872686,84516.88508250023,-0.7631771414743532,120835.93262632593,0.00018960600570994135
2025-09-24,-0.0052888760294900194,84069.88575490023,-0.7644296682140449,123331.25389893976,-0.025939366478638037
2025-09-25,0.0,84069.88575490023,-0.7644296682140449,123206.48783530905,0.0010116337885685
2025-09-26,0.0,84069.88575490023,-0.7644296682140449,121334.99688084866,0.0151898734177216
2025-09-29,0.0,84069.88575490023,-0.7644296682140449,121834.06113537143,-0.004113110539845755
2025-09-30,0.0,84069.88575490023,-0.7644296682140449,123705.5520898318,-0.015360983102918446
2025-10-09,0.0,84069.88575490023,-0.7644296682140449,124391.76543980061,-0.005547150781644028
2025-10-10,0.0,84069.88575490023,-0.7644296682140449,123206.48783530903,0.00952858575727189
2025-10-13,0.0,84069.88575490023,-0.7644296682140449,121459.76294447933,0.014177215189873471
2025-10-14,0.0,84069.88575490023,-0.7644296682140449,120835.93262632588,0.005136106831021947
2025-10-15,0.0,84069.88575490023,-0.7644296682140449,121272.6138490333,-0.0036138358286008643
2025-10-16,0.0,84069.88575490023,-0.7644296682140449,120711.16656269519,0.00462962962962965
2025-10-17,0.0,84069.88575490023,-0.7644296682140449,119213.97379912686,0.01240310077519391
2025-10-20,0.0,84069.88575490023,-0.7644296682140449,119463.50592638824,-0.002093144950287673
2025-10-21,0.0,84069.88575490023,-0.7644296682140449,120087.33624454172,-0.005221932114882533
2025-10-22,0.0,84069.88575490023,-0.7644296682140449,120399.25140361844,-0.0025974025974027093
2025-10-23,0.0,84069.88575490023,-0.7644296682140449,120898.31565814122,-0.004145077720207224
2025-10-24,0.0,84069.88575490023,-0.7644296682140449,121334.99688084866,-0.003611971104231282
2025-10-27,0.0,84069.88575490023,-0.7644296682140449,121272.61384903331,0.0005141388174806361
2025-10-28,0.0,84069.88575490023,-0.7644296682140449,120960.69868995658,0.0025720164609054352
2025-10-29,0.0,84069.88575490023,-0.7644296682140449,121334.99688084866,-0.003094378545642096
2025-10-30,0.0,84069.88575490023,-0.7644296682140449,123767.93512164717,-0.020051413881748026
2025-10-31,0.0,84069.88575490023,-0.7644296682140449,126013.72426699962,-0.01814516129032251
2025-11-03,0.0,84069.88575490023,-0.7644296682140449,127510.91703056794,-0.011881188118811892
2025-11-04,0.0,84069.88575490023,-0.7644296682140449,127573.30006238328,-0.0004892367906066397
2025-11-05,0.0,84069.88575490023,-0.7644296682140449,126013.72426699962,0.012224938875305624
2025-11-06,0.0,84069.88575490023,-0.7644296682140449,124266.99937616994,0.013861386138613763
2025-11-07,0.0,84069.88575490023,-0.7644296682140449,123081.72177167835,0.009538152610441886
2025-11-10,0.0,84069.88575490023,-0.7644296682140449,125764.19213973824,-0.021794221996958907
2025-11-11,0.0,84069.88575490023,-0.7644296682140449,124329.38240798525,0.01140873015873023
2025-11-12,0.0,84069.88575490023,-0.7644296682140449,123705.55208983178,0.005017561465127995
2025-11-13,0.0,84069.88575490023,-0.7644296682140449,124017.46724890852,-0.002521432173474558
2025-11-14,0.0,84069.88575490023,-0.7644296682140449,123456.01996257041,0.00452716297786715
2025-11-17,0.0,84069.88575490023,-0.7644296682140449,124391.76543980061,-0.0075795856493179325
2025-11-18,0.0,84069.88575490023,-0.7644296682140449,125514.66001247684,-0.009027081243731194
2025-11-19,0.0,84069.88575490023,-0.7644296682140449,122395.50842170951,0.0248508946322068
2025-11-20,0.0,84069.88575490023,-0.7644296682140449,121459.76294447931,0.007645259938838023
2025-11-21,0.0,84069.88575490023,-0.7644296682140449,120399.25140361843,0.008731381612737454
2025-11-24,0.0,84069.88575490023,-0.7644296682140449,123456.01996257038,-0.025388601036269387
2025-11-25,0.0,84069.88575490023,-0.7644296682140449,130380.53649407382,-0.056088933804951946
2025-11-26,0.0,84069.88575490023,-0.7644296682140449,128384.27947598272,0.015311004784689053
2025-11-27,0.0,84069.88575490023,-0.7644296682140449,130068.62133499711,-0.013119533527697014
2025-11-28,0.009223260065567729,84845.28417490024,-0.7622569417802509,130817.21771678123,0.0034678643821146604
2025-12-01,-0.038187154790136124,81605.28417490024,-0.7713356727447689,125764.1921397382,0.000439454651923854
2025-12-02,-0.020096737810324616,79965.28417490024,-0.7759310797761915,123206.48783530899,0.0002405637769770097
2025-12-03,-0.010004341362062075,79165.28417490024,-0.7781727417427392,121958.82719900206,0.0001222409164188809
2025-12-04,-0.004547447833379237,78805.28417490024,-0.7791814896276856,121397.37991266395,5.6132729280622407e-05
2025-12-05,0.0060909621102906986,79285.28417490024,-0.777836492447757,122145.9762944481,-7.553326483766831e-05
2025-12-08,-0.0005045072413659701,79245.28417490024,-0.7779485755460844,122083.59326263276,6.217988460233137e-06
2025-12-09,-0.009590476050570063,78485.28417490024,-0.7800781544143046,120898.31565814117,0.00011826181350771403
2025-12-10,0.005096496804529949,78885.28417490024,-0.7789573234310309,121522.14597629465,-6.346191580042237e-05
2025-12-11,-0.01369076642489464,77805.28417490024,-0.7819835670858701,119837.80411728029,0.00016960318496161975
2025-12-12,0.0005141038995510883,77845.28417490024,-0.7818714839875427,119900.18714909561,-6.458307632462024e-06
2025-12-15,-0.02260894823179893,76085.28417490024,-0.7868031403139475,117155.33374922039,0.0002838717473893082
2025-12-16,-0.016823226907553,74805.28417490024,-0.7903897994604238,115159.07673112929,0.00021617671332030408
2025-12-17,-0.0038716623617502943,74515.66337170024,-0.7912013393844916,116032.43917654414,-0.011455627692194437
2025-12-18,0.0,74515.66337170024,-0.7912013393844916,116531.50343106689,-0.004301075268817067
2025-12-19,0.0,74515.66337170024,-0.7912013393844916,117030.56768558966,-0.004282655246252709
2025-12-22,0.0,74515.66337170024,-0.7912013393844916,117092.95071740498,-0.0005330490405115462
2025-12-23,0.0,74515.66337170024,-0.7912013393844916,116406.73736743616,0.00586041555673944
2025-12-24,0.0,74515.66337170024,-0.7912013393844916,116968.1846537743,-0.004823151125401992
2025-12-25,0.0,74515.66337170024,-0.7912013393844916,117592.01497192777,-0.005333333333333412
2025-12-26,0.0,74515.66337170024,-0.7912013393844916,117779.16406737381,-0.0015915119363394403
2025-12-29,0.0,74515.66337170024,-0.7912013393844916,117342.48284466639,0.00370762711864403
2025-12-30,0.0,74515.66337170024,-0.7912013393844916,117779.16406737383,-0.0037214247740564588
2025-12-31,0.0,74515.66337170024,-0.7912013393844916,118839.67560823471,-0.009004237288135597
2026-01-05,0.0,74515.66337170024,-0.7912013393844916,121646.9120399253,-0.023622047244094446
2026-01-06,0.0,74515.66337170024,-0.7912013393844916,124142.23331253915,-0.02051282051282044
2026-01-07,0.0,74515.66337170024,-0.7912013393844916,123830.31815346243,0.002512562814070196
2026-01-08,0.0,74515.66337170024,-0.7912013393844916,125202.74485340006,-0.011083123425692731
2026-01-09,0.0,74515.66337170024,-0.7912013393844916,131316.281971304,-0.04882909815645253
2026-01-12,0.0,74515.66337170024,-0.7912013393844916,144479.10168434208,-0.10023752969121147
2026-01-13,0.0,74515.66337170024,-0.7912013393844916,158951.96506550242,-0.10017271157167529
2026-01-14,0.0,74515.66337170024,-0.7912013393844916,174859.6381784157,-0.10007849293563575
2026-01-15,0.045389716885812614,77897.90823570023,-0.7817240272930169,192326.88708671267,-0.05450325493009878
2026-01-16,-0.09884732689742637,70197.90823570025,-0.8033000237210377,173112.913287586,0.0010553652855123108
2026-01-19,-0.09864966313167411,63272.90823570025,-0.8227044101189656,155832.81347473507,0.0011701566881456849
2026-01-20,-0.058081730435246004,59597.90823570025,-0.8330020447777937,146662.50779787917,0.0007653472268837058
2026-01-21,0.0402698697160373,61997.90823570024,-0.8262770588781511,152651.2788521524,-0.0005638180763913869
2026-01-22,0.001209718232990431,62072.90823570024,-0.8260669030687872,152838.42794759845,-1.6272776408809975e-05
2026-01-23,0.022151370687819583,63447.90823570025,-0.8222140465637833,156269.4946974425,-0.0002976089040171992
2026-01-26,-0.03506813797130137,61222.90823570024,-0.8284486689082441,150717.40486587668,0.0004608041444671418
2026-01-27,0.009391909279878208,61797.90823570025,-0.8268374743697877,152152.21459762965,-0.00012795826979061786
2026-01-28,-0.05299532125762241,58522.90823570024,-0.8360142780453423,143980.03742981926,0.0007152158477486958
2026-01-29,0.04699014596001305,61272.90823570024,-0.8283085650353348,150842.17092950735,-0.0006701659983925357
2026-01-30,0.01060827727483793,61922.90823570025,-0.8264872146875147,152464.12975670636,-0.00014441089720507172
2026-02-02,-0.018975206970698877,60747.90823570024,-0.8297796557008817,149532.12726138506,0.0002555622600703966
2026-02-03,0.05020749007794789,63797.90823570025,-0.8212333194534187,157142.8571428573,-0.0006894644485435641
2026-02-04,-0.05682004473575386,60172.90823570024,-0.8313908502393378,148097.3175296321,0.0007424800756793415
2026-02-05,-0.016618774616692145,59172.90823570024,-0.8341929276975223,145601.99625701827,0.0002304250463237567
2026-02-06,-0.009294794127900685,58622.90823570025,-0.8357340702995236,144229.56955708066,0.00013108419257912285
2026-02-09,0.03241053808454564,60522.90823570024,-0.8304101231289732,148970.67997504698,-0.00046143423379341186
2026-02-10,0.09872294927948588,66497.90823570025,-0.8136677103163205,163880.22457891473,-0.0013608028143163864
2026-02-11,-0.044362297676248774,63547.90823570024,-0.821933838817965,156519.02682470388,0.0005558599179651402
2026-02-12,-0.01494935122768204,62597.90823570025,-0.8245958124032401,154148.47161572071,0.0001961250576906215
2026-02-13,0.04033681110385667,65122.90823570024,-0.8175205668213243,160449.15782907067,-0.0005373289204249065
2026-02-24,-0.0986595988119251,58697.90823570024,-0.83552391449016,144416.71865252667,0.0012626406904077125
2026-02-25,0.002555457332443334,58847.90823570025,-0.8351036028714321,144791.01684341877,-3.633532414415441e-05
2026-02-26,-0.01571848563070677,57922.90823570024,-0.837695524520253,142482.84466625095,0.0002229189362902284
2026-02-27,0.021580408133401896,59172.90823570024,-0.8341929276975223,145601.99625701827,-0.0003110104305210637
2026-03-02,-0.02492694788846128,57697.90823570024,-0.8383259919483446,141921.3973799128,0.00035154397100745083
2026-03-03,-0.06196065176913956,54122.90823570025,-0.8483434188613541,133000.62383031833,0.0008964910880032706
2026-03-04,-0.011085878781440739,53522.90823570023,-0.850024665336265,131503.43106675,0.00017115686583890621
2026-03-05,0.00980888403313318,54047.90823570024,-0.8485535746707181,132813.4747348723,-0.00015316530273024043
2026-03-06,-0.006475736275929012,53697.90823570023,-0.8495343017810827,131940.11228945744,0.00010012093402878008
2026-03-09,0.0013967024501364556,53772.90823570024,-0.8493241459717188,132127.26138490348,-2.1737266175714254e-05
2026-03-10,0.006508853835204054,54122.90823570025,-0.8483434188613541,133000.62383031833,-0.00010115560766665865
2026-03-11,0.0,54122.90823570025,-0.8483434188613541,133000.62383031833,0.0
2026-03-12,-0.018014553019840895,53147.90823570024,-0.8510754443830841,130567.68558951984,0.00027812990698838913
2026-03-13,-0.030104665510151896,51547.90823570024,-0.8555587683161794,126575.17155333766,0.00047345202448745294
2026-03-16,0.008729743172941173,51997.90823570024,-0.8542978334599964,127698.06612601389,-0.0001416220315930694
2026-03-17,-0.013462079990352205,51297.90823570025,-0.8562592876807253,125951.34123518421,0.00021647399108393195
2026-03-18,0.01949397225721672,52297.90823570024,-0.8534572102225411,128446.66250779806,-0.0003178157566514628
2026-03-19,-0.017956005444190293,51358.84671070024,-0.8560885333535918,129569.55708047429,-0.026698113263520007
2026-03-20,0.0,51358.84671070024,-0.8560885333535918,122894.57267623223,0.05151661049590761
2026-03-23,0.0,51358.84671070024,-0.8560885333535918,117529.63194011245,0.04365482233502538
2026-03-24,0.0,51358.84671070024,-0.8560885333535918,121272.61384903322,-0.031847133757961776
2026-03-25,0.0,51358.84671070024,-0.8560885333535918,124454.14847161589,-0.026234567901234573
2026-03-26,0.0,51358.84671070024,-0.8560885333535918,121834.06113537135,0.021052631578947323
2026-03-27,0.0,51358.84671070024,-0.8560885333535918,122270.74235807876,-0.0035842293906809264
2026-03-30,0.0,51358.84671070024,-0.8560885333535918,123580.78602620102,-0.010714285714285676
2026-03-31,0.0,51358.84671070024,-0.8560885333535918,122457.89145352477,0.009086320040383677
2026-04-01,0.0,51358.84671070024,-0.8560885333535918,123206.48783530892,-0.006113092205807469
2026-04-02,0.0,51358.84671070024,-0.8560885333535918,119650.65502183416,0.02886075949367095
2026-04-03,0.0,51358.84671070024,-0.8560885333535918,117280.09981285101,0.019812304483837306
2026-04-07,0.0,51358.84671070024,-0.8560885333535918,118153.46225826586,-0.007446808510638281
2026-04-08,0.0,51358.84671070024,-0.8560885333535918,126949.46974422969,-0.0744456177402324
2026-04-09,0.0,51358.84671070024,-0.8560885333535918,122645.04054897079,0.033906633906633954
2026-04-10,0.0,51358.84671070024,-0.8560885333535918,123081.72177167822,-0.003560528992879064
2026-04-13,0.0,51358.84671070024,-0.8560885333535918,122457.89145352475,0.005068423720223092
2026-04-14,0.0,51358.84671070024,-0.8560885333535918,123456.0199625703,-0.008150789607743292
2026-04-15,0.0,51358.84671070024,-0.8560885333535918,121459.76294447923,0.016169782718544745
2026-04-16,0.0,51358.84671070024,-0.8560885333535918,123767.93512164704,-0.019003595274781793
2026-04-17,0.0,51358.84671070024,-0.8560885333535918,123081.72177167822,0.005544354838709631
2026-04-20,0.0,51358.84671070024,-0.8560885333535918,126013.7242669995,-0.023821591485048144
2026-04-21,0.0,51358.84671070024,-0.8560885333535918,123955.0842170931,0.01633663366336624
2026-04-22,0.0,51358.84671070024,-0.8560885333535918,123456.01996257032,0.004026170105687066
2026-04-23,0.0,51358.84671070024,-0.8560885333535918,122457.89145352477,0.008084891359272373
2026-04-24,0.0,51358.84671070024,-0.8560885333535918,121584.52900810992,0.00713194090677538
2026-04-27,0.0,51358.84671070024,-0.8560885333535918,123518.40299438567,-0.015905592611595853
2026-04-28,0.0,51358.84671070024,-0.8560885333535918,120648.78353087974,0.02323232323232327
2026-04-29,0.0,51358.84671070024,-0.8560885333535918,121709.29507174062,-0.00879007238883145
2026-04-30,0.0,51358.84671070024,-0.8560885333535918,118402.99438552726,0.027165556125064105
2026-05-06,0.0,51358.84671070024,-0.8560885333535918,121834.0611353713,-0.028977871443624847
2026-05-07,0.0,51358.84671070024,-0.8560885333535918,124828.44666250792,-0.02457757296466978
2026-05-08,0.0,51358.84671070024,-0.8560885333535918,124454.14847161582,0.002998500749625266
2026-05-11,0.0,51358.84671070024,-0.8560885333535918,126388.02245789158,-0.01553884711779463
2026-05-12,0.0,51358.84671070024,-0.8560885333535918,124204.61634435445,0.01727541954590328
2026-05-13,0.0,51358.84671070024,-0.8560885333535918,124953.21272613862,-0.006027122049221623
2026-05-14,0.0,51358.84671070024,-0.8560885333535918,118652.52651278864,0.05042436345481782
2026-05-15,0.0,51358.84671070024,-0.8560885333535918,118964.44167186537,-0.002628811777076745
2026-05-18,0.0,51358.84671070024,-0.8560885333535918,117966.31316281983,0.008390141583639266
2026-05-19,0.0,51358.84671070024,-0.8560885333535918,120586.40049906434,-0.022210470650449343
2026-05-20,0.0,51358.84671070024,-0.8560885333535918,116781.03555832822,0.03155716502845318
2026-05-21,0.0,51358.84671070024,-0.8560885333535918,113599.50093574559,0.027243589743589647
2026-05-22,0.0,51358.84671070024,-0.8560885333535918,113724.26699937625,-0.001098297638659984
2026-05-25,0.0,51358.84671070024,-0.8560885333535918,111790.39301310052,0.017004936917169422
2026-05-26,0.0,51358.84671070024,-0.8560885333535918,111790.39301310052,0.0
2026-05-27,0.0,51358.84671070024,-0.8560885333535918,110168.43418590153,0.014508928571428603
2026-05-28,0.0,51358.84671070024,-0.8560885333535918,109544.60386774805,0.005662514156285492
2026-05-29,0.0,51358.84671070024,-0.8560885333535918,109357.45477230201,0.0017084282460135825
2026-06-01,0.0,51358.84671070024,-0.8560885333535918,112164.6912039926,-0.02567027952082146
2026-06-02,0.0,51358.84671070024,-0.8560885333535918,109357.45477230201,0.02502780867630694
