timestamp,ret,equity,drawdown,benchmark_equity,active_ret
2021-01-04,0.0,100000.0,0.0,100000.0,0.0
2021-01-05,0.0,100000.0,0.0,100897.33069409325,-0.008973306940932596
2021-01-06,0.0,100000.0,0.0,101035.8968351317,-0.0013733380267369755
2021-01-07,0.0,100000.0,0.0,101772.96875065989,-0.00729514893831168
2021-01-08,0.0,100000.0,0.0,102424.24926094509,-0.006399346685865143
2021-01-11,0.0,100000.0,0.0,101822.6242831523,0.005873852941406937
2021-01-12,0.0,100000.0,0.0,103056.16553989638,-0.01211460876625825
2021-01-13,0.0,100000.0,0.0,104296.3436474885,-0.012034002052133536
2021-01-14,0.0,100000.0,0.0,103872.12090782223,0.004067474705537977
2021-01-15,0.0,100000.0,0.0,103226.65320179155,0.006214061101183083
2021-01-18,0.0,100000.0,0.0,104010.79114656431,-0.0075962740285680785
2021-01-19,0.0,100000.0,0.0,102021.82819370822,0.019122659590709162
2021-01-20,0.0,100000.0,0.0,102079.50488684155,-0.0005653367926696518
2021-01-21,0.0,100000.0,0.0,103216.39149064956,-0.011137266046385208
2021-01-22,0.0,100000.0,0.0,102293.34662985976,0.008942812739906797
2021-01-25,0.0,100000.0,0.0,103418.56890344716,-0.010999955624278496
2021-01-26,0.0,100000.0,0.0,101871.06954226962,0.014963457506575156
2021-01-27,0.0,100000.0,0.0,102170.39552072642,-0.002938282476092291
2021-01-28,0.0,100000.0,0.0,101445.39926751972,0.007095952301169578
2021-01-29,0.0,100000.0,0.0,101494.21239684879,-0.000481176373512443
2021-02-01,0.0,100000.0,0.0,100971.95488634522,0.0051456876029689624
2021-02-02,0.0,100000.0,0.0,100810.36790540275,0.0016003154650652551
2021-02-03,0.0,100000.0,0.0,99740.2669285919,0.010614989301646005
2021-02-04,0.0,100000.0,0.0,99944.5626976445,-0.002048277745224786
2021-02-05,0.0,100000.0,0.0,99476.76396068638,0.0046805821580643
2021-02-08,0.0,100000.0,0.0,99490.78373466703,-0.00014093516337335132
2021-02-09,0.0,100000.0,0.0,101253.09451353719,-0.017713306828199216
2021-02-10,0.0,100000.0,0.0,103866.21437481036,-0.025807802456089823
2021-02-18,0.0,100000.0,0.0,101503.3357302723,0.02274925160949262
2021-02-19,0.0,100000.0,0.0,102293.8363398807,-0.0077879274008196
2021-02-22,0.0,100000.0,0.0,99389.36871299979,0.028393378631636684
2021-02-23,0.0,100000.0,0.0,99422.5426552023,-0.0003337775723106229
2021-02-24,0.0,100000.0,0.0,100855.13920968596,-0.014409172369006101
2021-02-25,0.0,100000.0,0.0,100579.55957075744,0.002732430306358169
2021-02-26,0.0,100000.0,0.0,100087.15822985655,0.004895640257347622
2021-03-01,0.0,100000.0,0.0,100125.49342931111,-0.00038301816269503686
2021-03-02,0.0,100000.0,0.0,99790.27892189471,0.0033479436248977368
2021-03-03,0.0,100000.0,0.0,100723.82555195752,-0.009355085887609166
2021-03-04,0.0,100000.0,0.0,99569.48156312824,0.011460485962517641
2021-03-05,0.0,100000.0,0.0,99591.91520326864,-0.0002253063869391836
2021-03-08,0.0,100000.0,0.0,98388.61760816611,0.012082281906584363
2021-03-09,0.0,100000.0,0.0,97798.80484141495,0.0059947256206006605
2021-03-10,0.0,100000.0,0.0,97575.19335176454,0.0022864439909363876
2021-03-11,0.0,100000.0,0.0,98504.06610321908,-0.009519558399499195
2021-03-12,0.0,100000.0,0.0,99620.12229210555,-0.011330051976910005
2021-03-15,0.0,100000.0,0.0,97729.26779592822,0.018980648213148987
2021-03-16,0.0,100000.0,0.0,98052.52545120321,-0.0033076852263951573
2021-03-17,0.0,100000.0,0.0,98065.96932716665,-0.000137108920974488
2021-03-18,0.0,100000.0,0.0,98793.57420741663,-0.00741954508013451
2021-03-19,0.0,100000.0,0.0,98406.6176272727,0.003916819319964265
2021-03-22,0.0,100000.0,0.0,98830.52380653452,-0.00430769992387503
2021-03-23,0.0,100000.0,0.0,98167.3130276196,0.006710586500716903
2021-03-24,0.0,100000.0,0.0,98385.7777148712,-0.0022254320762566115
2021-03-25,0.0,100000.0,0.0,98345.08224003558,0.000413631683164134
2021-03-26,0.0,100000.0,0.0,98873.25682491912,-0.00537062528042212
2021-03-29,0.0,100000.0,0.0,98534.1533143056,0.0034296787776900706
2021-03-30,0.0,100000.0,0.0,100326.38137734185,-0.018188902048200173
2021-03-31,0.0,100000.0,0.0,100270.85705352238,0.0005534369231421365
2021-04-01,0.0,100000.0,0.0,101555.74156858622,-0.01281413715630253
2021-04-02,0.0,100000.0,0.0,100981.01280624114,0.00565924440576232
2021-04-06,0.0,100000.0,0.0,100004.45758242784,0.009670681613058008
2021-04-07,0.0,100000.0,0.0,100115.86016806502,-0.0011139761999642839
2021-04-08,0.0,100000.0,0.0,99749.12572757759,0.0036631003306747956
2021-04-09,0.0,100000.0,0.0,98543.60506015603,0.012085526150012765
2021-04-12,0.0,100000.0,0.0,98593.17979078846,-0.000503074051351915
2021-04-13,0.0,100000.0,0.0,98959.65590103381,-0.003717053360313749
2021-04-14,0.0,100000.0,0.0,99132.89211473886,-0.0017505741317278833
2021-04-15,0.0,100000.0,0.0,98408.69356703474,0.0073053305744969765
2021-04-16,0.0,100000.0,0.0,98538.60698918802,-0.001320141721673912
2021-04-19,0.0,100000.0,0.0,99662.79923042758,-0.01140864759091742
2021-04-20,0.0,100000.0,0.0,99014.82822342214,0.006501633628685166
2021-04-21,0.0,100000.0,0.0,98649.83556931175,0.003686242360455283
2021-04-22,0.0,100000.0,0.0,98201.31241457468,0.004546618371420813
2021-04-23,0.0,100000.0,0.0,99281.62967255188,-0.011001047047278167
2021-04-26,0.0,100000.0,0.0,98177.68387882158,0.01111933594735795
2021-04-27,0.0,100000.0,0.0,98460.32443870002,-0.002878867668412971
2021-04-28,0.0,100000.0,0.0,98935.34061875047,-0.0048244425636256305
2021-04-29,0.0,100000.0,0.0,99772.81513700393,-0.008464867185131564
2021-04-30,0.0,100000.0,0.0,97004.90580662603,0.02774211919927419
2021-05-06,0.0,100000.0,0.0,95959.6125461253,0.010775674197184032
2021-05-07,0.0,100000.0,0.0,94649.65303415385,0.01365115465990216
2021-05-10,0.0,100000.0,0.0,95585.3037096418,-0.00988541051651104
2021-05-11,0.0,100000.0,0.0,95903.70922055135,-0.0033311136602836855
2021-05-12,0.0,100000.0,0.0,95484.90593987238,0.004366914315230924
2021-05-13,0.0,100000.0,0.0,94570.71266354468,0.009574217697856602
2021-05-14,0.0,100000.0,0.0,95021.63384224862,-0.0047680848119247
2021-05-17,0.0,100000.0,0.0,95446.52689860393,-0.004471540207998226
2021-05-18,0.0,100000.0,0.0,95402.01781398496,0.00046632482150177346
2021-05-19,0.0,100000.0,0.0,94778.69324784343,0.006533662289584852
2021-05-20,0.0,100000.0,0.0,95611.7441080086,-0.00878943179757466
2021-05-21,0.0,100000.0,0.0,95873.75400699035,-0.002740352677656266
2021-05-24,0.0,100000.0,0.0,94771.93753403967,0.011492368108067946
2021-05-25,0.0,100000.0,0.0,95778.83999255337,-0.010624478983054075
2021-05-26,0.0,100000.0,0.0,95457.78857599704,0.0033520077773055157
2021-05-27,0.0,100000.0,0.0,95474.68121638025,-0.0001769645058325442
2021-05-28,0.0,100000.0,0.0,94856.66715749692,0.006473067529627924
2021-05-31,0.0,100000.0,0.0,94780.51488646341,0.0008028141122339294
2021-06-01,0.0,100000.0,0.0,94640.3076831277,0.001479282988741587
2021-06-02,0.0,100000.0,0.0,94390.22575459481,0.0026424462753249778
2021-06-03,0.0,100000.0,0.0,94096.70199726864,0.0031096838150308226
2021-06-04,0.0,100000.0,0.0,93924.11816627232,0.0018341113698259193
2021-06-07,0.0,100000.0,0.0,94002.31850199585,-0.0008325905768428454
2021-06-08,0.0,100000.0,0.0,93902.57445902431,0.0010610806686584262
2021-06-09,0.0,100000.0,0.0,94418.29867676347,-0.005492120111831422
2021-06-10,0.0,100000.0,0.0,94396.6195281559,0.00022960749040590311
2021-06-11,0.0,100000.0,0.0,94275.41409105044,0.0012840018817550092
2021-06-15,0.0,100000.0,0.0,93831.45144371073,0.0047092091996638885
2021-06-16,0.0,100000.0,0.0,93930.80495766197,-0.0010588508695386079
2021-06-17,0.0,100000.0,0.0,93696.4110738035,0.0024953888552763925
2021-06-18,0.0,100000.0,0.0,93512.64722146092,0.001961268849431347
2021-06-21,0.0,100000.0,0.0,92573.56967313768,0.01004225178332585
2021-06-22,0.0,100000.0,0.0,92455.0084199131,0.0012807246565430253
2021-06-23,0.0,100000.0,0.0,93674.93952539333,-0.013194862304695798
2021-06-24,0.0,100000.0,0.0,94039.82821395832,-0.003895264735837789
2021-06-25,0.0,100000.0,0.0,94195.45150375755,-0.0016548657388564814
2021-06-28,0.0,100000.0,0.0,94528.8056015679,-0.0035389617278606122
2021-06-29,0.0,100000.0,0.0,93114.88765934626,0.01495753525312915
2021-06-30,0.0,100000.0,0.0,93244.5456362974,-0.0013924516284171407
2021-07-01,0.0,100000.0,0.0,93931.05934371022,-0.007362507937896917
2021-07-02,0.0,100000.0,0.0,91951.65760277126,0.021072920445791732
2021-07-05,0.0,100000.0,0.0,91244.03067416344,0.007695640807964144
2021-07-06,0.0,100000.0,0.0,91614.66140259797,-0.00406197233611999
2021-07-07,0.0,100000.0,0.0,92104.24049842135,-0.005343894616080591
2021-07-08,0.0,100000.0,0.0,91749.24649115923,0.003854263444778211
2021-07-09,0.0,100000.0,0.0,91334.56797979672,0.00451969391816695
2021-07-12,0.0,100000.0,0.0,91531.57470057585,-0.002156978733645565
2021-07-13,0.0,100000.0,0.0,92551.21767204857,-0.011139794926594948
2021-07-14,0.0,100000.0,0.0,91551.18020605028,0.010805232941849291
2021-07-15,0.0,100000.0,0.0,91582.90822269033,-0.00034656043284897464
2021-07-16,0.0,100000.0,0.0,90264.25703151339,0.014398441988438981
2021-07-19,0.0,100000.0,0.0,90672.87341985558,-0.00452689028614639
2021-07-20,0.0,100000.0,0.0,90686.80171523799,-0.0001536103892718632
2021-07-21,0.0,100000.0,0.0,89926.8108650797,0.00838039092551432
2021-07-22,0.0,100000.0,0.0,89713.66207783263,0.0023702473733540896
2021-07-23,0.0,100000.0,0.0,89309.8724214849,0.00450087140571101
2021-07-26,0.0,100000.0,0.0,88343.23245055434,0.010823439164358517
2021-07-27,0.0,100000.0,0.0,86450.54947895012,0.02142419876546356
2021-07-28,0.0,100000.0,0.0,87082.8228122213,-0.0073136994163944535
2021-07-29,0.0,100000.0,0.0,86872.63379080796,0.0024136679844035114
2021-07-30,0.0,100000.0,0.0,87878.19552251662,-0.011575126571275296
2021-08-02,0.0,100000.0,0.0,89806.85111286001,-0.021946918446330677
2021-08-03,0.0,100000.0,0.0,91465.57811623067,-0.018469938348981224
2021-08-04,0.0,100000.0,0.0,91538.35738742637,-0.0007957012101670324
2021-08-05,0.0,100000.0,0.0,91501.70206314254,0.0004004367713163759
2021-08-06,0.0,100000.0,0.0,91490.90815006485,0.00011796406880226762
2021-08-09,0.0,100000.0,0.0,92927.07162405153,-0.015697335429560588
2021-08-10,0.0,100000.0,0.0,93501.43322998274,-0.006180778064920067
2021-08-11,0.0,100000.0,0.0,92536.97517491986,0.010314901298792173
2021-08-12,0.0,100000.0,0.0,92295.0752574427,0.0026140893088399952
2021-08-13,0.0,100000.0,0.0,92590.83435511366,-0.0032044948968942832
2021-08-16,0.0,100000.0,0.0,94724.8553525655,-0.023047864427565623
2021-08-17,0.0,100000.0,0.0,93572.54089651587,0.012164858439326326
2021-08-18,0.0,100000.0,0.0,94442.24289846163,-0.009294414724802413
2021-08-19,0.0,100000.0,0.0,93135.77009029112,0.013833563965387208
2021-08-20,0.0,100000.0,0.0,93132.31627075511,3.708370621360868e-05
2021-08-23,0.0,100000.0,0.0,93172.34237464264,-0.0004297767465717417
2021-08-24,0.0,100000.0,0.0,92980.70384795872,0.0020568177401117105
2021-08-25,0.0,100000.0,0.0,92260.01942462703,0.007750903074579402
2021-08-26,0.0,100000.0,0.0,91025.87622753363,0.013376793163388051
2021-08-27,0.0,100000.0,0.0,91056.27118549643,-0.0003339155767841939
2021-08-30,0.0,100000.0,0.0,89543.54307306747,0.01661311288870243
2021-08-31,0.0,100000.0,0.0,89785.1451095708,-0.0026981514044646937
2021-09-01,0.0,100000.0,0.0,91863.2476277812,-0.023145282169721393
2021-09-02,0.0,100000.0,0.0,92140.37817384851,-0.0030167727924253485
2021-09-03,0.0,100000.0,0.0,93005.69956393275,-0.009391337513848352
2021-09-06,0.0,100000.0,0.0,93746.72641431402,-0.007967542353378959
2021-09-07,0.0,100000.0,0.0,94284.29437499182,-0.005734258477485599
2021-09-08,0.0,100000.0,0.0,94579.22620036351,-0.003128111922847787
2021-09-09,0.0,100000.0,0.0,94402.01167025598,0.0018737151616371461
2021-09-10,0.0,100000.0,0.0,94576.8606317863,-0.0018521741055801955
2021-09-13,0.0,100000.0,0.0,94031.80044278521,0.005763145291142163
2021-09-14,0.0,100000.0,0.0,92408.47688122587,0.01726355928436235
2021-09-15,0.0,100000.0,0.0,91055.79799900868,0.014638038931815783
2021-09-16,0.0,100000.0,0.0,90822.03185669078,0.002567284538217335
2021-09-17,0.0,100000.0,0.0,92249.31289968592,-0.01571514107113625
2021-09-22,0.0,100000.0,0.0,92587.30649847702,-0.003663914539489943
2021-09-23,0.0,100000.0,0.0,93467.35053243303,-0.009505018206469817
2021-09-24,0.0,100000.0,0.0,93031.14554491128,0.00466692363736565
2021-09-27,0.0,100000.0,0.0,94110.27100146569,-0.011599614841176553
2021-09-28,0.0,100000.0,0.0,94738.14474391963,-0.006671681377308447
2021-09-29,0.0,100000.0,0.0,95177.12240398294,-0.0046335893662461936
2021-09-30,0.0,100000.0,0.0,94379.0504567968,0.008385123725412669
2021-10-08,-0.005036338228044501,99496.36617719555,-0.005036338228044479,96323.80853937684,-0.02564216201168462
2021-10-11,-0.002887639595749336,99209.0565305891,-0.007909434694108932,95509.98539323764,0.005561186903947302
2021-10-12,-0.002544982122581807,98956.57125532055,-0.010434287446794479,94878.98547095398,0.004061656122473778
2021-10-13,-0.004223104083388662,98538.66735517407,-0.014613326448259321,94159.83904632254,0.0033565134795710827
2021-10-14,-0.0015020138102285197,98390.66091596508,-0.016093390840349164,93620.0612569122,0.004230555349588994
2021-10-15,0.0015042732494234823,98538.66735517407,-0.014613326448259321,93846.26570076298,-0.0009119230317349847
2021-10-18,0.0018554413490949884,98721.50007306958,-0.012784999269304244,93326.53758660669,0.007393521210615456
2021-10-19,0.0022047587311000427,98939.15716230297,-0.01060842837697026,93811.52394743807,-0.002991902083422371
2021-10-20,-0.002815878977945996,98660.55646955395,-0.013394435304460495,92751.14106472992,0.008487453897258662
2021-10-21,0.0007059818012939978,98730.209026927,-0.012697909730730025,93187.89164191668,-0.0040028613695079485
2021-10-22,-0.0006173127638803289,98669.2616087141,-0.013307383912858932,94823.39917634113,-0.018167957011837543
2021-10-25,0.00026473431644746803,98695.38274824047,-0.01304617251759526,93860.37374615019,0.010420723645621799
2021-10-26,0.001146781791806939,98808.56481611157,-0.011914351838884321,93337.15347717161,0.00672123507912975
2021-10-27,0.0009692467690465278,98904.33469831372,-0.010956653016862838,92145.81348268413,0.013733081427651811
2021-10-28,-0.001232413342654004,98782.4436765852,-0.012175563234147995,92134.2053249835,-0.0011064373784524517
2021-10-29,0.0010576660403505134,98886.92251264477,-0.01113077487355229,92876.9494404553,-0.007003879754199138
2021-11-01,0.0011445412360566731,99000.10267316723,-0.00999897326832768,94567.16053690152,-0.017053850363032697
2021-11-02,-0.0037815170372812457,98625.73209821606,-0.0137426790178394,93421.59689535842,0.008332240371096006
2021-11-03,0.0019420871240130033,98817.27186262036,-0.011827281373796432,93257.14002091426,0.003702460312970418
2021-11-04,-0.0009691806679699155,98721.50007306958,-0.012784999269304244,93911.75645695304,-0.007988658596330134
2021-11-05,-0.003527633290259069,98373.2468229475,-0.016267531770524948,93617.22096491273,-0.0003913327550291723
2021-11-08,-0.002743606312224922,98103.34936201,-0.018966506379899946,93083.41000848671,0.002958453105092046
2021-11-09,-8.875381488415712e-05,98094.64231550122,-0.01905357684498784,92476.3985995626,0.006432401876218824
2021-11-10,-0.0016863166119296391,97929.22369062329,-0.020707763093767134,92355.04255626917,-0.0003740245554566535
2021-11-11,-0.0001778037751423156,97911.81150495434,-0.02088188495045659,93528.56758286494,-0.012884473536901975
2021-11-12,-0.0014227221201170703,97772.51020490551,-0.02227489795094487,93364.98392363939,0.00032630134354949547
2021-11-15,0.0017809266737838225,97946.63587629223,-0.020533641237077682,93997.74293885523,-0.004996335942502206
2021-11-16,-0.0015110926259470636,97798.62943708325,-0.022013705629167525,93761.95249113318,0.000997376623952051
2021-11-17,0.0005341236099882796,97850.86599409008,-0.021491340059099168,93493.51442001913,0.0033970980253241745
2021-11-18,-0.0001779266656808387,97833.45571576977,-0.02166544284230229,92618.68808468264,0.009179153777421706
2021-11-19,0.001512801765295002,97981.45834028149,-0.020185416597185105,93320.42986853403,-0.006063874155764981
2021-11-22,-0.0019548377856396515,97789.92048322583,-0.022100795167741744,92951.85795402387,0.0019946930408835384
2021-11-23,-8.901877736622321e-05,97781.21534406567,-0.022187846559343305,92526.05725977037,0.0044918546298560735
2021-11-24,-0.001691721915051514,97615.79671918774,-0.023842032808122603,92493.0724801332,-0.0013352301265323052
2021-11-25,0.0,97615.79671918774,-0.023842032808122603,92002.17492859675,0.005307398039370831
2021-11-26,-0.0023189684256805787,97389.42876874829,-0.026105712312517133,90680.47420576969,0.01204700415978116
2021-11-29,0.0,97389.42876874829,-0.026105712312517133,90084.00625857488,0.0065776888841727055
2021-11-30,0.0,97389.42876874829,-0.026105712312517133,90344.87421927736,-0.002895829920726456
2021-12-01,-0.0003148864083238889,97358.76216131457,-0.026412378386854254,90653.48333877922,-0.003730787112915246
2021-12-02,0.0,97358.76216131457,-0.026412378386854254,90393.0676802638,0.00287264922344152
2021-12-03,0.0,97358.76216131457,-0.026412378386854254,90300.46567847514,0.0010244369857676794
2021-12-06,0.0,97358.76216131457,-0.026412378386854254,90834.62359496151,-0.005915339555260857
2021-12-07,0.0,97358.76216131457,-0.026412378386854254,91525.29524944465,-0.0076036166293032
2021-12-08,0.0,97358.76216131457,-0.026412378386854254,91870.45330156054,-0.00377117660396728
2021-12-09,0.0,97358.76216131457,-0.026412378386854254,93019.47495597118,-0.012506977086953364
2021-12-10,0.0,97358.76216131457,-0.026412378386854254,93153.52771892508,-0.001441125775192259
2021-12-13,0.0,97358.76216131457,-0.026412378386854254,95255.84150382466,-0.02256826806648654
2021-12-14,0.0,97358.76216131457,-0.026412378386854254,95551.85529064656,-0.0031075657109177757
2021-12-15,0.0,97358.76216131457,-0.026412378386854254,95282.21122140331,0.002821965815557076
2021-12-16,0.0,97358.76216131457,-0.026412378386854254,95867.68818567782,-0.00614466180800588
2021-12-17,0.0,97358.76216131457,-0.026412378386854254,95348.22025725347,0.00541859241894152
2021-12-20,0.0,97358.76216131457,-0.026412378386854254,95414.81943968491,-0.0006984837498986429
2021-12-21,0.0,97358.76216131457,-0.026412378386854254,96461.17246056239,-0.010966357501089319
2021-12-22,0.0,97358.76216131457,-0.026412378386854254,95977.34737938293,0.005015749537745695
2021-12-23,0.0,97358.76216131457,-0.026412378386854254,96540.28786670438,-0.005865347425119349
2021-12-24,0.0,97358.76216131457,-0.026412378386854254,96722.17828409045,-0.0018840882019867666
2021-12-27,0.0,97358.76216131457,-0.026412378386854254,97200.6322492294,-0.004946683104402966
2021-12-28,0.0,97358.76216131457,-0.026412378386854254,97870.58415610554,-0.006892464497127243
2021-12-29,0.0,97358.76216131457,-0.026412378386854254,97053.97074494208,0.008343808491639904
2021-12-30,0.0,97358.76216131457,-0.026412378386854254,97342.91308445066,-0.0029771305315051955
2021-12-31,0.0,97358.76216131457,-0.026412378386854254,97518.08608818566,-0.0017995455260625126
2022-01-04,0.0034206503130942423,97691.79244158414,-0.023082075584158594,98425.83592546334,-0.005887877711715506
2022-01-05,0.001975713547150093,97884.80343935636,-0.021151965606436424,98812.16458815886,-0.0019493601803219074
2022-01-06,-0.011016603600486508,96806.44536135343,-0.03193554638646572,97151.30893832659,0.005791606772746177
2022-01-07,0.005342834160504406,97323.66614458707,-0.026763338554129296,97942.13464726307,-0.0027973105022762734
2022-01-10,0.003493264052540024,97663.64340899137,-0.023363565910086325,98984.12543229134,-0.007145576817949473
2022-01-11,-0.004252103860810541,97248.36745379117,-0.02751632546208828,97868.4394080646,0.007019259293172375
2022-01-12,-0.004475746662771729,96813.10839769986,-0.03186891602300137,97137.61177816601,0.0029917028471912466
2022-01-13,-0.00584470303268414,96247.26452944425,-0.03752735470555752,95914.87901746819,0.006742931543819414
2022-01-14,-0.002316996051270892,96024.2599975839,-0.03975740002416103,95402.95041109424,0.0030203260787055874
2022-01-17,0.004133243925134478,96421.15168688443,-0.035788483131155666,96072.32566219306,-0.00288305114975021
2022-01-18,0.005974684380610329,96997.23763582853,-0.030027623641714744,97055.25519467458,-0.004256456852898105
2022-01-19,0.003111952495792991,97299.08843157438,-0.02700911568425625,97607.17995556784,-0.0025747541105231864
2022-01-20,0.00840057723624077,98116.45693895963,-0.01883543061040371,99138.70866808508,-0.007290161019022745
2022-01-21,-0.004724758897726944,97652.88033602384,-0.02347119663976162,98291.44953817752,0.003821440072285409
2022-01-24,-0.003012726025505952,97358.67896196988,-0.026413210380301172,98054.02147548829,-0.0005971744815538027
2022-01-25,-0.007525651345200779,96625.99148867276,-0.03374008511327236,96586.21915141499,0.007443671707400623
2022-01-26,0.0014868204945912566,96769.65699312833,-0.0323034300687167,96824.88520593526,-0.0009841951080190037
2022-01-27,-0.005876398964212104,96200.99988100675,-0.03799000118993252,95807.22413293259,0.00463392666992854
2022-01-28,-0.006800562031228363,95546.77901384977,-0.044532209861502345,94753.27590957249,0.00420015563801282
2022-02-07,0.00730189074647658,96244.45115538665,-0.03755548844613353,96087.71185230318,-0.0067813789866374985
2022-02-08,0.006062367161222326,96827.92035552092,-0.031720796444790755,98430.67550369824,-0.018321225768916788
2022-02-09,0.004845323102950605,97297.0829150302,-0.027029170849697984,101897.22605991871,-0.030372870193815127
2022-02-10,-0.0014292605420778148,97158.02003356047,-0.02841979966439525,101005.15634792025,0.007325341977463817
2022-02-11,0.0005207898169725667,97208.61894103118,-0.02791381058968822,101187.01354448053,-0.0012796845660764944
2022-02-14,-0.004782429234453711,96743.72559996672,-0.03256274400033275,99281.39535487513,0.014050206722014486
2022-02-15,-0.0040256617107372605,96354.26808806487,-0.0364573191193513,98169.35114189363,0.007175270840689529
2022-02-16,0.002122940385769656,96558.8224551303,-0.03441177544869701,98891.06288345238,-0.00522876086481322
2022-02-17,-0.0005666668362646066,96504.10577269622,-0.03495894227303783,98029.6745701153,0.008143810007859048
2022-02-18,0.001183855750986229,96618.35271330901,-0.0338164728669099,98718.18017896397,-0.005839584976201184
2022-02-21,-0.001979080679465728,96427.13719817229,-0.03572862801827709,98952.85648058214,-0.004356315563584595
2022-02-22,-0.006094301232965615,95839.48117705413,-0.041605188229458724,97105.51758697613,0.01257457765855502
2022-02-23,0.00021391317297281276,95859.98250456878,-0.041400174954312245,97628.87667890766,-0.005175678530328298
2022-02-24,-0.0049475669538957545,95385.70882292815,-0.04614291177071849,95892.74594483094,0.012835396377605973
2022-02-25,0.00042378078235061345,95426.13145323821,-0.045738685467617904,95668.4312523183,0.002763005614244335
2022-02-28,0.0010773268922115165,95528.93659087249,-0.04471063409127513,95361.19750729212,0.0042887702179192355
2022-03-01,0.0003172672439848423,95559.24479330548,-0.04440755206694521,95962.09668179085,-0.005984029197398294
2022-03-02,0.0024599363136506014,95794.31444967755,-0.04205685550322451,95905.96069550619,0.0030449171365563577
2022-03-03,0.003108294680309376,96092.07140768536,-0.039079285923146384,96803.9639494276,-0.006255078017374266
2022-03-04,0.0,96092.07140768536,-0.039079285923146384,96153.30028388013,0.006721456839178519
2022-03-07,-0.0010600652019645551,95990.20754660138,-0.04009792453398622,94110.41982082496,0.020186012228803174
2022-03-08,-0.005061075764815626,95504.39383352765,-0.04495606166472353,91820.0471787159,0.019276002387313057
2022-03-09,-0.0018049857648495538,95332.00976217755,-0.0466799023782245,90772.50848704725,0.009603619696109844
2022-03-10,-0.0022192702931702613,95120.44226492413,-0.048795577350758686,90009.56629543268,0.006185721530135302
2022-03-11,-0.0009061267516830007,95034.25108755597,-0.049657489124440325,90029.76853526193,-0.001130572226322235
2022-03-14,-0.000824490482258522,94955.89625204571,-0.050441037479542865,88863.89143466648,0.012125416193763006
2022-03-15,-0.011140158695876035,93898.07249868878,-0.061019275013112204,85170.53619479235,0.030421775856467076
2022-03-16,0.010264226502658014,94861.86358297833,-0.051381364170216694,88477.31828435679,-0.028561196434700842
2022-03-17,-0.003964854746953628,94485.7500728465,-0.055142499271535056,89093.60045685912,-0.01093028028710899
2022-03-18,-0.0009951502650249466,94391.72255362042,-0.056082774463795795,89519.44223179988,-0.005774862531193525
2022-03-21,-0.001079179137131292,94289.85697592267,-0.05710143024077333,89332.35594263952,0.0010107164709750593
2022-03-22,0.003240998657403349,94595.45027578839,-0.05404549724211611,90535.34825178742,-0.010225480497364992
2022-03-23,-0.0012424998014530786,94477.91544760235,-0.05522084552397646,90703.59506692376,-0.0031008547797587716
2022-03-24,-0.0026539783281623874,94227.17310751446,-0.057728268924855365,90980.74091852635,-0.005709489539135637
2022-03-25,-0.002162127427542071,94023.44195211896,-0.05976558047881044,89490.27745574698,0.014220059041065547
2022-03-28,0.003666868269971424,94368.21352804669,-0.0563178647195331,90626.07483853595,-0.009024984019240817
2022-03-29,0.0004982221531588671,94415.22986258038,-0.05584770137419619,89801.19843105575,0.009600198697435308
2022-03-30,0.000746915623345501,94485.7500728465,-0.055142499271535056,90915.19087835748,-0.011658179929549484
2022-03-31,0.0008292949155148666,94564.10662497052,-0.05435893375029482,90738.84207513747,0.002769001597272419
2022-04-01,0.0018229697369351872,94736.49412954815,-0.05263505870451845,92185.21930317405,-0.014117031203774444
2022-04-06,0.0011579508398513738,94846.19433249005,-0.0515380566750995,91963.95012489404,0.0035582182574762367
2022-04-07,0.002561069703990615,95089.1020473338,-0.049108979526662,91687.67018342305,0.005565289739078105
2022-04-08,0.004367396234188137,95504.39383352765,-0.04495606166472353,93023.24831805303,-0.010199209416911187
2022-04-11,-0.002133176432940753,95300.66611135968,-0.04699333888640322,91225.40672715119,0.017193622226625516
2022-04-12,0.0008221856017112117,95379.02094686993,-0.04620979053130068,92464.14508257812,-0.012756688966992169
2022-04-13,0.00041076408284612675,95418.19922293194,-0.04581800777068056,92494.52370450099,8.221919773698794e-05
2022-04-14,0.001231822255825188,95535.73748434552,-0.04464262515654482,92911.6842746742,-0.003278288759027581
2022-04-15,0.0013122960406779516,95661.10865438946,-0.04338891345610536,91889.59440381746,0.012312956278793308
2022-04-18,-0.003686011198757555,95308.50073660382,-0.04691499263396181,91221.31549763975,0.0035866175522292487
2022-04-19,0.0019731552823332166,95496.5592082835,-0.04503440791716493,91282.7099505755,0.0013001277930798916
2022-04-20,0.0013128164456348568,95621.92866171368,-0.04378071338286318,91454.86975074054,-0.0005731902281179702
2022-04-21,0.0015569491338185415,95770.80714071759,-0.042291928592824116,90358.22004154835,0.01354810621688135
2022-04-22,0.0012272690218335658,95888.3436855174,-0.04111656314482607,91180.00470042173,-0.007867472535664083
2022-04-25,-0.006292234814964659,95284.99171103009,-0.047150082889699116,88255.22865611593,0.025784710716189457
2022-04-26,0.0022203653844568016,95496.5592082835,-0.04503440791716493,86811.50010792844,0.018578926459777823
2022-04-27,-0.0025436459017096347,95253.64977682599,-0.04746350223174013,87468.3296029202,-0.010109803544131934
2022-04-28,0.0010694139063061048,95355.51535452374,-0.046444846454762594,88046.4735519234,-0.005540337893319924
2022-04-29,-0.002383047764954682,95128.27860678204,-0.048717213932179586,89641.32202481532,-0.020496759859868097
2022-05-05,0.002965322142238991,95410.3645976878,-0.04589635402312197,90678.7444485239,-0.0086077158303757
2022-05-06,-0.002956555004220096,95128.27860678204,-0.048717213932179586,88963.7115116035,0.01595672999272832
2022-05-09,-0.0031300211581779536,94830.52508200177,-0.05169474917998232,88162.90023124394,0.005871528650758628
2022-05-10,0.004131381152509439,95222.30612600812,-0.04777693873991884,88723.59112694925,-0.0022283335827667505
2022-05-11,-0.0023863454242901705,94995.07281149396,-0.05004927188506044,88187.81517970275,0.0036523635643923302
2022-05-12,-0.001979665535420616,94807.01433981427,-0.05192985660185732,87800.44194438828,0.0024129280958549992
2022-05-13,0.007603728560520606,95527.90114248761,-0.04472098857512392,89629.70253895226,-0.01323056969645875
2022-05-16,-0.001968605536359691,95339.84438742169,-0.0466015561257831,89128.88339767494,0.0036190414945970195
2022-05-17,8.217577125790854e-05,95347.67901266583,-0.046523209873341693,89829.44391875718,-0.007777908349357321
2022-05-18,-0.0018079524654941448,95175.29494131573,-0.04824705058684267,89841.03397781798,-0.0019369754066944078
2022-05-19,0.004116469448182114,95567.08113516339,-0.04432918864836611,89291.03559108436,0.010238375690594714
2022-05-20,0.0001639427895925305,95582.7486690379,-0.04417251330962099,90435.66888905465,-0.012655186145278607
2022-05-23,-0.003279108551077048,95269.3224605418,-0.047306775394581925,89114.56600277196,0.011329097508673613
2022-05-24,-8.227263792004447e-05,95261.48440207013,-0.047385155979298724,87944.3586328227,0.013049221150793017
2022-05-25,0.00263216617162243,95512.22845877179,-0.044877715412282124,88645.4018240116,-0.00533927397629913
2022-05-26,0.004840320918078733,95974.5382961131,-0.04025461703886904,89590.18482582936,-0.005817682569721261
2022-05-27,-0.0006531659620214736,95911.85099447735,-0.04088149005522646,89135.92165421348,0.004417290946835156
2022-05-30,0.00016337136991739776,95927.52024496564,-0.040724797550343646,89066.75927237449,0.0009392917907248555
2022-05-31,0.00228716558019304,96146.9223674632,-0.03853077632536806,90156.07437822301,-0.009943155975768003
2022-06-01,0.0017114374756277417,96311.47181356915,-0.03688528186430849,90038.33468134479,0.003017391596747382
2022-06-02,-0.0025220879055838363,96068.56581533917,-0.03931434184660829,89800.87065312521,0.00011527793486607041
2022-06-06,0.0017128155093777409,96233.11354483136,-0.03766886455168642,90090.3660693698,-0.001510932925788827
2022-06-07,-0.0037454790406873384,95872.67443502911,-0.04127325564970888,90012.99526375363,-0.00288666572921073
2022-06-08,0.0008172980735727808,95951.03098715314,-0.04048969012846865,90342.5984309262,-0.002844430615787874
2022-06-09,-0.0004900034324799574,95904.01465261944,-0.04095985347380556,90059.94456051652,0.002638685307038452
2022-06-10,0.0025328211308317528,96146.9223674632,-0.03853077632536806,90871.21703813039,-0.006475317632441913
2022-06-13,-0.006030783076796942,95567.08113516339,-0.04432918864836611,88785.86609489759,0.016917637899646704
2022-06-14,0.005903395379417642,96131.25140036114,-0.03868748599638857,89526.88059227022,-0.002442690883688675
2022-06-15,-0.0026898325109191434,95872.67443502911,-0.04127325564970888,90964.63723539973,-0.018749329207530807
2022-06-16,-0.0035961580770874635,95527.90114248761,-0.04472098857512392,90070.52582454334,0.0062330616947958994
2022-06-17,0.0030349312890007862,95817.82175863751,-0.04182178241362489,90846.07880910354,-0.005575576726362441
2022-06-20,-0.003843532216954215,95449.54287374982,-0.04550457126250185,91257.28054503592,-0.00836988867969643
2022-06-21,0.00016419862519989614,95465.21555746564,-0.04534784442534365,91673.0335759479,-0.004391635478434297
2022-06-22,0.0004103932079682071,95504.39383352765,-0.04495606166472353,90138.29982892785,0.017151780365714853
2022-06-23,-0.0008204497089485674,95426.03728140362,-0.04573962718596376,90177.0564299198,-0.001250417891901917
2022-06-24,0.002217047569543329,95637.6013454295,-0.04362398654570498,91200.53757339568,-0.009132636973234576
2022-06-27,-0.0004915913538034999,95590.58672750958,-0.04409413272490419,91618.71833593915,-0.005076879704839027
2022-06-28,-0.001639419838427969,95433.87362326153,-0.04566126376738466,91643.42684074565,-0.0019091082302248874
2022-06-29,0.0003284151948796943,95465.21555746564,-0.04534784442534365,91953.2256434842,-0.0030520651452640435
2022-06-30,-0.0002462395210934831,95441.70824850567,-0.045582917514943255,92169.40554859019,-0.0025972163747400856
2022-07-01,0.009851952839201816,96381.9954570628,-0.03618004542937197,92743.872865669,0.0036192196056564763
2022-07-04,0.00024387949465798364,96405.501049409,-0.035944989505910054,92992.2636888688,-0.0024343656068763486
2022-07-05,-0.0008940661377586645,96319.30815542706,-0.03680691844572939,91821.52145634081,0.011695607304809008
2022-07-06,-0.0014643540643578534,96178.26258505353,-0.03821737414946474,91549.9101486148,0.0014936813005337335
2022-07-07,0.0003259090629124106,96209.60795248517,-0.03790392047514833,91324.1703602097,0.0027916655889282105
2022-07-08,0.0008144536746941267,96287.96622122296,-0.03712033778777041,91729.33819260244,-0.0036221355742926953
2022-07-11,0.003987534306430174,96671.91778982648,-0.03328082210173525,92340.37904434098,-0.002673811602940196
2022-07-12,0.0017020899142849988,96836.46208609112,-0.031635379139088766,92983.09751458962,-0.005258228820599314
2022-07-13,0.000566464241089415,96891.3164790965,-0.031086835209035053,92813.36067232171,0.0023919233493029934
2022-07-14,-0.0008896009851853126,96805.12186850079,-0.031948781314992084,91452.29344787281,0.01377496039465903
2022-07-15,-0.00453282639697139,96366.32105673321,-0.03633678943266787,89531.00017531026,0.01647586786456376
2022-07-18,0.005285259584973057,96875.6420787669,-0.031243579212330952,91198.75796788145,-0.013342453601583093
2022-07-19,0.000808871907015174,96954.00206411847,-0.030459979358815326,91485.60072787407,-0.0023363766290850074
2022-07-20,-0.0008890081084526047,96867.80917013653,-0.03132190829863466,92216.53033247498,-0.00887856710774354
2022-07-21,-0.0009591953642744677,96774.89401663312,-0.03225105983366884,92218.21205554188,-0.0009774320411567727
2022-07-22,0.0010044618381142012,96872.10070456036,-0.03127899295439638,92306.76260053042,4.423345139142887e-05
2022-07-25,-0.000250850186428786,96847.80032003888,-0.03152199679961123,92717.14252267678,-0.004696677453953302
2022-07-26,0.0,96847.80032003888,-0.03152199679961123,93204.56561893765,-0.0052570979109029525
2022-07-27,-0.0015055496676450453,96701.9911464549,-0.03298008853545107,91858.49361999646,0.012936575457904415
2022-07-28,-0.00016753947426273452,96685.78974569806,-0.03314210254301943,91980.43725174938,-0.0014950556020295602
2022-07-29,-0.00016758530300287067,96669.58662832745,-0.033304133716725484,91233.83306584261,0.007949403572178437
2022-08-01,-0.0006005482095063908,96611.53188116409,-0.0338846811883591,91281.85337062736,-0.001126891378165018
2022-08-02,-0.0035254888119858885,96270.92900640823,-0.037290709935917696,90331.11589282779,0.006889916251486383
2022-08-03,-0.004290736180977972,95857.85584814407,-0.041421441518559296,88888.46954464537,0.011679910632397289
2022-08-04,0.005959340268243185,96429.10542852737,-0.035708945714726284,90667.00097576692,-0.014049232724773097
2022-08-05,0.005004952582895017,96911.72852880813,-0.030882714711918672,91833.77635885462,-0.007863846103846106
2022-08-08,0.0009601521349822395,97004.77853185989,-0.029952214681401093,91259.4464110917,0.007214168582249381
2022-08-09,0.00015054531362435064,97019.38214666702,-0.029806178533329803,91764.37583860451,-0.0053823550859493086
2022-08-10,-0.003001421507101032,96728.18608648636,-0.032718139135136444,90969.93934403892,0.005655930404307924
2022-08-11,0.004597230215911852,97172.86782629348,-0.028271321737065154,92344.11663519873,-0.010508609153320025
2022-08-12,-0.00021720403002523092,97151.76148779251,-0.02848238512207492,93025.46254072589,-0.007595539871590423
2022-08-15,-0.00351186089119504,96810.57801611282,-0.03189421983887179,92395.93833450535,0.0032553637914549127
2022-08-16,-0.002144703306092066,96602.94804937698,-0.033970519506230194,91636.3998175872,0.00607577186423805
2022-08-17,-0.00024382319046234446,96579.39401037552,-0.03420605989624484,92115.97764877298,-0.005477309361246463
2022-08-18,-0.001955591663453493,96390.52415258743,-0.0360947584741257,91681.48420885546,0.002761216983730358
2022-08-19,0.00021341253116524683,96411.09509832718,-0.03588904901672824,91984.88668516885,-0.0030958977284968048
2022-08-22,-0.0009242652070852175,96321.98567755081,-0.03678014322449191,92636.72282797867,-0.008010604781985287
2022-08-23,-0.003332933916063041,96000.95086462356,-0.039990491353764375,91694.36023585043,0.006839733718975782
2022-08-24,-0.0016708983384015053,95840.5430353389,-0.041594569646611054,90883.5320271188,0.007171828811295217
2022-08-25,0.0027068594528638634,96099.9699152217,-0.03900030084778293,91902.81465369645,-0.008508402584635949
2022-08-26,-0.0009150235026782472,96012.0361841426,-0.03987963815857394,91799.72496506396,0.000206701539377796
2022-08-29,-0.0026110534496713855,95761.34362585403,-0.04238656374145969,90963.75008993893,0.006495453954824287
2022-08-30,-0.0007880350476049403,95685.88033087112,-0.04314119669128879,90954.25283398104,-0.0006836280069046907
2022-08-31,0.007319546741251015,96386.25760443069,-0.03613742395569308,92240.7280521525,-0.006824654085945847
2022-09-01,-0.0007424082133483667,96314.69965513125,-0.03685300344868752,92968.108257362,-0.008628081067082127
2022-09-02,-0.0003638043945939362,96279.65994413271,-0.037203400558672876,92390.8081486264,0.005845853084263858
2022-09-05,0.0035661760742173865,96623.01016385928,-0.03376989836140725,92836.10236106669,-0.001253504815725226
2022-09-06,0.00020627228203617953,96642.94081266299,-0.03357059187337014,92804.5899468122,0.0005457136572452614
2022-09-07,0.00030505005223524506,96672.42174680605,-0.033275782531939475,92589.57190560276,0.0026219402117915735
2022-09-08,0.005578321294244404,97211.69157560244,-0.02788308424397561,93345.465701894,-0.002585598040666215
2022-09-09,0.004647019761435889,97663.43622739687,-0.02336563772603127,94782.94508119473,-0.01075254323277991
2022-09-13,-0.002777719424173153,97392.15460355654,-0.026078453964434593,94952.6053484403,-0.00456770671672041
2022-09-14,-0.005126598424082474,96892.86413724795,-0.031071358627520532,94077.53361394725,0.0040892807114278895
2022-09-15,0.0013996580233475164,97028.48101194277,-0.029715189880572288,94394.66416020243,-0.001971290747020349
2022-09-16,-0.009326019317037804,96123.59152372256,-0.03876408476277444,92648.29368625887,0.009174713637313286
2022-09-19,-0.00023420104077853665,96101.07927854433,-0.03898920721455666,92338.76376355176,0.0031067123251524165
2022-09-20,-0.002745120193729189,95837.27026517763,-0.04162729734822366,91284.43011074647,0.008672984292757868
2022-09-21,-0.0011534533792157964,95726.72644193545,-0.04273273558064553,90899.89810440107,0.003059006575662493
2022-09-22,0.0007398048009072955,95797.54553373232,-0.04202454466267678,90312.55062904532,0.007201280419737721
2022-09-23,0.013618742503618275,97102.18763883486,-0.02897812361165139,91539.42308624694,3.4003188249531746e-05
2022-09-26,-0.012465478024648813,95891.76245267763,-0.04108237547322366,90027.40226994813,0.004052222932175081
2022-09-27,0.0058404173442325735,96451.81036527529,-0.03548189634724709,90899.90802263161,-0.0038511402336175726
2022-09-28,-0.007330802849215945,95744.7411590375,-0.042552588409625024,89838.91027246781,0.004341351427327972
2022-09-29,-0.0017889084038361647,95573.46258695498,-0.044265374130450216,89149.80829566954,0.0058815093996336665
2022-09-30,0.008102044415710719,96347.80302579775,-0.036521969742022486,89609.30426574226,0.0029478440998920163
2022-10-10,0.012980256492997944,97598.42222160945,-0.024015777783905505,89917.66215889077,0.009539119485237418
2022-10-11,-0.0006837330019076049,97531.69095940242,-0.024683090405975817,89818.13497307971,0.00042313725496356813
2022-10-12,0.0006481704814516043,97594.90812248836,-0.024050918775116444,89984.18961295376,-0.0012006169591229077
2022-10-13,-0.0019792745131269607,97401.74100823054,-0.025982589917694567,89189.84629416537,0.006848313113155868
2022-10-14,-0.00620211690889827,96797.64402336726,-0.032023559766327384,89250.01609930147,-0.006876743087058018
2022-10-17,0.0014876577986213668,96941.6457933868,-0.030583542066132067,89251.2224078533,0.0014741417388539069
2022-10-18,-0.0011955768146236778,96825.74460930476,-0.03174255390695238,88779.01480197988,0.004095192243031981
2022-10-19,0.004570368125343283,97268.27390617976,-0.02731726093820238,87707.75555791504,0.01663694992346612
2022-10-20,-0.003827408943072985,96895.98844475398,-0.031040115552460192,87200.98968555097,0.0019504822951704193
2022-10-21,-0.004675886517783168,96442.91379875789,-0.03557086201242113,86598.9481926055,0.0022281806850827923
2022-10-24,-0.0024035347431192733,96211.10990471492,-0.037888900952850815,84575.75398078142,0.020959268778746626
2022-10-25,-0.0025553458574202326,95965.2572435821,-0.040347427564178945,84574.81502679696,-0.002544243928790907
2022-10-26,-0.0007685422730269176,95891.50388664851,-0.04108496113351488,84527.58465419007,-0.00021009739091956692
2022-10-27,0.0064829184455303945,96513.16068596492,-0.03486839314035082,84401.47165469165,0.007974892929533073
2022-10-28,-0.003893796552031703,96137.35807366023,-0.038626419263397695,82579.52387365878,0.017692886065149738
2022-10-31,0.0008037034897150352,96214.62400383601,-0.03785375996163988,81734.8113118214,0.011032783559609016
2022-11-01,0.008030818578167453,96987.30619377742,-0.030126938062225817,84083.51970914601,-0.02070489830462069
2022-11-02,-0.0017382507407629477,96818.71793694148,-0.031812820630585194,84571.0771715651,-0.007536740909890205
2022-11-03,-0.006420817035011628,96197.06266350398,-0.03802937336496019,83207.61004462707,0.009701327468032067
2022-11-04,0.0025557031415177622,96442.91379875789,-0.03557086201242113,84491.08979099216,-0.012869325238418994
2022-11-07,-0.006227324913849919,95842.3324388946,-0.041576675611053944,83944.03479222112,0.00024738147382119546
2022-11-08,0.0017223352941788672,96007.40507073054,-0.039925949292694565,84042.59301169749,0.0005482409142705813
2022-11-09,-0.001243813257062354,95887.98978752742,-0.04112010212472582,83835.49153315567,0.0012204310162312881
2022-11-10,-0.0010988340715855083,95782.62479729304,-0.04217375202706957,83533.00284572148,0.0025092880006105933
2022-11-11,0.002566777238075524,96028.47745842586,-0.03971522541574144,86050.20070255217,-0.027567394539272705
2022-11-14,-0.006473671308446449,95406.82065910945,-0.045931793408905505,86475.26915169683,-0.01141344420466539
2022-11-15,0.0011780094540654318,95519.2107958282,-0.044807892041718006,88298.14480132866,-0.01990172429540793
2022-11-16,0.00011030444828707964,95529.74698967586,-0.04470253010324144,87929.55812927647,0.004284646648584967
2022-11-17,-0.0015441239014371,95382.23722405086,-0.04617762775949144,87829.46486356361,-0.0004057892180568956
2022-11-18,0.005265566532409283,95884.47874016414,-0.04115521259835863,87955.25980249274,0.0038333030075825003
2022-11-21,-0.00036628613146383326,95849.35758537898,-0.04150642414621019,87339.53468195334,0.006634149339047379
2022-11-22,0.0144371876961511,97233.1527513946,-0.027668472486053943,89132.79621985965,-0.006094883426467801
2022-11-23,-0.005526506175466128,96695.79313225398,-0.03304206867746019,88524.82733842511,0.001294427389042535
2022-11-24,-0.0016708233030540143,96534.23154778132,-0.03465768452218675,88000.05593403289,0.004257134086640052
2022-11-25,0.014152922058553674,97900.47300285945,-0.020995269971405505,90293.7833031649,-0.011912145114260975
2022-11-28,0.0010761992191250513,98005.8334154571,-0.019941665845428943,89150.24661275923,0.013740821838449935
2022-11-29,-0.004121169184831075,97601.93479485164,-0.02398065205148363,90577.0124070138,-0.02012522804573358
2022-11-30,0.009571964433889857,98536.1770433868,-0.014638229566132067,91106.8492235172,0.0037223917617140723
2022-12-01,-0.0001624179538077808,98520.17299913536,-0.014798270008646358,91435.90068079857,-0.003774127282862638
2022-12-02,-0.006039356579822797,97925.17454408776,-0.020748254559122433,90901.57650888487,-0.00019565440228286324
2022-12-05,0.020721465810275008,99954.32770036827,-0.00045672299631725765,93841.96693767297,-0.011625502655125575
2022-12-06,-0.0002209642617448937,99932.24136613976,-0.0006775863386024139,93847.4073361975,-0.00027893830792122265
2022-12-07,-0.011596780320527356,98773.34911607872,-0.012266508839212766,93017.67332228417,-0.0027554703955668947
2022-12-08,-0.0058671198341421205,98193.83404039513,-0.018061659596048704,92700.98344849983,-0.0024624993736078182
2022-12-09,0.0040034673299127466,98586.94984697472,-0.014130501530252805,94266.31780858184,-0.012882376831078568
2022-12-12,0.0030638008551724383,98889.00062822472,-0.011109993717752804,94330.43157790793,0.0023836664146155984
2022-12-13,-0.001402297310637235,98750.32884859215,-0.012496711514078489,93939.99909471156,0.002736690253242663
2022-12-14,-0.0048528572432550154,98271.10759996544,-0.01728892400034558,93892.46606959584,-0.004346863783879024
2022-12-15,-0.000502968007715654,98221.68037675988,-0.01778319623240124,93201.45805132973,0.006856600306891419
2022-12-16,-0.0024698033368726335,97979.09214281212,-0.020209078571878782,93564.67574285739,-0.006366927900391922
2022-12-19,-0.009974820105316584,97001.76832460533,-0.029982316753946654,91921.21475035306,0.007590152780615728
2022-12-20,-0.0005016717201792309,96953.1052806295,-0.030468947193704955,90816.56509156048,0.011515680985533794
2022-12-21,0.0009741714577693461,97047.554228536,-0.02952445771464001,91100.75904328912,-0.002155146981461631
2022-12-22,0.0009810514610471,97142.76287340294,-0.028572371265970578,91250.69405783497,-0.0006647637453292832
2022-12-23,-0.0021078852464617714,96937.99707674157,-0.030620029232584348,91085.7346870118,-0.0003001250696611224
2022-12-26,0.00583450995145296,97503.58278535973,-0.024964172146402706,91166.33167027593,0.004949662466376736
2022-12-27,0.003905061862405468,97884.34030794274,-0.02115659692057263,92393.71349368952,-0.009558042344229523
2022-12-28,-0.004267273399648053,97466.64106630455,-0.025333589336954464,91727.28961824044,0.002945596938057349
2022-12-29,-0.009542707765774927,96536.54539369713,-0.03463454606302868,90769.89092604048,0.0008947388892452113
2022-12-30,-0.00231745619734669,96312.82617830407,-0.03687173821695935,90921.29996571629,-0.003985509757080202
2023-01-03,0.01721653714635063,97970.99952787285,-0.020290004721271543,92618.52396720908,-0.0014504199047778443
2023-01-04,0.010676372877900242,99016.974450053,-0.009830255499469932,93921.01052614501,-0.0033865435144734835
2023-01-05,0.00745870457765041,99755.51281064871,-0.0024448718935129,94910.09936414484,-0.0030723665049429694
2023-01-06,-0.005938312205330365,99163.13343137625,-0.008368665686237509,94213.28338759839,0.0014035405712951587
2023-01-09,0.0018999109885122767,99351.53455823782,-0.006484654417621786,94420.83721493579,-0.00030310985817130764
2023-01-10,-0.004322757003389133,98922.06201642874,-0.010779379835712607,93621.17155910697,0.004146408060340306
2023-01-11,0.006348432855759256,99550.06208509329,-0.004499379149067099,94568.65076462028,-0.0037719190874455077
2023-01-12,0.0059264283554707475,100140.03839582327,0.0,94954.04852692263,0.0018511057280853616
2023-01-13,0.003027088161917435,100443.17112058523,0.0,95876.36337908274,-0.0066861875379449764
2023-01-16,-0.0001254976408184838,100430.56573957327,-0.0001254976408185055,96328.80461076401,-0.0048445046591843455
2023-01-17,-0.0002419259553121389,100406.26897901419,-0.0003673932349939721,96047.68301024231,0.002676428545790921
2023-01-18,0.0029378943020512693,100701.25198453787,0.0,96286.96418068878,0.0004466195211599022
2023-01-19,-0.0003564367897527232,100665.35835355642,-0.0003564367897526893,95888.80153697134,0.0037787298665587776
2023-01-20,0.010706879019583004,101743.17016691092,0.0,97537.0825969667,-0.006482626257108215
2023-01-30,-0.009773934825948571,100748.73905271414,-0.009773934825948523,96357.68232163692,0.0023178793223500027
2023-01-31,-0.001235669742341683,100624.24688428763,-0.01099752721276213,95878.22923052499,0.0037400943022060096
2023-02-01,0.004973577915260874,101124.70941633108,-0.006078646355969069,96465.03352857855,-0.0011467301334276425
2023-02-02,-0.005938965047424416,100524.13330167654,-0.01198151053514973,95768.21888621626,0.0012845294860208967
2023-02-03,-0.0004571462189044695,100478.17907422903,-0.012433179451816288,95344.21772303077,0.003970221942648733
2023-02-06,-0.003891831474903351,100087.13493436697,-0.016276623087595945,94580.53624679825,0.004117898894388433
2023-02-07,-0.005735947801687735,99513.04035276297,-0.021919209028865464,94436.7009551659,-0.004215177278067306
2023-02-08,-0.0032686569466477966,99187.76636213186,-0.02511621960065606,94104.33312691105,0.0002508203846563195
2023-02-09,0.005860246714597173,99769.03114408377,-0.01940316012945684,94868.33902010058,-0.0022584643776879243
2023-02-10,0.0033280851709316384,100101.07097715262,-0.016139650328021202,95463.31913731288,-0.002943555329554204
2023-02-13,0.0005852410869400249,100159.65423673514,-0.015563854827582078,95468.44896308046,0.0005315049942297145
2023-02-14,-0.0032622010824071568,99832.91330427054,-0.018775283485924225,95224.70270621538,-0.0007090407502501894
2023-02-15,0.005891207292316736,100421.04969114187,-0.012994685280595131,95801.87241107601,-0.00016992693502021483
2023-02-16,0.0036068958862771616,100783.25796216849,-0.00943465987120004,95841.3980244781,0.0031943192590428438
2023-02-17,-0.009524212000767363,99823.37684720877,-0.01886901417119895,94618.79847176048,0.003232275048861838
2023-02-20,0.025445323420720367,102363.41495603445,0.0,98003.89088426874,-0.010330785208671478
2023-02-21,-0.0023245520417406462,102125.46587079886,-0.002324552041740654,97925.61634731879,-0.0015258639871776891
2023-02-22,-0.010327675630723676,101070.74718564871,-0.012628220452990445,96537.15826274712,0.003851025881321246
2023-02-23,0.0008719606177367556,101158.87689679983,-0.011767271146160703,96638.44609701486,-0.00017725023630627001
2023-02-24,-0.0032501979383762203,100830.0905236614,-0.014979223124117308,96092.83721058477,0.0023956801615505896
2023-02-27,-0.0009260317792895156,100736.71865552786,-0.015891383666764784,95688.26144759759,0.0032842275358825612
2023-02-28,0.00872603596890098,101615.75088590506,-0.007304016483335571,96796.42843156196,-0.0028549768658993613
2023-03-01,0.02494150602970535,104150.2007493389,0.0,100007.14518308693,-0.008228279297602004
2023-03-02,0.006719971851742779,104850.08716672781,0.0,101090.00467663603,-0.004107849416094295
2023-03-03,0.023597113729845853,107324.24659818533,0.0,104523.08163898713,-0.010363483792458605
2023-03-06,0.0009830889524291564,107429.75587934378,0.0,103888.22618656412,0.007056919176988863
2023-03-07,-0.020989818416351613,105174.82481092337,-0.020989818416351634,101030.67565978991,0.006516190990745102
2023-03-08,0.006807777930540659,105890.83166211966,-0.014324934508391824,101339.81168146027,0.0037479545684625526
2023-03-09,0.016457433554795342,107633.52298826101,0.0,103324.63403414152,-0.003128376994370685
2023-03-10,-0.012065184531700468,106334.90467161062,-0.01206518453170044,101462.84604291589,0.005953635555389636
2023-03-13,0.04299533501370334,110906.80952161673,0.0,106459.72892686888,-0.006253065547024539
2023-03-14,-0.0005341873456302659,110847.56450742605,-0.0005341873456302648,106457.58772146117,-0.0005140745252304457
2023-03-15,0.006148875618865235,111529.15239423636,0.0,107011.71800075503,0.0009437015100574875
2023-03-16,0.005590509889313644,112152.6572236431,0.0,107888.09785596856,-0.002599059174583862
2023-03-17,0.021330836971425127,114544.96727079275,0.0,111020.16049671866,-0.0076998226007867765
2023-03-20,-0.010048448983600355,113393.96801084402,-0.01004844898360033,110878.88833886628,-0.008775957958364056
2023-03-21,-0.0012108725321366975,113256.6623696697,-0.011247154124872191,111147.80824233548,-0.0036362206529379493
2023-03-22,0.020804277308880348,115612.88538068655,0.0,113892.50950809187,-0.003889878240926875
2023-03-23,0.01603008729501143,117466.17002576712,0.0,115855.00478959156,-0.0012010308002507186
2023-03-24,0.0029361323441909892,117811.066246928,0.0,116263.47285273271,-0.0005895510208305532
2023-03-27,-0.009603720248388847,116679.6417245281,-0.009603720248388847,114505.8525117724,0.005513842454960144
2023-03-28,-0.016071275260880813,114804.45108503225,-0.025520651477629344,112139.01630946841,0.004598726755484783
2023-03-29,-0.0022368884648875653,114547.6463326824,-0.027700453091610153,112672.8372993083,-0.006997238674904621
2023-03-30,0.009292396349142695,115612.06846326712,-0.01866546033164545,115509.66654367834,-0.015885182492101496
2023-03-31,0.014178600889143356,117251.2858399761,-0.004751509554956608,116996.34849530226,0.0013079728619924957
2023-04-03,0.016269724903552385,119158.93200518031,0.0,119079.45755271165,-0.001535181695674126
2023-04-04,0.00996210588950075,120346.00590349574,0.0,120135.17122797127,0.0010964820702765443
2023-04-06,0.018856666462433003,122615.33039690394,0.0,122443.8680102824,-0.0003608262893782799
2023-04-07,-0.009670288288819329,121429.60480333705,-0.009670288288819343,121418.56758923056,-0.0012966519629419304
2023-04-10,-0.00796196164354468,120462.78694750209,-0.017555255467926443,120435.7867480073,0.00013219447060161538
2023-04-11,-0.006643151409968073,119662.5344145431,-0.02408178465778043,120055.94493595457,-0.0034892565228322736
2023-04-12,0.022230348536546263,122322.67426134486,-0.002386782587558657,122737.48920098369,-0.0001054405529455349
2023-04-13,-0.021040124624927325,119748.98995043177,-0.023376689009391143,119682.73513332661,0.0038483922214201383
2023-04-14,0.014883653513180661,121531.29242540736,-0.008840966035711585,121358.52023538318,0.0008817584178710813
2023-04-17,0.015173852458801873,123375.39032579798,0.0,123476.6400318878,-0.0022795557765359076
2023-04-18,0.026751039972019663,126675.81032396693,0.0,127207.20269331521,-0.0034616598590090086
2023-04-19,-0.03791514102886462,121872.87911058802,-0.037915141028864584,122160.34679840542,0.0017591524706731254
2023-04-20,0.027767759298481742,125257.01588274378,-0.011200200240240422,126121.26419334093,-0.004656161382359136
2023-04-21,-0.007589193018138318,124306.41621233363,-0.01870439277691373,125130.39508440123,0.00026728634144637664
2023-04-24,-0.0070953143844222355,123424.42310930628,-0.025666993614214012,124267.71869954412,-0.00020109508402582632
2023-04-25,0.007824373954719466,124390.14195085902,-0.01804344781582553,125439.43274158606,-0.0016045755287334984
2023-04-26,-0.037782605097068545,119690.35833956141,-0.055144324449479185,120441.22243816107,0.0020630016167440812
2023-04-27,0.006019126629593696,120410.78976274867,-0.04945711849165039,121346.4022689435,-0.001496405116583721
2023-04-28,0.0041563738640664205,120911.26202227015,-0.0455063069022747,121640.8624719085,0.0017297654318494116
2023-05-04,0.0039127639650042845,121384.35925127407,-0.04177159837509813,121900.84867829527,0.001775437731833196
2023-05-05,-0.02008122897007969,118946.81213976283,-0.061014002313761265,118848.6687748602,0.004956988044224897
2023-05-08,0.01706296958957676,120976.3979780807,-0.0449921127902026,120473.48508412714,0.0033916653501923355
2023-05-09,-0.007938392603049516,120016.03983522793,-0.05257334033788279,119852.76074458104,-0.0027860195384482034
2023-05-10,-0.005363741614846207,119372.30480791468,-0.05765509213932718,119294.85426766986,-0.0007088094009762569
2023-05-11,-0.007001822010822112,118536.48117662806,-0.06425322345697215,118698.77913096375,-0.0020051677932927114
2023-05-12,-0.010806198179732718,117255.55246950526,-0.0743650885703422,117703.5668879589,-0.002421847049155379
2023-05-15,0.015039005890433277,119018.95941378016,-0.06044445968496086,120018.11315641744,-0.004625192312342763
2023-05-16,-0.015466461828894662,117178.15722109217,-0.07497605958536986,117804.00540768876,0.0029816514641636815
2023-05-17,-0.0005341872821164051,117115.56213976283,-0.07547019560999257,118078.73362260932,-0.0028662660087249714
2023-05-18,0.01648157587404131,119045.81116320033,-0.060232487491126106,120269.27329586234,-0.0020699414572182273
2023-05-19,-0.001036305944488669,118922.44328142543,-0.0612063741507764,120249.53390827644,-0.0008721793388731247
2023-05-22,-0.00020569094195932447,118897.98201204676,-0.06139947549598275,120323.80053663092,-0.000823295234805288
2023-05-23,-0.014242235098415268,117204.60899950404,-0.07476724482946488,118409.41170635671,0.0016680737659677258
2023-05-24,-0.018402913005803767,115047.70277620692,-0.09179422273298839,115419.0142452899,0.006851814789674809
2023-05-25,0.02552417905156057,117984.20094133755,-0.06861301585836342,118997.2578258733,-0.005478022829828233
2023-05-26,0.012562119035539387,119466.33251787562,-0.05691282169542422,120583.83419491246,-0.000770762730196467
2023-05-29,0.017852620795436813,121599.1196501388,-0.04007624392411422,122786.35622780772,-0.0004128626966130311
2023-05-30,0.003859729852877525,122068.45940233607,-0.03637119754630181,122831.59031573705,0.00349133315703129
2023-05-31,-0.004159797523122677,121560.67932726283,-0.040379698251958404,121935.78586804811,0.0031331508575527522
2023-06-01,0.004429915732767409,122099.18289310056,-0.03612866117976178,122349.2231345569,0.001039301045162977
2023-06-02,-0.0003081849248359747,122061.55376559812,-0.03642571179586762,124087.12303220647,-0.014512606114648108
2023-06-05,0.01009729168385154,123294.04487735349,-0.026696221148810876,126890.01440285199,-0.012490800473930697
2023-06-06,-0.007839374218760908,122327.4967206152,-0.034326313699759504,125945.3523832056,-0.00039464325161578384
2023-06-07,-0.00373454280428398,121870.65944797116,-0.037932663416218426,126085.76245974297,-0.004849392013726583
2023-06-08,0.00359911468510421,122309.2859280737,-0.03447007273706055,127503.54810128859,-0.007645498615293622
2023-06-09,0.04168389667254635,127407.61356479247,0.0,132439.1616739952,0.0029742792053856215
2023-06-12,0.009012282559647478,128555.84697848874,0.0,134436.02043731944,-0.006065272584046183
2023-06-13,0.0011749029932441868,128706.8876279028,0.0,134169.1009894691,0.003160378663991076
2023-06-14,0.006157303232257494,129499.37496310788,0.0,135194.45627645616,-0.001484957760961303
2023-06-15,0.00028128888602529933,129535.80169803221,0.0,135796.9864449912,-0.004175477945470851
2023-06-16,0.012632263763132201,131172.13211185054,0.0,137509.67090566014,2.016900679749356e-05
2023-06-19,0.029347265450063942,135021.67549258788,0.0,140093.91981802136,0.01055404970501167
2023-06-20,-0.009715018047551927,133709.9374783667,-0.00971501804755193,139310.1063313351,-0.004120103666510805
2023-06-21,-0.023748751144809233,130534.49344760495,-0.03323304964638253,136902.42758746544,-0.006465879088540599
2023-06-26,-0.013895587340045923,128720.63999301511,-0.04666684424249104,135330.49160835647,-0.0024134244097744617
2023-06-27,0.0019410198665230638,128970.48931247312,-0.04481640564775057,136445.4162731941,-0.0062975127183151625
2023-06-28,-0.00015832101923241026,128950.07057315427,-0.04496763128796245,136597.04724675746,-0.0012696150275246787
2023-06-29,0.008690727598307246,130070.74051028806,-0.03666770512391993,137175.56189930908,0.00445553610469801
2023-06-30,0.014377819203315045,131940.8741009863,-0.02281708755547708,138694.1794631391,0.0033072061669730257
2023-07-03,-0.00512561690193547,131264.59572663813,-0.02782575280778526,138286.30208921005,-0.0021847770230893904
2023-07-04,0.0026754924397365265,131615.7931601098,-0.025224707959316032,138523.37232456738,0.0009611488512848432
2023-07-05,-0.01036144542881312,130252.06330171137,-0.035324788953150985,137353.2138999464,-0.001914073660536919
2023-07-06,-0.0022090071368794373,129964.33556428461,-0.03745576337912419,136797.4143174978,0.0018374914245115892
2023-07-07,-0.006776393126722069,129083.6461340478,-0.043978341528327816,135748.81893406677,0.000888922688365823
2023-07-10,-0.0011823543023539163,128931.02352967768,-0.04510869784936529,135222.2569341539,0.002696589205571559
2023-07-11,0.006408417147586443,129757.26731172114,-0.038989356054582015,135992.3667722755,0.0007132760104541225
2023-07-12,-0.02544510019977697,126455.58064332514,-0.06344236818282542,133176.06676901618,-0.00473584959915066
2023-07-13,0.03479129110078305,130855.13356080561,-0.030858318981614122,137706.091034504,0.0007759880858290713
2023-07-14,0.03896176744216606,135953.4808432153,0.0,142314.30012130307,0.005497676985597916
2023-07-17,-0.014399017781621448,133995.8842550805,-0.014399017781621497,140535.4212894247,-0.0018993685519788084
2023-07-18,-0.008302546480249529,132883.37719789057,-0.02258201574746917,139405.47188881555,-0.0002622290268860239
2023-07-19,-0.001255582813388778,132716.53111329584,-0.023809244969993728,139849.86214568856,-0.00444333614080078
2023-07-20,-0.025381184840806315,129348.02830567866,-0.04858612296329662,136564.03740390984,-0.00188581136410082
2023-07-21,-0.0026299796781449336,129007.8456198266,-0.05108832212540823,136142.40934413532,0.000457422157577686
2023-07-24,0.011319583899141339,130468.16075196772,-0.04034703677483172,137409.08796946242,0.0020155130263741217
2023-07-25,0.003849430863271275,130970.38891664057,-0.0366529190401631,138499.98719630454,-0.004089630831720342
2023-07-26,-0.011794524256458216,129425.6554876855,-0.04801513955393208,136954.20930262265,-0.0006336720067683654
2023-07-27,-0.009638788526367681,128178.14896455317,-0.05719112030407541,135655.49533737914,-0.00015595501685644608
2023-07-28,0.007680677090299293,129162.64393678217,-0.04994970974126425,137070.75417918805,-0.0027520653377838267
2023-07-31,-0.002603058206315345,128826.42605653315,-0.0524227459457345,136658.05027399954,0.00040782407604941784
2023-08-01,0.005765321421384861,129569.15181031733,-0.04695965850451842,137172.70948918952,0.0019992848493856352
2023-08-02,-0.007869129859056856,128549.55532899409,-0.054459256712666285,136140.11108402687,-0.0003414050732163665
2023-08-03,0.0028619349633485225,128917.45579591303,-0.051753180600181775,136425.59010417582,0.0007649848589611208
2023-08-04,0.023840461289008186,131990.90741029292,-0.029146539009855317,139321.26236681163,0.002615174592981273
2023-08-07,0.016337252846643224,134147.27623811274,-0.013285460540620693,141472.6360400246,0.0008954341560491186
2023-08-08,-0.008777856348231694,132969.75071778803,-0.021946699024706705,140246.86747222417,-0.00011350540298138423
2023-08-09,-0.02358670585296052,129833.43232026607,-0.045015754543328054,137620.18245581494,-0.00485769561728136
2023-08-10,-0.008550811731823926,128723.25108399897,-0.05318164503308603,136156.6229132381,0.00208396229957028
2023-08-11,-0.003992199753710901,128209.36215272456,-0.05696153303659395,135107.52854482565,0.003712855982585722
2023-08-14,0.004264377297271249,128756.09524598627,-0.05294006120762163,135750.76647640576,-0.0004965560016209902
2023-08-15,0.0011140492244481326,128899.53587403803,-0.051884989817304106,135890.27970231455,8.633328935597762e-05
2023-08-16,-0.016036944427973432,126832.38118043452,-0.06708985754693146,133850.36003773875,-0.0010254243321687895
2023-08-17,0.0033247652151167095,127254.06906953364,-0.06398815035647401,134579.0144336455,-0.0021190333350054047
2023-08-18,-0.018452517077527486,124905.91118684321,-0.08125992499678925,131881.20051865137,0.0015938023753786223
2023-08-21,0.009687999045766116,126115.99953523188,-0.07235917202685115,132859.33411734627,0.002271220954209646
2023-08-22,0.03619158352015939,130680.3372656396,-0.03878638152455121,137455.2672531903,0.0015991089576664619
2023-08-23,-0.018887892901456427,128212.06105103999,-0.05694168140573691,134843.0893168776,0.00011594731880298914
2023-08-24,0.011552162740398053,129693.18764558344,-0.04604731823564988,136708.5794435678,-0.0022823625299802364
2023-08-25,-0.02353481386519607,126640.88261476069,-0.06849841703717849,134096.64766249966,-0.004428977262261213
2023-08-28,0.008883141738986522,127765.85152497797,-0.06022375644562935,135505.845064393,-0.0016256772841412859
2023-08-29,0.00893723437092997,128907.72488465815,-0.051824755900751716,136555.13826354351,0.001193707155171364
2023-08-30,0.00555173128320674,129623.38593354731,-0.04656074173612377,137541.66481163815,-0.0016726511943731537
2023-08-31,0.006530297130123097,130469.865158706,-0.040334500084136415,138302.743727756,0.0009968544663300771
2023-09-01,-0.011157296394420202,129014.17420259028,-0.05104177250619716,137261.27986556265,-0.0036269767917705698
2023-09-04,-0.0007892702478990987,128912.34715333491,-0.05179075700165704,137175.39804171014,-0.00016358889087950135
2023-09-05,-0.010337770087877729,127579.68094697506,-0.06159312615097445,135806.87166456273,-0.0003612991121471898
2023-09-06,-0.005823162795772219,126836.76369538814,-0.067057622146069,134850.7271027108,0.0012173098263611182
2023-09-07,-0.01317739499956938,125165.38555970698,-0.07935137237088773,132943.52671626673,0.0009656535951291234
2023-09-08,0.0012807029827006655,125325.68524232417,-0.07817229492746391,132902.03949946476,0.0015927694505212253
2023-09-11,0.009306296131580405,126492.00318208247,-0.06959349332176376,134268.05954553964,-0.0009721017863112968
2023-09-12,0.0028170651360881482,126848.33939424067,-0.06697247758941088,134864.13649232933,-0.0016223894058723654
2023-09-13,-0.0035343490006700673,126400.01309266598,-0.07027012248084041,134358.8924192463,0.00021196997058434142
2023-09-14,0.004539314234417446,126973.78247132807,-0.06604978641365447,134863.72604621146,0.0007819624292988991
2023-09-15,-0.007245254364949716,126053.8251196435,-0.07281649327528669,133523.2663409025,0.0026941099445433603
2023-09-18,-0.006102283332344416,125284.60896363764,-0.07847442973439757,132961.73225729383,-0.001896768450952907
2023-09-19,0.008112106860789892,126300.93109956293,-0.07099891583345273,133989.77505867375,0.0003802370669266919
2023-09-20,-0.0003376269122685738,126258.28850617915,-0.07131257160099404,134232.00268478584,-0.0021454337095113685
2023-09-21,-0.00403781933769487,125748.48034730463,-0.07506244365805768,133457.19515133125,0.0017343327419701293
2023-09-22,0.02186943985748102,128498.52917542963,-0.054834577397712206,136836.07707718443,-0.003448654996990763
2023-09-25,-0.010817242656688264,127108.52940431147,-0.06505866112471251,135261.63063616227,0.0006888343564231958
2023-09-26,-0.0023254721797446587,126812.94205537348,-0.06723284119796025,134844.55611540136,0.0007579929448389977
2023-09-27,-0.00027016310052441206,126778.68187776118,-0.06748484046564958,134801.95931930968,4.573245595052011e-05
2023-09-28,-0.0037746277275721996,126300.13954988032,-0.07100473804320939,134102.43357307094,0.0014146569814262322
2023-10-09,0.005642806268215672,127012.8267690089,-0.06576259775589695,134770.4746391136,0.0006612332404701549
2023-10-10,-0.00045260566445048944,126955.34004415538,-0.06618543889609409,133441.73862460803,0.009406645911709921
2023-10-11,-0.001180147678329857,126805.5139943507,-0.06728747798237149,133860.7576893436,-0.004320237646089575
2023-10-12,0.0011544492730324318,126951.90452779797,-0.06621070868937999,133570.8557423577,0.0033201470622133133
2023-10-13,0.00409304415644085,127471.52427877452,-0.06238866788723396,132378.7158789115,0.013018193709616793
2023-10-16,0.0007261933223934314,127564.09324850107,-0.06170778079885334,131682.81172032037,0.005983112110060695
2023-10-17,0.011813848390159976,129071.1161061671,-0.05062293877554418,133330.1294418795,-0.0006958914918973325
2023-10-18,-0.0024156781967343832,128759.32182516126,-0.0529163282428239,132112.33611082152,0.00671799126084191
2023-10-19,-0.009494919197769236,127536.76246847179,-0.06190881117968486,129357.84130897404,0.011354721970765647
2023-10-20,-0.007508964857246947,126579.09340108898,-0.06895290494942967,127096.91677600682,0.00996909839805224
2023-10-23,0.00022065611064969737,126607.02385152841,-0.06874746371860418,123954.00105833354,0.024949153051392114
2023-10-24,-0.005212461477595687,125947.08961690929,-0.0736015816898842,121798.72795195843,0.012175223373019434
2023-10-25,-0.01808386986738919,123669.4788381007,-0.09035445013195953,118646.61737619153,0.007795797587021286
2023-10-26,0.006510540753057015,124474.63401998546,-0.08443216570870678,120195.14328494949,-0.0065410400083906195
2023-10-27,-0.0005762929673659434,124402.90016378429,-0.08495980101275535,121325.25271545304,-0.009978581609132259
2023-10-30,-0.003172490775561143,124008.23311056163,-0.08786275760331,122621.5223084948,-0.01385674293271022
2023-10-31,0.0045448669616021675,124571.83403219249,-0.08371721518589431,122542.0203329588,0.0051932195023248195
2023-11-01,-0.000637957515831955,124492.36249441069,-0.0843017646750939,122705.70596682926,-0.001973708578411948
2023-11-02,0.0009019416840070349,124604.6473454849,-0.0834758582666827,123146.30713425363,-0.002688772895667768
2023-11-03,-0.0004505828277800994,124548.50263112944,-0.08388882830619362,123171.69688448655,-0.0006567583179249159
2023-11-06,-0.004237185729180748,124020.76749318998,-0.08777056148923768,122363.56233467818,0.00232385524248227
2023-11-07,0.000271622481413214,124054.45432180326,-0.08752277946553114,123236.71026847714,-0.006864063315399238
2023-11-08,0.0009051255086975907,124166.73917287748,-0.08669687305711994,123164.76842827816,0.0014888950692633351
2023-11-09,0.0018085955613074134,124391.30658620756,-0.0850450770756029,123561.7558272039,-0.001414626501233307
2023-11-10,0.0,124391.30658620756,-0.0850450770756029,123352.33573956153,0.001694861700858613
2023-11-13,-0.00036108448988148023,124346.39081472319,-0.08537545310721163,123806.76178976345,-0.004045052429988927
2023-11-14,-0.001444767641976763,124166.73917287748,-0.08669687305711994,124029.84056175231,-0.003246597919774219
2023-11-15,0.002079880287147118,124424.99112600248,-0.08479731188720167,124513.08237476124,-0.0018162934950674559
2023-11-16,0.000992658339849628,124548.50263112944,-0.08388882830619362,124024.057059836,0.0049201598167897265
2023-11-17,-0.0008113411918382329,124447.45130056303,-0.08463210703609199,124364.20331656524,-0.0035539240809394357
2023-11-20,0.0002706727975776424,124481.13584035795,-0.08438434184769075,124108.15309984302,0.002329546733113974
2023-11-21,0.00045101151397841655,124537.27826589506,-0.08397138864348516,123681.47221752837,0.003888987760159418
2023-11-22,0.0,124537.27826589506,-0.08397138864348516,123239.39647209465,0.0035743085646344763
2023-11-23,-0.0007212857594354194,124447.45130056303,-0.08463210703609199,123856.7292919509,-0.00573050227240357
2023-11-24,0.0005413272033092387,124514.81809133451,-0.08413659349459485,123313.02596561953,0.004931103434601403
2023-11-27,-0.0006312342873382448,124436.22006887358,-0.08471471787929949,121361.77546172362,0.015192321161215355
2023-11-28,-0.0009925871573159828,124312.70627492826,-0.08562321829561285,121876.12549950703,-0.005230742341076011
2023-11-29,-0.0003612943842336014,124267.79279226225,-0.08595357749191626,121214.8050573675,0.0050648745182412525
2023-11-30,0.003343203949700113,124683.24536794584,-0.08289773388197808,122665.64007577923,-0.008625919935167814
2023-12-01,-0.0009005425061282546,124570.96280568998,-0.08372362345508394,122541.15136480656,0.00011431960925920026
2023-12-04,-0.00027040442681225407,124537.27826589506,-0.08397138864348516,121315.08707729564,0.009734922549926528
2023-12-05,-0.0010819470177333423,124402.53552907865,-0.08496248306770071,119104.95683352578,0.017136151794343385
2023-12-06,-0.0007220853961564799,124312.70627492826,-0.08562321829561285,118915.58902228782,0.0008678384514515802
2023-12-07,0.0009032451664747754,124424.99112600248,-0.08479731188720167,119935.0919293524,-0.007670087526461811
2023-12-08,0.0001805117634110509,124447.45130056303,-0.08463210703609199,123282.52807663665,-0.027729886214655608
2023-12-11,0.001804497578414388,124672.01642507475,-0.08298032788988026,123931.21528071622,-0.0034572959149535842
2023-12-12,0.001441030831408785,124851.67264455717,-0.08165887426936129,123447.02340713929,0.005347971245735994
2023-12-13,8.99199331088063e-05,124862.8992986099,-0.08157629709676444,122902.1527112495,0.00450372174745281
2023-12-14,0.00017986035778716492,124885.35718435209,-0.08141110908096007,123059.87758611902,-0.001103476600842812
2023-12-15,-0.002067912195212629,124627.10523122709,-0.08331067025087835,121846.81773942498,0.0077895642665619935
2023-12-18,0.0026127809109346423,124952.7285527603,-0.08091556186885229,123453.14128761744,-0.010570358197610985
2023-12-19,-0.0001797127376401697,124930.27295583647,-0.08108073304935134,124073.59462104521,-0.005205533279397517
2023-12-20,0.002246932086400033,125210.98279470365,-0.0790159838636287,122977.47797161987,0.011081339220111203
2023-12-21,-0.0013451477885728647,125042.55551809233,-0.08025484347624548,122898.61086876078,-0.0007038344020900977
2023-12-22,0.00026938460794689867,125076.24005788725,-0.08000707828784424,123475.48172180165,-0.004424491498243671
2023-12-25,0.0019750161003904143,125323.26764577787,-0.07819007745521751,123783.65593755187,-0.0005208171731703737
2023-12-26,0.0011647429372949603,125469.23703664701,-0.0771164058584051,123778.6000644584,0.00120558736909962
2023-12-27,0.0,125469.23703664701,-0.0771164058584051,125113.38267853275,-0.010783629911626569
2023-12-28,-0.0022372801931137554,125188.52719777983,-0.07918115504412775,126523.66412894489,-0.013509307375335455
2023-12-29,0.0005381410029963174,125255.89627736967,-0.07868562466732529,128241.11390772405,-0.013035997800230459
2024-01-02,0.0028550305765808748,125613.50569113859,-0.07605524395510707,126474.59651192851,0.01662999978861246
2024-01-03,-0.0011013936263426505,125475.15577658781,-0.07707287082050768,125539.32631356783,0.006293531711667605
2024-01-04,0.0031843128790565167,125874.70793112883,-0.07413398207663073,125539.75672876414,0.003180884350252655
2024-01-05,-0.0025882481736395624,125548.91294821867,-0.07653035310655582,124965.91764492913,0.0019827267811298177
2024-01-08,-0.0009454879678745254,125430.2079616464,-0.07740348254639089,123972.29039352646,0.007005698004495131
2024-01-09,-0.0016987372578896043,125217.1349941171,-0.07897073162458858,124082.98669245566,-0.0025916488801384363
2024-01-10,-0.004713443231628034,124626.93113669523,-0.08331195079574398,122767.42743576482,0.005888810080919099
2024-01-11,-0.004022436073432223,124125.62727316984,-0.08699926987294736,122633.31370664886,-0.0029300149653484486
2024-01-12,0.003033247540683348,124502.13102683195,-0.08422991265364745,122400.83043682868,0.004929007043491113
2024-01-15,-0.00027057230535287857,124468.44419821867,-0.084477694677354,122518.2912101062,-0.0012302126350655362
2024-01-16,0.003631574668473858,124920.46064719328,-0.08115290706492144,124073.85233933617,-0.009064987729399787
2024-01-17,-0.003937954997885296,124428.52949484953,-0.08477128556683752,122646.03464034307,0.007569850007540596
2024-01-18,0.00505952009217947,125058.07813986906,-0.08014066749722339,125885.23675740202,-0.021351461123461535
2024-01-19,0.001572200424393877,125254.69450339445,-0.07869446426427981,127101.45980099929,-0.008089163170934444
2024-01-22,-0.005054234185376094,124621.62794455656,-0.0833509581981715,126342.66135329168,0.0009157873147360163
2024-01-23,-0.003525839870559988,124182.23204001554,-0.08658291593706703,126635.51330160865,-0.005843758024096979
2024-01-24,0.009454227624486,125356.27912863859,-0.07794726290824179,128512.08635153114,-0.005364467392393268
2024-01-25,0.008284486647761824,126394.79154929289,-0.07030852931927298,130574.84578985034,-0.0077666062640499856
2024-01-26,0.003623652989523718,126852.8024135507,-0.06693965004220613,130344.61467419872,0.005386864841385147
2024-01-29,0.0043816055194190184,127408.62135275968,-0.06285134766288002,129813.94423358154,0.008452893327845878
2024-01-30,-0.005058449298223855,126764.13130149015,-0.06759186660562612,128591.16564684911,0.004361020959395112
2024-01-31,0.005324832066069707,127439.1290126718,-0.06262694987826359,128946.19506259226,0.0025639159956908075
2024-02-01,-0.004515421082976534,126863.6876827318,-0.06685958391139733,131459.18515982816,-0.024004093052056835
2024-02-02,0.0021592856200782773,127137.62261925524,-0.06484466722942325,130210.9077658245,0.011654836596497575
2024-02-05,0.010289973737902969,128445.8654171068,-0.05522194341435405,134027.26501923014,-0.019019070480336298
2024-02-06,-0.003656186505263559,127976.24337731188,-0.0586762281953116,135318.56544941477,-0.013290796522854836
2024-02-07,0.0021846623815895416,128255.82826195544,-0.056619753562153964,135428.0930279166,0.0013752569748880783
2024-02-08,-0.002694499388742444,127910.24301110095,-0.059161691059532416,135709.90409719263,-0.004775390162401694
2024-02-19,0.011486156604299635,129379.44009362048,-0.04835507490371774,140970.1307526982,-0.02727465964193626
2024-02-20,0.009621207607223514,130624.22654686755,-0.03919910151100566,145269.9855762868,-0.02088067815134026
2024-02-21,-0.0030574764247177644,130224.84605370351,-0.042136727606983365,142925.0274667147,0.013084592429145031
2024-02-22,0.0039625033438444035,130740.86244164294,-0.03834119118718028,144781.67443242687,-0.009027852499498334
2024-02-23,-0.0067104266328641415,129863.5354763109,-0.04479433206956626,143224.3218813983,0.004046131868988306
2024-02-26,-0.008190560086253407,128799.88038597887,-0.05261800148748034,141096.09029818734,0.006668868502791275
2024-02-27,0.0038899463740502682,129300.90501366442,-0.048932736317526065,145431.8536826784,-0.026839206895384826
2024-02-28,-0.0009521187612095972,129177.79519615954,-0.04983826530245037,143133.6769714357,0.014850311401422817
2024-02-29,0.00038521481091713383,129227.55639611071,-0.04947224892947823,144353.22253929893,-0.008135111038789361
2024-03-01,0.010235964317693247,130550.32505224399,-0.03974268078654315,147884.73482781183,-0.014228417054544418
2024-03-04,0.023059742263681127,133560.78190038854,-0.017599394498667417,153072.63750796777,-0.012020975744140572
2024-03-05,0.012240810885403075,135195.67417333776,-0.005574014473020159,155702.98004722048,-0.004942812406615871
2024-03-06,-0.0057261848854192055,134421.51874731234,-0.0112682815210128,154218.30523007712,0.0038091163444809173
2024-03-07,0.006916607656468177,135351.25965307408,-0.004429612146788049,156052.45872249326,-0.004976620515633606
2024-03-08,0.022042657319727432,138334.76108740026,0.0,161149.06381128266,-0.010616905563883533
2024-03-11,0.0014111219249668405,138529.96830175573,0.0,161566.53322698924,-0.0011794572930140246
2024-03-12,-0.025236564699106956,135033.94779394323,-0.025236564699106998,156159.3141443289,0.008230880412583269
2024-03-13,-0.004352147683649554,134446.26011083776,-0.02947887912615809,155216.2389273279,0.0016870387854287516
2024-03-14,-0.009833260772059815,133124.2149753397,-0.03902226639250233,153063.60763796014,0.004035335092936132
2024-03-15,-0.0005363016009332089,133052.82024572545,-0.039537640289497245,152949.2262422622,0.00021097854921506287
2024-03-18,0.012159715534044935,134670.70469091588,-0.027858691214260038,155479.08883240807,-0.004380823129018913
2024-03-19,0.004527461386681253,135280.42110632116,-0.023457358976334837,156503.3961220296,-0.0020606096993645018
2024-03-20,-0.001003258310072641,135144.69989965612,-0.024437083496082087,156049.39967470014,0.0018976145053356541
2024-03-21,-0.005965813629761452,134338.45180700472,-0.030257110040051043,154578.65140661693,0.0034590753550672038
2024-03-22,0.006369697815536313,135194.14715002233,-0.02408014087224129,156162.19983239006,-0.003874591491967283
2024-03-25,-0.006161959332955158,134361.08631323033,-0.03009371935640986,154944.03685043048,0.0016386670879523224
2024-03-26,-0.0027855582308282667,133986.8156833475,-0.03279544977958861,154328.19616571508,0.001189042516858807
2024-03-27,-0.004835428043070689,133338.9320773905,-0.037472297785109965,153233.12571754062,0.0022602970115953858
2024-03-28,0.011036224433482511,134810.49045751744,-0.02684962604002228,155873.04396692594,-0.006191892770440965
2024-03-29,-0.0055203683702894635,134066.28689001256,-0.03222177458396626,154530.05867746653,0.0030955234816997246
2024-04-01,0.0038092259701145714,134576.97567175084,-0.028535288634400004,155912.06109281862,-0.005134033530204418
2024-04-02,-0.0038878018736298037,134053.76705358678,-0.032312150959412395,155046.38027533112,0.0016645640653475402
2024-04-03,-0.007412356048908553,133060.11280248815,-0.03948499784070371,153394.63969669814,0.0032408470487698127
2024-04-08,0.0076393620003591955,134076.60717199498,-0.03214727603243305,154556.65712653266,6.401626381888348e-05
2024-04-09,-0.004848600639975276,133426.52324865514,-0.036840007369263975,153566.88495154615,0.0015553433465732291
2024-04-10,-0.0014789791990793555,133229.1881961649,-0.038264500963750225,152961.48777734756,0.0024632585717110356
2024-04-11,-0.0027297799812013857,132865.5018253153,-0.04088982727623015,152538.41166306494,3.61195954191873e-05
2024-04-12,0.0011632335106006586,133020.05542944127,-0.0397741581829599,153233.28661550456,-0.00339217613909773
2024-04-15,0.015648138614505758,135101.5716953104,-0.024748411108976347,156495.15730861147,-0.005638820408253059
2024-04-16,0.0010066307078482328,135237.56908605748,-0.02376669291172078,156793.95073442796,-0.0009026515405941848
2024-04-17,0.007630002733885144,136269.43210790807,-0.016318030109727575,158599.93706795995,-0.003888211617323556
2024-04-18,0.003458640608437591,136740.73909948522,-0.012915827702877134,159725.00624406824,-0.003635114893030228
2024-04-19,-0.0022515686735231633,136432.8579349344,-0.015138315503351915,158931.19198677145,0.002718312223421643
2024-04-22,-0.01087795052455609,134948.7480563944,-0.02585159218083745,156291.07331840802,0.005733758198947225
2024-04-23,-0.008708990836929997,133773.48064611608,-0.03433544173834453,154257.40617173185,0.004303058434323215
2024-04-24,0.011098364318323783,135258.1474704569,-0.023618144661463558,157141.50837541226,-0.007598321145644016
2024-04-25,-0.0015315093990234674,135050.9983463114,-0.025113482649950506,156906.62669265858,-3.6794952267910075e-05
2024-04-26,0.013644290237569079,136893.67336462194,-0.011811848058533416,160497.06087901714,-0.009238326399084118
2024-04-29,-0.002060901148162153,136611.54903600866,-0.0138484061554698,160100.11634922557,0.00041231878258024546
2024-04-30,0.0053160600556778626,137337.78423498326,-0.00860596505858979,161434.9744357765,-0.003021585893555556
2024-05-06,-0.001710250202265673,137102.90226171666,-0.010301496907373333,161437.65387170546,-0.0017268478195933135
2024-05-07,0.003713716985955351,137612.0636386698,-0.006626036765463578,162337.38821023848,-0.001859544994474771
2024-05-08,-0.007542933035711963,136574.06505773717,-0.014118990049561467,160566.30501171792,0.0033669578898886388
2024-05-09,-0.000533390920905874,136501.21769140416,-0.014644850029362565,160585.80337382774,-0.0006548258764427495
2024-05-10,0.0011766796850265493,136661.83590124303,-0.013485402641855788,160735.5539483809,0.000244152827689581
2024-05-13,0.002534364172057435,137008.18676183873,-0.01098521539109964,161392.26132604096,-0.0015512743909636972
2024-05-14,-0.006913575296429664,136060.97034643346,-0.017822843573775463,159659.68154126118,0.0038216344995323503
2024-05-15,0.006228975470477849,136908.4907932108,-0.011704886158732856,161384.26811451727,-0.004572665598876285
2024-05-16,0.005239146427042929,137625.7744235819,-0.00652706334418737,162715.80135301914,-0.0030115539296798888
2024-05-17,-0.0003994204629717002,137570.8038730448,-0.006923876764496315,162413.95490408444,0.0014556326199174907
2024-05-20,0.0019844240356869935,137843.80268285924,-0.00495319263628091,162632.81240491345,0.000636895118247327
2024-05-21,-0.0009121618284996247,137718.0668277567,-0.005860836351528519,162365.7821705888,0.000729759198235258
2024-05-22,-0.006008503984140323,136890.58727453402,-0.011834125477100332,160886.5454416534,0.0031020161584672246
2024-05-23,0.0029349802052840435,137292.35843847448,-0.008933878195838471,161559.27566098867,-0.0012464149355498888
2024-05-24,-0.007572592753720131,136252.69931982213,-0.016438818328270214,159919.6489749246,0.0025761695464068535
2024-05-27,0.013279522628655727,138062.07012365514,-0.003377595359593075,162921.8958903266,-0.005493948515423341
2024-05-28,-0.005767865091854452,137265.74672887975,-0.009125978937078512,161443.83837538926,0.003304319508380893
2024-05-29,-0.0018849195809197417,137007.01183508092,-0.01099369678160464,160873.93415154706,0.001645126716152634
2024-05-30,-0.002054674560132752,136725.50701330358,-0.013025782872638387,160256.9368168657,0.0017806101174965283
2024-05-31,-0.009083069505124275,135483.61972997838,-0.021990538286571847,158076.12051650748,0.00452517949598033
2024-06-03,0.01374208973582225,137345.44779004177,-0.008550644501222652,161775.0885397229,-0.009657826779899126
2024-06-04,-0.0008476768791408906,137229.0232294949,-0.009391073196718133,161585.13533639567,0.000326503923613386
2024-06-05,0.0017307390507133036,137466.53085888943,-0.0076765876431144865,161497.0809609906,0.0022756801136505633
2024-06-06,0.020737747122690386,140317.27701367458,0.0,167213.70503296985,-0.014659945751771652
2024-06-07,-0.00939014435960217,138999.6775263699,-0.009390144359602141,164980.09340695254,0.003967681935658246
2024-06-11,-0.003562106705288448,138504.54584302029,-0.012918802368703589,163979.8445427605,0.002500739081353065
2024-06-12,0.003046063863454407,138926.4395350369,-0.009912090002303505,164569.27551430307,-0.0005484691914228457
2024-06-13,0.010500247346953095,140385.2015131863,0.0,167206.13937048838,-0.005522572513830398
2024-06-14,0.006014015066692968,141229.48023022732,0.0,169156.54087362945,-0.005650637382577872
2024-06-17,-0.0003718769546419143,141176.96024121364,-0.00037187695464187536,168009.0374823167,0.006411800373981202
2024-06-18,0.007369768489729811,142217.40175427517,0.0,170220.20445246418,-0.005791231675991798
2024-06-19,-0.0007850823660841,142105.7493800076,-0.0007850823660840912,170443.31536411322,-0.0020958016920694933
2024-06-20,0.004245570173356805,142709.06931103786,0.0,171446.87855208627,-0.0016423884469575212
2024-06-21,-0.0020454753443469587,142417.16142834743,-0.002045475344346962,171319.69433714874,-0.0013036466449175
2024-06-24,0.000141097326927353,142437.25610913357,-0.0019046666285229108,171384.25395743584,-0.0002357397935033867
2024-06-25,-0.008468981217463423,141230.9576624783,-0.010357517260083802,169530.998898708,0.002344468769535396
2024-06-26,0.002811806901908964,141628.07184399685,-0.007574833696693485,170133.66385211758,-0.0007430884111876979
2024-06-27,-0.0013654744330729995,141434.68233288845,-0.008929964888018832,170605.66721212646,-0.004139783463525171
2024-06-28,0.0055565673793742665,142220.57367505154,-0.0034230174602403163,173061.451543633,-0.008837938803431089
2024-07-01,0.008028069884787659,143362.33037956944,0.0,174555.52832936597,-0.0006051454985716576
2024-07-02,-0.003536581448146281,142855.31782158604,-0.0035365814481462476,173408.78628017925,0.0030329157208173474
2024-07-03,0.0013147705196652204,143043.13978203526,-0.0022264607215095014,173709.86436043956,-0.0004214626131465171
2024-07-04,0.001014792805800413,143188.29893120518,-0.0012139273120316063,174332.82795518683,-0.0025714375849772986
2024-07-05,-0.0011911619636197912,143017.7384758829,-0.002403643291610662,173928.02946730296,0.0011308246216487072
2024-07-08,0.0030720321266606287,143457.0935631632,0.0,174477.70818481766,-8.83481708581213e-05
2024-07-09,0.015055896178884698,145616.9686699747,0.0,178007.3938259105,-0.005174113017212517
2024-07-10,-0.00486508723009027,144908.52941521397,-0.004865087230090224,176921.9084979723,0.0012328916493700992
2024-07-11,-0.0010683208779895814,144753.72060784092,-0.005928210633818704,176678.21767648007,0.00030907112258915515
2024-07-12,-0.008700219304150103,143494.33149346104,-0.014576853205373353,174973.86584699404,0.0009464244751464235
2024-07-15,0.004726596621125845,144172.57131584873,-0.009919155489354738,175780.19997555975,0.00011828483317694038
2024-07-16,0.007385010532336755,145237.28727349034,-0.0026073980247788447,177199.29378140467,-0.0006881046765563614
2024-07-17,-0.01628281568153067,142872.41529473057,-0.01884775792486367,173025.05418637666,0.007273935059120912
2024-07-18,0.009629108214597615,144248.14924248448,-0.00940013681092701,175001.8051049522,-0.0017955431335606176
2024-07-19,-0.0029462931201805764,143823.15191277256,-0.012318734372692803,174015.3379004599,0.002690604190110968
2024-07-22,-0.005774323031139339,142992.6705742716,-0.018021925052229427,173035.60026632744,-0.00014414326679643152
2024-07-23,-0.0010892586038051544,142836.91457756748,-0.01909155311911431,172258.4745050328,0.003401873626201618
2024-07-24,-0.0011789282253320543,142668.52010735264,-0.020247973773608857,171164.87545571828,0.005169665377722066
2024-07-25,-0.012338116154709922,140908.25933464756,-0.03233626807600242,168071.8693338223,0.005732215820007408
2024-07-26,-0.006533264815329565,139987.66836174717,-0.03865827148885201,168236.32977530963,-0.007511777413179377
2024-07-29,0.0037309417965720737,140509.95420464268,-0.035071561453160954,169107.84671223178,-0.0014493717426385944
2024-07-30,-0.008697276404502685,139287.9002953409,-0.04346381079376797,166495.0202313036,0.006753375541733608
2024-07-31,0.005042416198449917,139990.2478600382,-0.038640557218910965,168807.57598840428,-0.008847222986481468
2024-08-01,0.002456451956432737,140334.1271782755,-0.03627902393485621,169245.87791296517,-0.0001400068932045362
2024-08-02,-0.008156253225818477,139189.52650078526,-0.044139376254676496,166759.44744108643,0.006534978859357443
2024-08-05,-0.020916734022721206,136278.13619621983,-0.06413285868434981,161384.18656139928,0.011316887293313371
2024-08-06,-0.006553438899082553,135385.04575737705,-0.07026600681262096,160069.1305592047,0.0015951661793603966
2024-08-07,9.226726331656998e-05,135397.53736504307,-0.07018022280145722,159984.9157396194,0.0006183825691914446
2024-08-08,0.0013620435550643073,135581.95470818272,-0.06891376776655253,160353.41213649372,-0.0009412760746066451
2024-08-09,-0.00485566427714168,134923.61425408116,-0.0734348099233469,159586.40254604275,-7.241969112625757e-05
2024-08-12,-0.00615038145949709,134093.78255852452,-0.07913353928940978,158665.1272931855,-0.0003774882921645517
2024-08-13,0.0028095196756714458,134470.52167900788,-0.07654634684937754,159251.81978223188,-0.0008881579366387393
2024-08-14,0.010470275020402653,135878.46502312412,-0.06687753313229493,161391.02383781094,-0.002962563979517885
2024-08-15,0.005419488881619472,136614.85685356846,-0.0618204862979161,162302.97381284882,-0.00023107304773761772
2024-08-16,0.0027121279215669425,136985.3738213419,-0.05927602344336256,163304.7671369222,-0.003460237873951638
2024-08-19,0.00030069985864078497,137026.56530388584,-0.05899314787659189,163339.14687652423,9.017483720508146e-05
2024-08-20,0.0002831933198392811,137065.3703118204,-0.05872666102214763,163503.30152420583,-0.0007217993645274312
2024-08-21,0.0006532322661603196,137154.90583428132,-0.05811179090585074,163716.82858885927,-0.0006527172936521275
2024-08-22,0.0054949645574193795,137908.5671807169,-0.052936148579827126,164656.04293876726,-0.00024185772287668716
2024-08-23,0.0005804341682233982,137988.61402519932,-0.0523864403609736,165231.97769798618,-0.002917371007582187
2024-08-26,-0.000386128978570377,137935.33262261143,-0.05275234141683644,165155.68353757315,7.56107008545448e-05
2024-08-27,-0.0001642112105975091,137912.6820946573,-0.05290789010158805,164793.96605352324,0.0020259494687206725
2024-08-28,-0.0018150591216768985,137662.36242302647,-0.054626918274727355,164213.05165212118,0.0017100359732088455
2024-08-29,-0.012426696521535496,135951.67402275788,-0.0663747826609561,161322.5054958023,0.005175717703384958
2024-08-30,0.007897198749880818,137025.3114128946,-0.05900175876172906,163943.00387890436,-0.008346650024028984
2024-09-02,0.003411400178445323,137492.75958470008,-0.0557916371936521,162780.3139935979,0.010503437397461152
2024-09-03,-0.002895199728673137,137094.69058445594,-0.058525308989459915,162513.9057338363,-0.0012585874552007714
2024-09-04,-0.001539335869832792,136883.65580967566,-0.05997455475187213,161019.75891265812,0.007654627037103068
2024-09-05,-0.006529704992609409,135989.8459189286,-0.06611264359488873,159292.65565603165,0.0041963280625220145
2024-09-06,-0.0008537761634440644,135873.74103001258,-0.06690997435912924,157905.52931164572,0.007854260868603524
2024-09-09,-0.005386062736335129,135141.91653660437,-0.07193565577587954,156916.39234000698,0.000878043251280769
2024-09-10,0.0011094785491998493,135291.8535940995,-0.07090598829368566,157544.25153656284,-0.0028917554021608838
2024-09-11,-0.01490490272359013,133275.34167698523,-0.08475404415923844,155260.36838292074,-0.00040813034778533486
2024-09-12,0.0008256039896357148,133385.37433079383,-0.08399841344659828,155696.46473646737,-0.0019832026497448862
2024-09-13,0.009228535713526442,134616.32602146766,-0.0755450600914433,158417.01644949339,-0.00824489708169368
2024-09-18,0.004827928403759563,135266.24400547644,-0.07108185782906301,158683.09781484999,0.0031483022416205486
2024-09-19,-0.0015306252692576239,135059.2020743241,-0.07250368341054166,158615.72634289667,-0.001106059118980568
2024-09-20,0.0032551371821878394,135498.83830479285,-0.06948455566406907,159445.97317163364,-0.0019791913921562987
2024-09-23,0.0029137752106762616,135893.65146092078,-0.06677324282921168,159991.41422174344,-0.0005070766255921844
2024-09-24,0.012313946442724877,137567.03860691687,-0.05528153852249282,166286.5739468382,-0.02703291323544421
2024-09-25,0.005096253540585405,138268.11511448523,-0.0504670137183316,168671.13708323054,-0.009243828642806373
2024-09-26,0.010902022041206605,139775.51715305945,-0.04011518417303607,172636.4623955684,-0.012607188727801089
2024-09-27,-0.0036099743311999166,139270.93112400672,-0.04358034371907994,174507.27894106045,-0.014446714840892272
2024-09-30,0.026187805184985535,142918.13113621375,-0.018533812085304344,184348.35998387492,-0.03020572236602459
2024-10-08,0.0022349603358846615,143237.54749058196,-0.016340274084303025,190373.29511748397,-0.03044737616082227
2024-10-09,-0.030889134510983407,138813.063619122,-0.04672467167115007,181749.57577662388,0.014409862575441995
2024-10-10,0.015500904610572297,140964.79167698332,-0.031948041739112476,185324.65398853138,-0.004169447832513412
2024-10-11,-0.009170086818656498,139672.13229893157,-0.040825162241335214,182196.1253712598,0.007711253844551652
2024-10-14,0.01307048495805363,141497.71480320403,-0.028288281952267055,185728.94061388948,-0.006319692716860725
2024-10-15,-0.018978864832926323,138812.24879978606,-0.0467302673056656,180864.43087285987,0.007212582363999326
2024-10-16,-0.009370663977422256,137511.48586033293,-0.05566303765059131,177948.35726217678,0.006752316072386272
2024-10-17,-0.010040305928932236,136130.82847355315,-0.06514446965257795,175773.8683559903,0.002179469176845944
2024-10-18,0.020101889095149872,138867.3152899594,-0.04635210746154646,182136.07071719386,-0.01609349319181419
2024-10-21,-0.006872106567245462,137913.00430057952,-0.05290567740669981,180688.1478522668,0.001077570063120037
2024-10-22,0.0022863952570328916,138228.32793949553,-0.050740245439559614,181645.21475455648,-0.003010393235548303
2024-10-23,-0.003686826836389545,137718.70403049895,-0.05424000177737756,180404.54211022344,0.00314337040282453
2024-10-24,-0.007764848912333644,136649.33910129973,-0.06158368527090516,178492.65579183496,0.0028329237159208376
2024-10-25,-0.003712005925305517,136142.09594486663,-0.06506709219158291,177960.3809578369,-0.0007299513884578002
2024-10-28,-0.0020812420163069945,135858.75129459807,-0.06701291384174186,177187.55215233463,0.0022614594397288024
2024-10-29,-0.0014770687935122817,135658.07857273528,-0.06839099995145616,176580.42022540278,0.0019494243182040516
2024-10-30,-0.003865371409165652,135133.70971439788,-0.07199201474476523,175414.9997985655,0.0027345699962836867
2024-10-31,-0.0058883583909795645,134337.9940008969,-0.07745645835163896,173567.6346882634,0.004643039222813283
2024-11-01,-0.0005303754707446373,134266.7444240898,-0.07794575281682309,173998.3420069012,-0.0030118710526332304
2024-11-04,0.003312893609077161,134711.55586360395,-0.07489108519410752,175179.2139121569,-0.003473791204326948
2024-11-05,0.002804836262110255,135089.39972041547,-0.07229630616345852,176059.58575384453,-0.0022207134137154083
2024-11-06,-0.008324771569734657,133964.81132625043,-0.0800192274990468,173032.1631396955,0.008870671672883051
2024-11-07,0.0056698529131433695,134724.37210200727,-0.07480307183604643,175206.04129601177,-0.006893581056997666
2024-11-08,0.007697523000193884,135761.41605494916,-0.06768134720179557,177527.90749031864,-0.005554680959965502
2024-11-11,0.0014979920510878042,135964.7855770439,-0.06628474127082305,178130.8500110565,-0.0018983332324213342
2024-11-12,-0.007342666232877493,134966.4415371269,-0.07314070077221627,175149.47407764455,0.009394333187643406
2024-11-13,0.014824562465388436,136967.25998042524,-0.0594004171941878,179534.03952942922,-0.010208715395560175
2024-11-14,-0.010353555064472886,135549.16191218793,-0.06913896676838799,176431.4873536796,0.006927581058134347
2024-11-15,-0.00479515054557389,134899.18327449262,-0.07360258555974204,173982.25280885052,0.009086921082146648
2024-11-18,-0.006737771753345223,133990.2633678764,-0.07984443989112962,172387.85063415082,0.0024263938380238437
2024-11-19,0.0008737273743324447,134107.33432887495,-0.07904047478961825,172949.4770200864,-0.0023841958718219813
2024-11-20,0.0021087138905078184,134390.1283275932,-0.07709843464621172,174010.9735719227,-0.0040288967581386115
2024-11-21,-0.0048071639872018235,133744.09294246137,-0.08153497381491262,172567.38441597982,0.0034888022171720434
2024-11-22,-0.0043339912538366,133164.44721339643,-0.08551559320535362,170496.89670421323,0.007664149175618057
2024-11-25,-0.003095525167047808,132752.23331569135,-0.08834640270145924,169054.95978249388,0.00536173681010646
2024-11-26,0.0040712882137279305,133292.7059185356,-0.08463479815577499,169641.2946731118,0.0006029789054868562
2024-11-27,0.004740956562771403,133924.64084742963,-0.08029509149475902,171506.13384669612,-0.006251880866214976
2024-11-28,-0.005460183033762056,133193.38779567182,-0.08531684863224703,169861.58585726668,0.00412867511692927
2024-11-29,0.0023271252435055345,133503.34549067914,-0.08318826638088997,170447.91339860766,-0.0011246707489896424
2024-12-02,-0.00288745840539284,133117.86013359402,-0.08583552212729126,171215.86803578818,-0.007392967577480036
2024-12-03,0.0027264233218855516,133480.79577202175,-0.08334312277477975,171600.04174049964,0.0004826260084779266
2024-12-04,0.005947737176831058,134274.704463428,-0.07789108858770942,173137.54287938392,-0.003012057490406478
2024-12-05,-0.0009046541450542511,134153.23229545922,-0.07872527823661005,174093.9687139018,-0.0064287352808491405
2024-12-06,0.0019016099152751043,134408.33941215847,-0.07697337309101249,174617.85771422263,-0.0011076212728641788
2024-12-09,0.0007418785253998639,134508.054072803,-0.07628859945813647,174262.57932760066,0.002776483641237504
2024-12-10,0.0006670357422533524,134597.7757524905,-0.07567245093844818,173948.82658238392,0.0024674954073595212
2024-12-11,0.0019776499640413725,134863.96303886746,-0.07384445459428422,175166.70813532395,-0.005023728411818029
2024-12-12,0.0033568575771458775,135316.6821550784,-0.07073548233407341,176272.27798394227,-0.00295467193886384
2024-12-13,-0.0009615911479513573,135186.56283134792,-0.07162905486836624,174352.12286471718,0.009931529092997743
2024-12-16,0.005504596580234278,135930.710322803,-0.06651874733860569,175496.7477410371,-0.0010604217144271066
2024-12-17,-0.0008988023009292023,135808.53548759792,-0.06735776243637204,176536.036912338,-0.006820787663498223
2024-12-18,0.006615095139868243,136706.92187065457,-0.061188245303428986,177702.42218642423,8.02898789936668e-06
2024-12-19,0.00043361452279300217,136766.19997734402,-0.060781162892423704,179232.48354721352,-0.008176630300905319
2024-12-20,-0.006064072841915569,135936.8397783694,-0.06647665433514331,177568.22547257488,0.0032213984169829624
2024-12-23,0.006456557489691983,136814.5237993655,-0.060449307185888534,179533.43999798593,-0.004610819684241707
2024-12-24,0.005592689369255721,137579.684932178,-0.055194692014310175,183228.05750058923,-0.014986304174480547
2024-12-25,-4.408622287010999e-06,137579.07839531277,-0.05519885730404786,182492.23929609373,0.004011451254921722
2024-12-26,-0.0016190695136996114,137356.32830376003,-0.0567285560306954,182785.5123677303,-0.0032261135872873326
2024-12-27,-0.0006985448404762673,137260.37874931667,-0.05738747343104878,181578.3216051367,0.005905866783596753
2024-12-30,0.003478857571371119,137737.888057178,-0.05410825870612512,181587.44515917584,0.003428611738286763
2024-12-31,0.003550265285594323,138226.89409965847,-0.05075009209307916,180524.4983575635,0.009403901260705921
2025-01-02,-0.008528014003062023,137048.0932111768,-0.05884530860011477,177184.68334969933,0.009972605238372012
2025-01-03,-0.004498442394420543,136431.59025860115,-0.06307903876361579,175814.1875725052,0.003236400997709582
2025-01-06,-0.005433103762729652,135690.34327221196,-0.06816942756348943,175181.28786547162,-0.0018332821796585574
2025-01-07,0.00011088570731776493,135705.3893919019,-0.0680661008713644,176473.2344033904,-0.00726402604073903
2025-01-08,0.006744847783317631,136620.70158672612,-0.06178034857762811,176863.71193898146,0.004532174927226268
2025-01-09,-0.002786863286795338,136239.95836925786,-0.06439503847912699,176282.83760510932,0.0004974414894864665
2025-01-10,-0.005998893281603412,135422.6693983106,-0.07000763279702935,173088.86177118134,0.01211957972075886
2025-01-13,-0.006638735353954983,134523.63413524907,-0.076181606004088,171403.99741241836,0.00309536504697272
2025-01-14,0.0007408471103114156,134623.29558086675,-0.07549719781644369,173456.48263294125,-0.01123369987521991
2025-01-15,-0.0018394341815795023,134375.66488933843,-0.07719775987174611,172044.94598729198,0.0062982648206323655
2025-01-16,0.002753901140192916,134745.72218609136,-0.07465645373048434,174114.06373024173,-0.009272710458746947
2025-01-17,0.0012341411631600074,134912.01742840093,-0.07351444916996873,174071.7568842141,0.0014771246713341235
2025-01-20,-0.000396991482559339,134858.45850658696,-0.0738822560423625,174320.2041562234,-0.001824260767688407
2025-01-21,-0.002585621234613922,134509.76561260503,-0.07627684574689211,174721.94028982997,-0.0048902085631518655
2025-01-22,-0.003586675314150911,134027.32275677007,-0.07958994078136139,178018.3102277033,-0.02245305198330458
2025-01-23,0.0022818154435884086,134333.14837169927,-0.07748973489380223,177849.3790193339,0.0032307695604616438
2025-01-24,-0.0029663254568034203,133934.67253399175,-0.0802262005773492,177812.0792486518,-0.0027565987156263627
2025-01-27,0.01098809379861243,135406.3592786817,-0.07011963979578696,176740.550091269,0.01701428258123386
2025-02-05,-0.012712749308006366,133684.97217846196,-0.08194097570150181,170850.89796998436,0.020610967961421645
2025-02-06,-0.0003077368587179885,133643.83238506597,-0.0822234963017571,171806.7349206837,-0.005902304765918964
2025-02-07,0.0011458535019834848,133796.9686384229,-0.08117185888095622,174454.15514825826,-0.014263438973056902
2025-02-10,0.0016502061436649562,134017.76121807378,-0.07965560303750929,174951.90112848932,-0.0012029559366998344
2025-02-11,0.0009480942021975469,134144.82268047612,-0.0787830298507242,175366.76738781933,-0.0014232218947066722
2025-02-12,0.0016874011262968391,134371.17880535405,-0.07722856729773053,176394.98772485866,-0.004175855363830638
2025-02-13,-0.0014800495256409585,134172.30280590337,-0.07859431471897657,175232.01016899978,0.005112981097615044
2025-02-14,0.005371909662390095,134893.06429577153,-0.07364460661523425,176937.95096017836,-0.004363416603246628
2025-02-17,-1.3226283504197411e-05,134891.2801618604,-0.07365685885429285,178421.78174493092,-0.008399390906188742
2025-02-18,-0.0016678699837274769,134666.29904461186,-0.07520187877404157,177726.74266411125,0.0022276133705038115
2025-02-19,-0.00280461038306401,134288.61254406255,-0.07779557718706995,178095.34939922657,-0.004878618658858136
2025-02-20,-0.004149504038951091,133731.38140392583,-0.0816222681642707,176074.89755581084,0.007195271948919224
2025-02-21,0.0059537672629359495,134527.5869245557,-0.07615446088945786,178078.4600967098,-0.0054252684128558715
2025-02-24,-0.007459579643877667,133524.0676755933,-0.08304596026709407,176708.38304962424,0.00023409114787059648
2025-02-25,-0.011143456326646928,132036.1480588941,-0.09326399756240016,173890.90071565798,0.004800791961647594
2025-02-26,0.0019312078268141075,132291.1373014478,-0.0915129018976386,174031.11135148443,0.0011248940102232818
2025-02-27,0.002825742479547255,132664.95798778813,-0.08894575131241006,173491.7384684109,0.005925032479391967
2025-02-28,0.00012867436727614923,132682.02856731694,-0.08882852198340585,172058.9371028422,0.0083872887440615
2025-03-03,-0.005066837179280248,132009.75033194973,-0.09344527950492008,169875.02994751575,0.0076259481656686945
2025-03-04,0.0020887565947129705,132285.486568522,-0.09155170735401785,170716.70834334934,-0.0028659350753555413
2025-03-05,-0.0004727456174929978,132222.9491844888,-0.09198117230308528,171736.3913817147,-0.00644569957296981
2025-03-06,-0.0013114453186388042,132049.5460167642,-0.09317198934390426,171374.11129669152,0.0007980673018863904
2025-03-07,-0.00075343202189182,131950.05566031887,-0.09385522260548106,170568.01564060073,0.003950286935373748
2025-03-10,0.0006032104954329931,132029.64931876614,-0.09330862656537493,170047.56840949753,0.0036544697197873066
2025-03-11,-0.00030143209376198854,131989.85134513333,-0.09358193244446524,169911.70720189187,0.0004975279200530869
2025-03-12,-0.0017875831980386225,131753.90850455716,-0.09520223015242611,168870.87304351217,0.004338152194302197
2025-03-13,-0.0001941833218572775,131728.32409293606,-0.09537792678898417,168586.41694875868,0.001490275872477631
2025-03-14,0.00401384929187909,132257.06173331692,-0.09174691012100787,171505.3622727195,-0.013300388573725619
2025-03-17,2.1493842106368177e-05,132259.90444571926,-0.09172738827250143,171701.39617407668,-0.0011215252376436946
2025-03-18,0.00666284400786088,133141.13155753567,-0.08567570954394876,173297.58528197496,-0.002633464254420209
2025-03-19,0.0032666699314896075,133576.0596886392,-0.08268891387668532,173775.6485135528,0.0005080438906248097
2025-03-20,-0.002851700260999235,133195.14080436184,-0.08530481014040069,172346.56584578368,0.005372021992338383
2025-03-21,0.0002347670961337922,133226.41064078762,-0.08509006980682973,172257.9399269656,0.0007489979331869456
2025-03-24,0.001664287048488644,133448.13763053372,-0.08356739705947558,173230.41313400073,-0.00398116074594948
2025-03-25,0.0017041429532629326,133675.55233390286,-0.08200566489703405,173441.69952011257,0.0004844588210753398
2025-03-26,-0.00014886032987315723,133655.65334708645,-0.0821423178365792,173262.82204172798,0.0008824803389481939
2025-03-27,-0.0006167817730502456,133573.21697623684,-0.08270843572519178,172625.1633411809,0.0030635155523249247
2025-03-28,0.0007874188587302378,133678.3950463052,-0.0819861430485276,172401.40496364483,0.0020836283637940545
2025-03-31,0.003466194032075709,134141.75030143216,-0.07880412889619966,173383.44300150484,-0.002230035868528185
2025-04-01,-0.006590564251861553,133257.6804772134,-0.08487532947325878,172010.31739112642,0.0013290247619897333
2025-04-02,0.0012159323015001888,133419.71279532864,-0.0837625998264656,172449.8457450104,-0.00133931182891181
2025-04-03,-0.005539614536956616,132680.61901481106,-0.08883820184777025,170341.92958532207,0.0066837432200874125
2025-04-07,-0.01324059200418104,130923.84907157376,-0.10090252346689992,162191.11581451396,0.03460912879357153
2025-04-08,0.00662229982681195,131790.86605460598,-0.09494843040376778,162197.29518545835,0.006584200508527122
2025-04-09,-0.0012079129555555568,131631.67416007473,-0.09604165392012899,165300.50712362397,-0.020340241485555882
2025-04-10,0.003066574190850657,132035.33245475247,-0.0932695985864365,169084.782197441,-0.019826731701955203
2025-04-11,-0.001291778890932238,131864.7719994302,-0.09444089377874904,167971.80942425868,0.0052905566611975985
2025-04-14,-0.0012287590297246354,131702.74197013333,-0.09555360770746774,168076.75725812948,-0.0018535533581929275
2025-04-15,0.003367099740498203,132146.19823844387,-0.09250824649468495,170123.12501810168,-0.008808098028396216
2025-04-16,-0.0010325526448209388,132009.75033194973,-0.09344527950492008,169480.4959666898,0.002744882382565733
2025-04-17,-0.00010768788513215721,131995.53448111966,-0.09354290446552681,169023.8997528678,0.002586405091276056
2025-04-18,-6.459194564567561e-05,131987.00863273098,-0.09360145429297168,170125.85458497182,-0.006584112757289595
2025-04-21,0.0010122601873914228,132120.61382682278,-0.09268394313124301,169924.7411960709,0.00219440495540163
2025-04-22,0.0007100119939038585,132214.42104728176,-0.09203973784860463,170082.311950685,-0.00021728531139106333
2025-04-23,0.00027951006355997343,132251.37630851223,-0.09178595381802078,170291.4610045081,-0.0009501830857414628
2025-04-24,0.002364372353095945,132564.06780631497,-0.0896385976365347,170429.45353667732,0.0015540408699126762
2025-04-25,-0.000428846755768042,132507.2181359048,-0.09002900317051474,171349.28320008665,-0.005825975270361133
2025-04-28,0.0010297221509536492,132643.6637535806,-0.0890919858783541,171864.27878918438,-0.001975808887634656
2025-04-29,0.0020787915350626296,132919.40227897122,-0.0871983980093774,172612.98858162726,-0.002277609909831446
2025-04-30,-0.0012403963520177808,132754.529537272,-0.08833063378660254,171919.45705945874,0.002777444529293044
2025-05-06,-0.0008401677621463488,132642.99346127588,-0.0890965889978314,173799.29808319238,-0.011774596336356524
2025-05-07,0.004468198384096622,133235.6686703213,-0.08502649184872343,174295.0813993875,0.0016155785998797079
2025-05-08,-0.0008162812786381979,133126.91088833887,-0.08577336759387721,175207.00549677797,-0.006048351455655049
2025-05-09,0.0045311462752608556,133730.12839474756,-0.08163087299370586,175474.3078863192,0.0030055087085246734
2025-05-12,0.000969516374138335,133859.7819439419,-0.08074049908757008,177160.63330024417,-0.008640582302059024
2025-05-13,0.0018473099143616611,134107.06244626123,-0.07904234189766339,177248.13909841367,0.0013533751358536517
2025-05-14,0.0033023212997609352,134549.92705502588,-0.07600104380713416,179018.0431409687,-0.006683137794804256
2025-05-15,-0.00020340385109574033,134522.55908169824,-0.07618898875323218,177917.4840759375,0.005944351122209063
2025-05-16,-0.0011085253430543895,134373.43741574365,-0.0772130566713919,177943.48617692824,-0.0012546723118348757
2025-05-19,0.00549883614316693,135112.33493008692,-0.07213880247497408,178853.68332212034,0.0003837450277378862
2025-05-20,0.006306770569833864,135964.4574276455,-0.06628699478153253,180302.74710899364,-0.0017951804772883828
2025-05-21,-1.6455182395569423e-05,135962.22010769922,-0.06630235919933854,180145.56548320735,0.0008553098256621483
2025-05-22,0.0022851447933762703,136272.91346707422,-0.06416872489687511,180925.29054625123,-0.002043160824097223
2025-05-23,-0.005761540756042849,135487.77152218897,-0.06956055492916136,179004.78024779027,0.004853394793666893
2025-05-26,-0.0014166150288719148,135295.83750882227,-0.07087862943050396,178518.21389888148,0.0013015601407254662
2025-05-27,0.0026882474252387656,135659.54619565088,-0.06838092129833621,178336.65027908148,0.0037053067820102537
2025-05-28,0.0012690533012544858,135831.70539059717,-0.06719864703099811,179073.27232846027,-0.002861460803535526
2025-05-29,-0.0020603108575409923,135551.84985318262,-0.06912050778644903,181263.16180999,-0.014289324450998953
2025-05-30,0.003597448230011402,136039.49061551172,-0.06577171700483149,180148.3317513282,0.009747788142047242
2025-06-03,-0.005106255275546978,135344.83824887354,-0.0705421251034408,178273.94246239666,0.005298444400045232
2025-06-04,-0.0025148706094981765,135004.46349301416,-0.07287959139578476,179183.19566491642,-0.007615185271084346
2025-06-05,8.667553323449262e-05,135016.16507687647,-0.07279923273999633,181705.84795299397,-0.01399194539277615
2025-06-06,0.003588102697732909,135500.61694302637,-0.06947234116565063,181970.03135917426,0.0021341956872736045
2025-06-09,-0.0056478742924955805,134735.32649197656,-0.07472784440843722,181149.9802650943,-0.0011413569942634039
2025-06-10,-0.0026125905992179232,134383.31824460108,-0.07714520174385378,180016.6711459305,0.0036436017420967692
2025-06-11,0.002012204539630913,134653.72496762354,-0.07528822912938253,181060.93700303294,-0.0037887351758685295
2025-06-12,-0.003214897689037821,134220.8270184048,-0.07826108286458057,181098.0783161008,-0.003420029252381107
2025-06-13,0.0024586655231069177,134550.83113827783,-0.07599483516771383,182052.59454373416,-0.0028120487578436326
2025-06-16,0.0003067516485839583,134592.10482754785,-0.07571139506010136,182712.2235068632,-0.003316536252268354
2025-06-17,0.0027825526701314995,134966.61444821436,-0.07313951333445377,182140.68997848217,0.005910605722146106
2025-06-18,4.246384333872477e-05,134972.34564938623,-0.07310015527595125,183406.74102352394,-0.006908487342754482
2025-06-19,-0.0017663377812173753,134733.9388958462,-0.07473737349109183,182149.17477775962,0.005090369004729173
2025-06-20,0.003278233414363063,135175.6281963833,-0.07170414663180903,182425.3786018839,0.0017618728573565445
2025-06-23,-0.0032923442945306247,134730.58348813135,-0.07476041618828222,180885.14350409526,0.005150752327184149
2025-06-24,0.002328509666790657,135044.3049541958,-0.07260598687327931,181736.67585837728,-0.002379076250914852
2025-06-25,0.0030345579302994974,135454.10472073633,-0.06979175601623341,184013.01368041107,-0.00949091504471894
2025-06-26,0.0023636085814751073,135774.2652050503,-0.06759310782819447,184636.76413113758,-0.0010260997780098535
2025-06-27,-0.009928906476077581,134426.1752239712,-0.0768508886582185,183022.20339297742,-0.0011843818102671988
2025-06-30,0.00013282011324911025,134444.0297237881,-0.07672827588870425,183069.73246723323,-0.00012687009577860842
2025-07-01,0.002049385083390698,134719.55731285494,-0.07483613658939423,183408.81760805173,0.00019716660768417937
2025-07-02,-0.002934877226471122,134324.17195213717,-0.07755137894287208,182688.4760210299,0.0009926416159500573
2025-07-03,0.012177594065799768,135959.91719139498,-0.06631817408908162,186986.78133936034,-0.011350465349593386
2025-07-04,0.0066520381275707585,136864.3277443735,-0.06010728698410236,188828.23310811352,-0.00319599367212714
2025-07-07,0.00045108497615187204,136926.0651863901,-0.05968331550206634,188871.9956941862,0.00021932627485846123
2025-07-08,0.011885134914089157,138553.4499443857,-0.048507524844839445,192730.4186659628,-0.00854363726886595
2025-07-09,0.004189358389967035,139133.9000023691,-0.04452138186105761,193624.38341227753,-0.0004490622210736872
2025-07-10,-0.005894035585589985,138313.83984459323,-0.05015300683763886,192136.03106115657,0.0017927666905047657
2025-07-11,0.004620774398924832,138952.95689476412,-0.04576397816873841,193335.4260721112,-0.0016216518879639263
2025-07-14,0.0030272417178269784,139373.60108269137,-0.04287527507479754,194114.06868266728,-0.00100017646607925
2025-07-15,0.0062017377307699295,140237.95960319918,-0.03693943855517606,196145.212581475,-0.004261923726598227
2025-07-16,-0.003697236403548354,139719.46671379489,-0.04050010112177162,195001.0849181135,0.002135828030212672
2025-07-17,0.0006644020135697648,139812.29660881442,-0.03986260745693699,195428.6796385162,-0.0015283792244537853
2025-07-18,-0.0017030020238538723,139574.19598472994,-0.04149772337961563,194960.94086977636,0.0006903967833478408
2025-07-21,-0.0019822232289283814,139297.52877129,-0.04339768885731335,194444.9877492798,0.0006642203007076186
2025-07-22,0.000766500746947063,139404.30043114108,-0.042664452471291185,194671.67880185574,-0.0003993356945057591
2025-07-23,-0.0033877530331071215,138932.0330895273,-0.045907668876132804,193788.8218685417,0.001147354172767595
2025-07-24,0.009493679623171714,140251.00930107516,-0.036849821953517825,196640.0969280703,-0.005219630628865324
2025-07-25,-0.0029940425398059523,139831.091812977,-0.03973353455881071,195859.7678983201,0.0009742683079843606
2025-07-28,0.001376046561053279,140023.5059059946,-0.038412163191345536,196275.7027258328,-0.0007475893034017411
2025-07-29,0.008226062544690604,141175.34802330416,-0.03050208150354377,198388.61416782363,-0.0025389552983088592
2025-07-30,0.01592009686264717,143422.8732384531,-0.015067580732945382,202579.810090653,-0.005206094982636245
2025-07-31,0.0010089222635125683,143567.57576836032,-0.014073860487091484,202331.11176957967,0.0022365782720852045
2025-08-01,-0.011003556479616816,141987.8218397515,-0.024922554447952307,200459.35826220262,-0.001752613848961554
2025-08-04,-0.0001891096872611575,141960.9705671685,-0.02510695103873606,200807.10826596216,-0.001923875311446721
2025-08-05,0.013115124909103937,143822.80642837455,-0.012321106928591816,204655.3313332961,-0.006048654204915849
2025-08-06,-0.004667804522018981,143151.46968215873,-0.01693139893197319,203177.91131549887,0.0025512598833503375
2025-08-07,0.008441455980277679,144359.8765119927,-0.008632868610464374,204982.9764565187,-0.00044270435650684004
2025-08-08,0.005828524697587323,145201.28161758353,-0.0028546608007840673,207062.31252457222,-0.0043154204436061105
2025-08-11,-0.0014795141227990083,144986.4542707818,-0.0043299514126125,206061.73149517013,0.0033527560146425772
2025-08-12,0.020743888595327054,147994.03712600638,0.0,211255.43864634397,-0.004460729037887301
2025-08-13,0.024011824160449224,151547.64392227103,0.0,216139.7933474616,0.0008912137164531764
2025-08-14,-0.002716992719636324,151135.8900770562,-0.0027169927196362934,215810.28220756742,-0.001192464844454899
2025-08-15,0.009713022478373468,152603.8763746636,0.0,217538.63254577358,0.0017043663544552001
2025-08-18,-0.002346234198630115,152245.83194106986,-0.0023462341986300625,216657.08408331,0.0017061423937348996
2025-08-19,0.026163330751691305,156229.0899977105,0.0,222096.353313594,0.0010579008817293567
2025-08-20,-0.005729499654801962,155333.97548049857,-0.005729499654802008,221088.33668300457,-0.0011908540825077696
2025-08-21,-0.01509779144695289,152988.7755140679,-0.020740788310871328,218838.12770934185,-0.00491991862280175
2025-08-22,0.0031594743052254515,153472.13961929252,-0.017646843993384148,219920.0023208786,-0.0017842465301751154
2025-08-25,0.012656346293395737,155414.53616470267,-0.005213842268554145,224836.80304634056,-0.009700877576982347
2025-08-26,-0.014514014671328623,153158.84730667045,-0.019652183156702974,221780.62271553293,-0.0009211317918396411
2025-08-27,0.001402666472144043,153373.67808669974,-0.018277082142977265,220154.08065403454,0.008736679884058157
2025-08-28,0.018792423964459237,156255.9412702935,0.0,224537.19872473236,-0.0011168961702230917
2025-08-29,0.028012467565138754,160633.05575698783,0.0,231022.56180074162,-0.0008707781190649411
2025-09-01,0.008002862251524467,161918.57997525245,0.0,232572.95730122598,0.001291848883827551
2025-09-02,-0.0056977404198010895,160996.00993741065,-0.005697740419801125,233800.200940212,-0.010974551848038222
2025-09-03,0.0010017311565733156,161157.28465664893,-0.004701716867328454,232982.0453748699,0.0045011103788835105
2025-09-04,-0.00622075976328984,160154.7639046958,-0.010893228379511613,231982.2999211354,-0.0019296760785968148
2025-09-05,0.016263046294080485,162759.36824429542,0.0,234970.13399295276,0.0033834685295997535
2025-09-08,-0.022879813786731762,159035.46420681983,-0.022879813786731786,231966.3596310164,-0.010096170559859091
2025-09-09,-0.01440897152729348,156743.92673123386,-0.03695911072862246,228250.74263311955,0.001608941603762376
2025-09-10,0.027563807133994978,161064.38609707862,-0.010414037394595286,234623.82486021327,-0.00035760137304141626
2025-09-11,0.02984375294593744,165871.15184414893,0.0,240379.83422149825,0.005310825121091073
2025-09-12,0.012828043050008953,167998.95412076026,0.0,241704.1479829931,0.007318788225103068
2025-09-15,-0.01136591357738681,166089.49252713233,-0.011365913577386791,238948.78602339138,3.38161442380025e-05
2025-09-16,-0.002190472974190727,165725.6779824546,-0.013531489825059254,237847.65444966976,0.0024177595765861593
2025-09-17,0.007309770222239331,166937.09460843116,-0.006320631684205727,238934.75204536848,0.0027392076147833566
2025-09-18,0.01628362738850231,169655.436054354,0.0,239762.8550631445,0.01281781502472043
2025-09-19,0.01025213416203652,171394.76634610206,0.0,241923.39316184554,0.0012409881355510688
2025-09-22,0.021083425075550943,175008.35506070167,0.0,244620.9351096987,0.009933027784088722
2025-09-23,0.0023523482800837936,175420.035663729,0.0,246311.50378810798,-0.004558624722497351
2025-09-24,-0.010461471321788873,173584.88399136573,-0.010461471321788866,244887.7622102317,-0.004681223318833083
2025-09-25,-0.003040345530024968,173057.12596524268,-0.013470010364243123,243486.09617994406,0.0026833624153494162
2025-09-26,-0.016226200895921417,170249.06627285987,-0.029477644165924223,241717.21336158863,-0.008961380250687712
2025-09-29,0.008167704874159742,171639.61040127784,-0.021550703989697325,242256.40632594118,0.005937028138920275
2025-09-30,-0.0048308525489865195,170810.44475186378,-0.026277448265382742,240402.90005401106,0.002820157800091011
2025-10-09,0.012734177150620418,172985.57521451026,-0.01387789279604003,243984.36925262993,-0.002163601527649439
2025-10-10,-0.010211323044628129,171219.1636239341,-0.023947504194149025,243109.9272696919,-0.0066273148328865605
2025-10-13,-0.017093520933043616,168292.42526639014,-0.04063167796295585,239914.00537989472,-0.003947525927040396
2025-10-14,-0.01859939702765978,165162.2876321128,-0.05847535028028255,237817.42453719347,-0.009860512278595718
2025-10-15,0.020413285760942035,168533.79260647803,-0.03925573855458303,241330.53597702645,0.005640981138311213
2025-10-16,0.0015751993434212075,168799.26692593604,-0.03774237482475853,242631.00369433023,-0.003813541505468143
2025-10-17,-0.019655184206934684,165481.48624051124,-0.05665572570210538,238860.9306409896,-0.004116885325353065
2025-10-20,0.011214867186516209,167337.33913052588,-0.046076244954693944,240747.8266420942,0.0033153082421502333
2025-10-21,0.031845268145121564,172666.24156582862,-0.015698287185274943,245314.21100030397,0.01287776832632409
2025-10-22,-0.011492989457286273,170681.7902718833,-0.027010856393443396,244171.20635176767,-0.006833639948443937
2025-10-23,-0.005945253290367436,169667.04379666358,-0.032795523300962116,244330.1867706018,-0.0065963555280534325
2025-10-24,0.016706904690093394,172501.65492642432,-0.016636530292919734,247230.20206434603,0.004837657864415645
2025-10-27,0.029058054910679587,177514.21748745948,0.0,252660.80690293276,0.007092272440569786
2025-10-28,0.005413015135331101,178475.10463345557,0.0,253665.57905642656,0.0014362521153354069
2025-10-29,0.0341378132198884,184567.85441983253,0.0,258704.8193425904,0.014272129019026164
2025-10-30,-0.012271331582543898,182302.96107876807,-0.012271331582543886,257920.2887096333,-0.009238799622178079
2025-10-31,-0.027514301130566854,177287.02251065284,-0.0394479956006756,252693.36825180115,-0.007248658268648928
2025-11-03,0.012893252095069307,179572.8287850669,-0.027063356457531048,255361.67845484856,0.002333773540062173
2025-11-04,-0.007360314490999387,178251.11629117042,-0.034224476133821014,255250.17095071045,-0.0069236495034694645
2025-11-05,0.01009223256842251,180050.06801236182,-0.024477644938073514,256757.67768530294,0.004186235604825617
2025-11-06,0.006676647796711954,181252.1989022544,-0.01796442575550602,258683.8009482754,-0.0008250685310594308
2025-11-07,-0.018748560260337,177853.9811288169,-0.03637617889702354,255268.95793341103,-0.005547722007820638
2025-11-10,-0.004145493262446287,177116.68864834815,-0.04037087495493862,255297.076848656,-0.004255647334733659
2025-11-11,-0.017705023318073998,173980.8335458091,-0.05736113099056442,252353.9455533145,-0.006176762471255731
2025-11-12,0.006804696210621852,175164.7202645591,-0.05094675985063103,255168.99222761262,-0.004350456002773562
2025-11-13,-0.0029299900985823024,174651.489368563,-0.05372747644729612,253570.77206233086,0.0033333891283739148
2025-11-14,-0.019697037195397837,171211.37248623878,-0.07236624154069672,249513.8690264032,-0.003697941546746325
2025-11-17,0.002092605694725025,171569.65037930518,-0.07042506985512552,248798.5888386777,0.004959300802762356
2025-11-18,-0.0020570191600043364,171216.7283211997,-0.07233722329709319,248833.1225592077,-0.0021958210748028173
2025-11-19,0.0017774841568152233,171521.06334317237,-0.07068831740863661,249382.8749366847,-0.0004318373829493849
2025-11-20,0.0055369658384778475,172470.76961148292,-0.06554275036882984,250924.6655697133,-0.0006454580084684358
2025-11-21,-0.025942128132206088,167996.51080716163,-0.08978456007283056,246486.43647364076,-0.008254631823320868
2025-11-24,-0.025541549912274863,163705.6195412925,-0.11303287316265358,241735.55260158714,-0.006267126783675331
2025-11-25,0.003920001676782414,164347.34584439307,-0.10955596053820021,242190.7133822989,0.0020371144646479655
2025-11-26,0.014643792754454932,166754.0143166831,-0.09651648256488184,245496.70396680763,0.000993432101318692
2025-11-27,0.007192948111787167,167953.46728909522,-0.0900177725041161,246816.25586105467,0.0018179191483617962
2025-11-28,0.0025054718749826232,168374.26997769385,-0.08773783762639117,246768.217056604,0.0027001057506286785
2025-12-01,-0.004588313975856462,167601.71596158057,-0.09192358285565505,245777.90826265328,-0.0005752007566465489
2025-12-02,0.00893413892315631,169099.09297574073,-0.08381070199204536,248745.5936043648,-0.003140523778180082
2025-12-03,0.004893495536708814,169926.578632479,-0.07932733375146314,249555.89975214904,0.0016359256797207344
2025-12-04,-0.0019692746908031022,169591.9465218833,-0.08114039113162058,248683.80760015154,0.0015253016861274116
2025-12-05,-0.0008764255785544961,169443.31180203467,-0.08194570319593346,247909.17415981588,0.002238507588228744
2025-12-08,0.011353730098229153,171367.12543118506,-0.07152236249450052,248909.02717250207,0.007320587653723815
2025-12-09,0.02110451608158015,174983.74568570167,-0.05192729126237819,252646.371005152,0.006089617364950561
2025-12-10,-0.014443720011501404,172456.32945645362,-0.06562098801793015,249648.32416994142,-0.002577146099187244
2025-12-11,-0.016443478005645606,169620.54759610206,-0.08098542875039416,245963.38253371726,-0.0016829477738634357
2025-12-12,-0.0028670589157009374,169134.23549283057,-0.08362029767055444,245862.793448231,-0.0024580993199673773
2025-12-15,-0.011879607615786103,167124.9871407798,-0.09450652896129907,243196.54448052036,-0.0010351486786836228
2025-12-16,-0.0018254192333104768,166819.91397488624,-0.09615943415897023,242615.62199740263,0.0005632762325671614
2025-12-17,0.014599840910351825,169255.45817959815,-0.08296350568936883,245117.2967563768,0.004288572664810003
2025-12-18,-0.018163490265000637,166181.1883126548,-0.09962008912643033,241527.07941189755,-0.003516554320502352
2025-12-19,-0.0005782881770846071,166085.0876961997,-0.100140768183773,240919.85745264438,0.0019358065601668972
2025-12-22,0.011979815183859044,168074.75635159522,-0.08936062089512516,241836.83368213603,0.008173668861230221
2025-12-23,0.012804158025102597,170226.81209195167,-0.07770065038118501,244738.6840526656,0.0008049504339888991
2025-12-24,0.010491073333556145,172012.6740609458,-0.06802474026884292,246449.4939805209,0.003500719787783435
2025-12-25,0.00785571031703447,173363.95579922706,-0.06070341260575204,247166.76793242892,0.004945280515280759
2025-12-26,-0.014385514340301664,170870.02612698585,-0.07421567713350845,244922.52879816404,-0.005305656424781119
2025-12-29,0.006526359542048166,171985.1853524497,-0.06817367578409014,245484.48246243017,0.004231945602164222
2025-12-30,-0.00448912540340618,171213.12228787452,-0.07235676100769035,244292.411040832,0.0003668696054865972
2025-12-31,-0.012623757406270308,169051.7693673423,-0.08406710421629614,241812.7834930053,-0.002473513535566213
2026-01-05,0.009518297791437647,170660.8544503501,-0.07534898215725296,243720.00220385956,0.00163112705007179
2026-01-06,0.002274369418207689,171049.00027859717,-0.07324598415975679,244613.3798200759,-0.001391220636518642
2026-01-07,-0.003780212016164408,170402.39879239112,-0.07674931082646466,243478.46649163554,0.0008594087980164089
2026-01-08,-0.01015894651993876,168671.28993618995,-0.08612856520227517,241421.26020508393,-0.0017097135499986593
2026-01-09,0.00211217088951976,169027.55252469092,-0.08419831256093172,242200.43588388464,-0.0011152817305966067
2026-01-12,-0.004953685080510195,168190.2432595542,-0.08873490571670471,241199.23870672114,-0.0008199304342406954
2026-01-13,-0.012299614958884209,166121.5680276206,-0.0999431155018606,237638.50403265705,0.0024630132034444974
2026-01-14,0.00478695668804674,166916.78477871924,-0.09563458217898971,237072.72128104858,0.007167811398067658
2026-01-15,0.004362304160323127,167644.9265633872,-0.09168946515437673,236773.89193948577,0.0056228006862331925
2026-01-16,0.013797015947674574,169957.926288729,-0.07915749021967079,238167.6696144583,0.007910481484116716
2026-01-19,-0.010573187785662408,168160.9292184165,-0.08889373099659888,237186.397454263,-0.006453098095135668
2026-01-20,-0.0041210752606791745,167467.92537320167,-0.09264846850163853,237723.8760292206,-0.006387135122148613
2026-01-21,0.007971690786311214,168802.92789090186,-0.08541534265804773,237304.62720639043,0.009735286558991169
2026-01-22,0.005829273826434056,169786.92638028174,-0.08008397825294605,237695.48749855492,0.004182191353724551
2026-01-23,-0.015248519018635442,167197.92720425635,-0.09411133520610351,233413.6575105368,0.0027654114647698014
2026-01-26,-0.005346969106842514,166303.9250527671,-0.09895509391099526,231861.9620458194,0.0013008658196436151
2026-01-27,0.008803175323663703,167767.92766202003,-0.0910230376281997,232903.06936704778,0.004312972135343235
2026-01-28,-0.0028611128608018177,167287.92468655616,-0.09362372330541419,232314.94339254493,-0.00033591653727890747
2026-01-29,-0.012069011355445136,165268.92482388526,-0.10456278888114723,232953.1945044505,-0.014816364162737933
2026-01-30,1.8163035074625355e-05,165271.92660916358,-0.10454652502367456,233215.4511999179,-0.0011076283326947878
2026-02-02,-0.004931501665336957,164456.88782785705,-0.10896245532675204,228632.71756305164,0.01471871281782719
2026-02-03,0.00010946064123085186,164474.88938425353,-0.10886492178575126,228078.5570157012,0.002533263119096213
2026-02-04,0.0034655634734226393,165044.88755319885,-0.10577663660880625,229680.387894439,-0.0035575907401824147
2026-02-05,0.001163318777945399,165236.88737009338,-0.10473636977849574,231385.09406526232,-0.0062587610367527136
2026-02-06,-0.001652166257543941,164963.88856027892,-0.10621549413995399,230963.42681048415,0.00017019510277449523
2026-02-09,-0.0006910553395674812,164849.88938425353,-0.10683314869515123,231217.54373709805,-0.0017913028121789298
2026-02-10,0.0018744303374618188,165158.8890180426,-0.1051589696526502,232543.38930613297,-0.0038597607087954566
2026-02-11,-0.0009082163296921797,165008.8890180426,-0.10597167888889023,231267.76276782824,0.004577325710917707
2026-02-12,0.00019999033568351976,165041.88920114806,-0.10579288186484072,230625.48786673864,0.002977181991808936
2026-02-13,-0.001363290259758121,164816.88920114806,-0.10701194571920074,228794.06767736442,0.006577810293847908
2026-02-24,0.0008554831854670208,164957.88727854064,-0.10624800945394051,231174.62595466585,-0.009549324515484514
2026-02-25,0.00032735683296891693,165011.88737009338,-0.10595543363285576,232956.95702112903,-0.007382533727479962
2026-02-26,-0.0008181173285405352,164876.88828562072,-0.10668686698508825,233192.70580818143,-0.0018301016455875563
2026-02-27,-0.001109920165332401,164693.88810251525,-0.10767837324537777,230691.38723563406,0.009616481262527399
2026-03-02,-0.0021676623008599627,164336.88737009338,-0.10961262519593581,231593.11081635643,-0.0060764496705475735
2026-03-03,-0.0016247101984671053,164069.88755319885,-0.11105924664436634,231151.98452998122,0.0002800368158990818
2026-03-04,-0.0007313844772789402,163949.88938425353,-0.11170940411259131,229190.6131015464,0.007753818158653475
2026-03-05,0.0002012681704821606,163982.88727854064,-0.1115306194895006,231408.67236338955,-0.009476524614427412
2026-03-06,0.00045736479729496793,164057.88727854064,-0.11112426487138059,230918.0243881431,0.0025776309491010174
2026-03-09,-0.002029758518843683,163724.88938425353,-0.11292846796695133,228330.3510829894,0.00917626713467648
2026-03-10,0.0021804775373257534,164081.88782785705,-0.11099422841735208,230937.77767930256,-0.009239058165860098
2026-03-11,0.0014444024126956112,164318.88810251525,-0.10971014633597781,232073.17346674894,-0.0034720551667269672
2026-03-12,1.8261083091442032e-05,164321.8887433844,-0.10969388867898454,230962.20345981471,0.00480541502397297
2026-03-13,-0.000985871546980488,164159.8884687262,-0.1105716161422388,231204.58314704703,-0.0020353059721870126
2026-03-16,-0.0004020492875974613,164093.88810251525,-0.11092921019033783,231031.7136816979,0.0003456411906625212
2026-03-17,-7.313054006441444e-05,164081.88782785705,-0.11099422841735208,229326.8926504058,0.007306034008924378
2026-03-18,0.0008410417942446013,164219.88755319885,-0.11024653740812633,230584.1152731392,-0.004641187560556814
2026-03-19,-0.0019364236105393617,163901.88828562072,-0.11196947702064834,228433.64475572426,0.007389763125557364
2026-03-20,-0.0016107146707506903,163637.88910959533,-0.1133998408120856,226068.26809735945,0.008744050105227053
2026-03-23,-0.0032083034244494435,163112.88910959533,-0.11624432313892563,219053.17338199238,0.02782256514639264
2026-03-24,0.0015817277501113391,163370.8892927008,-0.1148464622605161,222217.12456879966,-0.01286203098644828
2026-03-25,0.0010466975431644432,163541.88920114806,-0.11391997422724084,224523.54862482703,-0.009332448800767779
2026-03-26,-0.0008805145139479942,163397.888194068,-0.11470018055045313,223745.65193757322,0.002584140717177219
2026-03-27,0.0008445624779305216,163535.88791940978,-0.11395248954122737,223464.65738174913,0.0021004284730491707
2026-03-30,-0.0049163526231560395,162731.88782785705,-0.1183086115435122,220931.76678362422,0.006418283590918367
2026-03-31,0.007834973323413541,164006.88782785705,-0.11140058303547208,226669.68932594312,-0.0181364957226767
2026-04-01,3.266730034723331e-05,164012.24549012072,-0.11137155489142979,228782.52579357213,-0.009288545756025973
2026-04-02,0.0,164012.24549012072,-0.11137155489142979,227690.3283391734,0.004773954875313513
2026-04-03,0.0,164012.24549012072,-0.11137155489142979,226324.95735141772,0.005996613899742792
2026-04-07,0.0,164012.24549012072,-0.11137155489142979,226341.01573080986,-7.095275563093195e-05
2026-04-08,0.0,164012.24549012072,-0.11137155489142979,231714.78494379998,-0.023741915249604006
2026-04-09,0.0,164012.24549012072,-0.11137155489142979,229299.39547803873,0.010423976468946772
2026-04-10,0.0,164012.24549012072,-0.11137155489142979,231021.94010621152,-0.007512207455155351
2026-04-13,0.0,164012.24549012072,-0.11137155489142979,229542.673124184,0.0064031450058268935
2026-04-14,0.0,164012.24549012072,-0.11137155489142979,233375.8193659633,-0.016699057258540928
2026-04-15,0.0,164012.24549012072,-0.11137155489142979,233389.8736396993,-6.022163638974565e-05
2026-04-16,0.0,164012.24549012072,-0.11137155489142979,235181.14798650047,-0.007675030278162354
2026-04-17,0.0,164012.24549012072,-0.11137155489142979,236886.87784507466,-0.007252834137335323
2026-04-20,0.0,164012.24549012072,-0.11137155489142979,239036.6295097702,-0.00907501371224742
2026-04-21,0.0,164012.24549012072,-0.11137155489142979,241677.18177481357,-0.011046642811433305
2026-04-22,0.0,164012.24549012072,-0.11137155489142979,245790.4225184891,-0.017019565990752494
2026-04-23,0.0,164012.24549012072,-0.11137155489142979,247387.9259248364,-0.006499453436706493
2026-04-24,0.0,164012.24549012072,-0.11137155489142979,244005.13160795197,0.013674047770270648
2026-04-27,0.0,164012.24549012072,-0.11137155489142979,245681.5292035318,-0.006870337457793002
2026-04-28,0.0,164012.24549012072,-0.11137155489142979,247785.26121233785,-0.008562841560072032
2026-04-29,0.0,164012.24549012072,-0.11137155489142979,247113.49701681815,0.0027110740656363375
2026-04-30,0.0,164012.24549012072,-0.11137155489142979,245122.99806684465,0.008054998913466949
2026-05-06,-0.0004920070050289382,163931.55031642906,-0.11180876631129119,244651.51085889904,0.0014314649321780781
2026-05-07,-0.00014642453528856958,163907.54671535484,-0.11193881929993145,244415.17694833642,0.0008195777171924878
2026-05-08,-0.0009029384632407433,163759.5482870101,-0.11274068389769655,244317.0888062043,-0.0005016207408437556
2026-05-11,0.005269916546329689,164622.54744014732,-0.10806490134688376,247657.21434878674,-0.008401356138291627
2026-05-12,-0.003498906361465548,164046.5485616683,-0.1111856987375756,245721.00656927747,0.004319189245401922
2026-05-13,0.012039251837347775,166021.54627284996,-0.1004850395280409,252323.64984712366,-0.014831235834957462
2026-05-14,-0.0018611962546530858,165712.5475927352,-0.10215921340347575,251723.48018387237,0.0005173745357383019
2026-05-15,0.00019915263468894828,165745.5496831893,-0.1019804060452939,251261.65767215803,0.002033794803853989
2026-05-18,0.0020030667364066,166077.54908046714,-0.10018161286800183,253923.455505854,-0.008590661962020962
2026-05-19,-0.0016799478254370115,165798.5474630355,-0.10169326081075247,253395.48344922488,0.0003993089158408347
2026-05-20,-0.002159242254585858,165440.54823360435,-0.10363292267958918,251439.96066630533,0.0055580333507285196
2026-05-21,-0.006401092218930038,164381.5480276107,-0.10937065100352997,246907.06705397915,0.011626645298663335
2026-05-22,0.00013383687566603797,164403.54834041587,-0.10925145195408373,246824.6404339243,0.0004676734929743853
2026-05-25,0.005608152204605865,165325.5484624862,-0.10425599852061064,250015.41183717357,-0.007319128465751085
2026-05-26,0.002074700416129227,165668.54944667808,-0.10239759806799618,250997.50884823658,-0.0018534454683436785
2026-05-27,0.001714258264850388,165952.54812679283,-0.10085887573193468,251948.80255053783,-0.0020757941012726766
2026-05-28,0.0068091656957494084,167082.54652461997,-0.09473647483293107,255861.88510087453,-0.008722095063276425
2026-05-29,0.004027959142568038,167755.54819545738,-0.09109011034030096,257881.53728105227,-0.0038655658323669406
2026-06-01,0.0022478146641615737,168132.63157668558,-0.08904704936192244,258783.10748153462,-0.0012482487221048
2026-06-02,0.017634876807878452,171097.62982192484,-0.0729825062996466,266424.2097209378,-0.011892175068753286
