trade_date,open,high,low,close,volume,entry_confirm_ma
2021-01-04,11.802514814533744,12.04338222941271,11.630466661048766,11.871334075927734,40722498,
2021-01-05,11.871333171772047,12.00036907196045,11.699285031390763,12.00036907196045,39109319,
2021-01-06,12.008972855435143,12.09499734421176,11.888538735225952,11.931550979614258,39479589,
2021-01-07,11.862732030952346,11.97456354116785,11.587454972200554,11.811117172241213,35954662,
2021-01-08,11.94015311227873,12.550924660931564,11.83692422213336,12.249839782714844,69127560,
2021-01-11,12.129406172439817,12.559526947059808,12.086393930899764,12.353068351745604,61553829,
2021-01-12,12.301455207987669,12.550925242496096,12.138008842391262,12.533720016479492,61627453,
2021-01-13,12.456297173702405,13.187502814867232,12.413285752778812,13.058466911315918,114799650,
2021-01-14,13.032660156607411,14.280011156345894,12.920829468450629,13.479986190795898,212721908,
2021-01-15,13.393961825888017,13.729456354656994,12.938033994784284,13.118684768676758,110761854,
2021-01-18,13.127287200673004,13.720853552191937,12.90362418457994,13.660636901855469,91982738,
2021-01-19,13.643431828123289,13.643431828123289,12.94663657379625,12.989648818969728,77193137,
2021-01-20,13.204708146981424,13.204708146981424,12.938032904978051,13.024057388305664,48921111,
2021-01-21,13.0326594237542,13.290732058167116,12.972442776534292,13.067069053649902,58676237,
2021-01-22,12.981045616290212,12.981045616290212,12.421888095211232,12.688563346862791,74596081,
2021-01-25,12.636948736974691,13.08427476254776,12.47350319402473,13.075672149658203,63012616,
2021-01-26,12.92082922687607,12.98104587635624,12.66275658277626,12.748780250549316,39408979,
2021-01-27,12.860610688723083,13.058466666907572,12.688562547078044,12.783188819885254,36120121,
2021-01-28,12.568128692298314,12.602538321324287,12.155213143986629,12.224032402038574,47284438,
2021-01-29,12.387477721150796,12.525117055270908,12.06058666123751,12.292851448059082,43492671,
2021-02-01,12.086394133398285,12.189623022589773,11.81111627516403,11.957357406616213,40225419,
2021-02-02,11.983164817081352,11.983164817081352,11.67347734015504,11.785308837890623,43659094,
2021-02-03,11.759502532966982,11.768105145710935,11.40680361436786,11.415406227111816,44436983,
2021-02-04,11.35518859994596,11.639068253415338,11.320778969840289,11.63046646118164,42590750,
2021-02-05,11.621863132164584,11.630465744258297,11.337983496194072,11.36379051208496,29235345,
2021-02-08,11.312175555730857,11.561645561419216,11.28636854007764,11.398200035095217,21804002,
2021-02-09,11.44121275888095,11.742296808615285,11.398200517378823,11.716489791870115,27180465,
2021-02-10,11.621863426547066,12.172417488246236,11.621863426547066,12.077791213989258,43802084,
2021-02-18,12.146610685819809,12.39608070452242,11.888538054653932,12.00897216796875,34461939,
2021-02-19,11.948755356484869,12.24123679268383,11.871333486165334,12.206827163696287,29124183,
2021-02-22,12.258442679908065,12.29285231075535,12.00037003835825,12.01757526397705,39794492,
2021-02-23,11.89714156565532,12.043382707014583,11.819719688419202,11.86273193359375,28901878,
2021-02-24,11.879937465981753,12.094997877006554,11.750900727132656,12.086395263671877,32232833,
2021-02-25,12.086395109384986,12.241238045480774,11.91434694683947,11.974563598632812,32639579,
2021-02-26,11.845525638015276,12.069187800538996,11.768103773130436,11.879935264587402,25927746,
2021-03-01,11.931549190539071,12.017573666416752,11.88853695260023,11.914344787597656,25289074,
2021-03-02,11.957359256642969,11.97456448436533,11.647672541154186,11.682082176208496,29380270,
2021-03-03,11.664875964102135,12.000369648876902,11.656273351571942,11.957357406616213,27597582,
2021-03-04,11.871334988352563,11.905744621694264,11.707888614686697,11.725093841552734,24997710,
2021-03-05,11.613261066783558,11.879936311511052,11.613261066783558,11.82832145690918,25616604,
2021-03-08,11.83692369084176,12.06058668631293,11.77670622566706,11.785308837890623,33497792,
2021-03-09,11.768104853293623,12.155213392859276,11.656273351571942,11.957357406616213,47548810,
2021-03-10,12.026177579488635,12.06918982501619,11.690683869232476,11.811117172241213,30371119,
2021-03-11,11.759503364562988,11.811117403896096,11.664877078858712,11.759503364562988,27261000,
2021-03-12,11.77670712807845,11.785309740961209,11.570249341234211,11.639068603515623,24925268,
2021-03-15,11.596055452580035,11.62186328920991,11.398200294092549,11.458416938781738,24328784,
2021-03-16,11.510031971841933,11.596055634117452,11.432610101520778,11.587453842163086,17115783,
2021-03-17,11.570248407082063,11.690682516546156,11.484224746370788,11.656272888183594,15606826,
2021-03-18,11.673477883521011,11.73369535149866,11.56164638058,11.63046646118164,13481361,
2021-03-19,11.63046740315514,11.742298094763235,11.570249930300363,11.613262176513672,18676239,
2021-03-22,11.596055423256423,11.690682516546156,11.535838778719503,11.656272888183594,18219128,
2021-03-23,11.664876119911362,11.7939120280267,11.64767089462116,11.742297172546388,18523876,
2021-03-24,11.750898793500708,11.974561781056034,11.725091778133626,11.92294692993164,29265838,
2021-03-25,11.95735762129224,12.077791737706328,11.871333955616718,11.888538360595703,24916606,
2021-03-26,11.871333440852068,12.129406067468686,11.871333440852068,12.077791213989258,38647565,
2021-03-29,12.103598699737688,12.129406537672992,11.72509276764648,11.742297172546388,36934804,
2021-03-30,11.81971868966365,12.421887610053584,11.793911672895728,12.353068351745604,68435063,
2021-03-31,12.301454799476156,12.5165151951999,12.249839943530723,12.361671447753906,36773008,
2021-04-01,12.43909274199534,12.482104983214402,12.29285161408469,12.404683113098145,24187377,
2021-04-02,12.361671980462129,12.39608161244515,12.120804556580993,12.172418594360352,26755602,
2021-04-06,12.327260906944176,12.3444661311189,12.09499612331714,12.18101978302002,17398098,
2021-04-07,12.206827236134442,12.404683219279626,12.129406185745742,12.37027359008789,29192500,
2021-04-08,12.335863947363746,12.404683205671724,12.172417593589598,12.353068351745604,20004935,
2021-04-09,12.292850644106608,12.301453255749676,12.000368411363873,12.094995498657228,22328052,
2021-04-12,12.086392887014158,12.198224377203452,12.00897102300694,12.094995498657228,18028053,
2021-04-13,12.09499670357472,12.602538535224676,12.06058707396472,12.464900016784668,39321667,
2021-04-14,12.550924987514136,12.611141636568236,12.387478625238272,12.473503112792969,25284207,
2021-04-15,12.507912106854834,12.507912106854834,12.267044702512685,12.37027359008789,17286651,
2021-04-16,12.292853493269432,12.464901664056084,12.181021977160508,12.387479782104492,20806978,
2021-04-19,12.344466216405827,12.67995988622836,12.310056588208894,12.654152870178224,39046248,
2021-04-20,12.602538382034538,12.628346219221044,12.31005694409992,12.37027359008789,30087646,
2021-04-21,12.327261242981884,12.430490129673474,12.258441985187494,12.404683113098145,15932459,
2021-04-22,12.41328637194268,12.456297795011649,12.138008506037515,12.19822597503662,23861192,
2021-04-23,12.172418136726872,12.267045236415337,12.094997082968549,12.19822597503662,16440790,
2021-04-26,12.224033989335776,12.533720690782523,12.146612108876496,12.344468116760254,38313427,
2021-04-27,12.335863855303751,12.42188751735161,12.241236760543762,12.404683113098145,19335434,
2021-04-28,12.413286835885303,12.585334995762336,12.344467571934493,12.516515731811523,28748343,
2021-04-29,12.602539436333014,12.74017878500481,12.42188866286602,12.645551681518556,39341288,
2021-04-30,12.602539047988405,12.662756517548708,11.682080803177152,11.83692455291748,66760523,
2021-05-06,11.707888504839516,11.811117403896096,11.535840339745214,11.759503364562988,35018920,
2021-05-07,11.75950197322805,11.75950197322805,11.553044199542104,11.5702486038208,21729325,
2021-05-10,11.613261235933658,11.707887513626686,11.492827120368654,11.63046646118164,21500414,
2021-05-11,11.570249449044042,11.656273937892529,11.492827573158468,11.604659080505373,14472681,
2021-05-12,11.544441975722313,11.639068253415338,11.492827120368654,11.63046646118164,19886438,
2021-05-13,11.561646690153973,11.673478196089375,11.44981600460888,11.510032653808594,18708092,
2021-05-14,11.52723767245568,11.647671797653349,11.50143065290988,11.596056938171388,20464257,
2021-05-17,11.578851169347995,11.639067814665406,11.398200413005508,11.44121265411377,36717802,
2021-05-18,11.449815643191451,11.535839307848486,11.269164880904304,11.484225273132324,21584679,
2021-05-19,11.441212380147872,11.441212380147872,11.34658528789754,11.36379051208496,15419777,
2021-05-20,11.355189335405235,11.415406807283084,11.294972683917736,11.372394561767578,16864236,
2021-05-21,11.363791670321014,11.415406527753795,11.269165388816292,11.277767181396484,21814640,
2021-05-24,11.277766775448494,11.28636938810936,10.666995223162235,10.796031951904297,57530243,
2021-05-25,10.804634831725137,10.899261112163511,10.6325858558149,10.873454093933104,42442746,
2021-05-26,10.804635047912598,10.925068348991106,10.735814963937306,10.804635047912598,30688608,
2021-05-27,10.77882603372596,10.942272382214943,10.727212001859092,10.856247901916504,34481041,
2021-05-28,10.804634140006852,10.83044115658508,10.572368529631984,10.623983383178713,46190973,
2021-05-31,10.649791607735493,10.68420124053955,10.563767115530167,10.68420124053955,26453683,
2021-06-01,10.684200769953833,10.710007788322615,10.59817628153746,10.692803382873535,23087387,
2021-06-02,10.684200829210608,10.684200829210608,10.503550058846551,10.512152671813965,34894224,
2021-06-03,10.512152563698786,10.615381457075085,10.460537706815476,10.54656219482422,21625613,
2021-06-04,10.503550058846551,10.61538156625195,10.460537814399808,10.512152671813965,24962267,
2021-06-07,10.520754181749693,10.78742943384297,10.520754181749693,10.744417190551758,49823680,
2021-06-08,10.804635629722672,10.890659303640922,10.684201501768673,10.76162338256836,37659240,
2021-06-09,10.727212210748643,10.856248113318756,10.684199969761854,10.787428855895996,25691575,
2021-06-10,10.761622803074417,10.839044679705076,10.69280353948946,10.804635047912598,29400176,
2021-06-11,10.804634186655312,10.864850832394586,10.710007091476143,10.753019332885742,38834802,
2021-06-15,10.753019708990276,11.028296751015532,10.727212691397982,10.796031951904297,30118201,
2021-06-16,10.753019749418971,10.796031992494708,10.520754129044176,10.59817600250244,24555466,
2021-06-17,10.589573426634828,10.735813729646946,10.555163798798402,10.710006713867188,21209989,
2021-06-18,10.735814577815454,10.882055712771397,10.615381281068425,10.744417190551758,26943944,
2021-06-21,10.666996123913515,10.735815390231124,10.59817685759591,10.649791717529297,23567423,
2021-06-22,10.641187893841034,10.727212377149025,10.5207537812879,10.589573860168455,25642801,
2021-06-23,10.598176436767393,10.882056104152923,10.563766804974914,10.804635047912598,36559434,
2021-06-24,10.847645666883762,10.916464925358644,10.770224616392229,10.89926052093506,28608594,
2021-06-25,10.91646597837008,11.0196956964303,10.778827448143591,10.847646713256836,27521329,
2021-06-28,10.890658595395838,10.933670839752963,10.753020069765292,10.821839332580566,17796715,
2021-06-29,10.821839282433622,10.856248913681808,10.666995531621623,10.67559814453125,19882690,
2021-06-30,10.710007775779436,10.744417407027624,10.615381494944504,10.67559814453125,14173023,
2021-07-01,10.68420061015599,10.718610240929827,10.580971717834473,10.580971717834473,18279247,
2021-07-02,10.572368514894595,10.580971127205435,10.262681855216728,10.297091484069824,45007444,
2021-07-05,10.279886558341918,10.512152175146277,10.279886558341918,10.48634433746338,22842664,11.747674051920573
2021-07-06,10.486344230969502,10.529356472947237,10.400320567404316,10.520753860473633,14351561,11.736132470766703
2021-07-07,10.48634444465845,10.512152282605165,10.4175251842478,10.451934814453123,15339221,11.723802344004314
2021-07-08,10.46053678818236,10.555163880759991,10.331500887891362,10.348705291748049,22734279,11.711472209294637
2021-07-09,10.340103711432784,10.408922969047124,10.24547661692037,10.27988624572754,23385956,11.699285443623861
2021-07-12,10.32289981842041,10.391719084911983,10.271284958356546,10.32289981842041,30460747,11.682869164148967
2021-07-13,10.340103983095888,10.42612764717876,10.29709174085931,10.357308387756348,24598569,11.665951093037924
2021-07-14,10.331501487508294,10.348705892363483,9.987404366111267,10.013212203979492,50578824,11.64781432946523
2021-07-15,10.030416756710768,10.125043856175406,9.8153563603134,10.10783863067627,32822534,11.622437206904094
2021-07-16,10.0820322582269,10.125044504337898,9.866971848062278,9.88417625427246,32241238,11.59433597723643
2021-07-19,9.892778301501156,9.970200175992744,9.72073014729224,9.944393157958984,26118598,11.567381739616394
2021-07-20,9.901380490711604,10.107838266929692,9.875572653391634,10.08203125,21392160,11.53641304175059
2021-07-21,10.0648264000855,10.17665790480082,10.039019382194368,10.125043869018556,20351126,11.512182895342509
2021-07-22,10.11644135148298,10.211067631568046,10.06482649482456,10.073429107666016,21113313,11.48802444934845
2021-07-23,10.06482497049465,10.193861682402773,9.944391690515296,10.116439819335938,20568963,11.463077449798584
2021-07-26,10.142249066097566,10.176658699436024,9.866971999389897,9.996007919311523,23281277,11.441643087069194
2021-07-27,10.048757425187732,10.171838778528944,9.88171724789775,9.91688346862793,30750250,11.41597921848297
2021-07-28,9.916882672067004,10.0223813257835,9.626761164739449,9.670719146728516,46159962,11.392380078633627
2021-07-29,9.714677927288678,9.82017658967743,9.59159573528738,9.661928176879885,33818529,11.36644283135732
2021-07-30,9.635552997607004,9.960840725162145,9.424555688667796,9.864133834838867,39428848,11.345091962814331
2021-08-02,9.864133987214805,10.49712592381055,9.82896776851504,10.38283634185791,58757719,11.324852649370829
2021-08-03,10.41800371942402,10.479544399387004,10.312504213160503,10.400420188903809,35174923,11.311731640497843
2021-08-04,10.365253103338736,10.51470974660209,10.312503354598627,10.470751762390137,31902453,11.300190901756286
2021-08-05,10.53229170581498,10.708123630452157,10.365252383524172,10.418002128601074,36773834,11.29231878121694
2021-08-06,10.400420188903809,10.479544399387004,10.25096353319752,10.400420188903809,26133843,11.282214911778768
2021-08-09,10.374045464759291,10.672958768484603,10.31250394795011,10.576251029968262,29411999,11.274186825752258
2021-08-10,10.593834168499452,10.69054106501275,10.435585757451484,10.672958374023438,28105731,11.267337250709534
2021-08-11,10.760873477810616,10.813623227498876,10.338878834019845,10.35646152496338,56499345,11.258641155560811
2021-08-12,10.338879426933536,10.461960785883228,10.268546982268315,10.330087661743164,27161827,11.244296741485595
2021-08-13,10.321294244107564,10.514708855185557,10.224587357782935,10.409210205078123,26500591,11.230306037267049
2021-08-16,10.43558557509203,10.813623066687692,10.43558557509203,10.787248611450195,63708828,11.21532589594523
2021-08-17,10.787248180987731,10.866371543542826,10.549875578036104,10.567459106445312,44617303,11.205073173840841
2021-08-18,10.558667451875612,10.831205437617966,10.497125940233152,10.769664764404297,44654203,11.194279233614603
2021-08-19,10.72570631985862,10.72570631985862,10.400418600765857,10.418002128601074,41432791,11.18330647945404
2021-08-20,10.444376945495604,10.497125853979952,10.338878290098128,10.444376945495604,26624850,11.170335133870443
2021-08-23,10.514709561686187,10.646582673574065,10.418002668863666,10.585041999816896,28121606,11.15837214787801
2021-08-24,10.681749053109565,10.725707037208828,10.53229241022935,10.593833923339844,23576501,11.147294624646504
2021-08-25,10.576249392288007,10.6202073722225,10.426792763567976,10.532291412353516,23301013,11.138225889205932
2021-08-26,10.514709684566578,10.54108413956662,10.277337074279783,10.277337074279783,33572776,11.126350339253744
2021-08-27,10.27733739182982,10.418003112510226,10.198214024384937,10.294920921325684,23683080,11.11428569952647
2021-08-30,10.330087409096445,10.338879174071794,10.039965872340812,10.11909008026123,23104831,11.10150736172994
2021-08-31,10.136672294068642,10.207004733699131,9.960841194992415,10.092714309692385,21680352,11.087622205416361
2021-09-01,10.092714524267423,10.330087141888576,10.075131833200397,10.294920921325684,31300822,11.072083512941996
2021-09-02,10.294921439410556,10.444378093931364,10.268546982268315,10.330087661743164,23352813,11.059448544184367
2021-09-03,10.3740451105416,10.68174933036562,10.30371266952875,10.54987621307373,41814810,11.04753674666087
2021-09-06,10.558667703746195,10.681749053109565,10.488335264558897,10.593833923339844,29119745,11.038460143407185
2021-09-07,10.593833581863295,10.725706691481545,10.514709380720834,10.699332237243652,37591880,11.03125528494517
2021-09-08,10.69933148815626,10.84878811575512,10.664165272158217,10.716914176940918,33257403,11.023854271570842
2021-09-09,10.760874028399291,10.76966579353531,10.602626448095302,10.708125114440918,25774652,11.016026282310486
2021-09-10,10.69933259900852,10.81362302247548,10.664166379359363,10.725707054138184,30203467,11.008340104420979
2021-09-13,10.743290219925996,10.796039128401782,10.655374254561307,10.699332237243652,25021430,11.000943811734517
2021-09-14,10.655374024478194,10.752080913548118,10.453168482305964,10.497125625610352,26867676,10.992969306310018
2021-09-15,10.48833483696204,10.5410837449876,10.31250290773344,10.37404441833496,21692603,10.982592876752218
2021-09-16,10.374045649266144,10.54987676092919,10.286129674220184,10.330087661743164,25317180,10.969685355822245
2021-09-17,10.330087661743164,10.391628341218013,10.1982145376031,10.330087661743164,16544991,10.956698266665141
2021-09-22,10.268546148232309,10.312503293756109,10.21579639980342,10.277337074279783,12004058,10.942134070396424
2021-09-23,10.541083587276765,10.77845618512665,10.532291823261115,10.62020778656006,37666417,10.929926069577535
2021-09-24,10.54987527853362,10.620207713316208,10.382835955532157,10.426793098449709,26617467,10.915485564867655
2021-09-27,10.461960431896816,10.54108463907519,10.347670842004549,10.435585975646973,23531290,10.899361578623454
2021-09-28,10.382836182482146,10.444376854654893,10.33008643602781,10.37404441833496,13446194,10.88295243581136
2021-09-29,10.374043988375648,10.541083308105229,10.18942114108046,10.409210205078123,32772190,10.867965984344483
2021-09-30,10.409212070047593,10.45317005840862,10.180631201313362,10.215797424316406,27282125,10.8532009045283
2021-10-08,10.321295023850915,10.708124275230713,10.303712333385729,10.65537452697754,50541542,10.835246936480205
2021-10-11,10.655374685922348,10.769665110151742,10.620208466038594,10.664166450500488,29167722,10.82109948794047
2021-10-12,10.699332238980036,10.699332238980036,10.382836272787603,10.444376945495604,26626314,10.809175912539164
2021-10-13,10.44437710466092,10.470751559305024,10.338878447655716,10.453168869018556,15102529,10.795420757929485
2021-10-14,10.43558486240472,10.488334607706042,10.356460663667116,10.426793098449709,11526536,10.7786563316981
2021-10-15,10.426792314888743,10.46195852963734,10.294919219188682,10.312501907348633,19555208,10.761600414911905
2021-10-18,10.391628011193582,10.391628011193582,10.154256227594306,10.180630683898926,23336147,10.744452317555746
2021-10-19,10.21579678806714,10.259754773690425,10.10150636081814,10.233380317687988,20213939,10.726061908404033
2021-10-20,10.242170562240894,10.312502999184533,10.163047199500893,10.18942165374756,15197610,10.705888803799947
2021-10-21,10.198213968050704,10.21579665902061,10.031173792478056,10.101506233215332,23354768,10.687715037663777
2021-10-22,10.101505959604095,10.163047472403909,10.03996528523309,10.145463943481444,15705498,10.668521896998088
2021-10-25,10.092714016933714,10.092714016933714,9.952049141752989,10.004798889160156,20384384,10.651415546735128
2021-10-26,10.03996483535898,10.119089035107027,9.996006853451316,10.04875659942627,12152559,10.633136987686157
2021-10-27,10.075131881128158,10.083923645917912,9.732260600187276,9.91688346862793,22789999,10.614006058375042
2021-10-28,9.785010697847447,9.934467350863368,9.785010697847447,9.81138515472412,12105503,10.593274394671122
2021-10-29,9.855341891738304,9.978424072265623,9.82017567422032,9.978424072265623,15672435,10.57073163986206
2021-11-01,9.934466225506933,10.136671769370754,9.925674461400998,10.057547569274902,22371415,10.54850557645162
2021-11-02,10.11029727103974,10.224587688628162,9.89050819993018,10.04875659942627,27080265,10.533677434921264
2021-11-03,10.004798189804022,10.242169940471522,10.004798189804022,10.083922386169434,23778067,10.51942121187846
2021-11-04,10.127882286023244,10.22458918967439,10.075132532304233,10.215797424316406,23318986,10.507035160064698
2021-11-05,10.198213709279662,10.39162749718504,10.14546396085077,10.277337074279783,35390301,10.495246251424154
2021-11-08,10.268545625949644,10.312502769237678,10.171837898486933,10.242170333862305,16163065,10.484185234705608
2021-11-09,10.242170562240894,10.277336780712712,10.075131234106951,10.18942165374756,22071261,10.47261610031128
2021-11-10,10.215796382313682,10.242170837268567,10.004799065816972,10.145463943481444,18231623,10.461611008644104
2021-11-11,10.127879908740024,10.356459885391551,10.075130167402785,10.312501907348633,24389016,10.449522733688354
2021-11-12,10.321295536186602,10.35646175729139,10.24217132909362,10.303712844848633,16437939,10.440116810798646
2021-11-15,10.30371285596891,10.461960431896816,10.286129326183117,10.435585975646973,35970824,10.430279207229614
2021-11-16,10.43558525069316,10.49712592381055,10.374044577575772,10.38283634185791,27226522,10.422544169425965
2021-11-17,10.365253725068865,10.40921171191751,10.303713046538071,10.321295738220217,19280319,10.414297850926717
2021-11-18,10.321296093325538,10.356462316328582,10.189422966671348,10.215797424316406,20881020,10.406327255566914
2021-11-19,10.198213769447886,10.51470974660209,10.163047549764086,10.470751762390137,34148226,10.401491967837016
2021-11-22,10.479542843751029,10.514709061142325,10.391626881058412,10.426793098449709,24566958,10.398136115074157
2021-11-23,10.426792314888743,10.488333819520308,10.294919219188682,10.312501907348633,31019983,10.394987432161967
2021-11-24,10.321295377140643,10.356461597703538,10.242171171266929,10.294920921325684,25136685,10.390456215540569
2021-11-25,10.321294327597622,10.347669619159388,10.207003912782875,10.224587440490724,21125714,10.38771402835846
2021-11-26,10.224588063790236,10.233379828180112,9.802592595793003,9.820176124572754,60330000,10.383883913358053
2021-11-29,9.749843987778188,9.811384663552564,9.635553562462322,9.653136253356934,48718211,10.376612019538879
2021-11-30,9.679511248049945,9.82896788896263,9.679511248049945,9.820176124572754,31227645,10.36945354938507
2021-12-01,9.828968135232724,9.93446679526816,9.767426621390438,9.899300575256348,23002088,10.363400332132976
2021-12-02,9.85534366070635,9.960842332196602,9.802593905746768,9.846551895141602,21006926,10.358293231328329
2021-12-03,9.837758903348812,9.916883106711287,9.749843773946244,9.890508651733398,24052496,10.350811020533245
2021-12-06,9.86413455674708,10.03996566039798,9.793802115286718,9.91688346862793,28014878,10.343551731109619
2021-12-07,9.952048780305567,10.004798525796922,9.890508109256286,9.978424072265623,22744967,10.336297186215718
2021-12-08,9.996006676250794,10.189421290158576,9.943257769639697,10.163046836853027,33599531,10.329412094751994
2021-12-09,10.110297940160788,10.39162770150282,10.0927144108625,10.347670555114746,54227529,10.324495657285054
2021-12-10,10.330086683298084,10.567459290381391,10.286128699938716,10.453168869018556,64935366,10.320759312311809
2021-12-13,10.444376290913263,10.593832919633297,10.356460331044282,10.532291412353516,47433856,10.319550919532777
2021-12-14,10.51470963174708,10.620208289646092,10.470751648015291,10.5235013961792,32928506,10.318069958686829
2021-12-15,10.488335726575505,10.549876403968089,10.426794210754077,10.435585975646973,25353897,10.316228993733723
2021-12-16,10.47954350005328,10.655374598021528,10.453169044965248,10.593833923339844,35817363,10.314443945884705
2021-12-17,10.585042403790382,10.752081741118593,10.549876183382924,10.672958374023438,40884567,10.314479446411132
2021-12-20,10.593833650638238,10.760872979801022,10.593833650638238,10.637791633605955,36010084,10.31338214079539
2021-12-21,10.63779124725529,10.85758031568264,10.4707510857304,10.681748390197754,51245973,10.311203233400981
2021-12-22,10.54987596628589,10.567459495342195,10.382836632395042,10.470751762390137,42847840,10.309820747375488
2021-12-23,10.444377908173616,10.576251029968262,10.41800345150046,10.576251029968262,25159186,10.306895017623901
2021-12-24,10.549874939698803,10.593832919633297,10.418001838324065,10.532291412353516,19256184,10.306067125002544
2021-12-27,10.532291823261115,10.655374004193884,10.514709133658586,10.62020778656006,17615675,10.304872902234395
2021-12-28,10.62020837842788,10.637791907439109,10.51470971964693,10.593833923339844,21743676,10.305199869473775
2021-12-29,10.549876767643417,10.593834755194372,10.409211878223458,10.461960792541504,21576162,10.307672723134358
2021-12-30,10.470752557737471,10.532293237251483,10.426794570186514,10.461960792541504,18585058,10.307469526926676
2021-12-31,10.479543685913086,10.505918141468884,10.356461495937983,10.479543685913086,22733987,10.30697958469391
2022-01-04,10.488335106994374,10.637791747629324,10.418002668863666,10.585041999816896,31624344,10.307209658622742
2022-01-05,10.576251113161344,10.716916001096468,10.558668421383889,10.646583557128906,37645063,10.309179131189982
2022-01-06,10.664166183028966,10.6993324020307,10.409210885659189,10.453168869018556,40140434,10.312234942118327
2022-01-07,10.479544399387004,10.505918856738443,10.382837496812476,10.400420188903809,26817673,10.313320517539978
2022-01-10,10.382837303598516,10.593834635341343,10.321295786351875,10.514710426330566,35414385,10.31367978254954
2022-01-11,10.48833456308444,10.541083469732593,10.391626836848246,10.418002128601074,27174725,10.317858934402466
2022-01-12,10.418002604664624,10.444377059193911,10.374044621496616,10.391627311706545,20139875,10.320443630218506
2022-01-13,10.426794841412018,10.453170137686,10.08392437413922,10.154256820678713,59598038,10.324672389030457
2022-01-14,10.08392352806151,10.092714454319683,9.92567511741082,9.969633102416992,47841809,10.326421252886455
2022-01-17,9.96963318833318,10.101506306059326,9.96963318833318,10.039965629577637,21963759,10.325484601656596
2022-01-18,10.066340223569687,10.505918406593944,10.0311740024649,10.303712844848633,64850574,10.324775616327921
2022-01-19,10.303712759313706,10.365253436129,10.19821409687513,10.233380317687988,23346247,10.32669464747111
2022-01-20,10.277337276350414,10.43558568631972,10.21579660066405,10.347670555114746,33691175,10.327669151624043
2022-01-21,10.294920514264591,10.33887849783732,10.163047401975216,10.20700454711914,23088607,10.33059967358907
2022-01-24,10.154255982982702,10.233380188419344,10.04875732187679,10.101506233215332,39787879,10.333017349243164
2022-01-25,10.163047364139036,10.163047364139036,9.91688299241974,9.94325828552246,31780788,10.336607241630555
2022-01-26,9.943258400117983,10.004799074542664,9.811384448370925,9.890508651733398,25167203,10.338951659202575
2022-01-27,9.890508035927043,9.908091563770052,9.723468713562262,9.785009384155272,25499907,10.339171449343363
2022-01-28,9.793801784261484,9.855342458852046,9.723469345178325,9.767426490783691,33685874,10.334189558029175
2022-02-07,9.84655137670264,9.881717598681158,9.741052710767086,9.81138515472412,23121192,10.32891461054484
2022-02-08,9.802593198412476,9.934467157081231,9.793802271910977,9.92567539215088,26267973,10.323419888814291
2022-02-09,9.943257854747642,10.04875650730159,9.92567432677427,9.978424072265623,27106831,10.319317166010539
2022-02-10,9.996007485989026,10.048757235301933,9.94325857510494,10.031173706054688,20191363,10.31580053170522
2022-02-11,10.031174578818971,10.039966344207524,9.899301451706297,9.96084213256836,18304801,10.311258220672608
2022-02-14,9.908092339866505,9.93446679526816,9.828968135232724,9.899300575256348,17463488,10.305323918660482
2022-02-15,9.872924963883062,9.943258240073376,9.828967819103706,9.88171672821045,17206704,10.30151424407959
2022-02-16,9.934465998391053,9.987214904963189,9.881716253390158,9.90809154510498,15872708,10.297777819633485
2022-02-17,9.890508651733398,9.925674871180188,9.85534243228661,9.890508651733398,13656029,10.293601830800375
2022-02-18,9.88171740592796,9.92567539215088,9.82896849320354,9.92567539215088,14007907,10.286128997802734
2022-02-21,9.908092197951946,10.031173547015973,9.872925140015017,10.022381782531738,24306772,10.280780800183614
2022-02-22,9.96963221558206,9.96963221558206,9.837758272294208,9.90809154510498,21150212,10.274553442001343
2022-02-23,9.908092426465648,9.978424867103993,9.890508897091646,9.969633102416992,27850286,10.270304187138874
2022-02-24,9.943259639496016,9.960842332196602,9.741053223651347,9.846551895141602,36986970,10.266347988446553
2022-02-25,9.846551895141602,9.91688434280177,9.802593905746768,9.846551895141602,30398266,10.260193904240927
2022-02-28,9.82896788896263,9.84655057931358,9.670719483660069,9.820176124572754,25787320,10.25396655400594
2022-03-01,9.811384360182878,9.855342343703455,9.758635450701224,9.820176124572754,15140310,10.248032259941102
2022-03-02,9.802592165719776,9.872924600895455,9.741051494548246,9.855341911315918,16368091,10.244222585360209
2022-03-03,9.872926353406935,9.91688434280177,9.802593905746768,9.846551895141602,18553849,10.240559426943461
2022-03-04,9.785010496431664,9.820176717686316,9.73226074533526,9.79380226135254,26259755,10.238288275400798
2022-03-07,9.741051068908734,9.749842832528724,9.468513104118824,9.512470245361328,49534677,10.235797341664632
2022-03-08,9.46851410827474,9.530054783283743,9.29268217094248,9.31905746459961,39697299,10.22927691936493
2022-03-09,9.345431090809694,9.389389071243318,8.79156254957502,9.143224716186523,43088165,10.220851667722066
2022-03-10,9.275100022450854,9.28389178751716,9.099268913269045,9.099268913269045,22514019,10.209129571914673
2022-03-11,8.993768420214456,9.081684384350972,8.79156287650075,9.037726402282717,36551996,10.196674863497416
2022-03-14,8.923435690321124,9.08168408518233,8.888269473510718,8.949810981750488,17106557,10.182828148206076
2022-03-15,8.95860390769947,9.002561898136031,8.55419190485517,8.571775436401367,43008572,10.168102288246155
2022-03-16,8.659690423050746,8.721231099539057,8.281652922499504,8.694856643676758,42242691,10.150299374262492
2022-03-17,8.791563481649032,8.958602818891679,8.765189025964156,8.888270378112793,39906750,10.13337562084198
2022-03-18,8.879479694633284,9.011352815092364,8.844313473282273,8.967394828796387,79710152,10.118283438682557
2022-03-21,8.984978068914792,9.02014428913167,8.835521423385858,8.87947940826416,24298276,10.10553568204244
2022-03-22,8.905853045336054,8.976185479305975,8.879478592204519,8.958601951599121,21692483,10.093080973625183
2022-03-23,9.187183611039773,9.239933360496162,9.020144274880716,9.134434700012209,40081113,10.08165192604065
2022-03-24,9.160809155525987,9.27509958065748,9.1080594060696,9.134434700012209,30916200,10.071688151359558
2022-03-25,9.134434361929095,9.14322528782244,8.94981150330822,8.984977722167969,27265161,10.06216396490733
2022-03-28,8.870686561742268,9.020143189043615,8.77397883911862,9.002559661865234,20872259,10.04853704770406
2022-03-29,9.002560437042552,9.01135220138877,8.853103796872045,8.861895561218262,15010423,10.036668435732524
2022-03-30,8.897062386094364,8.984978358686318,8.861896164743353,8.967394828796387,24617157,10.023554348945618
2022-03-31,8.92343521118164,8.99376764102599,8.91464428627262,8.92343521118164,19683014,10.011832269032796
2022-04-01,8.85310325670031,8.976185434751107,8.80914611450886,8.949810981750488,25710266,9.999450810750325
2022-04-06,8.92343684250041,9.028936344982297,8.888270621149397,8.967394828796387,23582823,9.988900923728943
2022-04-07,8.941019558147826,8.976185776296314,8.84431266784668,8.84431266784668,24786303,9.974834426244099
2022-04-08,8.844311856428272,8.93222697451936,8.73881237323305,8.92343521118164,26106070,9.959668978055317
2022-04-11,8.888269996157636,8.897061760484396,8.712438901766403,8.730022430419922,26434240,9.946994463602701
2022-04-12,8.730021933991985,8.897061254557858,8.571773538824186,8.826728820800781,28692916,9.932634909947714
2022-04-13,8.791563987731934,8.86189643255948,8.7476060001075,8.791563987731934,12991861,9.919301040967305
2022-04-14,8.905853863819612,8.932228319375064,8.835521423385858,8.87947940826416,15496865,9.906626558303833
2022-04-15,8.826728820800781,8.86189503767932,8.765188150870523,8.826728820800781,13265136,9.895783631006877
2022-04-18,8.791562714887297,8.800354478825085,8.721230280242498,8.773979187011719,13166434,9.884061535199484
2022-04-19,8.773980011263655,8.817937996653377,8.677273114149335,8.694856643676758,15725808,9.872266181310017
2022-04-20,8.730022340289647,8.800354777320017,8.659689903259277,8.659689903259277,16112353,9.860544101397197
2022-04-21,8.677272546789496,8.826729184285092,8.57177389180945,8.598148345947266,33462241,9.848162651062012
2022-04-22,8.58935764952174,8.68606454289498,8.510233446566904,8.54539966583252,22989518,9.836440563201904
2022-04-25,8.439900520945434,8.49264942758517,8.000322386280125,8.009113311767578,37458548,9.82391258875529
2022-04-26,8.061864100921758,8.290444961773947,7.965157200605307,8.079446792602539,30992396,9.808014504114787
2022-04-27,7.991532126970726,8.255279225112684,7.991532126970726,8.237695693969727,22122775,9.79358168443044
2022-04-28,8.184945558958137,8.281652450561523,8.149779340336108,8.281652450561523,19064750,9.779075614611308
2022-04-29,8.316818127382705,8.510232736418228,8.202527714699384,8.36956787109375,43129139,9.764276488622029
2022-05-05,8.40473513123021,8.48385849898021,8.378359836884705,8.439901351928711,33783976,9.750283249219258
2022-05-06,8.290444961773947,8.308027653454728,8.061864100921758,8.079446792602539,25253699,9.73658307393392
2022-05-09,8.079447108850536,8.149780393613252,8.044280885683625,8.097030639648438,13369699,9.71878015200297
2022-05-10,8.009114469906622,8.272861556530081,7.973948247585419,8.211320877075195,23701471,9.700610931714376
2022-05-11,8.237694105913775,8.395942501977734,8.211319652712698,8.255277633666992,29213807,9.68368718624115
2022-05-12,8.22011220807777,8.308027340022678,8.184945987614041,8.24648666381836,21373896,9.667569319407145
2022-05-13,8.290444649005229,8.334401795763267,8.21132044335463,8.24648666381836,15898755,9.651744508743286
2022-05-16,8.299235487768224,8.308027252398636,8.149779681195295,8.176154136657715,14085709,9.6345277150472
2022-05-17,8.202527888836089,8.255277633666992,8.167361671758403,8.255277633666992,10605883,9.61679805914561
2022-05-18,8.264068922036115,8.316818669183553,8.211320013317463,8.281652450561523,16569934,9.598628822962443
2022-05-19,8.202528318250089,8.255278065842516,8.15857033499453,8.220111846923828,18213640,9.58111895720164
2022-05-20,8.264069440522057,8.483858530306462,8.2552785141366,8.316819190979004,34700968,9.563609091440837
2022-05-23,8.360776812679624,8.378359503114012,8.255278154786897,8.290444374084473,27973532,9.547784272829691
2022-05-24,8.272861300542198,8.30802752177525,7.982739765762312,8.000323295593262,42920614,9.529615044593811
2022-05-25,8.009113789016148,8.044280008347714,7.965156643673294,8.035489082336426,21523854,9.509394462903341
2022-05-26,8.026697405529987,8.132196064676494,7.90361521731132,8.10582160949707,37614536,9.490419356028239
2022-05-27,8.114611785470988,8.184945056829038,8.061862879988372,8.123403549194336,19342173,9.472176861763
2022-05-30,8.123403615263125,8.167361595808647,8.01790496501112,8.06186294555664,19265635,9.454666996002198
2022-05-31,8.061863219368288,8.299234980890168,8.017905237329787,8.272860527038574,41988187,9.440014386177063
2022-06-01,8.220113001255683,8.29923637611225,8.176155011827205,8.237695693969727,24990989,9.428512088457744
2022-06-02,8.184946188030759,8.264069557189941,8.140988201767534,8.264069557189941,21933078,9.415324751536051
2022-06-06,8.255278154786897,8.299235300087265,8.176153951760147,8.290444374084473,30406209,9.401697826385497
2022-06-07,8.299235300087265,8.325610593382049,8.237694625923707,8.290444374084473,25548082,9.388730263710022
2022-06-08,8.30802690492085,8.360776652068287,8.211320013317463,8.281652450561523,33557622,9.375396394729615
2022-06-09,8.264069631819199,8.290444926872627,8.167362731909867,8.202528953552246,33281420,9.36176946957906
2022-06-10,8.149779821558864,8.554190940377213,8.149779821558864,8.439901351928711,86008561,9.346970343589783
2022-06-13,8.395942501977734,8.422316955178811,8.19373612495948,8.255277633666992,47162733,9.33261079788208
2022-06-14,8.184945987614041,8.264069354835808,8.053072032053434,8.24648666381836,41197975,9.315174190203349
2022-06-15,8.211320077723538,8.606940249931647,8.202528313391875,8.475067138671875,64845289,9.29678517182668
2022-06-16,8.510234436158662,8.580566882868329,8.39594400064823,8.422318458557129,30143914,9.279641636212666
2022-06-17,8.378359026082286,8.554190112559018,8.351984572717965,8.519023895263672,32743636,9.26213177839915
2022-06-20,8.562981876490044,8.562981876490044,8.43990053517071,8.519023895263672,24215662,9.246160427729288
2022-06-21,8.519024372561706,8.633314794782155,8.466275462877684,8.54539966583252,28814233,9.228870344161987
2022-06-22,8.536607559415428,8.554190249129437,8.395942687988281,8.395942687988281,28106134,9.211140688260397
2022-06-23,8.395943294376515,8.501441955566406,8.38715152967015,8.501441955566406,18064710,9.192458613713582
2022-06-24,8.527817445964805,8.580567202174466,8.51023475284754,8.571775436401367,24394823,9.174289393424989
2022-06-27,8.571773847811157,8.633314519959772,8.527815865521243,8.589357376098633,22504289,9.158464590708414
2022-06-28,8.580565319745356,8.71243842369541,8.536607338952422,8.703646659851074,28476679,9.141907143592835
2022-06-29,8.703647846812812,8.773980290301608,8.624524476709562,8.650898933410645,28934024,9.12666843732198
2022-06-30,8.64210716836733,8.712439611856126,8.624524476709562,8.650898933410645,19113415,9.110257530212403
2022-07-01,8.642106328462814,8.677272546789496,8.580565655998315,8.598148345947266,16057011,9.094066405296326
2022-07-04,8.58935721655612,8.606939906088233,8.50144125360928,8.580565452575684,17800981,9.07853463490804
2022-07-05,8.580565404352095,8.642106075011762,8.448691460672979,8.519023895263672,20567886,9.062856340408326
2022-07-06,8.510232876517158,8.527815565757804,8.395942461952341,8.448691368103027,16111061,9.046518675486247
2022-07-07,8.404734972985674,8.475067413058456,8.404734972985674,8.431109428405762,16786906,9.028715753555298
2022-07-08,8.457482956982062,8.668480254077508,8.448691193329235,8.562981605529785,27910688,9.010253469149271
2022-07-11,8.58056579536545,8.58056579536545,8.42231739111069,8.475067138671875,17112814,8.9945019086202
2022-07-12,8.439900761078649,8.51902412328948,8.439900761078649,8.466275215148926,11167200,8.978457299868266
2022-07-13,8.475067138671875,8.519024283472602,8.431109155442353,8.475067138671875,12764189,8.961387006441752
2022-07-14,8.492649577487253,8.492649577487253,8.378359159845504,8.395942687988281,17407263,8.945195881525676
2022-07-15,8.369568486935446,8.43110916043595,8.184945628005142,8.220111846923828,20828267,8.928565176328023
2022-07-18,8.228903118670901,8.501441955566406,8.228903118670901,8.501441955566406,22785006,8.912447301546733
2022-07-19,8.46627461283867,8.650897455053672,8.439900160644733,8.615731239318848,22067185,8.900212375322978
2022-07-20,8.677272726529312,8.941019788657039,8.633314743103224,8.738813400268555,35949523,8.888343755404154
2022-07-21,8.703647000212,8.923436074342897,8.686064310264493,8.853103637695312,43912558,8.875302926699321
2022-07-22,8.826730210145707,8.88827088976259,8.738814234896836,8.791563987731934,20967503,8.863800621032714
2022-07-25,8.791563308017352,8.791563308017352,8.703647339565654,8.747605323791504,15186739,8.850833066304524
2022-07-26,8.773980457310609,8.800355752942597,8.738814234896836,8.791563987731934,12764841,8.838671406110128
2022-07-27,8.782771383694643,8.79156314806562,8.730022474326375,8.738813400268555,9561203,8.827755220731099
2022-07-28,8.782771716944463,8.941020127911372,8.773979952239896,8.888270378112793,23580881,8.81771818002065
2022-07-29,8.879478725823603,8.914644943337747,8.773979234852407,8.83552074432373,24579527,8.809366194407145
2022-08-01,8.817937375413733,8.870687121850851,8.738813174972442,8.84431266784668,19509938,8.801453789075216
2022-08-02,8.791562782565718,8.791562782565718,8.580565477007044,8.712438583374023,25497263,8.793761173884073
2022-08-03,8.71243899773699,8.78277143626822,8.54539966583252,8.54539966583252,25170707,8.78460328578949
2022-08-04,8.589357981798724,8.738813790637645,8.56298268750759,8.694856643676758,26253832,8.773100988070171
2022-08-05,8.713375810045571,8.889310569259056,8.63929829555788,8.880050659179688,33384235,8.76240459283193
2022-08-08,8.880050438194784,8.981906797312199,8.861530618496923,8.907829284667969,21309090,8.752811900774638
2022-08-09,8.889310175455284,8.981906622925983,8.824491690844846,8.972646713256836,21265446,8.744036793708801
2022-08-10,8.972646568977328,8.991166388017826,8.787452793940243,8.861530303955078,24956839,8.736314678192139
2022-08-11,8.88931038398714,9.093023103045672,8.88931038398714,9.08376407623291,38846972,8.727813124656677
2022-08-12,9.046725600975725,9.065244538250512,8.93560844503243,8.95412826538086,28015807,8.720943729082743
2022-08-15,8.944867523933047,8.944867523933047,8.79671250720867,8.85227108001709,28347446,8.713140559196471
2022-08-16,8.870789845354318,8.870789845354318,8.750413675807202,8.778192520141602,22296553,8.704195523262024
2022-08-17,8.759674042745594,8.93560791015625,8.731895196959403,8.93560791015625,27179307,8.693827279408772
2022-08-18,8.907829016625959,8.926348835766547,8.77819293186258,8.898569107055664,18703162,8.685723249117533
2022-08-19,8.815232276916504,9.018944982245255,8.778192639867402,8.815232276916504,22085759,8.676797715822856
2022-08-22,8.731894859703127,8.843011121629779,8.66707637794075,8.815232276916504,20613450,8.66820338567098
2022-08-23,8.778193428016403,8.778193428016403,8.66707715611319,8.741154670715332,16637197,8.659609055519104
2022-08-24,8.722636869223265,8.759675631346504,8.61152058285355,8.676338195800781,22305673,8.650617210070292
2022-08-25,8.630038064136562,8.685596639470404,8.53744161601162,8.620779037475586,16072676,8.641085227330526
2022-08-26,8.66707706451416,8.796713155234649,8.630038307604538,8.66707706451416,23061041,8.630797203381857
2022-08-29,8.574480474904076,8.685596743833296,8.5281818087485,8.555960655212402,16713834,8.620968246459961
2022-08-30,8.583739376672444,8.611518219873991,8.491142055235954,8.5189208984375,15775981,8.610652899742126
2022-08-31,8.500403273117346,8.648558303773864,8.48188345274846,8.602259635925293,19388831,8.602373321851095
2022-09-01,8.53744125366211,8.620778671589035,8.53744125366211,8.53744125366211,11781321,8.596400006612141
2022-09-02,8.53744161601162,8.78745299732992,8.528181706277048,8.620779037475586,20925215,8.591351811091105
2022-09-05,8.611520542007963,8.657819215210846,8.518923195602195,8.639299392700195,13711463,8.587364395459494
2022-09-06,8.620779371792075,8.768934400996358,8.620779371792075,8.741154670715332,23285226,8.584044170379638
2022-09-07,8.73189539994389,8.741154426705467,8.630038157904073,8.694856643676758,17514430,8.58230536778768
2022-09-08,8.731895643695287,8.768934400996358,8.657818129093146,8.741154670715332,20200984,8.583331044514974
2022-09-09,8.76893424987793,8.824491943335273,8.704115763412874,8.76893424987793,23065770,8.583716861406963
2022-09-13,8.805972516591687,8.870790116376789,8.778192788335016,8.787452697753906,24680871,8.582722393671672
2022-09-14,8.759673976314904,8.778192912340728,8.639297801389526,8.685596466064453,21546135,8.581222875912983
2022-09-15,8.694856375614155,8.815232550539532,8.602259046264301,8.685596466064453,32057055,8.579607184727987
2022-09-16,8.648557843764834,8.69485650915082,8.435584336218728,8.444844245910645,24180250,8.577332139015198
2022-09-19,8.444843250617074,8.454103159217635,8.185571991315804,8.231870651245117,29543279,8.571585551897686
2022-09-20,8.259649485118203,8.324467079105657,8.06519582008235,8.092974662780762,26399855,8.564064184824625
2022-09-21,8.08371597409132,8.14853446093392,7.954080766553359,8.102235794067383,16882464,8.556630825996399
2022-09-22,8.05593634691292,8.111494918386157,8.009637684530814,8.0374174118042,12765933,8.549128127098083
2022-09-23,8.055936545061078,8.092975299263081,7.9448202824550656,8.046676635742188,14055885,8.542257475852967
2022-09-26,7.963340444079463,8.065196801753608,7.917041778564453,7.917041778564453,16842619,8.534584824244181
2022-09-27,7.90778147997631,8.01889774190396,7.796665218048659,8.009637832641602,16610220,8.526198212305705
2022-09-28,7.981859650213642,8.009638497232086,7.870743379066248,7.926301956176758,15213004,8.518363436063131
2022-09-29,8.028158559707146,8.065197317874677,7.741107521603529,7.759627342224121,18480381,8.509687662124634
2022-09-30,7.78740543879963,7.935560457176662,7.768886503039284,7.889262676239014,17730146,8.500648617744446
2022-10-10,7.963340153472051,7.963340153472051,7.555912971496582,7.555912971496582,30098246,8.49203051328659
2022-10-11,7.629991020787767,7.639250930823406,7.546653596614278,7.574433326721191,15020894,8.482246267795563
2022-10-12,7.555913436768985,7.704068463674476,7.500355743216234,7.694809436798096,18450729,8.471810472011565
2022-10-13,7.63925090599056,7.787405933784657,7.63925090599056,7.731848239898682,12809333,8.462670850753785
2022-10-14,7.787405271782,7.870742688600123,7.750366517982118,7.815184116363525,13376685,8.453107257684072
2022-10-17,7.815184283976932,7.90778161199936,7.805925257633542,7.889262676239014,11340055,8.444677718480428
2022-10-18,7.907781552165568,7.935560397132683,7.842963952884448,7.870742797851562,10167937,8.437305080890656
2022-10-19,7.861482729552839,7.917041301437285,7.768886287176817,7.7781453132629395,9653923,8.43043746550878
2022-10-20,7.759626534909544,7.91704146151246,7.741106716215761,7.870742797851562,14712260,8.423091260592143
2022-10-21,7.870743018107763,7.898521863852246,7.805925417012776,7.842964172363281,9727723,8.417029547691346
2022-10-24,7.778145434699407,7.94482026988142,7.648510236734336,7.676289081573486,22071680,8.4111759185791
2022-10-25,7.778146279771061,7.833704858559186,7.67628991557876,7.759627342224121,25691536,8.408402383327484
2022-10-26,7.722588014622226,7.842964190559037,7.66702943993078,7.685549259185791,22081056,8.405737221240997
2022-10-27,7.694808584081264,7.842963594568638,7.694808584081264,7.768886089324951,29907499,8.401136000951132
2022-10-28,7.805925860394463,7.805925860394463,7.657770830577141,7.667029857635498,18187954,8.396862947940827
2022-10-31,7.287382285341656,7.7318482525233,7.222564681344309,7.592952251434326,35687946,8.391008464495341
2022-11-01,7.676289683789902,7.935560983133822,7.63925092674077,7.926301956176758,40439665,8.383950555324555
2022-11-02,7.861483079820172,8.065196675041518,7.824444324604797,8.018898010253906,26106871,8.382674348354339
2022-11-03,8.037418530428603,8.04667755773484,7.889263496644904,7.991119861602783,14280909,8.382023243109385
2022-11-04,7.9448202824550656,8.111495117900862,7.9448202824550656,8.046676635742188,19904362,8.380188234647115
2022-11-07,8.046676635742188,8.120755027219753,8.009637881540183,8.046676635742188,13816885,8.378449892997741
2022-11-08,8.01889764308882,8.074456214904785,7.972598980421107,8.074456214904785,13320462,8.37678480943044
2022-11-09,8.04667638772394,8.102234958851273,7.963339855643235,8.000378608703613,12904927,8.37535122235616
2022-11-10,7.9911186392796605,8.046676326913603,7.935560068572195,7.981858730316162,12846818,8.373886426289877
2022-11-11,8.102236150469954,8.222612336388632,8.055937481566822,8.18557357788086,26814006,8.371607935428619
2022-11-14,8.222610311562885,8.380025217225764,8.222610311562885,8.28742790222168,27669294,8.370807278156281
2022-11-15,8.296689394520206,8.398545754014565,8.213351971718634,8.380026817321777,20743073,8.371368245283763
2022-11-16,8.342986521671959,8.380025271297898,8.268909022420083,8.324466705322266,16085073,8.371894975503286
2022-11-17,8.296689348137638,8.380026770473313,8.278169528474775,8.342988014221191,11476348,8.372178494930267
2022-11-18,8.380025217225764,8.528180214773545,8.28742790222168,8.28742790222168,19489008,8.375034034252167
2022-11-21,8.241130507417134,8.380026501204762,8.14853406129896,8.333727836608887,19748486,8.377133524417877
2022-11-22,8.38928609071129,8.500402351658476,8.296688765051861,8.426324844360352,23376372,8.379032742977142
2022-11-23,8.43558451047375,8.44484442035695,8.35224797074579,8.380026817321777,12025947,8.381557087103525
2022-11-24,8.38002645268363,8.426325117011432,8.250390369180497,8.2966890335083,10473706,8.384208452701568
2022-11-25,8.287429484637007,8.407805663897765,8.287429484637007,8.380026817321777,10459769,8.384407023588816
2022-11-28,8.24113021457911,8.278168968324971,8.083715290390817,8.111495018005371,23980353,8.385593116283417
2022-11-29,8.176312786674487,8.454103887093968,8.157793850952421,8.43558406829834,31203645,8.384321661790212
2022-11-30,8.44484402611976,8.481882780849837,8.389286335561428,8.472622871398926,19056472,8.385531159241994
2022-12-01,8.528181493506606,8.611518912891377,8.4726229195589,8.509661674499512,20462441,8.387049313386282
2022-12-02,8.49114249209166,8.574479909057377,8.444843828991424,8.463363647460938,16348929,8.388949390252431
2022-12-05,8.602259368209248,8.639298124720671,8.500403008571233,8.592999458312988,17832592,8.391123012701671
2022-12-06,8.537441947096259,8.768934400996358,8.500403189795188,8.741154670715332,24831399,8.392398830254873
2022-12-07,8.759674982217867,8.815233562822474,8.667077642234748,8.722636222839355,19196630,8.396447805563609
2022-12-08,8.713376312226307,8.778193920370281,8.657818614695381,8.722636222839355,16785838,8.40041571855545
2022-12-09,8.704116445058025,8.778193964184789,8.667077685494643,8.759675025939941,18814731,8.402478794256846
2022-12-12,8.731896177035825,8.80597369616259,8.694857417472443,8.759675025939941,14552620,8.405290098985036
2022-12-13,8.778192739682462,8.815232377152734,8.685596295227468,8.75041389465332,12584357,8.407295525074005
2022-12-14,8.778193920370281,8.796713741596378,8.667077642234748,8.722636222839355,19330581,8.409223775068918
2022-12-15,8.722636266376558,8.796713785503323,8.713376355717292,8.759675025939941,16326536,8.410700746377309
2022-12-16,8.713376398842037,8.796713829040527,8.70411648813694,8.796713829040527,15968011,8.413731849193573
2022-12-19,8.815234216068236,8.815234216068236,8.630039522378297,8.676338195800781,23696862,8.41619244813919
2022-12-20,8.63003848340498,8.833752092094514,8.592999725740851,8.602259635925293,25399785,8.417063804467519
2022-12-21,8.602259264939208,8.685596686857853,8.574480418657528,8.657817840576172,12030160,8.417171323299408
2022-12-22,8.768934486950696,8.778193514061499,8.574480788445605,8.602259635925293,10623675,8.416789416472117
2022-12-23,8.574479958721547,8.63003764830479,8.45410378719312,8.500402450561523,13341200,8.416384088993073
2022-12-26,8.537440664478524,8.574479416215098,8.454103252302858,8.481882095336914,10370285,8.415129951635997
2022-12-27,8.537440985100076,8.648557244482744,8.50040223197252,8.528181076049805,9518840,8.414161066214243
2022-12-28,8.546699960776811,8.620778349669479,8.481882363953444,8.491142272949219,11517555,8.413724529743195
2022-12-29,8.50040153659693,8.50040153659693,8.370765469718602,8.398544311523438,11528808,8.413492182890574
2022-12-30,8.435583968616337,8.63003764830479,8.4263249424015,8.500402450561523,14649435,8.41307429075241
2023-01-03,8.463364104282228,8.685596639470404,8.37076677308369,8.620779037475586,20907149,8.413651732603709
2023-01-04,8.694856596642946,8.73189535270972,8.620779084509397,8.657817840576172,12385701,8.414133377869923
2023-01-05,8.750413943151912,8.796712607172797,8.657817498183705,8.787452697753906,17818544,8.415656300385793
2023-01-06,8.778192912340728,8.778192912340728,8.676336556514752,8.685596466064453,11924018,8.418332779407502
2023-01-09,8.778194273695545,8.843012767522167,8.722636573928403,8.805974006652832,18114989,8.420087190469106
2023-01-10,8.787453291872056,8.787453291872056,8.676337020553518,8.704115867614746,16182648,8.423504118124644
2023-01-11,8.750414488329216,8.759674398325027,8.657818037591971,8.66707706451416,14086078,8.427537484963734
2023-01-12,8.70411577483633,8.722635594728827,8.565220657937067,8.630038261413574,12365463,8.428917777538299
2023-01-13,8.657817933845767,8.731895446777344,8.60225935761028,8.731895446777344,11587575,8.429037002722422
2023-01-16,8.741155247883636,8.861531437828823,8.70411648813694,8.796713829040527,20760968,8.428979353109996
2023-01-17,8.815232276916504,8.843011121629779,8.759673704416402,8.815232276916504,13097927,8.428509438037873
2023-01-18,8.824491500854492,8.889309984069396,8.787452746048935,8.824491500854492,12342407,8.428706673781077
2023-01-19,8.787452746048935,8.852271229263838,8.750413991243377,8.824491500854492,9875676,8.429347391923269
2023-01-20,8.843011319794057,8.907828919935389,8.787452746048935,8.824491500854492,15075523,8.429621787865957
2023-01-30,8.954128488032325,9.018946094716288,8.852272122804147,8.926349639892578,21774768,8.430335772037505
2023-01-31,8.981907900013738,9.000427721985263,8.805974006652832,8.805974006652832,18463042,8.430653099219004
2023-02-01,8.833752675132967,8.880051346037307,8.7596751549155,8.8707914352417,19524772,8.43040687640508
2023-02-02,8.889310523162226,8.907829460151302,8.796713188995977,8.843011856079102,15875717,8.430627532800038
2023-02-03,8.796713155234649,8.815232975226271,8.630038307604538,8.66707706451416,27119107,8.431715643405914
2023-02-06,8.620780453263286,8.704117005339988,8.574481780060403,8.639299392700195,19979367,8.432729621728262
2023-02-07,8.685596591674004,8.685596591674004,8.555960505324151,8.583740234375,19477161,8.43226664463679
2023-02-08,8.611519769060067,8.694857196730355,8.565221100012833,8.574481010437012,16043500,8.42979739109675
2023-02-09,8.5559602133022,8.759673804020888,8.518921458905488,8.75041389465332,17415595,8.427019488811492
2023-02-10,8.722635683283656,9.35229543684319,8.722635683283656,9.055984497070312,74609350,8.425167548656464
2023-02-13,9.000426664079082,9.009685690902828,8.861530664839568,8.944868087768555,40299969,8.426788000265757
2023-02-14,8.926348249568722,9.074503260669694,8.90782843164434,8.981905937194824,19342791,8.425630533695221
2023-02-15,8.991166092413017,9.417112202531165,8.898568766402033,9.30599594116211,72449838,8.42586201429367
2023-02-16,9.3337755566987,9.463411647207211,9.093023195643015,9.157841682434082,61566829,8.429643054803213
2023-02-17,9.139322099723683,9.194880677976348,8.972647248039344,8.991167068481445,32260867,8.432806797822316
2023-02-20,8.991167290361446,9.185620994433938,8.926349683361837,9.176361083984377,25274710,8.43326979080836
2023-02-21,9.148581504821776,9.287476618174114,9.065244083580936,9.148581504821776,21294457,8.435584723949432
2023-02-22,9.083764450113405,9.120803208109768,8.92634950786044,9.028205871582031,21778666,8.438362634181976
2023-02-23,9.102282104482745,9.102282104482745,8.954127093381773,8.981905937194824,17399366,8.440137414137522
2023-02-24,8.944868040990084,9.028205463483244,8.898569374819038,8.907829284667969,15481494,8.442143674691518
2023-02-27,8.870789966343054,8.95412738355643,8.796712458391953,8.815232276916504,19585649,8.444072767098744
2023-02-28,8.898569864076391,9.046725780584303,8.787453589000698,8.889310836791992,25431308,8.445693210760753
2023-03-01,8.898569332442605,9.39859298194677,8.898569332442605,9.22265911102295,54157136,8.447545158863068
2023-03-02,9.231919025199852,9.639345342995838,9.222659115390634,9.574527740478516,89972497,8.453100979328156
2023-03-03,9.518969227528208,10.528276443481444,9.36155429202686,10.528276443481444,159471314,8.46189770301183
2023-03-06,10.648651520950956,10.972741268296264,10.222705424789975,10.241225242614746,267869070,8.477947843074798
2023-03-07,10.241225710301748,10.333822154433646,9.667123694545603,9.731942176818848,163615149,8.492146042982737
2023-03-08,9.657864235209098,9.96343416498186,9.657864235209098,9.78749942779541,89954953,8.501405735810598
2023-03-09,9.907875873432069,10.556054503829769,9.843058275314364,10.324562072753906,188747254,8.510974069436392
2023-03-10,10.185667110542717,10.41715954487323,9.99121343038214,10.046772003173828,95951096,8.524169131120045
2023-03-13,10.074550825549387,10.769028126991062,10.074550825549387,10.750508308410645,147509378,8.535435092449188
2023-03-14,10.741249280548573,11.046819222490216,10.574574445644568,10.889404296875,132533253,8.552179706096648
2023-03-15,11.074599134965874,11.426467774200958,10.898665256885153,11.1764554977417,138575466,8.569850289821625
2023-03-16,11.111637343692014,11.630180808283356,11.065338678145244,11.4357271194458,141421878,8.589758646488189
2023-03-17,11.620920555827617,12.583929061889648,11.620920555827617,12.583929061889648,143764698,8.612676401933035
2023-03-20,13.324705941784153,13.843248543119174,13.259887454312052,13.778430938720703,324758408,8.645162506898243
2023-03-21,13.78769052138532,13.880286970745177,13.148770870356351,13.519159317016602,280570045,8.68960906267166
2023-03-22,13.889546280224678,14.871073722839355,13.889546280224678,14.871073722839355,283603530,8.73366980155309
2023-03-23,15.454434270174518,16.019274567286153,15.222941852923867,15.732224464416504,356714933,8.790153960386911
2023-03-24,15.602591744498806,16.491521919633495,15.417397074938782,16.35262680053711,303439982,8.853737199306488
2023-03-27,15.81556360066827,16.658195950061266,15.38035844458912,16.324846267700195,378361859,8.923030610879263
2023-03-28,15.815563663898502,16.15817325726681,15.176644025534456,15.232203483581545,255217996,8.992015357812246
2023-03-29,15.463695233713745,15.741485446906188,13.75065087596806,14.96367073059082,353292741,9.052975038687388
2023-03-30,15.009968444273865,15.797043066363294,14.389569538894223,15.63036823272705,295732939,9.110925312836965
2023-03-31,15.46369606831184,16.1859513680522,15.195163983738588,15.945199012756348,221719153,9.17512586514155
2023-04-03,15.824823055894424,16.528560272811482,15.204423257174591,16.445222854614258,339814714,9.243338962395987
2023-04-04,15.963718870335123,16.574858786717364,15.760006153590112,16.12113380432129,217857704,9.314638630549114
2023-04-06,16.667457781339944,17.593427658081055,16.111875502065804,17.593427658081055,260304293,9.386015470822652
2023-04-07,17.389714484731307,17.547129430473905,16.389667113586373,17.010066986083984,162645172,9.469507090250652
2023-04-10,16.72301532621023,16.97302761451514,15.82482518981345,16.176692962646484,161111100,9.547134236494701
2023-04-11,16.334104940562305,16.435962172715197,15.65814748353156,16.065574645996094,172506941,9.617507942517598
2023-04-12,16.222989765192846,17.352672177120052,15.926679740172403,17.05636215209961,182304108,9.686261196931204
2023-04-13,16.898949132977194,17.547128710290018,16.065576652251607,16.35262680053711,162683731,9.762653692563374
2023-04-14,16.27854813619304,17.010065086526303,16.11187329859067,16.73227310180664,116447599,9.83333605925242
2023-04-17,16.658195936260668,16.889688378564703,16.102613721501548,16.602638244628906,100760172,9.907953790823619
2023-04-18,16.556337972376323,18.102707489981565,16.343365358646444,17.769359588623047,184118316,9.98071958621343
2023-04-19,17.66750169147031,17.88047429722221,15.991497039794922,15.991497039794922,282581868,10.063439548015594
2023-04-20,15.991500195194307,17.593427658081055,15.935940730963727,17.593427658081055,325560298,10.13273294766744
2023-04-21,18.05641117805723,18.3990207826431,16.84339122933461,17.39897346496582,248826940,10.214681283632915
2023-04-24,17.445269122714517,17.686021454353323,16.63967471430209,16.973024368286133,165745031,10.295626485347748
2023-04-25,16.723014450431652,17.389713850996586,16.435964300825788,17.130441665649414,196127791,10.372327637672424
2023-04-26,17.389712098062056,17.57490498365867,15.41739559173584,15.41739559173584,241514844,10.451189402739207
2023-04-27,14.722918821274838,15.59333088963466,14.658101220700187,14.908113479614258,265276404,10.51639309724172
2023-04-28,14.935891978555947,15.630369323053504,14.732179259983,14.926633834838867,219569831,10.574574859937032
2023-05-04,14.79699635031203,14.815516169399096,14.00992258365685,14.241415023803713,211000027,10.632139325141907
2023-05-05,14.195117313293174,14.222896160717369,13.389523673402456,13.67657470703125,209533291,10.684225118160247
2023-05-08,13.639534706679298,13.685833373214438,13.287666960388917,13.593236923217772,151113962,10.73114093542099
2023-05-09,13.59323738736584,14.102520087421247,13.333965199145526,13.611756324768066,194948000,10.777362271149952
2023-05-10,13.611755766376458,13.92658563696191,13.306185805649076,13.519159317016602,102661904,10.823506438732148
2023-05-11,13.435821216370394,13.704352407187043,13.287666198412737,13.389522552490234,109398210,10.86949627796809
2023-05-12,13.27840660858516,13.6950928273876,13.16729034244275,13.29692554473877,80167627,10.914560143152872
2023-05-15,13.537677919072564,14.24141515556778,13.111731789938467,14.000662803649902,232318960,10.95715474287669
2023-05-16,13.972884968726737,14.315493702131716,13.435822534408262,13.685833930969238,166670928,11.004765033721924
2023-05-17,13.750651737311374,14.67662152748524,13.72287200779316,14.39883041381836,214696710,11.048980093002319
2023-05-18,14.732179272199115,15.732226578458956,14.556245399999568,15.139606475830078,286831554,11.09959979057312
2023-05-19,15.278500580820712,15.88038055350241,14.96367073059082,14.96367073059082,174480346,11.156238277753195
2023-05-22,14.824776841111714,15.371099169237514,14.167338241971557,14.269194602966309,176166196,11.21187363465627
2023-05-23,14.241415992392549,14.4729084482837,14.028442473774394,14.102519989013672,99148662,11.261335857709248
2023-05-24,14.019183683097634,14.15807880574523,13.454341516030455,13.722872734069824,122492233,11.308637483914692
2023-05-25,14.815515380836692,15.093305587768556,14.500685537702148,15.093305587768556,306675878,11.353161199887593
2023-05-26,15.121086296685585,16.010018195647834,14.96367136489785,15.547033309936523,265872270,11.409799671173095
2023-05-29,16.01001553859752,16.741530618221336,15.834080816704448,16.57485580444336,302922759,11.469524725278218
2023-05-30,16.130394060308124,16.954506620904464,15.676669068173778,16.695236206054688,251511555,11.540052731831869
2023-05-31,16.769312201431333,17.20451733420172,16.20447010682632,16.71375274658203,218639655,11.608883166313172
2023-06-01,16.29706802823638,16.861908377355995,16.2322504280216,16.5933780670166,158582309,11.677559248606364
2023-06-02,16.8526498618179,16.99154496866012,16.297067668301914,16.510040283203125,107111532,11.74492355187734
2023-06-05,16.723013831651716,17.843438190506138,16.426703782874508,17.528608322143555,205552569,11.811979190508525
2023-06-06,17.223037629125113,17.695282411530876,16.76005275611716,16.87116813659668,141931266,11.886442597707113
2023-06-07,16.85265114341944,17.130441378229126,16.510041538750073,16.695236206054688,96502948,11.95419270992279
2023-06-08,16.574858420162702,16.741533260244044,16.222990686994326,16.528560638427734,96058604,12.020631043116252
2023-06-09,16.528561549987813,18.1860466003418,16.32484706036579,18.1860466003418,215513181,12.085680413246155
2023-06-12,18.806445546854945,19.78797477534249,18.760147764782605,19.769454956054688,250099933,12.164233509699503
2023-06-13,19.63055951455481,20.908396999486506,19.324989566018075,20.389854431152344,224284836,12.255981675783794
2023-06-14,20.139842460876334,21.713991773472667,19.982427529616707,21.10285186767578,203255341,12.352977013587951
2023-06-15,20.926915149335176,22.038077707139315,20.81579801048126,20.96395301818848,151010646,12.456145477294921
2023-06-16,20.96395617337445,22.53810557486519,20.69542584379501,22.278833389282227,198977068,12.557847793896993
2023-06-19,22.68625797071362,24.510417669688668,21.945482906700164,24.50115776062012,207593027,12.670198790232341
2023-06-20,23.95483799409923,24.482640464267405,22.741816360886027,24.10299301147461,217799669,12.802072286605835
2023-06-21,23.612230028424943,23.612230028424943,22.315872654603613,22.686260223388672,159426735,12.931245064735412
2023-06-26,22.130676949652408,22.94553132892645,21.06581207701096,21.38064193725586,194682243,13.04814875125885
2023-06-27,21.6769518808086,21.6769518808086,21.08433180120233,21.306564331054688,100920566,13.154635270436605
2023-06-28,20.362073984921647,21.704730788945103,19.750934109390897,21.278783798217773,169412176,13.261353286107381
2023-06-29,21.306565002409,22.547364657791675,21.204707760712044,22.0380802154541,169954821,13.367994133631388
2023-06-30,21.806588611420256,23.84372292719272,21.58435606597827,23.33444023132324,194981072,13.480576626459758
2023-07-03,23.51963135083272,23.81594138893028,21.74176935610025,22.56588363647461,155635602,13.604270776112875
2023-07-04,22.223275411133343,23.427035456110836,22.195495681056418,22.760337829589844,110852632,13.722331937154134
2023-07-05,22.501064802731253,22.695519373676348,21.862146930269112,22.093639373779297,95980113,13.84116473197937
2023-07-06,21.852885525645988,22.917750339716537,21.852885525645988,22.11215591430664,97526863,13.953438568115235
2023-07-07,22.038080565296045,22.48254741220838,21.112110763961805,21.908445358276367,105155637,14.065558052062988
2023-07-10,22.223274879239984,22.278832571916865,21.195447850908028,22.0380802154541,88859826,14.174899657567343
2023-07-11,22.223274516334858,22.778856732472665,21.760289630577883,22.445507049560547,118743582,14.286170355478923
2023-07-12,22.223275595614677,22.223275595614677,20.75098344611342,20.86210060119629,165380326,14.399833130836488
2023-07-13,21.278785176982197,22.945531845092773,21.08433237041692,22.945531845092773,155773995,14.501149670283
2023-07-14,23.806681550227385,25.24193572998047,23.56593096816794,25.24193572998047,208131873,14.620136793454488
2023-07-17,24.899325888757044,24.899325888757044,23.72334565436528,24.17707061767578,174972477,14.758569272359212
2023-07-18,24.149291594778724,24.67709408249012,23.21406191266933,23.6400089263916,156616093,14.887279065450032
2023-07-19,24.00113497424381,24.46411982963729,22.90849043293168,23.232580184936523,127026168,15.010973191261291
2023-07-20,23.056644874018264,23.10294441809854,21.11210817632219,21.52879524230957,202822969,15.131117757161459
2023-07-21,21.33434295654297,21.79732781133447,20.92691578980527,21.33434295654297,132628976,15.236986955006918
2023-07-24,21.10285262015803,22.714039862541934,21.10285262015803,21.908445358276367,145621050,15.341235717137655
2023-07-25,22.269573923801545,22.85293591147456,21.389903636348663,22.223276138305664,161942914,15.450268665949503
2023-07-26,21.76028766426989,22.389947334585475,20.56578591920408,21.52879524230957,161281064,15.561076386769612
2023-07-27,21.417680992040093,21.56583778693721,20.676905848290787,21.000995635986328,142264934,15.667099897066752
2023-07-28,21.162319415622623,21.46599548514636,20.573950990385864,21.124361038208008,118265878,15.768184932072957
2023-07-31,21.11487160929915,21.921507515932344,20.69731858526995,21.1907901763916,141099061,15.870529508590698
2023-08-01,21.067423537605684,21.96895631072089,20.431604848757868,21.51344490051269,163085467,15.97489378452301
2023-08-02,21.114870692528218,21.693750872750083,20.9820136583952,21.181299209594727,83597396,16.08217833042145
2023-08-03,20.744768996571658,21.68426195105858,20.545481624991226,21.35211753845215,118495348,16.18715798854828
2023-08-04,20.972527296386392,22.804065006054127,20.80171004532325,22.557329177856445,186832851,16.293638292948405
2023-08-07,22.490899738838213,24.673560100648142,22.39600106875048,23.705596923828125,229951559,16.408695920308432
2023-08-08,23.344982157793567,23.648656428132117,22.65222500232858,22.946409225463867,131525166,16.530776023864746
2023-08-09,22.111303415538597,22.5193663995662,21.11487197875977,21.11487197875977,218495333,16.64745553334554
2023-08-10,20.868136770702964,20.87762681827989,19.86221525808837,20.403135299682617,238360505,16.748563583691915
2023-08-11,20.61191091625048,21.067424149735395,20.289256538801013,20.403135299682617,137658861,16.841039745012917
2023-08-14,20.014052834686343,20.50752445917404,19.643950021341347,20.308237075805664,129339573,16.934750525156655
2023-08-15,20.915586516712096,21.095891986308903,20.127928876724276,20.29874610900879,157167034,17.02905944188436
2023-08-16,19.928643702517157,20.308236553890133,19.63445946895828,19.824254989624023,120135305,17.121745983759563
2023-08-17,19.29282493077725,20.08997082091605,18.91323208072104,19.84323501586914,134760830,17.210709929466248
2023-08-18,19.82425387095841,19.96660276597696,19.036598070040657,19.07455825805664,102052491,17.300835172335308
2023-08-21,19.122008086396747,19.82425532585776,18.846803943249235,19.36874389648437,91872037,17.38494060834249
2023-08-22,20.118441513714995,21.304670333862305,19.672418318913024,21.304670333862305,199706551,17.472114896774293
2023-08-23,21.03895478189924,21.08640321148996,19.98558299260284,20.251298904418945,137727726,17.57619354724884
2023-08-24,21.352118832155025,22.11130455550392,20.782728634622583,21.285690307617188,201651208,17.670876781145733
2023-08-25,20.118440805672137,20.374664846174912,19.15996773552036,19.283334732055664,195119071,17.77140204111735
2023-08-28,20.33670675972417,20.33670675972417,19.17894629688588,19.624969482421875,137539391,17.85230876604716
2023-08-29,19.501599394823906,21.0104824685302,19.24537536743409,20.48854255676269,172764117,17.928114541371663
2023-08-30,20.77323667624147,21.323646727556756,20.46956241483185,20.687828063964844,133689524,18.013508852322897
2023-08-31,20.460074721595756,21.09589345833104,20.24180904735389,20.792219161987305,117077489,18.104807901382447
2023-09-01,20.67834145396756,20.868136977260207,19.83374531167621,20.165889739990234,94026414,18.19651389916738
2023-09-04,20.30823610379006,20.355686340435952,19.605988891803875,19.919153213500977,96034266,18.278524963061013
2023-09-05,19.710378826656843,19.729358922494114,19.159968717666924,19.273845672607425,99330896,18.360794806480406
2023-09-06,19.05557756701945,19.2358848343634,18.543127715148945,19.18843460083008,89908206,18.431822617848713
2023-09-07,18.960681806287468,18.960681806287468,18.2109861023564,18.22047615051269,127958756,18.500981203715007
2023-09-08,18.040167471087774,18.239453036950422,17.499247437984614,18.106595993041992,92963254,18.55968137582143
2023-09-11,18.030677538096988,19.046089088793707,17.42332897918489,18.467208862304688,136592406,18.615271949768065
2023-09-12,18.21098572654205,18.64751707247332,18.106597009018675,18.29639434814453,81348848,18.664299281438193
2023-09-13,18.18251562571291,18.27741429550053,17.72700418278219,17.8978214263916,75537956,18.701948976516725
2023-09-14,18.01169866744325,18.18251591375874,17.603635647921056,17.6415958404541,72853334,18.738437827428182
2023-09-15,17.67955245790479,17.745982788205534,17.11016410708695,17.205060958862305,95853247,18.761525511741638
2023-09-18,17.15761271079533,17.840879824882943,17.024755668899765,17.36638832092285,92253885,18.77379914919535
2023-09-19,17.38536761297658,18.030676318181264,17.205060342983188,17.53720474243164,108272233,18.782247161865236
2023-09-20,17.546697074847096,18.0116985706278,17.25251282446371,17.461288452148438,104732424,18.792350149154665
2023-09-21,17.328430858829375,17.793432340112666,17.290470667683863,17.375879287719727,73820046,18.810925857226053
2023-09-22,17.366390234806712,19.07456092333891,17.309451754868128,18.9227237701416,212826070,18.831027595202126
2023-09-25,18.75190477739947,19.01762067581878,18.24894312290483,18.305883407592773,104675298,18.85846389134725
2023-09-26,18.49567874188728,19.349763093228557,18.45772036251552,18.723434448242188,126777167,18.87813626130422
2023-09-27,18.6000680632543,19.07455958624527,18.524149491977408,18.78986358642578,83030433,18.897121357917786
2023-09-28,19.008129672417,19.29282384137302,18.562106515000156,18.694965362548828,73482733,18.919360772768655
2023-10-09,18.47669989970385,18.50517004369373,17.88833140424559,18.27741432189941,105193597,18.92854025363922
2023-10-10,18.248944151551772,18.36282291730524,17.66057565694332,17.8978214263916,80063139,18.93910148143768
2023-10-11,18.18251510975708,18.64751658747561,17.888330870800765,18.192005157470703,90225288,18.95344421863556
2023-10-12,18.41027085788102,18.45772109653452,17.717513663913707,17.793432235717773,82165069,18.971164472897847
2023-10-13,17.660574371153732,17.660574371153732,16.90138687816743,16.967815399169922,106681657,18.977306723594666
2023-10-16,16.977305701449247,16.977305701449247,16.41740557310256,16.53128433227539,95159245,18.98243329524994
2023-10-17,16.626181747096204,16.68312021738287,16.322507492178868,16.398426055908203,58147935,18.980758388837177
2023-10-18,15.753118927736248,16.25607878375762,15.278627404672152,16.056793212890625,151293797,18.979056620597838
2023-10-19,15.734138758572524,16.21812032703184,15.639240092396708,15.686690330505373,85945895,18.9647852341334
2023-10-20,15.715158380518815,15.866995519651056,15.25015691567114,15.34505558013916,80467844,18.962245178222656
2023-10-23,13.807703018188477,13.807703018188477,13.807703018188477,13.807703018188477,23786500,18.943508744239807
2023-10-24,12.630964117971368,13.418619934931291,12.574024739808404,13.058006286621094,318967934,18.913581490516663
2023-10-25,13.114945773208088,13.14341591699993,12.782802240823658,12.849230766296388,193065907,18.88095633983612
2023-10-26,12.71637242631889,13.304742709958264,12.564535284097408,13.124435424804688,141580469,18.84527958234151
2023-10-27,13.124434323479882,13.466067864810352,12.96310714715199,13.352190017700195,99990449,18.82617158095042
2023-10-30,13.352191408723966,14.006990229099786,13.21933435909815,13.85515308380127,120823083,18.813205552101135
2023-10-31,14.063928139728722,14.310663943413267,13.78872309870234,13.969030380249023,152112193,18.804276545842487
2023-11-01,14.006989556596142,14.187295931726068,13.750763707441232,13.78872299194336,71660068,18.802006673812866
2023-11-02,14.120868088073674,14.225255899211213,13.836172988128569,13.85515308380127,82575884,18.8029412428538
2023-11-03,13.931070944524205,14.158826650832868,13.845662328403272,13.997499465942385,78084421,18.80512387752533
2023-11-06,14.15882660834763,14.29168455580606,14.025968660889202,14.206275939941406,98469617,18.808338403701782
2023-11-07,14.206276852413664,14.82311548769026,14.082908944354187,14.604849815368652,142671111,18.81406437555949
2023-11-08,14.566889983806629,14.709237077385932,14.39607274749486,14.51944065093994,77635676,18.824192102750143
2023-11-09,14.709237641690065,14.936993362162855,14.62382902025757,14.79464626312256,118059840,18.834379728635152
2023-11-10,14.614337887028322,14.984441584077617,14.547909366412055,14.623827934265137,90447202,18.84099625746409
2023-11-13,14.85158426755643,15.895465977329666,14.85158426755643,15.28811740875244,169202189,18.848812874158224
2023-11-14,15.3260755567552,15.97138430609925,15.193218511904892,15.534852981567385,123923040,18.856223599116007
2023-11-15,15.639240605874948,15.829037944458138,15.212199309125117,15.5728120803833,110010637,18.859517319997153
2023-11-16,15.373526772159485,15.534853969757709,15.098320807415972,15.126790046691896,82517451,18.86459349791209
2023-11-17,15.060361554437485,15.563322339557883,15.060361554437485,15.515873908996582,91955875,18.8717401266098
2023-11-20,15.458934611294504,15.639240085908092,15.08882999436652,15.297607421875,79466538,18.883518075942995
2023-11-21,15.364036653099788,15.420975131388657,15.117300833792578,15.145770072937012,64788050,18.896640865008035
2023-11-22,15.088829606371617,15.126788890845956,14.747196046102552,14.775665283203123,66849928,18.89707806905111
2023-11-23,14.927501760951948,15.003421231563925,14.595358262745249,14.918012619018556,62552629,18.89065000216166
2023-11-24,14.993931666314772,14.993931666314772,14.45301073782302,14.614337921142578,86933752,18.876842975616455
2023-11-27,14.32964324909356,14.490970426846506,14.054438223224537,14.130356788635254,151459758,18.85950215657552
2023-11-28,14.016479611009414,14.415051645971367,14.016479611009414,14.377092361450195,84957512,18.837973856925963
2023-11-29,14.377092335965727,14.415051620419614,14.1493366292424,14.187295913696287,62822390,18.819504809379577
2023-11-30,14.310664108059283,14.453011201426923,13.988009731070507,14.329644203186035,94817383,18.800148606300354
2023-12-01,14.282194602657627,14.453010930492542,14.101887322416506,14.377092361450195,77262202,18.773490571975707
2023-12-04,14.434031533134648,14.443521580383628,14.01647940940748,14.025968551635742,73348787,18.75270660718282
2023-12-05,13.997500328562715,14.092398997883318,13.39015083595658,13.428110122680664,76948724,18.730462710062664
2023-12-06,13.418621484072728,13.674846452834716,13.39964138748697,13.523009300231934,56654397,18.704625622431436
2023-12-07,13.646375875984216,13.731784492210643,13.418620169394226,13.598926544189451,56707169,18.665766978263854
2023-12-08,13.627395895246009,14.955972671508787,13.570457420632607,14.955972671508787,149291534,18.614345908164978
2023-12-11,14.965463505987543,15.022401983595351,14.41505249064712,14.79464626312256,157318466,18.569063560167947
2023-12-12,14.813625076426224,14.965463124558935,14.206276503978424,14.481481552124023,109576923,18.516495180130004
2023-12-13,14.48148141382088,14.604849317676322,14.272704891525454,14.310664176940918,76646299,18.462474584579468
2023-12-14,14.40556322066744,14.6617881776842,14.234745979309082,14.234745979309082,71441886,18.396073174476623
2023-12-15,14.329643728458036,14.377092154661494,13.959540030934326,14.025968551635742,61991246,18.3105197429657
2023-12-18,14.025969301223196,14.54791016254169,13.9975000629755,14.26321506500244,93305916,18.22654453913371
2023-12-19,14.196786859125076,14.434032628224744,14.006990424849496,14.396073341369627,65140277,18.156352496147157
2023-12-20,14.396072377562229,14.396072377562229,13.769743733874709,13.807703018188477,74423794,18.098147757848103
2023-12-21,13.807702901273462,14.101887125959006,13.712804238782224,13.826682090759276,65923869,18.03565724690755
2023-12-22,13.76974381133716,13.855152427778789,13.532498056786295,13.589436531066896,66902922,17.973556399345398
2023-12-25,13.475559199986725,13.88362220324309,13.466069152231745,13.4850492477417,53958991,17.903151035308838
2023-12-26,13.39963931036714,13.541987297632057,13.048515723146762,13.162393569946287,42290400,17.821072777112324
2023-12-27,13.238312838313613,13.37117078582032,13.124434985459605,13.21933364868164,50630366,17.742710359891255
2023-12-28,13.466068368796334,14.26321423342238,13.304742091451264,14.04494857788086,104202294,17.66320199171702
2023-12-29,14.044948996382324,14.633318365180813,13.969030426538694,14.348623275756836,89669926,17.59612956841787
2024-01-02,14.234745861573902,14.234745861573902,13.314232042452977,13.47555923461914,128016637,17.53143346309662
2024-01-03,13.390150198764934,13.513518101002749,13.076985871938463,13.171884536743164,82728790,17.46115941206614
2024-01-04,13.076985859694584,13.162394476934695,12.668923773466222,12.782801628112791,103153907,17.387274448076884
2024-01-05,12.763821356130965,12.9251485408979,12.526575602652615,12.621474266052246,63396897,17.306751902898153
2024-01-08,12.564534929995531,12.621474309234262,12.384228554944222,12.412697792053224,58285996,17.238080016771953
2024-01-09,12.649943981836453,12.887189744294032,12.393719028993065,12.517086029052734,88639975,17.15030639966329
2024-01-10,12.41269761298421,12.545555559277451,12.175451862116743,12.251370429992676,69154970,17.04426598548889
2024-01-11,12.298819606381617,12.517085260022723,12.2323910865814,12.4791259765625,73663267,16.94488515059153
2024-01-12,12.336779266734183,12.441167073183705,12.165962033434308,12.2039213180542,59607234,16.85187779267629
2024-01-15,12.146982562846183,12.270350461264252,11.985655380685689,12.071063995361328,59544106,16.759972302118936
2024-01-16,11.995145489666584,12.365248281806574,11.995145489666584,12.251370429992676,102235691,16.681157875061036
2024-01-17,12.213412238802096,12.431678819739489,12.033105850219728,12.033105850219728,76542827,16.605466437339782
2024-01-18,12.033104922425675,13.095965790854525,12.033104922425675,13.010557174682615,222034735,16.523171941439312
2024-01-19,13.133925659748844,13.73178509453744,13.020047801458745,13.47555923461914,199161081,16.446399283409118
2024-01-22,13.95954082875984,14.177806497836515,13.475559251649685,13.665355682373049,214606830,16.37928898334503
2024-01-23,13.33321172464639,14.04494899565932,13.304742487211678,13.76025390625,164723079,16.318158650398253
2024-01-24,13.87413176100958,14.00698971073946,13.34270177213154,13.76025390625,141635778,16.256791090965272
2024-01-25,13.712804752881809,14.443522128405414,13.579947706438062,14.310664176940918,165483518,16.194869955380756
2024-01-26,14.073417670044066,14.14933623684643,13.5419877024275,13.674844741821287,140558459,16.134846782684328
2024-01-29,13.49453831434383,13.674844683474962,12.80178026395214,12.896678924560549,121927739,16.07229299545288
2024-01-30,12.858720045602173,13.190863558132856,12.792290619079452,12.811270713806152,75619127,16.001831007003783
2024-01-31,12.621475184814198,12.858720955562507,12.355760174981915,12.63096523284912,88463999,15.920613853136699
2024-02-01,12.460147896677466,13.893112558664876,12.317799892262768,13.817193984985352,179836047,15.828325255711873
2024-02-02,13.798212996005272,14.01647955997282,12.858720028761551,13.209843635559082,159352348,15.75224846204122
2024-02-05,13.171884287475368,14.434031618380692,13.10545576638163,14.0164794921875,222610970,15.68637322584788
2024-02-06,13.570457493331263,15.079340653980744,13.570457493331263,14.737706184387209,233467121,15.633151094118753
2024-02-07,14.49097141322823,14.737706315097643,14.244235606338068,14.51944065093994,173795334,15.585939184824626
2024-02-08,14.709236177933276,15.71515762909648,14.424541103162689,14.899032592773438,187079316,15.537699214617412
2024-02-19,15.84801697104815,16.38893699645996,15.487402414079313,16.38893699645996,198838500,15.492701601982116
2024-02-20,16.98679558624263,18.0211872161629,16.711591453442242,17.546695709228516,305323162,15.464073952039083
2024-02-21,16.82546887879452,16.94883768772045,16.369957453625343,16.654651641845703,248590873,15.444936124483744
2024-02-22,17.318939509997012,17.622613776182117,16.42689499554722,17.262001037597656,259307114,15.42477023601532
2024-02-23,17.859859593225273,17.983228395624664,17.13863230317481,17.24302101135254,223745878,15.407214045524597
2024-02-26,16.702101370744206,17.091184260803487,16.61669275487349,16.768529891967773,176765115,15.373366967837017
2024-02-27,16.692611328773456,18.448230263285712,16.502814002324016,18.34384155273437,286375968,15.344343892733256
2024-02-28,18.078126138137225,18.30588365994576,17.27149200439453,17.27149200439453,219414506,15.319828486442566
2024-02-29,17.233532386205376,18.0876167861964,17.15761381309599,17.736494064331055,182497975,15.303063130378723
2024-03-01,18.078125393644925,19.416191276448053,18.078125393644925,18.998640060424805,248116620,15.287325835227966
2024-03-04,19.7388460074445,20.8966064453125,19.397213352535864,20.8966064453125,268195145,15.274909981091817
2024-03-05,20.59293349848703,22.9464110954451,20.4316063029674,21.589365005493164,309757066,15.276649800936381
2024-03-06,20.944055862701852,21.399567297485728,20.592933143821536,20.887117385864254,230257687,15.283292682965596
2024-03-07,21.323647875078503,22.025895094889687,20.74476946187987,21.456506729125977,270290678,15.28930291334788
2024-03-08,21.92150740819257,23.601207733154297,21.503954386215568,23.601207733154297,285720842,15.302114192644755
2024-03-11,22.471917811773096,25.38529534281896,22.20620191918661,24.50274085998535,335970986,15.338175543149312
2024-03-12,23.97131173323801,24.18008734977538,22.842021412329824,23.534778594970703,312517653,15.382461428642273
2024-03-13,24.23702887347562,25.603563213421246,22.861002675428026,23.107738494873047,492039964,15.42674728234609
2024-03-14,21.60834465715957,22.08283618598587,20.868137220575598,21.68426322937012,550613186,15.468423469861348
2024-03-15,21.342628617460367,22.09232609719118,21.31415847429184,21.902528762817383,358323553,15.49523225625356
2024-03-18,22.253651187930856,24.00926821999336,22.168242576528304,23.73406410217285,424813590,15.525283376375834
2024-03-19,23.155185394381792,24.777947304596267,22.898959543815064,24.20855712890625,379137510,15.573918732007344
2024-03-20,24.009270769950707,24.512232444957075,23.316513568368737,23.80049514770508,298902628,15.628643409411113
2024-03-21,23.80049268757306,24.483759770694284,23.47783833469992,23.71508407592773,269702591,15.683605360984803
2024-03-22,23.553757572838794,24.056719210235173,22.879980517309917,23.18365478515625,260364004,15.736511158943177
2024-03-25,23.582228176336717,23.724575265923967,22.65222526032244,22.690183639526367,233972826,15.783564909299214
2024-03-26,22.775593074515847,23.06028726393069,21.82661002974435,22.519367218017575,246343859,15.827139035860698
2024-03-27,22.17773496240306,22.46242915707688,21.21926185227361,21.26671028137207,237632035,15.870001435279846
2024-03-28,21.27619940911611,22.87998122186204,21.27619940911611,22.25365257263184,275641078,15.889534656206767
2024-03-29,21.95946581719125,21.997426005624614,21.19079010182965,21.60834312438965,114680866,15.922432732582092
2024-04-01,21.731711392193613,22.301101581822927,21.42803710706905,22.12079429626465,169946005,15.946473638216654
2024-04-02,22.05436480018813,22.471917828843665,21.560893203599,21.73171043395996,153855403,15.974231394131978
2024-04-03,21.54191564112742,21.579874021345685,20.630890985349616,20.801708221435547,176883711,15.999537603060405
2024-04-08,20.59293223736941,21.24772921728304,20.47905347866535,20.877626419067383,122388763,16.02057338555654
2024-04-09,21.019974954860764,21.029465002908587,20.213338971211872,20.773239135742188,137238781,16.045405093828837
2024-04-10,20.583442539730648,20.754259775668565,19.862215215793604,20.023542404174805,123658936,16.0669153769811
2024-04-11,20.14690964464852,20.54548259661704,20.023542645010373,20.165889739990234,135552814,16.08549962838491
2024-04-12,20.687827932671077,21.750689650900743,20.602419320936484,21.124361038208008,254395786,16.112150247891744
2024-04-15,20.763748440406417,21.399567159456733,20.5929330109954,21.105382919311523,149291715,16.15042588710785
2024-04-16,20.431604945239577,21.22875082188891,20.30823613978305,20.69731903076172,124388081,16.18965052763621
2024-04-17,21.35211753845215,21.693751998280643,20.63089023994835,21.35211753845215,204886515,16.228321576118468
2024-04-18,20.744769050823123,22.29161055123582,20.23231735974023,21.73171043395996,232648390,16.275533469518027
2024-04-19,21.2667119467494,21.35212057384813,20.3461989558474,20.92507743835449,188598619,16.328755593299867
2024-04-22,19.34027275617965,20.02354167505124,18.93221158634865,19.776805877685547,172316991,16.38806704680125
2024-04-23,19.976091633712723,20.10895048592248,19.321294660133383,19.539560317993164,104059777,16.444057043393453
2024-04-24,19.947624244193104,21.43752735046465,19.85272557671485,21.105382919311523,223752108,16.499809789657593
2024-04-25,20.554972153085853,21.34262799052944,20.460073488686565,21.057933807373047,119937317,16.56631768544515
2024-04-26,22.035386302620388,23.16467666625977,22.01640801679269,23.16467666625977,352752382,16.630532217025756
2024-04-29,23.496819655856413,23.496819655856413,22.93691953250688,23.26906394958496,256688898,16.70811158021291
2024-04-30,24.009269613146603,24.009269613146603,23.20263549649247,23.250083923339844,230537544,16.785611859957378
2024-05-06,23.724575856992807,24.009270043260123,23.15518567441668,23.55375862121582,171514799,16.86445653438568
2024-05-07,23.914372491227752,24.66406812524814,23.41141084609609,24.085187911987305,240914242,16.945278247197468
2024-05-08,23.47783976887122,23.91437290061805,23.164675443722142,23.21212387084961,141192478,17.029342317581175
2024-05-09,23.06028785106712,23.25008518887044,22.54783793506465,22.9843692779541,143346770,17.104391050338744
2024-05-10,22.775591264120024,22.955898535105888,22.32007987324755,22.69967269897461,97463770,17.174220379193624
2024-05-13,22.70916428121685,23.09824718014776,22.585795473238857,22.77559280395508,101213563,17.242388979593912
2024-05-14,23.15518460513483,23.240593219079248,22.263140087293955,22.58579444885254,114680668,17.308896867434182
2024-05-15,22.661712646339904,23.72457437474677,22.538345656009422,23.060285568237305,142504044,17.37524658838908
2024-05-16,24.417331443582093,25.0721302012998,24.113657182043845,24.27498435974121,241160954,17.440014656384786
2024-05-17,23.914373003725625,24.48376137187599,23.81947433902007,24.388864517211918,138735923,17.512849084536235
2024-05-20,24.009269317929817,24.89182380275424,23.734065187524312,24.882333755493164,171532187,17.586316188176472
2024-05-21,24.6166200590489,24.86335586158856,24.161106833568734,24.4078426361084,111707843,17.667612385749816
2024-05-22,24.379374738209385,24.54070192697296,23.904883219497865,24.13263893127441,98684188,17.741712125142417
2024-05-23,24.673559078930804,24.844376316006965,23.193146041006575,24.31294631958008,181848683,17.815337387720742
2024-05-24,23.914373421524928,24.578660465986363,22.832531521047517,22.917940139770508,205119477,17.891730523109437
2024-05-27,23.344984756428985,24.028251940748262,23.259576132133876,23.591720581054688,146606162,17.95958281358083
2024-05-28,23.392430892191214,23.629676645276405,22.870490959420383,22.88947105407715,98564656,18.031863713264464
2024-05-29,23.48733001670525,23.55375853926708,22.87049140857786,22.974878311157227,90270296,18.10082315603892
2024-05-30,22.775593108528053,23.04130901307583,22.49089891868806,22.71865463256836,71018550,18.174527502059938
2024-05-31,22.462428731651286,22.851511635022547,21.74120140075684,21.74120140075684,139113217,18.244040520985923
2024-06-03,21.74120085353824,22.908449534272773,21.73171080612884,22.65222549438477,155612490,18.306989733378092
2024-06-04,22.65222586723629,22.68069419989161,22.25365291968827,22.57630729675293,82107356,18.376344577471414
2024-06-05,22.462427990319032,22.74712217020508,22.26314061636564,22.49089813232422,73281583,18.44467136859894
2024-06-06,23.61069796774855,24.739988327026367,23.61069796774855,24.739988327026367,297932510,18.51521244843801
2024-06-07,24.531212255372512,24.806416399221543,22.661714484569632,23.27855491638184,295697836,18.60947810014089
2024-06-11,23.25008425896076,23.772024201982056,22.813552933530797,22.974878311157227,161039103,18.690774313608806
2024-06-12,23.297532034127634,24.18008651783097,23.069776330275392,23.12671661376953,193434854,18.768907245000204
2024-06-13,23.534777407516707,25.233457826959345,23.506309076267964,24.578659057617188,238197880,18.836996777852377
2024-06-14,24.72100489352105,26.30580647768039,24.52171934469471,25.840805053710938,228452320,18.9185302178065
2024-06-17,25.688970471522524,26.562034936249223,25.3188676670328,26.106523513793945,204393237,19.013191246986388
2024-06-18,26.125505136983072,27.43510100565042,26.125505136983072,27.159896850585938,205413036,19.111490074793497
2024-06-19,27.70081462714099,27.776733195699467,26.84673027834776,27.01754570007324,142246265,19.21919966538747
2024-06-20,27.017547024766458,27.60591731747404,26.932138404695333,27.150405883789062,104347447,19.327462808291116
2024-06-21,26.097032830046523,27.273771547723648,26.040094356138027,27.01754570007324,123132060,19.43485606511434
2024-06-24,26.381727415586656,27.017546115813285,25.92621599722648,26.144481658935547,113412966,19.54003500143687
2024-06-25,25.39478835110173,25.812341428126945,24.87284655230981,25.091114044189453,131710039,19.642841490109763
2024-06-26,25.73641845873324,25.98315243345593,25.100599808390918,25.78386688232422,119786129,19.736711756388345
2024-06-27,25.309376996869155,25.85978707130631,24.977232580734,25.44223403930664,105659504,19.83833200931549
2024-06-28,25.337847296751203,26.362748883471397,25.328357249369173,26.00213432312012,115006111,19.937975215911866
2024-07-01,26.01162355860833,26.75183094092959,25.62254067829677,26.57152366638184,100519731,20.04497305552165
2024-07-02,26.3342789790108,26.44815773858153,25.869277513343157,25.96417617797852,90173318,20.15624130566915
2024-07-03,25.764888636637128,26.13499324534642,25.442234264963112,25.983154296875,74022541,20.25556820233663
2024-07-04,26.334278422117016,26.429177084745547,25.77437830365428,25.878767013549805,79068697,20.352522627512613
2024-07-05,25.878767013549805,25.878767013549805,25.878767013549805,25.878767013549805,0,20.455882692337035
2024-07-08,25.499176469459123,26.03060649397992,25.44223618072926,25.584583282470703,63942302,20.561773379643757
2024-07-09,25.717440421275537,27.69132504714974,25.385295999461206,27.5205078125,159519849,20.668454893430074
2024-07-10,27.52050712676351,27.691324357156947,26.970097056629896,27.473058700561523,102541972,20.79261350631714
2024-07-11,27.947550089428557,27.96652837380753,26.448157021003357,27.29275131225586,128407393,20.91811651388804
2024-07-12,26.239380761439627,26.267850904327748,25.812339478366827,25.86927795410156,129264185,21.041247057914735
2024-07-15,25.76489057669872,25.926217774683447,25.309379127109462,25.584583282470703,84711831,21.15472962061564
2024-07-16,25.584580991168767,26.19193134626968,25.01519263519624,26.05907249450684,126827003,21.263941764831543
2024-07-17,25.679479997586903,25.71744018718197,24.521721365559326,24.626110076904297,136061170,21.37940135796865
2024-07-18,23.55375690348477,24.16110542191773,23.08875546780437,24.113656997680664,160303630,21.484026741981506
2024-07-19,23.696106469137845,24.00927080802367,23.297533509643024,23.40192222595215,115732584,21.582879130045573
2024-07-22,23.240594829630343,23.753046548809245,22.98436897004089,23.63916778564453,104301295,21.67761926651001
2024-07-23,24.05671970849191,24.151618371669763,23.278553928508146,23.28804397583008,98908835,21.766191021601358
2024-07-24,23.155184227744567,23.819473034254028,22.927428530951964,23.060285568237305,88393632,21.847961727778117
2024-07-25,22.301103129843906,22.52885885949689,21.826611573889775,22.01640892028809,134603105,21.926252810160317
2024-07-26,22.016407493464747,22.45293882783215,21.77916173086293,22.301101684570312,85995527,21.99505410194397
2024-07-29,22.206201614678147,22.86100038490485,21.987935961283046,22.58579444885254,97698659,22.066227833429974
2024-07-30,22.291611807054487,22.396000522609565,21.47548579825996,21.68426322937012,128294872,22.13518725236257
2024-07-31,21.59885477115183,22.661714790060216,21.57987467544665,22.623756408691406,150300024,22.201932406425477
2024-08-01,23.344982113288584,23.515799342538728,22.73763176372792,22.74712181091309,145251146,22.2829913854599
2024-08-02,21.760180334605707,21.921507515932344,21.11487160929915,21.1907901763916,181982272,22.365790144602457
2024-08-05,20.023541686322844,20.42211461920849,19.245375914984542,19.378232955932617,234159896,22.43712201913198
2024-08-06,19.957114221717987,20.146909745965093,19.45415255288218,19.748336791992188,142961573,22.48346401055654
2024-08-07,19.549050254603053,19.74833581672709,19.273844314479643,19.3592529296875,110934369,22.537951453526816
2024-08-08,18.97965972825124,19.539559835037966,18.742413981648102,19.435171127319336,131241616,22.582474565505983
2024-08-09,19.73884500258692,20.232316580161932,19.55853954196792,19.72935676574707,172681538,22.621620106697083
2024-08-12,19.463642430749672,19.85272533360863,19.4256822402066,19.58700942993164,92680160,22.665036074320476
2024-08-13,19.7862943139785,19.97608981262491,19.406701506644403,19.719865798950195,101406585,22.704102547963462
2024-08-14,20.118441619000297,20.782728675734266,19.95711442621433,20.289257049560547,210949756,22.73186028798421
2024-08-15,20.230730232184765,20.386801292257424,19.80153388672806,20.15269470214844,126430976,22.754714965820312
2024-08-16,20.49409996872207,20.933049108742125,20.464835948515248,20.542871475219727,151856291,22.78386532465617
2024-08-19,20.484345927677712,20.620907638497822,20.22097531922712,20.26974868774414,90504739,22.811205911636353
2024-08-20,20.591646225314587,20.65992708320303,20.00637880546336,20.142940521240234,90417976,22.83642864227295
2024-08-21,19.801534134193425,20.611153466131054,19.772271972885225,20.259994506835938,93709853,22.86454873085022
2024-08-22,20.269749026976843,20.2795037008435,19.7137437796602,19.889324188232425,82223637,22.880516672134398
2024-08-23,19.70399127943033,20.055150241641364,19.49914684600288,19.95760536193848,82016447,22.90233194033305
2024-08-26,20.09416876765955,20.19171364653686,19.508901354909504,19.62595558166504,75746267,22.920841201146445
2024-08-27,19.508900702754158,19.577181557531592,19.177249241966237,19.265039443969727,73099372,22.926068830490113
2024-08-28,19.11872397481315,19.567427819381138,19.021179094533288,19.28454971313477,67886138,22.912472438812255
2024-08-29,18.533455362631944,18.855352144509737,18.055487526541505,18.7480525970459,137279810,22.89326564470927
2024-08-30,18.61149151605389,20.240484827166902,18.60173684227312,19.96735954284668,192325552,22.87544010480245
2024-09-02,19.8698158803447,19.8698158803447,18.9724063873291,18.9724063873291,131361234,22.86303054491679
2024-09-03,18.86510732976322,19.167494772939623,18.7578077793884,18.9626522064209,82296888,22.824457200368247
2024-09-04,18.04573442952785,18.513947633067943,17.948189546995195,18.455421447753903,128753525,22.778289794921875
2024-09-05,18.39689532860688,18.73829962792826,18.250577074024694,18.41640281677246,81826458,22.735961818695067
2024-09-06,18.406649266443267,18.47493012357543,17.850644014408918,17.90917205810547,91816708,22.696867354710896
2024-09-09,17.684817762271724,18.182294956093656,17.655555601791104,18.14327812194824,86590007,22.665408261617024
2024-09-10,18.14327857947879,18.52370155943032,17.9091719871614,18.35787582397461,101561910,22.634081172943116
2024-09-11,18.260331056520865,18.61149187739117,18.1920501992436,18.3188591003418,69307085,22.58927960395813
2024-09-12,18.913878198502857,19.1577394516471,18.338365492241355,18.377384185791016,117994957,22.540198787053427
2024-09-13,18.39689407633412,19.10896851003923,18.39689407633412,18.77731704711914,159682046,22.495006195704143
2024-09-18,18.53345591227213,18.631000789176323,18.11401424394377,18.289594650268555,81437493,22.453858137130737
2024-09-19,18.40664771295151,18.50419072318566,17.996960744221653,18.38713836669922,97736748,22.41307430267334
2024-09-20,18.53345616819942,18.76756275969397,18.27008555507538,18.39689445495605,90368834,22.377215592066445
2024-09-23,18.19204983714492,18.67977236286201,18.08475214663653,18.25057601928711,77052617,22.342861652374268
2024-09-24,18.4359113419373,20.07465934753418,18.416401994129284,20.07465934753418,257830495,22.317727200190227
2024-09-25,20.79648690380009,21.293964072312956,20.49409947763044,20.55262565612793,245417550,22.299568923314414
2024-09-26,20.591645466067124,21.157403516943003,20.34778420516349,21.12813949584961,188815516,22.290771277745566
2024-09-27,21.47930028206009,22.43523597717285,21.313474550416963,22.43523597717285,140687552,22.28249915440877
2024-09-30,23.703315225617605,24.669007513492243,22.922959888512107,24.571462631225582,279167424,22.28836186726888
2024-10-08,27.02958297729492,27.02958297729492,24.698269770778587,27.02958297729492,306561540,22.319776487350463
2024-10-09,27.019829657967563,27.60509522184013,25.039675461289544,25.361572265625,266582661,22.37104279200236
2024-10-10,25.868802630067908,26.02487368595408,24.43489724590734,25.166481018066406,184542632,22.409278901418052
2024-10-11,24.776304602625444,25.28353648957627,23.527736093840435,23.986194610595703,145864388,22.45213672320048
2024-10-14,23.937423270552184,24.551952855260584,23.37166333535729,24.542198181152344,141380396,22.483972597122193
2024-10-15,24.57146152438756,25.117710235755265,23.995948791503903,23.995948791503903,134091798,22.512454573313395
2024-10-16,23.03026026794413,23.49847348693701,22.620573236196865,22.952224731445312,135064300,22.53654262224833
2024-10-17,23.186329939363244,23.62527910794253,23.030258875799877,23.1278018951416,115279782,22.55533350308736
2024-10-18,23.3911725794714,25.439607620239254,23.3911725794714,25.439607620239254,242853626,22.57013087272644
2024-10-21,26.15168183402884,26.31750757052867,24.981148865071667,25.55666160583496,250042619,22.601030015945433
2024-10-22,25.839538601487657,26.122418553015844,25.16648101036348,25.61518669128418,147253825,22.63962655067444
2024-10-23,25.156728168861267,25.41034223892642,24.629986960617316,24.98114776611328,123814983,22.688279724121095
2024-10-24,24.542196359830644,25.166480572318,24.220299580202635,24.72753143310547,92148813,22.733626286188763
2024-10-25,24.766549960152723,25.410343563444005,24.512934016354063,25.02992057800293,106671706,22.763810857137045
2024-10-28,24.68851340530609,24.990902706833225,24.278826414685422,24.639741897583008,108666268,22.796910746892294
2024-10-29,24.581216626077527,25.342062593597092,24.298336661374424,24.434898376464844,138353273,22.80920295715332
2024-10-30,24.28858103659245,25.0104101403362,23.937422088604045,24.23005485534668,121294360,22.818918244043985
2024-10-31,23.898404190220784,24.04472057846631,23.225346571674777,23.654542922973636,186721176,22.827084668477376
2024-11-01,23.264365087281163,23.76184229187368,23.069275330789036,23.098539352416992,113029928,22.827924537658692
2024-11-04,23.19608423783925,23.92766803414038,23.19608423783925,23.73257827758789,109551173,22.819702466328938
2024-11-05,23.742332992660156,24.3763719117851,23.459453031219628,24.14226531982422,153238285,22.82403958638509
2024-11-06,24.38612639742077,24.38612639742077,23.439945362985814,23.586261749267575,156516872,22.833688720067343
2024-11-07,23.371662581288085,24.18128376152564,23.04001297487756,24.03496551513672,154901012,22.841076962153117
2024-11-08,24.288581415052107,26.33701639571009,24.288581415052107,25.34206199645996,331382048,22.851571734746297
2024-11-11,24.67876101015688,26.512598893870823,24.59097079973898,26.346773147583008,312967957,22.87454063097636
2024-11-12,26.346770653305747,26.346770653305747,24.83482973075653,25.08844566345215,231145238,22.901928027470905
2024-11-13,24.844585146962704,26.473578480667456,24.48367151463777,25.820030212402344,239437201,22.908706871668496
2024-11-14,25.92732945428796,25.94683880188629,24.23980995782159,24.25931930541992,185087000,22.92063325246175
2024-11-15,24.19103623228332,24.51293302085637,23.31313606894897,23.33264541625977,151761884,22.915441465377807
2024-11-18,23.33264495228253,23.498470680099253,22.513270986660324,22.669342041015625,112267255,22.906481488545737
2024-11-19,22.87418732472092,23.293627136286844,22.357200774864605,23.137556076049805,107477550,22.89428734779358
2024-11-20,23.118049888950438,23.596017770369144,23.118049888950438,23.410682678222656,114557643,22.884492429097495
2024-11-21,23.020504849935364,23.205839940827907,22.64007999383869,22.854679107666016,122915439,22.88859861691793
2024-11-22,22.91320418338173,23.371662690741186,22.279165267944336,22.279165267944336,121144968,22.88245660463969
2024-11-25,22.27916543927224,22.38646499181474,21.16715866024561,21.56709098815918,128415935,22.877370723088582
2024-11-26,21.35249097007925,21.869477502344097,21.176910568158597,21.54758071899414,89667297,22.865639162063598
2024-11-27,21.381754965077857,21.869477476269857,21.186665216395564,21.77193260192871,86857473,22.855880212783813
2024-11-28,21.77193315758759,21.77193315758759,21.24519379952403,21.313474655151367,90815754,22.856136306126913
2024-11-29,21.313474874445085,22.142603545265967,21.215929996610782,21.64512634277344,115397302,22.8449800491333
2024-12-02,21.528072705242977,22.191375660015776,21.528072705242977,22.00604057312012,122331509,22.837220207850137
2024-12-03,22.123093581525094,22.123093581525094,21.508562170641763,21.693897247314453,88129201,22.833179728190103
2024-12-04,21.703652690455694,21.77193354730526,21.26470166711736,21.342737197875977,96260800,22.807795635859172
2024-12-05,21.381755464668803,22.09382990112365,21.381755464668803,21.98653221130371,146716643,22.79166382153829
2024-12-06,21.986533020181724,22.11334006209368,21.684143705482573,22.04505920410156,110723650,22.78342760403951
2024-12-09,22.064569088566028,22.064569088566028,21.459792304981352,21.586599349975582,93128359,22.774413792292275
2024-12-10,22.05481391038124,22.240147136483685,21.586598856797263,21.59635353088379,129917418,22.749479961395263
2024-12-11,21.557334879285445,21.92800316078293,21.489054026944885,21.781686782836918,93745436,22.71410953203837
2024-12-12,21.82070689278864,22.093830319885708,21.654881157545216,21.79144287109375,90988819,22.678069225947063
2024-12-13,21.625616904257093,21.65488092563859,20.776978889331623,20.82575225830078,165159068,22.633332109451295
2024-12-16,20.67943504233785,20.776978055333164,20.35753826211766,20.542871475219727,98816603,22.581733830769856
2024-12-17,20.47459230747292,21.62561781650658,20.406311448549545,21.06961441040039,183654590,22.52667104403178
2024-12-18,21.089121761634875,21.16715728737347,20.659925439815744,20.88427734375,92351552,22.477104949951173
2024-12-19,20.67943595929281,21.820706750772423,20.59164575529332,21.64512634277344,182462203,22.433269913991293
2024-12-20,21.48905612685484,21.801198259779174,21.3817565709694,21.47930145263672,124979076,22.404553349812826
2024-12-23,21.684144413366543,22.0840767608167,21.498811181484506,21.508563995361328,138310381,22.368681971232096
2024-12-24,21.567090484724915,22.50351683246465,21.26470118198441,22.43523597717285,210029160,22.33590138753255
2024-12-25,22.46450059309646,22.620571655185877,21.967023384993777,22.162111282348636,162508620,22.30617723464966
2024-12-26,22.084075862418544,22.80590499334237,21.869478616094323,22.75713348388672,195460093,22.26943213144938
2024-12-27,22.59130742339181,22.630326118808444,21.99628534188482,22.05481338500977,179613147,22.242706775665283
2024-12-30,21.9962856948605,22.191375454046664,21.752424426134716,21.89874267578125,97277049,22.20997060139974
2024-12-31,21.9084951510236,21.94751384646393,20.972068786621094,20.972068786621094,134445513,22.176803731918334
2025-01-02,20.874523195948985,20.874523195948985,19.93809686351289,20.201465606689453,124729946,22.13591458002726
2025-01-03,20.133185100207147,20.6404169692933,19.95760469471473,20.045394897460938,103765415,22.09105526606242
2025-01-06,20.27950310550641,20.533117176539044,19.90883295151026,20.16244888305664,82697727,22.028762658437092
2025-01-07,20.299012173471034,20.747717890550508,20.123431756375325,20.72820854187012,115191738,21.967840909957886
2025-01-08,20.3868027903424,20.396557464877965,19.66497361933568,20.123432159423828,116026270,21.913136386871336
2025-01-09,20.11367815505376,20.318520726636123,19.95760523223515,20.035642623901367,76115469,21.865254338582357
2025-01-10,19.986868546709974,19.986868546709974,19.265039443969727,19.265039443969727,110387532,21.819013166427613
2025-01-13,19.001670298084512,19.37234048180756,18.923634763697645,19.23577690124512,64694739,21.762396224339803
2025-01-14,19.26504049198283,20.172204721692594,19.001669871645056,20.064905166625977,134820567,21.71747678120931
2025-01-15,19.996622837422677,19.996622837422677,19.59669052951532,19.64546203613281,83278913,21.683737182617186
2025-01-16,19.85030595058491,20.47459014982637,19.703989573951905,20.32827377319336,157268995,21.652433347702026
2025-01-17,20.172204049785968,20.484346169931285,19.99662364207578,20.15269470214844,102381225,21.624842564264934
2025-01-20,20.396556220977715,20.572136630882184,20.181958975824376,20.259994506835938,84717471,21.59871465365092
2025-01-21,20.445328633143088,21.069614769321237,20.24048605288347,20.689189910888672,125772325,21.575378894805908
2025-01-22,20.89403354287069,22.75713348388672,20.8842788688768,22.75713348388672,399541198,21.564318736394245
2025-01-23,23.225345940642477,23.64478760659356,22.43523597717285,22.43523597717285,404504805,21.56811900138855
2025-01-24,22.15235576072062,22.92295822824877,22.00603937817497,22.776641845703125,231955256,21.566864347457887
2025-01-27,21.99628599048307,22.035304687050235,20.86476983722933,20.92329788208008,254718757,21.575967502593993
2025-02-05,20.055150319815404,20.08441434199449,19.313811835903103,19.508901596069336,299566077,21.561797014872234
2025-02-06,19.81128799460058,20.064903925102087,19.508900556912284,19.977113723754883,204003961,21.534811846415202
2025-02-07,20.162450711262604,21.372002437187398,20.084415176058226,21.020841598510746,289325724,21.524697875976564
2025-02-10,21.12814030473379,21.245194533074976,20.90378838263651,21.18666648864746,172621877,21.53838628133138
2025-02-11,21.264701461467467,21.67438845911658,21.196420605278245,21.23543930053711,153306095,21.55037236213684
2025-02-12,21.186666038214764,21.63537173338359,21.05010432514824,21.606107711791992,127206650,21.566007248560588
2025-02-13,21.508563657825363,21.635372562400843,21.225685546989222,21.25494956970215,112709628,21.584098386764527
2025-02-14,21.27445495649098,22.07431955984027,21.27445495649098,21.557334899902344,154139884,21.596811660130818
2025-02-17,21.90849402811704,22.53278009956844,21.76217764874273,22.337690353393555,210038514,21.613231039047243
2025-02-18,22.33769180504316,22.893695199106503,22.035304353283312,22.12309455871582,213604148,21.635046243667603
2025-02-19,22.04505782359441,23.05951967690388,21.996284456287302,22.669342041015625,197765185,21.650328222910563
2025-02-20,22.48400931279987,22.542537359676636,22.02555077534876,22.0645694732666,148493316,21.67130028406779
2025-02-21,22.30843041386866,22.727870247012252,22.03530511414628,22.630327224731445,202636966,21.68398110071818
2025-02-24,22.80590523693076,23.371663311022736,22.24014716283878,22.640079498291016,236870254,21.703652588526406
2025-02-25,22.24014793643064,23.020505146796395,22.16211240144545,22.513273239135746,191426045,21.72446208000183
2025-02-26,22.42548133409308,22.42548133409308,21.79144242771473,22.21088409423828,167579499,21.743239402770996
2025-02-27,22.337691426749423,22.40597228303751,21.15740380116674,21.420772552490234,193584812,21.762585735321046
2025-02-28,20.581889444705563,20.86476752136429,20.23072865663328,20.669679641723636,171902150,21.77477879524231
2025-03-03,20.84526026964273,20.962312626637715,20.338028427961344,20.55262565612793,105909115,21.783476495742796
2025-03-04,19.889324241323397,20.523365020751957,19.80153403680294,20.523365020751957,112727749,21.794206380844116
2025-03-05,20.523365020751957,20.620908038651294,20.24048505940521,20.523365020751957,81767743,21.804529841740926
2025-03-06,20.6794373427552,20.97207013532156,20.591647132882503,20.79648971557617,139775384,21.819324111938478
2025-03-07,20.61115422029724,20.61115422029724,20.308766759127245,20.357540130615234,103057893,21.826233530044554
2025-03-10,20.4160659590864,20.55262767583838,20.250240219953053,20.51361083984375,71173791,21.837776311238606
2025-03-11,20.10392284626302,20.396555613715428,20.055149478011774,20.308765411376957,78743243,21.85070096651713
2025-03-12,20.40631152849158,20.58189194384745,20.289257298083044,20.396556854248047,90150381,21.866145499547322
2025-03-13,20.513609689892206,20.630662051828228,20.103922702088628,20.16244888305664,89112088,21.882646783192953
2025-03-14,20.29901169048329,20.75747207099451,20.17220464810576,20.73796272277832,144783355,21.901424090067547
2025-03-17,21.06961267513931,21.23543840194487,20.86476825472599,20.9915771484375,116467322,21.92304646174113
2025-03-18,20.952559374621583,21.12813978253685,20.78673364053648,21.01108741760254,91080758,21.94499397277832
2025-03-19,20.874524982113268,20.874524982113268,20.464837961488477,20.503856658935547,97197176,21.967429208755494
2025-03-20,20.591645800166543,20.64041730893308,20.308765839881996,20.338029861450195,63732456,21.985149812698364
2025-03-21,20.26975041694343,20.396557464877965,20.074660647259915,20.123432159423828,71449932,21.99815575281779
2025-03-24,20.181957396560357,20.32827377319336,20.006377000395275,20.32827377319336,65146897,22.01343773206075
2025-03-25,20.279505390660283,20.37704841642715,19.977116057138325,20.00638008117676,73463297,22.0296138604482
2025-03-26,19.92834146583875,20.045393822883,19.85030594097136,19.879568099975582,52520747,22.04302624066671
2025-03-27,19.713742717406035,19.85030628366685,19.411355285888696,19.72349739074707,72460007,22.056601174672444
2025-03-28,19.703990425048215,19.791780626922776,19.4796366533056,19.489391326904297,57214140,22.05367482503255
2025-03-31,19.313811206207266,19.460129451818386,19.196758842334905,19.372339248657227,63644398,22.044814538955688
2025-04-01,19.46012910343031,19.67472634036363,19.3040580473854,19.528409957885746,57477698,22.030182870229087
2025-04-02,19.4601300862847,19.684482008116174,19.43086606410561,19.508901596069336,47903170,22.00595932006836
2025-04-03,19.167495116842325,19.39184703482066,18.54321087185433,18.58222770690918,127476448,21.963771311442056
2025-04-07,16.728883743286133,16.728883743286133,16.728883743286133,16.728883743286133,33166200,21.893376684188844
2025-04-08,15.890000717012166,16.231404995230235,15.060871124267578,15.060871124267578,214740384,21.82143761316935
2025-04-09,14.221988285730324,16.094842794409423,14.221988285730324,15.929017066955566,218935510,21.737224197387697
2025-04-10,17.46046719171163,17.518993377685547,17.070289517695652,17.518993377685547,253856136,21.670081051190696
2025-04-11,17.216604378952884,17.645800712387636,16.953233774764712,17.3629207611084,157423758,21.611554344495136
2025-04-14,17.94818790747412,18.2115585080999,17.39218454649551,17.4799747467041,142905610,21.55627911090851
2025-04-15,17.47997531893263,17.733591254447248,17.382430442117197,17.655555725097656,87402246,21.510677027702332
2025-04-16,17.55801217215402,17.616538358450637,16.70937409854045,17.070289611816406,118725269,21.465074976285297
2025-04-17,16.797163576284483,17.21660525757935,16.77765608871162,16.97274398803711,77822578,21.395330659548442
2025-04-18,16.972743636829193,17.216604901325343,16.923972128135482,17.128814697265625,54420200,21.32379801273346
2025-04-21,17.119059018565757,17.41169363509228,16.962987967290417,17.3726749420166,51131649,21.253078246116637
2025-04-22,17.265378774146193,17.39218581675695,17.14832454514762,17.343414306640625,46164465,21.189674305915833
2025-04-23,17.743346562615052,18.074998039337864,17.675065704556918,17.792118072509766,101451626,21.128139996528624
2025-04-24,17.811626200711295,17.811626200711295,17.43120324014987,17.4799747467041,53640112,21.067824975649515
2025-04-25,17.645801682311784,17.928679788626038,17.567766150171934,17.792118072509766,70530373,21.00816024939219
2025-04-28,17.81162796094274,17.840891984075522,17.47997647416014,17.558012008666992,45880001,20.95280374685923
2025-04-29,17.548256664649713,17.645801544189453,17.382430927586306,17.645801544189453,36497121,20.89720338980357
2025-04-30,17.80187217468695,17.80187217468695,17.53850156448334,17.61653709411621,55257454,20.847130544980367
2025-05-06,17.850644423332373,18.367630991412177,17.753101402631234,18.348121643066406,99564294,20.80144719282786
2025-05-07,18.62124636012272,18.67977254282877,18.00671492991087,18.17254066467285,99942861,20.756576720873515
2025-05-08,18.240824438145378,18.67977362463237,18.192051065970883,18.562721252441406,101076326,20.70682901541392
2025-05-09,18.445666818504243,18.484685515818168,18.19205086750541,18.231069564819336,57976577,20.664966177940368
2025-05-12,18.640756250846007,18.884617523157385,18.445666488791364,18.79682731628418,106401083,20.61660037835439
2025-05-13,19.31381143720781,19.31381143720781,18.611491664032293,18.621246337890625,104596236,20.562056756019594
2025-05-14,19.00166924751064,19.538165144707964,18.826088839719286,19.06995010375977,150481305,20.497677365938824
2025-05-15,19.07970434132711,19.07970434132711,18.631000518798828,18.631000518798828,80655413,20.44752323627472
2025-05-16,18.533455362631944,18.81633531121344,18.40664832877681,18.7480525970459,53707921,20.38761465549469
2025-05-19,18.591982380801344,18.66026323753268,18.27984025830735,18.58222770690918,55325443,20.341687432924907
2025-05-20,18.582227214183877,18.72854545817275,18.38713932305497,18.591981887817383,39748245,20.302100618680317
2025-05-21,18.591982557645636,18.591982557645636,18.406649333473087,18.50419235229492,32936626,20.268122617403666
2025-05-22,18.416401971770014,18.787072137616995,18.357875788930848,18.58222770690918,54431877,20.229511253039043
2025-05-23,18.60173670301171,18.67977223215988,18.32861328125,18.32861328125,53667134,20.189274128278097
2025-05-26,18.37738435849572,18.435910538856508,18.192049283420538,18.29934883117676,38188676,20.151556913057963
2025-05-27,18.29934992165376,18.29934992165376,17.938434423475158,18.016469955444336,43219189,20.1183917760849
2025-05-28,18.04573422708392,18.2213146415702,17.94818934564556,18.12376976013184,33184465,20.088803267478944
2025-05-29,18.34812116576416,19.362584927188056,18.34812116576416,19.21626853942871,176932722,20.060271509488423
2025-05-30,18.845598613809155,18.91387947160336,18.46517562866211,18.46517562866211,93560500,20.03897430896759
2025-06-03,18.357875441859456,18.49443715274031,18.29934926012677,18.32861328125,49742611,20.015238483746845
2025-06-04,18.484684837998,19.011424208823577,18.484684837998,18.95289802551269,111202578,19.987600874900817
2025-06-05,18.904123657769176,20.19171264623753,18.904123657769176,20.05514907836914,232144233,19.962158020337423
2025-06-06,19.996623917701708,19.996623917701708,19.752762650412663,19.811288833618164,84800400,19.94850178559621
2025-06-09,20.016133023215904,20.142940062044516,19.713743715869423,19.928342819213867,74382813,19.935739715894062
2025-06-10,19.94785226638517,19.957605079755112,19.469882548650475,19.66497230529785,62518510,19.91858813762665
2025-06-11,19.752763879117104,20.24048644403357,19.7332545299971,19.899080276489254,85806322,19.898754080136616
2025-06-12,19.752762378148024,20.386801292257424,19.733253030510493,20.15269470214844,104812227,19.884691421190897
2025-06-13,20.094168001037463,20.669680717891744,20.02588714658251,20.38680076599121,104334298,19.872660930951437
2025-06-16,20.338030451225386,21.22568533221649,20.308766428808564,20.698944091796875,123513568,19.861036880811056
2025-06-17,20.786732777927597,20.855013631391383,20.05514901564915,20.094167709350582,88210748,19.851932724316914
2025-06-18,20.142939900482244,20.72820730229692,19.772271600290765,20.640417098999023,117888260,19.845836186408995
2025-06-19,20.58189119165135,21.030595027372136,20.23073037377331,20.29901123046875,80737498,19.846649066607156
2025-06-20,20.39655564365345,20.48434584612078,20.074658854777816,20.084413528442383,50086357,19.84022737344106
2025-06-23,19.928342853329102,20.152694770378908,19.48939183256748,19.703990936279297,78429546,19.83356184164683
2025-06-24,19.90883475167031,20.04539647311485,19.733254332376514,19.79178237915039,71136841,19.81738571325938
2025-06-25,19.98687014575848,20.55262823698125,19.98687014575848,20.4648380279541,114952281,19.80332305431366
2025-06-26,20.87452397831996,21.1671586135594,20.50385567296656,20.523365020751957,117964426,19.7946253379186
2025-06-27,20.523364812747158,21.118385030060576,20.211220832885903,20.82575225830078,116162043,19.778693079948425
2025-06-30,20.95255968023597,21.020840537529235,20.679436251062928,20.85501480102539,75858487,19.767556754748025
2025-07-01,20.737961454706557,21.098875072067905,20.48434552494558,20.8745231628418,75057997,19.751705765724182
2025-07-02,20.67943579402644,20.786733484324248,20.53311754818743,20.640417098999023,53683448,19.74187001387278
2025-07-03,20.737961290573928,22.70836067199707,20.737961290573928,22.70836067199707,341838829,19.731383967399598
2025-07-04,22.737623097239712,23.75208682009801,22.708360937108555,23.225345611572266,323605462,19.745853066444397
2025-07-07,23.215590105166005,23.732576621596596,22.76688630112388,23.391170501708984,164899723,19.771052066485087
2025-07-08,24.26907124177401,25.73223876953125,24.19103571471417,25.73223876953125,289695438,19.79893352985382
2025-07-09,26.3370160219434,26.454070245111424,25.84929350301852,25.94683837890625,265386641,19.84534844557444
2025-07-10,26.239472106008296,26.327262311467617,25.24451768447853,25.51764297485352,186420588,19.888837027549744
2025-07-11,25.459117146441717,25.91757566761225,25.24451803654217,25.361572265625,143914629,19.93378878434499
2025-07-14,25.36157053087502,25.5761677655821,24.776303146521315,25.28353500366211,108430624,19.978171531359354
2025-07-15,25.654205613977854,26.73695027997286,25.52739856847607,26.58087921142578,276347142,20.02832566102346
2025-07-16,26.327262489506182,26.73694949758226,25.99561101342013,26.07364654541016,145623211,20.08953484694163
2025-07-17,25.97610142566436,26.951546496798056,25.97610142566436,26.82473945617676,157134173,20.13960769176483
2025-07-18,26.814983243804196,27.302705751389965,26.39554158959823,26.44431495666504,128958666,20.19943500359853
2025-07-21,26.337017979760645,26.873512046253914,26.09315670217027,26.35652732849121,86503840,20.250402013460796
2025-07-22,26.337017124538832,27.56607814694564,26.14192736459597,26.297998428344727,141884699,20.302100618680317
2025-07-23,25.849294485516385,26.102910428258586,25.70297809638038,25.927330017089844,114093401,20.352417318026223
2025-07-24,26.522352317947817,28.239135886657323,26.385788741228687,27.751413345336918,223942507,20.396068485577903
2025-07-25,27.751412391836627,28.43422280991647,27.71239369682497,27.956254959106445,107433857,20.437687484423318
2025-07-28,28.2293806461774,28.84391021728516,27.90748384978499,28.84391021728516,152249569,20.483695975939433
2025-07-29,28.8341549324312,30.511921596089813,28.59029367183093,30.424131393432617,178836481,20.534256545702615
2025-07-30,30.23879696273059,33.408993418500735,29.54623186082436,32.46281051635742,206835613,20.61343015829722
2025-07-31,33.079445381413244,35.705117245875435,33.01977352144098,34.422119140625,302280341,20.72137939929962
2025-08-01,33.81542945630623,34.113800133887594,32.30368039003974,32.820858001708984,219395147,20.841754444440205
2025-08-04,32.22411780835402,32.920314816481564,32.03514679701443,32.79102325439453,138180054,20.940087914466858
2025-08-05,33.31814472493747,35.148156407857776,32.9302624530884,34.8597297668457,244590076,21.03679088751475
2025-08-06,33.91488499960685,34.50168230811566,33.367871459740094,34.113800048828125,147620736,21.150326641400657
2025-08-07,36.0034878520671,37.43566939822849,34.53152253668174,35.45647430419922,243591751,21.254557410875957
2025-08-08,35.53603682700132,37.34615653058407,34.86967578835872,36.3913688659668,180125156,21.3729034503301
2025-08-11,36.301859053698976,36.98811200969995,34.90945746281077,36.15267181396485,192984769,21.496520400047302
2025-08-12,36.27202123609814,39.49443054199219,36.27202123609814,39.49443054199219,222850156,21.61164524555206
2025-08-13,39.50438038869411,43.4428825378418,38.73855989402831,43.4428825378418,242366773,21.756406378746032
2025-08-14,43.7213589963224,45.53147868894798,42.74667945367699,42.98537826538086,242001501,21.929519216219585
2025-08-15,42.358796590978656,45.45191428949308,42.26928501213458,44.61647415161133,230671299,22.103859289487204
2025-08-18,44.55680145746755,45.004359381384106,41.433847623455065,44.21864700317383,263078034,22.287077180544536
2025-08-19,43.78103552280568,48.64448928833008,43.4428810792933,48.64448928833008,273043827,22.466898576418558
2025-08-20,46.24757202201808,48.69421685714168,45.55137125428668,47.64991760253906,253058665,22.684658710161845
2025-08-21,47.16257422393468,48.13725753995712,44.328047236081225,45.04413986206055,231661917,22.896650656064352
2025-08-22,44.25842924873024,47.0332844874664,43.76114352683439,45.58121109008789,241263010,23.09351205031077
2025-08-25,46.2475723028183,47.80904917167391,44.45734445634571,47.73942947387695,306073008,23.301108145713805
2025-08-26,46.625510050550645,46.744857560729216,45.23310852050781,45.23310852050781,221637437,23.527664844195048
2025-08-27,44.75571670583712,47.63002768279596,44.26837501012946,45.47180938720703,260361155,23.73357937335968
2025-08-28,44.35788391162455,49.67884329667993,43.97994950286821,48.67432403564453,345929345,23.941483076413473
2025-08-29,47.73943102831989,53.537784576416016,46.884098948690905,53.537784576416016,343022654,24.173798362414043
2025-09-01,53.69691313072369,56.65078769547256,52.01608498725846,55.31806182861328,269519213,24.45030039946238
2025-09-02,56.39220025528323,57.685142342083886,52.22494357862463,53.58750915527344,272311538,24.74033749103546
2025-09-03,53.58751031475091,55.29817061372086,50.80271103815866,53.945556640625,221915698,25.017660355567934
2025-09-04,56.19328804280904,57.56579773342822,49.65895378984577,52.841583251953125,333831271,25.29723535378774
2025-09-05,53.010655863797965,56.88948591475418,50.32531227421204,55.52692413330078,339091254,25.569561473528545
2025-09-08,54.70143129812066,55.83524217617072,50.10651213139547,51.120975494384766,303251521,25.859469485282897
2025-09-09,50.126403334764426,51.22043042825781,47.24214456975235,48.52514266967773,262177391,26.110547804832457
2025-09-10,51.3198842930948,53.37864685058594,50.32531286265506,53.37864685058594,346078651,26.33983159859975
2025-09-11,55.497084603193336,58.71949768066406,54.35332974399008,58.71949768066406,272279844,26.613788183530172
2025-09-12,58.56036632665814,62.75745514306907,57.714978342474566,61.56397247314453,315605216,26.933633748690287
2025-09-15,59.67428854624119,60.94733882115116,58.18243133258517,59.574832916259766,193171858,27.27897158463796
2025-09-16,59.54498966598247,61.56397222215092,58.55041824910759,59.4057502746582,179496997,27.606026244163512
2025-09-17,58.58025821826558,62.65799952703245,57.396715799046525,60.788204193115234,241909399,27.93435432910919
2025-09-18,59.06759872030427,66.86504295442407,59.06759872030427,64.0106201171875,315066851,28.275259629885355
2025-09-19,65.28367082390263,68.25743740095237,64.64714568877449,65.74117279052734,236867281,28.644318985939027
2025-09-22,66.18873252023626,71.49974037988726,64.28909742321443,70.1172866821289,239928000,29.029750498135886
2025-09-23,74.31438154460034,74.31438154460034,68.12814577945507,70.48528289794922,267032716,29.45262506008148
2025-09-24,68.42652157991232,69.56033247201624,67.13357560710273,68.25743865966797,196384443,29.877265667915346
2025-09-25,67.51151035915872,69.48076525826761,65.83068969217926,68.08836364746094,188668167,30.283503476778666
2025-09-26,67.18330457644173,68.13809225921672,64.29904584982131,64.51785278320312,192175650,30.6960546096166
2025-09-29,64.49795500104467,67.1335707788468,64.49795500104467,66.21856689453125,155035785,31.094296018282574
2025-09-30,66.43737710424276,69.10282894226874,65.16431925117368,65.65166473388672,165341739,31.520610149701437
2025-10-09,66.74569277316,70.49522392210088,66.63628930308683,68.07841491699219,221543652,31.934965546925863
2025-10-10,67.9391715167482,69.61005181188544,65.10464447713446,66.04949188232422,184283841,32.35629405975342
2025-10-13,60.66885831482322,64.27914993860702,60.66885831482322,63.13539505004883,170867713,32.76201548576355
2025-10-14,64.63719746157497,65.30356611077038,58.92835937040888,59.395809173583984,194679098,33.14247732162475
2025-10-15,59.39580698279181,63.5531158615492,58.18242862474629,63.03593826293945,191166300,33.49031276702881
2025-10-16,61.66342804328586,64.00066936281486,61.36505737606774,63.24479675292969,115939328,33.8733598391215
2025-10-17,62.65800109730555,62.92653584300125,59.57483113233531,59.68423080444336,137879485,34.25896027882894
2025-10-20,61.66343073063744,63.47355049050155,60.73847896615876,61.723106384277344,145002286,34.61358874638875
2025-10-21,62.59832641449484,67.81983038081843,62.08114879928968,67.630859375,252287766,34.98317567507426
2025-10-22,66.62633784636611,66.6362856852813,64.14985711493497,65.10464477539062,167191686,35.40223771731059
2025-10-23,64.44823194325122,64.66703128477842,62.3596296559485,63.64262771606445,111025337,35.79650877316793
2025-10-24,64.82617076722296,67.33248761213527,63.71224795394061,66.88493347167969,179020774,36.181197547912596
2025-10-27,68.88402068054552,73.18056903659236,68.88402068054552,72.36502075195312,234879242,36.59030434290568
2025-10-28,70.79359736361914,75.34873650610588,70.66430580450997,73.58834075927734,202804199,37.047029415766396
2025-10-29,77.69592218793035,80.94816739788841,77.47711526109947,80.36137390136719,199193919,37.513217242558795
2025-10-30,79.56571651334816,83.42465103257346,77.2781991283982,77.54673767089844,240890950,38.03609088261922
2025-10-31,77.52684335245996,78.24293602771812,71.11186038123236,71.60914611816406,246298664,38.52941268285115
2025-11-03,69.97804459693143,75.58742670881018,69.8288573687264,74.48345184326172,214332627,38.974717728296916
2025-11-04,74.36410711943631,74.79177316452295,72.0765972405831,73.09105682373047,131235753,39.44072381655375
2025-11-05,69.92831325417757,75.38851574633664,69.49070699457091,74.83155059814453,167250715,39.897890377044675
2025-11-06,74.831552918514,76.28362630836862,73.69774208550454,75.80623626708984,172482897,40.36484640439351
2025-11-07,73.66790928846672,74.09557532878284,71.24115244686092,72.30534362792969,158542019,40.84138798713684
2025-11-10,71.60914793214597,71.81800703639067,67.63086193591565,71.11186218261719,212282559,41.285016266504925
2025-11-11,71.60914800644355,71.66881986829584,67.63086200608556,67.66069793701172,140935264,41.72235678037008
2025-11-12,66.08926995800829,69.17244752995455,65.3035651882562,68.22760009765625,136968180,42.12996215820313
2025-11-13,67.21314029648133,68.49613837533141,65.83068659039793,67.62091064453125,121665589,42.543673594792686
2025-11-14,65.4428051397029,66.1290542876607,63.911164179891,63.92110443115234,155045196,42.95224800109863
2025-11-17,64.04045368732152,66.12905217000792,63.97083399083124,64.58747100830078,116268089,43.33072226842244
2025-11-18,63.30447641910431,66.13900362844188,62.85691849289598,64.36866760253906,114697538,43.71409929593404
2025-11-19,64.14986003003914,66.25835428517922,63.85148555284768,64.70681762695312,145636642,44.097766415278116
2025-11-20,67.69053321224862,67.95907176393946,64.64714687960783,65.58204650878906,142175376,44.484495321909584
2025-11-21,62.70772978800608,63.10555988956239,59.75385513201049,60.34064865112305,190289343,44.88087512652079
2025-11-24,60.66885876516051,61.46451517049596,54.30359993449888,55.63632583618164,332009071,45.23268245061239
2025-11-25,56.05404574405061,58.02329669706301,55.85513070158707,56.30268859863281,226214444,45.536182928085324
2025-11-26,55.009748383374586,60.76831420779954,54.721321751698326,58.6100959777832,281284286,45.851495536168414
2025-11-27,59.69417864119804,63.10555900432568,59.58477517510531,59.94282150268555,275887464,46.187174558639526
2025-11-28,59.912987009157256,60.43016083473468,58.69960860194399,60.390380859375,166778785,46.52875725428263
2025-12-01,59.704124188624064,59.8831473569189,57.68514531661891,59.48532104492188,180788700,46.86488418579101
2025-12-02,59.50521110069134,62.35963007234376,59.395807635208286,60.62907409667969,209127721,47.19550112088521
2025-12-03,60.66886015881461,62.42925213017693,60.66886015881461,61.34516906738281,186593118,47.534673881530765
2025-12-04,60.54951092840365,62.61821757119068,59.35602442980125,61.066688537597656,157077468,47.88200885454814
2025-12-05,61.65348406111291,61.92201500608998,59.67428526384043,60.788204193115234,130559029,48.22507225672404
2025-12-08,60.42021686382554,63.9211051030685,60.05222648186897,63.06577682495117,241075371,48.5637015024821
2025-12-09,63.65257269049221,68.0087929023257,62.83702440641439,67.62091064453125,293803972,48.919359636306766
2025-12-10,66.47715152603905,66.59650283072416,63.65257227362629,64.85600280761719,219527524,49.31037602424622
2025-12-11,63.66251965831137,64.52779195017456,61.27554669749089,61.96179962158203,192090669,49.68339131673177
2025-12-12,60.668858701883536,62.160715883077394,59.53504785121444,61.41478729248047,168514361,50.02773617108663
2025-12-15,59.17700079390082,60.35059539887881,58.78911853859248,58.81895446777344,137405776,50.37036763827006
2025-12-16,58.62998580932617,59.9925475887264,58.063080404977576,58.62998580932617,129422100,50.693155479431155
2025-12-17,58.77917228224479,61.22582097866476,58.36145408650789,61.16614532470703,162252639,51.01753877003988
2025-12-18,59.23667708619071,59.53504776319053,57.93378711737172,57.963623046875,176150213,51.36232512791951
2025-12-19,58.86868083290843,58.8985205553443,57.42655531279999,57.98351287841797,99007715,51.67481500307719
2025-12-22,59.14716536606555,60.6688584710162,58.79906308205157,60.29092025756836,176485282,51.986982901891075
2025-12-23,60.23124715152406,63.03593827990125,59.99254833902883,62.51876068115234,216493755,52.31585930188497
2025-12-24,63.8315968872744,65.64171664892253,63.24479957153204,64.78638458251953,217873034,52.66305718421936
2025-12-25,65.04497691188395,67.78004850720953,65.04497691188395,66.3578109741211,202224528,53.02898936271667
2025-12-26,66.1390024829592,66.1390024829592,63.45365876620666,63.49344253540039,192929740,53.40996764500936
2025-12-29,63.39398794042068,66.02960009167585,63.38404010096546,64.8858413696289,188492424,53.74984332720439
2025-12-30,63.45365875499015,64.94551974757924,62.66794638650343,63.88132858276367,149296167,54.09701412518819
2025-12-31,63.89126776135867,64.18964223126028,61.52419044432803,61.713157653808594,156410378,54.43443210919698
2026-01-05,62.94642928136106,63.9310529125669,62.36957600733011,63.324363708496094,159340565,54.73427309989929
2026-01-06,63.3243628302166,64.61730875918401,62.51876237840132,63.70230484008789,170861519,55.04575247764588
2026-01-07,63.06577685463523,64.3089949879713,62.26017259690231,62.80718994140625,165700324,55.363957993189494
2026-01-08,62.96632137544963,63.1254526595065,60.73847960466442,60.9970703125,185971526,55.676004807154335
2026-01-09,60.17157212250489,61.414786422556645,59.72401421568847,61.1462516784668,156532098,55.97361760139465
2026-01-12,61.15620073269142,61.36505982869285,59.425644723277614,60.599239349365234,211081625,56.26166237195333
2026-01-13,60.4500498154425,61.39489342514588,58.76922547808852,59.10737991333008,193031606,56.54937564531962
2026-01-14,59.77374151422409,60.16162755945115,59.04770482452392,59.67428588867188,156240185,56.81839764912923
2026-01-15,58.97808596127421,60.66885817747711,58.57031182036548,60.459999084472656,142621511,57.09531407356262
2026-01-16,61.20000076293945,64.0,61.20000076293945,63.0,262596271,57.379509671529135
2026-01-19,62.11000061035156,62.18000030517578,60.709999084472656,60.900001525878906,188389009,57.68535968462626
2026-01-20,60.29999923706055,60.45000076293945,58.79999923706055,59.66999816894531,139511512,57.97679861386617
2026-01-21,58.709999084472656,61.790000915527344,58.70000076293945,61.560001373291016,173493593,58.24278682072957
2026-01-22,61.68999862670898,63.0,60.790000915527344,62.75,221856297,58.52281804084778
2026-01-23,62.0,62.04999923706055,60.08000183105469,60.11000061035156,203299233,58.80536878903707
2026-01-26,60.09000015258789,60.09000015258789,59.0099983215332,59.2599983215332,117843070,59.052751032511395
2026-01-27,59.5099983215332,62.0,58.70000076293945,60.970001220703125,212344495,59.27606093088786
2026-01-28,62.29999923706055,62.63999938964844,60.11000061035156,60.68999862670898,171990122,59.49729328155517
2026-01-29,60.68000030517578,60.880001068115234,56.880001068115234,57.59999847412109,324554403,59.729536120096846
2026-01-30,57.0,58.0,55.619998931884766,57.70000076293945,173194449,59.93627758026123
2026-02-02,56.79999923706055,57.5,55.66999816894531,55.68000030517578,156350348,60.12661317189534
2026-02-03,56.29999923706055,56.41999816894531,54.02999877929688,55.75,167510256,60.30633150736491
2026-02-04,54.68999862670898,54.77999877929688,52.59999847412109,53.40999984741211,189065643,60.47544422149658
2026-02-05,52.27000045776367,54.31999969482422,52.20000076293945,53.880001068115234,144385646,60.61726614634196
2026-02-06,53.0,55.47999954223633,52.40999984741211,54.400001525878906,137772202,60.76499389012655
2026-02-09,56.20000076293945,56.5,55.310001373291016,55.52000045776367,140098639,60.88920698165894
2026-02-10,55.72999954223633,56.9900016784668,55.58000183105469,56.06999969482422,111303019,60.98984963099162
2026-02-11,55.59999847412109,56.119998931884766,55.0099983215332,55.20000076293945,75077186,61.09888814290365
2026-02-12,55.34999847412109,55.959999084472656,54.52000045776367,55.33000183105469,83427628,61.18708419799805
2026-02-13,54.45000076293945,55.75,54.20000076293945,54.75,68764597,61.27967882156372
2026-02-24,55.40999984741211,56.09000015258789,54.900001525878906,55.380001068115234,107500987,61.3305580774943
2026-02-25,55.810001373291016,57.58000183105469,55.70000076293945,57.38999938964844,169941169,61.39497543970744
2026-02-26,57.400001525878906,58.540000915527344,56.29999923706055,57.95000076293945,162725955,61.497857602437335
2026-02-27,56.29999923706055,56.43999862670898,55.09999847412109,55.70000076293945,170181186,61.6009308497111
2026-03-02,54.0,56.0,53.84000015258789,55.52999877929688,118412005,61.667268943786624
2026-03-03,55.84000015258789,57.79999923706055,54.880001068115234,54.880001068115234,193218849,61.75307636260986
2026-03-04,53.97999954223633,55.15999984741211,53.5099983215332,53.7599983215332,107528229,61.83147795995077
2026-03-05,54.790000915527344,56.2599983215332,54.33000183105469,55.09999847412109,136238015,61.87385857899984
2026-03-06,54.79999923706055,54.900001525878906,53.79999923706055,54.33000183105469,86929791,61.88687702814738
2026-03-09,52.7599983215332,52.93999862670898,51.209999084472656,52.790000915527344,169457850,61.87864319483439
2026-03-10,53.630001068115234,54.380001068115234,53.400001525878906,54.36000061035156,117385056,61.871997292836504
2026-03-11,54.70000076293945,54.9900016784668,53.59999847412109,53.88999938964844,122007345,61.87545099258423
2026-03-12,53.900001525878906,54.77999877929688,52.220001220703125,52.540000915527344,141006096,61.88418779373169
2026-03-13,52.02000045776367,53.16999816894531,52.0099983215332,52.4900016784668,94179792,61.85929676691691
2026-03-16,52.18000030517578,52.7400016784668,51.5,52.70000076293945,101004502,61.87070531845093
2026-03-17,52.9900016784668,53.18000030517578,50.869998931884766,50.900001525878906,131937600,61.90549580256144
2026-03-18,51.29999923706055,52.13999938964844,50.84999847412109,52.060001373291016,117477631,61.88484042485555
2026-03-19,51.0,51.290000915527344,50.20000076293945,50.459999084472656,105601848,61.82934462229411
2026-03-20,50.97999954223633,52.45000076293945,50.209999084472656,50.29999923706055,154452125,61.73681151072184
2026-03-23,48.95000076293945,49.09000015258789,47.34999847412109,47.59999847412109,137095123,61.65952123006185
2026-03-24,48.56999969482422,48.880001068115234,47.4900016784668,48.84000015258789,110762899,61.56113996505737
2026-03-25,49.38999938964844,51.0,49.02000045776367,50.310001373291016,126470338,61.46157159805298
2026-03-26,50.0,51.5,49.56999969482422,49.7400016784668,107289028,61.34739977518718
2026-03-27,48.630001068115234,49.900001525878906,48.400001525878906,49.52999877929688,78464489,61.21405668258667
2026-03-30,48.459999084472656,49.290000915527344,48.33000183105469,49.27000045776367,66262388,61.04249595006307
2026-03-31,49.0,52.84999847412109,48.52999877929688,51.459999084472656,238674008,60.86570192972819
2026-04-01,53.0,53.5,51.470001220703125,53.31999969482422,215430014,60.72572326660156
2026-04-02,52.65999984741211,54.45000076293945,51.75,52.0,157175051,60.60265356699626
2026-04-03,52.59999847412109,53.18000030517578,52.0,52.18000030517578,104540059,60.49833812713623
2026-04-07,52.97999954223633,54.0,52.0,52.58000183105469,120586393,60.38135007222493
2026-04-08,54.15999984741211,56.61000061035156,53.380001068115234,56.61000061035156,251758712,60.27241954803467
2026-04-09,55.0,55.810001373291016,54.79999923706055,55.02000045776367,155388673,60.176849428812666
2026-04-10,55.59999847412109,57.27000045776367,55.33000183105469,56.52000045776367,190944086,60.08493700027466
2026-04-13,56.0,56.54999923706055,55.400001525878906,55.70000076293945,135714872,60.02980871200562
2026-04-14,56.470001220703125,59.290000915527344,56.130001068115234,58.91999816894531,254950677,59.99901030858358
2026-04-15,59.36000061035156,59.970001220703125,57.20000076293945,57.81999969482422,197374123,59.964710807800294
2026-04-16,57.9900016784668,59.9900016784668,57.400001525878906,59.31999969482422,180523624,59.919504165649414
2026-04-17,59.59999847412109,61.20000076293945,58.97999954223633,60.970001220703125,187817900,59.916468906402585
2026-04-20,61.88999938964844,63.33000183105469,61.0099983215332,61.5099983215332,213150819,59.91019303003947
2026-04-21,60.970001220703125,61.5,59.869998931884766,61.40999984741211,139203661,59.85918585459391
2026-04-22,61.18999862670898,67.55000305175781,61.02999877929688,66.88999938964844,316083151,59.82839714686076
2026-04-23,66.9800033569336,69.0999984741211,66.66000366210938,67.91999816894531,277745270,59.85545857747396
2026-04-24,66.56999969482422,67.20999908447266,63.66999816894531,65.01000213623047,264664000,59.86408411661784
2026-04-27,66.01000213623047,68.0,65.37999725341797,67.25,235836737,59.80279229482015
2026-04-28,67.25,68.98999786376953,66.91999816894531,68.19999694824219,237139570,59.74997278849284
2026-04-29,67.7699966430664,67.7699966430664,64.0,66.26000213623047,282303867,59.64862798055013
2026-04-30,65.9000015258789,66.19999694824219,62.709999084472656,62.880001068115234,292407506,59.554571851094565
2026-05-06,63.27999877929688,63.880001068115234,61.7400016784668,63.08000183105469,265283791,59.48182897567749
2026-05-07,64.08999633789062,64.58999633789062,63.0,64.18000030517578,210329965,59.38680022557576
2026-05-08,63.0,64.19999694824219,62.77000045776367,63.27999877929688,162017135,59.31254142125447
2026-05-11,64.19999694824219,65.87000274658203,63.0,65.8499984741211,272402949,59.21627848943074
2026-05-12,65.87000274658203,65.9000015258789,63.22999954223633,64.4000015258789,213525906,59.133309841156006
2026-05-13,64.0999984741211,70.83999633789062,63.86000061035156,70.83999633789062,407356986,59.067431990305586
2026-05-14,74.0,74.0,67.27999877929688,68.5999984741211,401745179,59.06516644159953
2026-05-15,69.5,71.76000213623047,67.37000274658203,67.62000274658203,342567907,59.07299394607544
2026-05-18,65.87999725341797,70.2300033569336,64.94999694824219,68.9800033569336,251848216,59.067930634816484
2026-05-19,68.30000305175781,69.04000091552734,66.4000015258789,68.55999755859375,191464050,59.07925640741984
2026-05-20,68.19999694824219,68.48999786376953,66.5,68.1500015258789,210260712,59.11791385014852
2026-05-21,69.19999694824219,69.5,65.0,65.5,209655016,59.14760160446167
2026-05-22,66.11000061035156,67.66000366210938,64.5,67.16000366210938,194745516,59.15702937444051
2026-05-25,68.0,70.5,67.30000305175781,70.30000305175781,265991665,59.17747259140015
2026-05-26,69.86000061035156,70.80000305175781,68.0,69.9800033569336,218925269,59.216788895924886
2026-05-27,69.9000015258789,73.73999786376953,69.69000244140625,70.08000183105469,289236594,59.29711685180664
2026-05-28,70.0,76.27999877929688,68.88999938964844,75.0,361691276,59.41748081843058
2026-05-29,78.75,79.62999725341797,73.0999984741211,73.4000015258789,359358419,59.57329174677531
2026-06-01,75.19999694824219,76.5,72.19000244140625,73.75,301325104,59.696540959676106
2026-06-02,75.0,81.11000061035156,73.8499984741211,80.01000213623047,377891246,59.81160078048706
