trade_date,open,high,low,close,volume,entry_confirm_ma
2021-01-04,81.04688790503322,83.54630785744301,80.33393528631304,81.13703155517578,33882680,
2021-01-05,80.3667119978417,83.53811402836327,79.48986528040203,83.21031951904297,35114801,
2021-01-06,84.40675441729931,85.88182641283437,81.6614874415375,82.7350082397461,36020338,
2021-01-07,83.58728163478375,86.59478330681094,82.93169261129388,85.89822387695312,45140052,
2021-01-08,85.22624165041998,85.7998773145108,82.9726631452406,84.41495513916016,33069048,
2021-01-11,84.57065203773448,85.49667192699093,81.94830866143255,82.76779174804688,34189187,
2021-01-12,82.20234034365856,85.45568895747297,82.20234034365856,85.30818176269531,35529586,
2021-01-13,86.04572395086593,86.62755619113166,83.62005476879592,84.68537902832031,34348739,
2021-01-14,84.89845418781346,85.54584663494735,81.44843083194323,81.62052154541016,37381528,
2021-01-15,81.15342061656241,82.08763096808376,79.30958340927127,81.69428253173828,35743823,
2021-01-18,81.448430553217,82.17777006348302,79.90780446733737,81.2271728515625,28677180,
2021-01-19,81.69427555402409,82.03845696946915,77.4247691800696,77.72797393798828,42307807,
2021-01-20,78.67037940627651,80.40768586894274,78.26063784686883,78.89983367919922,32202327,
2021-01-21,79.68653598056262,82.76779422920515,79.48166520276757,82.03025817871094,40930171,
2021-01-22,81.94831538462064,83.2021236096597,80.38309955973745,82.41542053222656,30775582,
2021-01-25,82.76779611577199,84.30023181938618,80.88298241623194,83.57089233398438,37735992,
2021-01-26,82.76779392253384,82.76779392253384,79.57180855034063,80.26017761230469,40767026,
2021-01-27,79.56360801448528,81.81718644988219,78.98177578687833,80.26836395263672,28326851,
2021-01-28,79.10470540186745,79.48166689075687,77.44115565118756,77.98201751708984,31057214,
2021-01-29,78.13771494148246,80.13725577288444,76.76917961934228,78.94081115722656,37246508,
2021-02-01,78.94081420742309,80.72728774413933,77.57227883240402,80.4732437133789,28606271,
2021-02-02,79.81765477748289,82.11220369431575,79.81765477748289,80.7846450805664,31544355,
2021-02-03,81.53856704279697,82.27610307050045,78.83427035860412,80.01432800292969,32395536,
2021-02-04,78.90802530772855,79.97334954401934,78.0393752570029,78.9981689453125,36486402,
2021-02-05,79.47348258487227,80.61256371977007,77.85090311633897,79.69474029541016,37262393,
2021-02-08,79.70293130539109,79.899605506803,77.35920904368538,79.21124267578125,37743563,
2021-02-09,79.97334906661538,83.50532531738281,79.39971342374157,83.50532531738281,53712247,
2021-02-10,84.34120488546493,88.5041808170055,83.17754030487092,87.77484130859375,53679907,
2021-02-18,87.78304002877528,87.97971424033166,79.48986804019566,80.5551986694336,94042908,
2021-02-19,77.85909871414634,80.57978262276909,77.85909871414634,80.30115509033203,69387709,
2021-02-22,79.7193130897724,79.7193130897724,74.06487858253726,74.11405181884766,90398609,
2021-02-23,72.97497350262175,75.39244617812145,72.79468621793717,74.52379608154297,60475531,
2021-02-24,78.75232227444802,80.80102996240015,76.31026621161851,77.86727905273438,100354633,
2021-02-25,77.76894944494404,78.49828892257014,75.47439420493741,76.98224639892578,41637020,
2021-02-26,75.3924379160901,77.4329488873449,74.5893418047295,76.27748107910156,60112303,
2021-03-01,76.53973204308639,78.09675137174168,75.25314367064105,76.48236846923828,37084402,
2021-03-02,77.74436877891277,78.53926218349416,75.96608558976645,76.6380615234375,47339822,
2021-03-03,75.99066934085243,76.8019558456559,74.9827023937889,76.61347198486328,33059187,
2021-03-04,75.5727322123678,75.86774662748668,73.29457020285194,73.6715316772461,44634820,
2021-03-05,71.76213963140991,73.97474164898864,70.50013482248328,73.34374237060547,40948709,
2021-03-08,72.52426067151521,73.51583455868571,70.01664416763212,70.06581115722656,48829340,
2021-03-09,69.36925081631775,69.57412160653004,66.95177174051636,67.18942260742188,56896333,
2021-03-10,68.83658176875731,69.37744362654864,67.2385921928466,68.5579605102539,47316765,
2021-03-11,69.31188996879703,70.88529619893698,68.42684661978309,70.43457794189453,40811644,
2021-03-12,70.45096086357027,72.13909399511418,69.8281519768012,70.44276428222656,32364532,
2021-03-15,69.50036440490733,69.5249478992223,66.37813558369872,67.44346618652344,49051385,
2021-03-16,67.53360959165849,68.04168514477398,66.82885358040771,67.67292022705078,34926115,
2021-03-17,67.20581060573002,69.06603448691155,66.67314534169202,68.8939437866211,37095228,
2021-03-18,69.639678378057,71.29503153163418,69.49217116618101,71.05738067626953,34703588,
2021-03-19,69.6560650781738,70.9672368174486,69.15617987567528,69.91010284423828,30529185,
2021-03-22,69.64786713561979,70.09038876125916,67.4434618412132,68.32849884033203,31409285,
2021-03-23,68.32850771266624,68.37768095667337,66.4355035006501,66.76329803466797,36969597,
2021-03-24,66.78788704722537,67.59098340929633,66.59121281143378,66.93539428710938,23536758,
2021-03-25,66.43549604779436,66.78787403820503,64.98501368159603,66.11589813232422,24752483,
2021-03-26,66.46007792744288,67.60735551386776,65.52586769687858,67.205810546875,31083020,
2021-03-29,67.16484305645548,67.58278124363228,66.37813992610903,66.76329803466797,29453524,
2021-03-30,67.08289369013116,68.41864902424993,66.46828130444256,67.58277893066406,35197152,
2021-03-31,67.85320590470766,68.00071311871547,66.58300454785379,67.38610076904297,27352508,
2021-04-01,67.19761828575551,70.37721065630382,67.03372415665436,70.0084457397461,35204512,
2021-04-02,70.0658092421912,72.52425868928562,69.57412060320435,71.38517761230469,29152538,
2021-04-06,71.42614005979523,71.86865537032911,68.8365708230352,69.1479721069336,25766840,
2021-04-07,69.1479899180251,69.23813356987571,67.09928192534903,67.78765106201172,29977466,
2021-04-08,67.61555691778025,67.95154176044603,67.15664209918462,67.75486755371094,18211406,
2021-04-09,68.00071146814803,68.00071146814803,65.75532323695774,65.92741394042969,32238556,
2021-04-12,65.8044990137595,66.59120208233439,64.73916842489088,64.98501586914062,25277487,
2021-04-13,64.69818377037616,65.41113626885438,64.0180175960499,64.48512268066406,21362828,
2021-04-14,64.71458659175505,66.07492539561126,64.64902643798453,65.68977355957031,20851933,
2021-04-15,65.66517721459967,66.37812974785413,64.706383507649,65.7061538696289,17157361,
2021-04-16,65.80449431396991,66.05033548850135,64.65721674301058,65.47669982910156,15347818,
2021-04-19,65.55864974567127,67.28775963288615,64.73916662385038,66.92718505859375,26759356,
2021-04-20,66.44369480565436,66.78787622556213,65.58323500372475,66.36174774169922,23153386,
2021-04-21,65.55864469362662,65.96838622296178,65.14890316429144,65.23085021972656,25190606,
2021-04-22,65.24724718086665,65.79629936162382,64.74736198580119,65.76351928710938,23096878,
2021-04-23,65.90283122105018,68.83658230056903,65.77171717255327,68.72185516357422,45141558,
2021-04-26,69.03326809945341,69.65607712790805,65.48491033387418,65.58324432373047,41802919,
2021-04-27,65.53406171244252,66.89440034930352,64.90305625114416,66.14867401123047,19000053,
2021-04-28,66.37812400539549,66.95175961322042,65.6242011344944,66.82884216308594,17902575,
2021-04-29,67.24677469946926,69.0414445160675,67.09107717695474,68.36946868896484,29815963,
2021-04-30,69.4102254750041,69.4102254750041,65.39476274259152,65.69796752929688,58237700,
2021-05-06,64.17371722203924,65.37016175418573,63.501741354610125,63.5591049194336,49115946,
2021-05-07,63.42799503066684,63.5509187496652,61.46123428317328,61.52679443359375,43729514,
2021-05-10,62.141404729571576,64.9030587643479,62.141404729571576,63.919681549072266,54943986,
2021-05-11,63.23132667865087,64.73917276479376,62.76421525283067,64.19831085205078,27333464,
2021-05-12,64.65722226976543,64.65722226976543,62.64948478592974,63.32146072387695,27341035,
2021-05-13,62.379063369282576,62.69046473417779,61.46123993546842,61.58416366577149,32950762,
2021-05-14,61.70707854448598,62.74781930715323,60.330346717330734,62.64128875732422,30481113,
2021-05-17,63.10020460206237,65.02598881675816,63.00186437008659,64.24748229980469,41809230,
2021-05-18,65.39475909533122,65.55865322753591,63.26409786370801,63.78856658935547,26855515,
2021-05-19,63.14117029298037,63.7230024970678,62.6904521232566,63.37062454223633,22505269,
2021-05-20,64.7391747207046,66.26341401809911,63.56731345985097,66.13229370117188,73533093,
2021-05-21,66.46007105620488,68.09903708102946,66.27159346455922,66.82884216308594,50222428,
2021-05-24,67.71388922878477,68.01710023966696,66.33715731119666,67.36151123046875,36014944,
2021-05-25,67.9925213545592,69.00048217823398,67.47624294286965,68.2465591430664,41746744,
2021-05-26,68.75463950242231,69.64787316043976,67.56638514963157,69.10701751708984,36038191,
2021-05-27,69.64786459058963,69.68064466375323,68.36947299800784,68.75463104248047,29615660,
2021-05-28,68.24654740716048,68.25474398826556,67.19761010345212,67.6319351196289,38741514,
2021-05-31,67.77125454643586,67.77125454643586,65.34558515328509,66.37813568115234,52395101,
2021-06-01,66.30438960702901,66.30438960702901,65.00140805033719,65.69796752929688,47337082,
2021-06-02,66.39248065062895,66.4760971069336,65.63991978483381,66.4760971069336,34284654,
2021-06-03,66.47609771303198,66.76039494296519,64.78702231398192,65.16329956054688,41669046,
2021-06-04,64.72848675614613,65.63991693549819,63.992646661743,64.99606323242188,28306603,
2021-06-07,65.01278365787242,65.02950439651629,63.67490128294045,64.20169067382812,27727499,
2021-06-08,64.30204041785238,64.63651263857936,63.24009159550878,63.566200256347656,32089344,
2021-06-09,63.775239148987794,64.06790630432775,62.88052970319995,63.20663833618164,25138005,
2021-06-10,63.29862082313591,63.49930797399073,62.62968279219992,63.04777145385742,32075563,
2021-06-11,63.047774369051645,63.21500728963646,61.46739966527526,61.87712478637695,46521367,
2021-06-15,61.76842254783926,62.29521197664972,60.20476862172859,61.24162673950195,44590030,
2021-06-16,61.793508783229626,62.93071051429492,61.20818079779856,62.71330261230469,44970185,
2021-06-17,62.880529582366655,62.989236712835954,61.29179783685301,61.42558288574219,29929238,
2021-06-18,61.31687651829301,62.052710168598686,60.33855071084066,61.70988082885742,38817863,
2021-06-21,61.72660774356094,61.73497130278945,59.51073663296767,60.20476531982422,47738643,
2021-06-22,60.12114674046132,60.94059688914032,59.26824235605113,59.60271453857422,41034169,
2021-06-23,59.54418721483911,61.28343760141206,59.11773498804367,61.1830940246582,43404358,
2021-06-24,62.29521258078872,62.29521258078872,60.79845435860641,61.20817947387695,28702816,
2021-06-25,61.51756623431096,61.69316270898514,60.68975245955363,61.1830940246582,41255201,
2021-06-28,61.1914531780854,61.79350183620359,60.6228523764767,61.21653747558594,30684568,
2021-06-29,61.693166131454106,61.70989325160443,59.56927481879059,59.75323486328125,34979911,
2021-06-30,59.4522070633208,60.12115148111436,59.24316273020116,59.677978515625,28444413,
2021-07-01,59.61944703416141,61.36705461670259,59.00067120784543,61.24162673950195,44641783,
2021-07-02,60.731555925684965,60.831899499840056,59.084291978443545,59.45220565795898,40318436,
2021-07-05,58.76654462196269,58.84180390271804,55.839923823024094,57.02729415893555,78081102,70.3333641052246
2021-07-06,56.57575517524011,57.98889037412786,55.86499941693248,57.37012100219727,41063662,70.13244962692261
2021-07-07,57.65441939988383,60.16295117443181,57.370122194274295,58.858516693115234,55959761,69.91711463928223
2021-07-08,58.532413482666016,59.192994343227895,57.579171830596174,58.532413482666016,35977037,69.71814387639364
2021-07-09,58.15612766870436,59.01738917667039,57.45373549300166,57.86346054077149,29079830,69.49009545644124
2021-07-12,58.23139085601174,59.78668125640055,57.62934213592228,59.11773681640625,40495549,69.26883300145467
2021-07-13,59.18462889601683,61.31688358526304,59.01739598606782,60.87371063232422,47453241,69.07174921035767
2021-07-14,60.58104255126253,60.87370970852175,59.83684526808793,60.20476531982422,33405515,68.86812861760457
2021-07-15,60.20477093913486,60.49743174418357,59.042484899422064,59.5107421875,31970243,68.66412350336711
2021-07-16,59.61944005524476,59.61944005524476,57.528996945026165,58.281551361083984,45691025,68.47987534205119
2021-07-19,58.35681431962932,58.78326652734085,57.36176129481128,58.64947509765625,30561168,68.2847692489624
2021-07-20,58.24811787727111,58.716375156759234,57.70460131813554,58.20630645751953,23094780,68.09662176767985
2021-07-21,58.29828954291206,58.46552247165819,56.701187641419125,56.85169982910156,51518657,67.9339412053426
2021-07-22,56.85168542633196,58.44042336503955,56.00715105673231,57.11090469360352,42883759,67.7502067565918
2021-07-23,57.11090977752858,57.59588774301128,55.61415170694831,55.99042892456055,42451336,67.54254547754924
2021-07-26,54.83650704900931,55.2462321261726,53.40664148914357,54.083946228027344,57012881,67.32233721415201
2021-07-27,54.07558659208381,54.33480590338272,51.34128952026367,51.34128952026367,61869875,67.07661266326905
2021-07-28,51.34128850235994,53.348112147842194,51.09879631506313,52.91329956054688,47782907,66.8356219291687
2021-07-29,53.9334327183515,53.9334327183515,52.36978215127869,52.93001937866211,39271265,66.60766305923462
2021-07-30,52.75442459751367,53.58224150624364,51.80954338022381,53.10561752319336,41977874,66.39889640808106
2021-08-02,53.09726144230189,55.73958491640666,52.32797981548413,55.25460052490234,54445260,66.18360312779744
2021-08-03,54.76960997570255,60.42216998236299,54.50203351039161,59.30168914794922,89992768,65.97344776789348
2021-08-04,58.86688360914188,59.93718953993103,58.30664634529547,58.5240478515625,42636229,65.79442313512166
2021-08-05,58.07250791077422,59.87865384694511,57.77148358807907,58.44879150390625,45338268,65.6153374671936
2021-08-06,58.53241245581377,59.41040119446164,56.90186923206963,58.8250732421875,34481766,65.44409265518189
2021-08-09,58.19793951401441,61.459032299699714,58.0056223052033,60.59777069091797,51361921,65.2701787630717
2021-08-10,60.28837914027117,60.91551208496094,59.22643682758803,60.91551208496094,32371545,65.11506649653117
2021-08-11,60.48906964872485,61.50084990993285,60.09607163215972,60.146240234375,28560714,64.92681805292766
2021-08-12,59.786673484927206,60.59776643964271,59.03411268263828,59.30168914794922,30539265,64.6965797106425
2021-08-13,59.30169012546075,60.1880423647786,58.36517567119832,59.87865447998047,30301304,64.51946713129679
2021-08-16,59.87865986678877,63.08957779230865,59.7448684301287,62.70493698120117,66305582,64.34927962621053
2021-08-17,62.69656968866349,63.13137902862426,61.13291601741795,61.37540817260742,41410311,64.25420366923014
2021-08-18,61.367050676935534,62.71329662143784,60.79008630656985,62.29520797729492,32617317,64.14463376998901
2021-08-19,62.67985490167347,62.94743140494369,60.09606989005111,60.15460205078125,32866221,64.01486651102702
2021-08-20,59.36022446448705,60.614490408650056,58.35681426096724,60.20476531982422,30129822,63.87463614145915
2021-08-23,59.953910676009926,60.66466649432643,58.64111255228334,59.04248046875,24216401,63.740696843465166
2021-08-24,58.6996409444391,59.49401316704709,57.01056569071234,58.950496673583984,38744022,63.5953644434611
2021-08-25,58.6160288043197,59.11773391997122,57.69623502903748,57.82166290283203,25351879,63.447968069712324
2021-08-26,57.81329889895224,58.23975111476483,56.45033217566308,56.8015251159668,30560914,63.291369660695395
2021-08-27,56.80152225124212,57.679510937247606,56.34162220056757,56.69282150268555,24556080,63.15078627268473
2021-08-30,56.81823846465903,56.9520298794824,54.61073115627968,55.17097473144531,45344420,63.0120285987854
2021-08-31,55.10408953320373,56.768080700381134,54.56893653090017,55.18770599365234,31964102,62.88790496190389
2021-09-01,55.61415529034403,58.40698447450435,54.50203792463996,57.82166290283203,54120472,62.787890656789145
2021-09-02,58.18122264546543,58.18122264546543,56.73463299558944,57.8551139831543,42761283,62.698421510060626
2021-09-03,57.67114375074674,58.64110600635001,57.0272837203013,58.56585311889648,28680784,62.59359264373779
2021-09-06,58.632756282623134,61.24162545181246,58.62439272311179,60.30511093139648,39610616,62.49461838404338
2021-09-07,60.79009028398686,61.81859122286356,60.04589295908272,61.05766677856445,38937022,62.435132090250654
2021-09-08,61.040948560759645,61.58446513206909,60.38036766695612,60.80681991577149,26682359,62.38000497817993
2021-09-09,60.806816915756016,61.33360634098927,59.56091447095095,60.22148895263672,22350846,62.312612279256186
2021-09-10,60.22149031290672,61.04094692797272,59.45220867722968,60.53924179077149,21079581,62.222313181559244
2021-09-13,60.472342197775575,60.7817300960035,59.14282335037695,59.35186767578125,21293772,62.14422267278035
2021-09-14,59.36859541431359,59.70306765029968,57.03565970220785,57.21961975097656,30703335,62.06941741307576
2021-09-15,56.86841772397241,57.21124708614322,55.02046672915196,55.62250900268555,39630658,61.98988676071167
2021-09-16,55.62251007852998,56.17439014768468,55.02046779335176,55.14588928222656,29466222,61.895612716674805
2021-09-17,55.48872688994852,57.09418579660785,55.26295544335563,57.07746505737305,26097737,61.804195976257326
2021-09-22,56.02388215172011,56.27473790719528,55.08736122807661,55.25460052490234,23967787,61.71979309717814
2021-09-23,55.82319756242264,56.10749477831904,55.18770103694196,55.84828186035156,19943038,61.62388728459676
2021-09-24,55.60579095480742,57.02728982590164,55.26295519652231,56.19111251831055,27372409,61.52609980901082
2021-09-27,56.18275423348356,58.85851901333709,55.831554922762535,57.44537734985352,33266460,61.43280824025472
2021-09-28,56.91858372934346,58.95049465122634,56.28308724896368,58.75817108154297,34751438,61.328116003672285
2021-09-29,58.49059462341348,59.2849668187697,57.93035741100579,58.75817108154297,29530820,61.22289094924927
2021-09-30,58.75817425437824,59.47728722059317,58.11432056019927,58.19793701171875,21879116,61.13630927403768
2021-10-08,58.699645738363074,60.6897518573088,58.32336849344188,60.62285614013672,41613373,61.056394990285234
2021-10-11,60.790085122896485,61.12455730760344,59.43548202514648,59.43548202514648,23449247,60.99696156183879
2021-10-12,59.46056790474716,60.68974954802442,58.59930631239002,59.887020111083984,21599019,60.94286212921143
2021-10-13,60.20476865096831,60.38872868701501,58.741458301812834,59.36859130859375,16055890,60.90037883122762
2021-10-14,59.39367028312338,59.88701818824658,58.23974795073257,58.641109466552734,16233358,60.857741069793704
2021-10-15,59.36859130859375,60.02080861492161,58.83343831983618,59.36859130859375,20425107,60.799002202351886
2021-10-18,59.36858291728003,59.36858291728003,57.69622846890594,58.21466064453125,21901873,60.74618918100993
2021-10-19,57.95544327807403,58.91704839350387,57.73804178587512,58.43206405639648,18104497,60.685672187805174
2021-10-20,58.532413046253495,58.95050171086959,56.87677912738199,56.9185905456543,30276609,60.614879512786864
2021-10-21,57.09418210686112,58.35681155163246,56.89350135137947,58.26483154296875,20597302,60.53618653615316
2021-10-22,58.50732588208431,62.71329662143784,58.490598763783794,62.29520797729492,81947936,60.47813638051351
2021-10-25,61.86876072333111,62.12798004151452,59.87029735481854,60.53924179077149,43058106,60.449233786265054
2021-10-26,59.24315814946468,59.24315814946468,58.549129486083984,58.549129486083984,39644810,60.3810453414917
2021-10-27,57.31995348967942,57.47046565104306,56.02387619018555,56.02387619018555,67849700,60.32242771784465
2021-10-28,55.60579011325932,57.15271683298605,55.22114932313183,56.96039962768555,27797860,60.23805440266927
2021-10-29,56.38343554583083,58.11432230016549,56.27473479355359,57.50391006469727,28202116,60.155817381540935
2021-11-01,59.59435479555714,61.8102259696911,59.07592894000072,60.8820686340332,74811069,60.065271059672035
2021-11-02,60.88206367133385,61.36704800853761,58.85015269397095,59.20970916748047,33979598,60.02513856887818
2021-11-03,58.557491228539554,59.78667279483587,57.96380615234375,57.96380615234375,22136290,59.988893604278566
2021-11-04,58.53241176462973,59.56926984390715,58.10595954979141,59.13446044921875,23674066,59.95920203526815
2021-11-05,58.79162204205371,60.04588795195633,58.356812666945714,59.15954208374024,18630632,59.91932519276937
2021-11-08,59.05919893481799,59.33513896804757,58.3651766415038,58.90032958984375,14960996,59.877335453033446
2021-11-09,58.825065995451816,58.825065995451816,57.16943867676689,57.69622802734375,22767037,59.84049269358317
2021-11-10,57.437023684016175,58.36518104433101,56.87678001623497,58.18122100830078,23735791,59.808093229929604
2021-11-11,57.85510859085572,60.505789062394335,57.6126164118232,60.23821258544922,36332028,59.770925998687744
2021-11-12,60.10442020882696,61.77677475822753,59.87029159263509,60.3469123840332,26614392,59.737515417734784
2021-11-15,60.2047646029794,61.04094188913189,59.78667595990315,60.60613250732422,21497317,59.708834966023765
2021-11-16,61.04093915293269,61.45902777726785,60.53087052088171,60.8151741027832,21140190,59.6857975323995
2021-11-17,60.41380961132304,61.20817549038797,59.80339737850071,60.29674530029297,14390330,59.64148820241292
2021-11-18,60.06261165805883,60.07096883705783,58.51568506629175,58.71636581420898,19413431,59.587054061889646
2021-11-19,58.71637351719297,58.95050215039935,57.95544907974545,58.532413482666016,25102995,59.51501118342082
2021-11-22,58.30665073828612,58.76654446344831,58.11432713645416,58.490604400634766,22966239,59.43405996958415
2021-11-23,58.482245399691216,58.482245399691216,57.71295739583784,58.08924102783203,22415718,59.345589860280356
2021-11-24,58.657833099365234,58.84179310798904,57.712948760438586,58.657833099365234,25270993,59.256711610158284
2021-11-25,58.53240638874072,58.53240638874072,57.763124864432086,57.81329345703125,18110345,59.18192742665609
2021-11-26,57.69622923176951,58.07250643581846,57.34503632405368,57.537353515625,14048378,59.11055374145508
2021-11-29,56.85169272614184,57.34504064950124,56.625927662588566,57.00220489501953,20002100,59.04254862467448
2021-11-30,56.742997405925685,57.821666989554366,56.58412166258846,56.67610168457031,19543671,58.96359952290853
2021-12-01,56.58411164251337,57.02728455384194,56.19110732355378,56.99384307861328,18010101,58.89287287394206
2021-12-02,56.34161866593811,56.83496654203177,56.11585362401449,56.64264297485352,17292840,58.826187705993654
2021-12-03,56.61756658862471,56.61756658862471,55.75630495427895,56.15767288208008,21709179,58.76319564183553
2021-12-06,56.15767834103215,57.51228167254425,56.11586691840607,57.33668518066406,28156018,58.70145791371663
2021-12-07,57.779854570586366,58.866887695486014,57.779854570586366,58.72473907470703,45996100,58.652541637420654
2021-12-08,58.85852004981575,58.90868864671943,57.6962341050188,58.5240478515625,24448618,58.6165163675944
2021-12-09,59.78667660748657,60.83189822649857,59.26824438782708,60.38872528076172,58720574,58.58857405980428
2021-12-10,59.92047019863616,60.53923963314712,59.11773435229144,60.12115097045898,29774271,58.58146654764811
2021-12-13,60.83189734421759,62.93906129059268,60.63957376211711,60.99913024902344,54392976,58.55986528396606
2021-12-14,60.413814489320245,60.60613808984214,59.410404205322266,59.410404205322266,25330123,58.55631151199341
2021-12-15,59.36022621713566,59.71142554031082,58.68292462873836,58.8250732421875,16566927,58.53714920679728
2021-12-16,58.90868354347748,59.2682400090343,58.38189418304465,58.86687850952149,15360353,58.52565177281698
2021-12-17,58.60766327418301,58.74981826211776,57.44537734985352,57.44537734985352,20467841,58.5195198059082
2021-12-20,57.59588490537416,58.81670288714413,57.537352754862106,58.21466064453125,20657979,58.4883721669515
2021-12-21,58.20630678779377,60.313470936973815,58.114326767439984,59.912109375,31759660,58.46342617670695
2021-12-22,59.74486804552833,60.12115167406739,58.557497760684434,59.81176376342773,22483108,58.452834637959796
2021-12-23,60.12115363608669,60.43053517729605,59.368592733975966,60.0960693359375,19654181,58.44112819035848
2021-12-24,59.644529493513744,60.41381109330402,59.22644083542859,60.33855819702149,16377482,58.44398514429728
2021-12-27,60.37199644346981,61.877118083805314,60.12114708976475,61.0827522277832,27562336,58.449489974975585
2021-12-28,61.08275979549875,63.09794395189262,61.08275979549875,62.86381530761719,51272047,58.44816602071126
2021-12-29,62.71330038155218,63.17320046949429,61.66807870852631,61.8854866027832,21584258,58.47659610112508
2021-12-30,61.87711393081451,62.29520253845515,61.1914488694649,61.84366607666016,21829008,58.517081038157144
2021-12-31,61.79351337543722,62.245049953345166,60.85699235686583,61.71825408935547,21673393,58.55436058044434
2022-01-04,61.87711876160835,63.13138468245177,61.542646573478166,63.01432037353516,31040801,58.57819172541301
2022-01-05,63.04776788984538,66.75203347791442,62.49588782548175,63.775238037109375,61369922,58.61554094950358
2022-01-06,63.390589743837175,65.3806955078967,62.54605538836669,62.69656753540039,34188949,58.664805761973064
2022-01-07,63.11466826519688,65.62320027863905,62.72166389569998,65.03787231445312,43722085,58.69462935129801
2022-01-10,65.38905409222512,67.630009229836,64.38564401011159,65.0545883178711,35252163,58.729330698649086
2022-01-11,64.40237422780366,65.90749595207124,63.13138751138733,63.21500396728516,33694529,58.76974589029948
2022-01-12,63.62473468354829,63.81705829066533,61.06603390594184,62.11125564575195,38464129,58.800614738464354
2022-01-13,62.36210597171685,63.01432325970393,60.37199986993134,60.47234344482422,26732585,58.83252894083659
2022-01-14,60.28838177352979,60.9155147456113,59.70306021806432,60.20476531982422,20996990,58.847719510396324
2022-01-17,60.28837966688442,61.40886052187106,59.970634602095565,61.06602478027344,20381136,58.86437333424886
2022-01-18,60.88207375278372,61.60955037905205,60.22149284883304,61.291805267333984,21307718,58.89949270884196
2022-01-19,61.626271431772366,63.7083577376388,61.42559064333091,62.9056282043457,40401059,58.93433354695638
2022-01-20,62.872176355737125,65.89077706924573,62.805280637323335,65.74026489257812,50662197,58.991960207621254
2022-01-21,65.32217019967652,65.90749173301877,64.07626148230676,64.72848510742188,30226221,59.08909619649251
2022-01-24,64.21841655236281,66.0830882821879,63.96756082086265,64.45254516601562,16913071,59.20065615971883
2022-01-25,64.21842167082232,65.89077633537991,62.8972599547354,63.424049377441406,25185151,59.29681653976441
2022-01-26,63.94247377612813,64.82881959816521,63.16482869732311,63.975921630859375,17996504,59.38426678975423
2022-01-27,63.34042739395197,64.19332539147307,62.30356937865495,62.562782287597656,25896559,59.47485265731812
2022-01-28,62.57115263740082,63.54947860590528,61.0660308554502,61.20817947387695,26921924,59.535754172007245
2022-02-07,62.29520378144266,63.24844531552144,61.35868298501175,62.46243667602539,21295784,59.55164159138997
2022-02-08,62.21159191731863,62.62968056410232,61.040942430419,62.12797546386719,25222789,59.584461498260495
2022-02-09,62.37883255728823,64.44419174916524,61.79351093103967,64.0428237915039,30821130,59.615121364593506
2022-02-10,63.63309310493434,64.0595453266056,61.45903333760469,61.5844612121582,40093808,59.65860261917114
2022-02-11,61.16636887164161,62.37882336718334,60.60613162912378,61.99418258666992,26315615,59.66682504018148
2022-02-14,61.45903563826051,61.48411993820488,59.8702973866722,61.04094696044922,19833640,59.67581396102905
2022-02-15,60.80680745335349,61.291791764017866,60.12114239947572,60.22984313964844,22662561,59.683269850413005
2022-02-16,60.35528429346836,61.450674633429415,60.03753918175029,61.291805267333984,18939258,59.6910044670105
2022-02-17,61.04930634216792,61.70988717344403,60.296745497706105,60.4305305480957,17712319,59.70278072357178
2022-02-18,60.02917312568911,61.15801127987422,59.62780518799841,61.04094696044922,15392511,59.68382733662923
2022-02-21,60.87371148924271,60.89043222866236,60.20476708097674,60.79008865356445,10709058,59.68104015986125
2022-02-22,60.28838693644597,60.330198356642605,57.90528271435968,58.674564361572266,36301446,59.668497498830156
2022-02-23,58.57422416525219,59.06756572480571,58.28155699789485,58.933780670166016,19598560,59.65616385142008
2022-02-24,58.1310355077593,58.33172262684547,56.40851253585328,57.11090469360352,41899669,59.64557231267293
2022-02-25,57.48718902686584,57.654421934042496,56.70118032817731,56.96039962768555,22417097,59.629475847880045
2022-02-28,56.44196640322081,56.54230997345603,54.76961184312538,55.78974914550781,48362395,59.61289170583089
2022-03-01,55.697764324612606,57.18615873384443,54.920119266139984,57.135990142822266,40633496,59.59595909118652
2022-03-02,56.4419698568223,56.4419698568223,55.35493677443576,55.95698547363281,24786934,59.59874629974365
2022-03-03,56.23292828517709,56.23292828517709,55.14589514941488,55.74794387817383,26230556,59.59261433283488
2022-03-04,55.14589413641552,55.46364561493864,54.426781099110606,54.85323333740234,30520427,59.597422409057614
2022-03-07,54.00032957919336,54.00032957919336,51.87643854975748,52.269439697265625,47645242,59.5946351369222
2022-03-08,51.759377595865,52.67917137572631,49.91978684637903,49.96995544433594,57768670,59.54836661020915
2022-03-09,49.56859170016427,50.17900077566272,47.33599973319449,49.7692756652832,56275807,59.482656955718994
2022-03-10,51.18240867557033,51.33292083565908,48.59862084706426,49.22575378417969,47362869,59.40935214360555
2022-03-11,48.74913719743859,49.89469923457048,47.93804736475674,49.6522102355957,35638996,59.31702416737874
2022-03-14,48.51501047869891,49.40971999260853,47.40289306640625,47.40289306640625,31918608,59.221978696187335
2022-03-15,46.99316318598521,47.85442475288509,45.38770116979551,45.48804473876953,49926766,59.11027930577596
2022-03-16,46.993162938891736,47.92132021356064,45.362616633913646,47.65374374389648,52945781,58.98750060399373
2022-03-17,49.70237998048852,49.90306394574271,48.17217710575853,49.08361053466797,52266437,58.88012145360311
2022-03-18,49.08360695421033,49.34281986945764,48.205621448516105,49.2508430480957,36839305,58.794552644093834
2022-03-21,49.35954246019975,49.7943550166132,48.498280906210205,48.87456130981445,30641715,58.728146171569826
2022-03-22,48.58190081883097,49.28428989236949,48.51500829217951,48.98326873779297,19403969,58.67191327412923
2022-03-23,49.10869243228557,49.21739637438842,48.43975123042814,48.49828338623047,24373729,58.62055810292562
2022-03-24,48.080191386761,48.3477678488628,47.754082772934616,48.14708709716797,23678670,58.54906492233276
2022-03-25,48.15545392728133,48.43139079532594,46.86774003703721,46.90118789672852,25216369,58.48983564376831
2022-03-28,46.7172273799261,46.95971957556038,45.82251787580569,46.65869522094727,21585282,58.415276527404785
2022-03-29,46.91791214271051,47.01825253269707,45.53821822390056,45.69709396362305,25242958,58.335839716593426
2022-03-30,45.981394290009085,47.662109375,45.947946430167605,47.662109375,33900253,58.2379373550415
2022-03-31,47.57849291515978,47.82934548444392,47.00989205690852,47.662109375,25133597,58.145470174153644
2022-04-01,47.24401749995671,49.535144707875226,46.667056310661394,48.9999885559082,45775170,58.053002993265785
2022-04-06,48.54009350885445,49.48497478761942,48.41466882284993,48.84111785888672,30753172,57.9763534228007
2022-04-07,48.205624480080445,49.43480298944789,48.17217662124726,48.24743270874024,26942029,57.87817227045695
2022-04-08,48.24743020545528,48.431387039966566,47.52831722666939,47.93804550170898,22682729,57.78493852615357
2022-04-11,48.03838596330305,48.0551098918798,46.21551921535848,46.290775299072266,33812428,57.68536373774211
2022-04-12,46.60852284765362,48.08019345244124,46.23224243485579,48.03002166748047,29717487,57.57638193766276
2022-04-13,47.64538000465386,48.03838433850704,47.18548314851936,47.302547454833984,21198659,57.48795620600382
2022-04-14,47.678828354740304,49.40135468057618,47.678828354740304,49.1003303527832,42741664,57.38740584055583
2022-04-15,48.76586140393187,49.58531480075441,48.63207315934377,49.04180145263672,21242110,57.311453088124594
2022-04-18,48.91637039869119,48.91637039869119,48.10527742434766,48.13872528076172,15468205,57.23320089975993
2022-04-19,48.20562019190408,48.62370882083728,47.712275482172366,47.91295623779297,16849454,57.160035355885825
2022-04-20,48.28923982018965,49.24248144653776,47.66210683551186,48.130367279052734,21662822,57.07376972834269
2022-04-21,47.745722641042,48.48992311879836,46.49145668875792,46.85101318359375,27999954,56.95572938919067
2022-04-22,46.49145867707282,48.09692082333465,45.722177057858175,47.63702392578125,24280189,56.841660817464195
2022-04-25,47.28582461677036,48.07183330259439,46.01483476649783,46.048282623291016,32560068,56.75072660446167
2022-04-26,46.0482825587647,46.382754746701536,43.07149029336902,43.30562210083008,63204589,56.667596658070885
2022-04-27,42.41927315445002,44.61005674125957,42.22695276226475,44.4010124206543,37571041,56.55380684534709
2022-04-28,44.7354851410092,44.90272123743291,43.539751357760046,44.5515251159668,25258916,56.44461603164673
2022-04-29,45.153573938341154,47.90459800494252,44.5515252651057,47.73736190795898,57524101,56.308528168996176
2022-05-05,48.5400939873339,49.65221138149753,48.3728578812493,49.08361053466797,46790722,56.21292527516683
2022-05-06,48.163815193636886,48.916376101878896,47.98821871163493,48.665523529052734,21216998,56.13892364501953
2022-05-09,47.87115041142687,48.096918665134446,46.63360839054935,47.126953125,21529684,56.051682504018146
2022-05-10,46.18207092039239,47.570125081472014,45.98975052822775,47.327632904052734,30057137,55.95141092936198
2022-05-11,47.227295146292846,48.08019640441229,46.82593041125371,47.39453125,35911506,55.85497179031372
2022-05-12,47.31091725755533,47.31091725755533,46.22388412171464,46.60852813720703,22579089,55.76912431716919
2022-05-13,47.260738496268885,47.80425179426125,46.99316203176984,47.67046356201172,24432011,55.67268520991008
2022-05-16,48.09691782369622,49.12541550163981,46.44964755125743,46.9931640625,28664501,55.567953968048094
2022-05-17,46.82593042321804,48.08019641669709,46.5750778624749,47.98821640014648,22831367,55.45667273203532
2022-05-18,48.08019166445215,48.2223402652434,46.75903008415137,47.35271835327149,22269749,55.35152343114217
2022-05-19,46.65033455428936,46.98480357636066,46.26569374351382,46.675418853759766,20195890,55.23933629989624
2022-05-20,46.742313883432544,47.76244805394951,46.29077736103665,47.5784912109375,26608469,55.12582524617513
2022-05-23,47.11858758676642,47.24401545236823,45.22882837216747,45.41278839111328,55783104,55.0330096244812
2022-05-24,45.20374600655825,45.73053540916461,44.77729379709984,44.97797775268555,26346272,54.92367941538493
2022-05-25,44.73548336284842,44.9863359026314,44.317394733289085,44.6518669128418,22197439,54.81107419331868
2022-05-26,44.6518664729235,45.22046725870328,43.31398095765688,45.00305938720703,42382765,54.69909607569377
2022-05-27,45.51312943446314,45.81415376449348,44.32575604265051,44.4177360534668,35255705,54.585306294759114
2022-05-30,44.44282259806213,44.9863359026314,44.325755102384505,44.6518669128418,21638531,54.47367664972941
2022-05-31,44.7271255229488,45.55493927001953,44.4010136940508,45.55493927001953,35509917,54.36629759470622
2022-06-01,45.40442542302981,45.79742976325055,45.02814501109113,45.37934112548828,29205803,54.270903714497884
2022-06-02,45.5441266442116,45.56139168231451,44.95713181355913,45.37148284912109,27584641,54.1767640431722
2022-06-06,45.38874463536877,45.69087454810051,44.52551254988487,45.57002258300781,36520890,54.07991104125976
2022-06-07,45.31968476637354,45.863521905601374,44.97439061287068,45.75130081176758,29169548,53.98763920466105
2022-06-08,45.75993371132053,46.441887883572015,45.3455826845393,45.742671966552734,36297664,53.90091943740845
2022-06-09,45.62181563735707,45.88078790439774,45.05208257721208,45.21609878540039,28683558,53.80430266062419
2022-06-10,44.98302605198184,45.18156904333051,44.67226196362071,45.10387802124024,30034887,53.691730658213295
2022-06-13,44.71542338130493,44.758584328927206,43.7313392864525,44.07663345336914,40426293,53.579895909627275
2022-06-14,43.42057715937557,44.508251529296096,43.265195106529774,44.39603042602539,34842410,53.44396181106568
2022-06-15,44.12842752706215,47.47776926252244,44.12842752706215,46.99435806274414,91507776,53.31291913986206
2022-06-16,47.02025289108343,47.41733886128441,46.17428583992823,46.4677848815918,35938169,53.196212704976396
2022-06-17,45.77720049093752,47.83169395825194,45.33695353728341,47.27059173583984,53813436,53.088357543945314
2022-06-20,47.61588852191039,49.6790129747701,47.61588852191039,49.25603103637695,76530884,52.99207019805908
2022-06-21,49.29055075186445,50.40412093217837,48.902098947867145,49.454566955566406,53707727,52.911979802449544
2022-06-22,49.43730481085913,49.43730481085913,48.34099960327149,48.34099960327149,29721130,52.845389715830485
2022-06-23,48.30647155367805,48.74672180545063,47.73673845189014,48.33237075805664,30453200,52.76310920715332
2022-06-24,48.33236927640931,50.88753563682732,48.13382298512739,49.89481735229492,73201062,52.66661138534546
2022-06-27,50.32643232182081,51.86298774637673,50.32643232182081,51.01701736450195,58158368,52.58397016525269
2022-06-28,51.44863342779882,51.44863342779882,50.45591845799756,51.01701736450195,32252221,52.508311398824056
2022-06-29,51.34504672539733,52.34639586502762,51.111973655013216,51.16376876831055,42072308,52.43063189188639
2022-06-30,51.24146047893333,52.36366160500382,50.93069638092042,52.13058853149414,37053894,52.34797369639079
2022-07-01,51.95793932511005,51.95793932511005,50.205579201979056,50.74941635131836,33785737,52.258530139923096
2022-07-04,49.670377727176295,51.845723097669705,49.670377727176295,51.76803207397461,31375014,52.16572955449422
2022-07-05,51.57811708942063,53.08014236653776,50.84437113420646,51.3968391418457,28384693,52.08176593780517
2022-07-06,51.83709058706182,52.68305770932003,50.645829283365046,51.172401428222656,30764043,51.995754146575926
2022-07-07,50.94796024244624,51.62128024394662,50.49907914378959,50.67172622680664,19747189,51.89707148869832
2022-07-08,51.03428480490607,51.03428480490607,49.98114380009846,50.56814193725586,22725014,51.7878755569458
2022-07-11,50.29190048785873,51.103340765983056,49.82575765845462,50.8443717956543,27354736,51.68680534362793
2022-07-12,50.973855957278325,52.55357231533023,50.973855957278325,51.8802490234375,40810385,51.56852617263794
2022-07-13,51.8629866669908,52.00973454483235,50.09335820992823,50.32643127441406,38790065,51.45874001185099
2022-07-14,50.93069441811375,51.09470733331336,48.21151195826408,48.51364517211914,54519966,51.3513352394104
2022-07-15,48.1683514661545,48.841674756579714,47.607252565930885,47.6504135131836,30267863,51.238021818796796
2022-07-18,47.65041261691407,48.23741070882366,46.6145334374872,47.72810363769531,23549370,51.13117240269979
2022-07-19,47.56409191337772,48.04750312079076,47.27059283976434,47.503665924072266,19709717,51.02720022201538
2022-07-20,47.88348713715927,48.6431290379611,47.56408887923997,47.84895706176758,21705190,50.91418056488037
2022-07-21,47.90938464185767,48.254678821329065,47.3051214742674,47.3828125,16384697,50.80215682983398
2022-07-22,47.17563711795179,47.88348719955773,46.87350389733461,47.555458068847656,18646088,50.67280003229777
2022-07-25,47.56409242124183,48.96253094202117,47.486401392309645,48.72945785522461,36027403,50.52125997543335
2022-07-26,48.77261597044899,49.946612209179136,48.660394870078505,49.54952621459961,26304234,50.38793474833171
2022-07-27,49.37687767116733,49.42003861835372,48.14245548241546,48.27193832397461,24440950,50.26374292373657
2022-07-28,48.34099876506446,48.46185073510205,47.918013576963695,48.12519073486328,14614702,50.13747533162435
2022-07-29,48.29783497140051,48.51364298888401,47.28785173723385,47.46049880981445,23747370,50.005385907491046
2022-08-01,47.69357753007122,47.73673848010184,46.68359746888326,47.141109466552734,18646747,49.87953354517619
2022-08-02,46.68359565753895,46.7008574025059,45.66498147008591,46.26924133300781,26048594,49.76230796178182
2022-08-03,45.93258006155711,46.62316509515451,44.957130142274806,45.10387802124024,31878019,49.62736466725667
2022-08-04,45.233364993713,45.552759960237225,44.97439271996818,45.31968688964844,13529107,49.48549718856812
2022-08-05,45.52686365343126,45.72540664672852,44.957130583500685,45.72540664672852,19819083,49.329471047719316
2022-08-08,45.36284902138046,45.72540823830281,45.17294018677288,45.25926208496094,21808178,49.19731225967407
2022-08-09,45.27652766938159,45.803099816401215,45.10388057795344,45.45780563354492,16051580,49.057854588826494
2022-08-10,45.43191046241012,45.43191046241012,44.68953026225502,44.74132537841797,16302356,48.92799507776896
2022-08-11,45.1470403414739,45.73403846112648,44.78448442267223,45.68224334716797,22953884,48.798924096425374
2022-08-12,45.50096444147725,46.1483885341322,45.259260500636216,45.88941955566406,16987856,48.66884441375733
2022-08-15,45.898050205046886,46.26924027980356,45.33695130325295,45.57865524291992,18323472,48.54766848882039
2022-08-16,45.59592180040947,45.65634778734052,45.14704068822929,45.406009674072266,16335748,48.418816057840985
2022-08-17,45.4578045974777,46.51094886751386,44.98302757659837,46.12249374389648,23843481,48.29061539967855
2022-08-18,45.83762988190376,45.96711603298734,45.24200083145242,45.42327880859375,14088456,48.186014811197914
2022-08-19,45.47506831891212,45.58728941647903,45.10387824408784,45.414642333984375,13215250,48.073427295684816
2022-08-22,45.28515902493056,46.2260822256279,45.13841113608216,45.78583526611328,23817591,47.97595844268799
2022-08-23,45.70814149865432,45.83762434111659,44.88807032451642,44.99165725708008,22034863,47.88283707300822
2022-08-24,44.97439382428788,45.04345397710736,44.2924429265268,44.36149978637695,21584197,47.79285297393799
2022-08-25,44.36149384409104,45.24199091677961,43.99893796926162,45.08660888671875,20989258,47.686398887634276
2022-08-26,45.30241689591784,45.45779892597871,44.79310986248922,45.08660888671875,16040627,47.59581241607666
2022-08-29,44.54277787225183,45.63908310404746,44.465086846597984,45.12977600097656,16456070,47.50696795781453
2022-08-30,45.31105371018676,45.93257857380874,44.95712868612109,45.14703750610352,20270847,47.425939146677656
2022-08-31,44.97438969084611,46.31240203851216,44.96575881902157,45.95847702026367,46283836,47.36658579508464
2022-09-01,45.94984605618543,47.9093833937529,45.94984605618543,47.57272338867188,64210545,47.33315680821737
2022-09-02,47.5727266580697,47.5727266580697,45.89805409703053,46.312408447265625,36746048,47.314852205912274
2022-09-05,45.83762376570932,46.61453398260711,45.64771494055477,46.44188690185547,19027545,47.290574328104654
2022-09-06,46.4505211238629,46.7958119928195,46.096596089725104,46.14838790893555,17796217,47.26382163365682
2022-09-07,46.32967097237213,46.346936011669705,45.73404193496864,45.79446792602539,20995308,47.25336742401123
2022-09-08,45.79446376669095,46.3987269153451,45.79446376669095,46.07069778442383,15365677,47.2559209505717
2022-09-09,46.07069941553214,48.02160593943184,45.97574335114286,47.85758972167969,52388062,47.24272890090943
2022-09-13,47.857588305442206,49.11790972326354,47.53819333801406,48.76398468017578,34602446,47.23251206080119
2022-09-14,47.90938092231236,48.556804988830095,47.823059030630965,48.28057098388672,18747266,47.22845490773519
2022-09-15,48.2460434770187,49.37687875883941,48.073396391500914,48.634498596191406,28969848,47.22350498835246
2022-09-16,48.33236652872957,48.42731929324421,47.39144341188834,47.58135223388672,25993997,47.22059857050578
2022-09-19,47.19289568266607,47.857584771671526,46.71811870279618,47.46049880981445,20360049,47.21295747756958
2022-09-20,47.34828088587409,47.56408891779324,46.0102717465692,46.2001838684082,35065981,47.2072359085083
2022-09-21,46.98572301325329,47.0116189222534,45.18156780993587,45.6218147277832,26775169,47.2013942082723
2022-09-22,45.5268684402645,45.53549931350263,44.27518107068332,44.45645904541016,40143184,47.19275353749593
2022-09-23,44.1197972950523,44.793117342440375,44.02484122827308,44.31834030151367,17517602,47.18241491317749
2022-09-26,44.02483984436035,44.88807199817134,43.92988378056605,44.06800079345703,20553286,47.15455017089844
2022-09-27,44.15432729310587,44.78448638890595,43.42057796484072,44.6118392944336,24764967,47.12459926605224
2022-09-28,44.45645325732068,44.68952632003963,44.11115909929947,44.17158508300781,13557668,47.08803135553996
2022-09-29,44.430555922995865,44.68089072191471,43.42057268360674,43.59321975708008,25319493,47.04911858240764
2022-09-30,43.27382911181566,43.65365007682554,42.56597900390625,42.56597900390625,35563830,47.01033347447713
2022-10-10,42.565977954354615,43.15297607224039,41.832228660512754,42.03940582275391,26014496,46.96556625366211
2022-10-11,42.030769683082575,42.168886687099445,41.43514072069152,41.75453567504883,22003690,46.93013817469279
2022-10-12,41.47830077930285,41.69410879927109,40.57190775403003,41.668212890625,24097124,46.87784245808919
2022-10-13,41.426512993472215,41.43514386620448,40.58054257505749,40.62370681762695,27745374,46.83088967005412
2022-10-14,40.7877204112369,41.650952589252505,40.6582342673468,41.426513671875,31338771,46.760251140594484
2022-10-17,41.18480244348171,41.30565440985191,40.83087741641079,41.150272369384766,23501711,46.69679040908814
2022-10-18,41.4178749358053,41.564626102218895,40.85677605779088,40.95172882080078,27008601,46.638553301493324
2022-10-19,40.88267468188845,40.88267468188845,38.99219418757478,39.03535842895508,55654921,46.58054307301839
2022-10-20,38.67279760228934,39.08714861707108,37.86136060996292,38.31024169921875,36647844,46.50475133260091
2022-10-21,38.31887205582065,38.6555320449909,37.7836690805492,37.98221206665039,27243190,46.43357823689779
2022-10-24,37.72324243319208,38.25844539903834,36.51471620789376,36.5924072265625,45916936,46.35312147140503
2022-10-25,36.946337953795,37.07582410256829,36.238487804565295,36.27301788330078,41440111,46.274322509765625
2022-10-26,36.42839693862607,37.30025995045021,36.39386686273995,36.65283584594727,36281405,46.215717474619545
2022-10-27,36.86001852979587,37.11898755179585,36.5147243051494,36.75643157958984,22640281,46.15114933649699
2022-10-28,36.43702815375086,36.5837793311622,35.06448890757909,35.185340881347656,40175030,46.08619022369385
2022-10-31,35.15944653830369,35.219872527882146,34.61560933912812,34.684669494628906,34553505,45.981590048472086
2022-11-01,35.0299599582417,35.91045379638672,34.6069747832379,35.91045379638672,48067142,45.861598873138426
2022-11-02,35.73780815644632,36.77368398118011,35.58242612414246,36.324806213378906,38019949,45.75530662536621
2022-11-03,36.083101114001785,36.14352709755185,35.56516317129572,35.893192291259766,28853488,45.66528873443603
2022-11-04,35.936356168700875,37.42111326227706,35.89319521878326,37.19667434692383,45749125,45.57000172932943
2022-11-07,37.11898125438688,37.34342015725114,36.69599606560485,37.1707763671875,33159614,45.48501958847046
2022-11-08,37.222571163326926,37.369322348178265,36.75642828272553,37.11898422241211,30558188,45.40637165705363
2022-11-09,37.45564481636696,37.852730840018125,37.075823831957536,37.15351486206055,22990425,45.31844266255697
2022-11-10,36.90317411744402,37.10171711520027,36.71326199221227,37.09308624267578,22305399,45.236445585886635
2022-11-11,38.43972492676205,39.88132426738933,37.73187485774911,39.3892822265625,82883508,45.145652834574385
2022-11-14,41.36608388631161,42.39333227314538,40.83088086448868,41.26249694824219,100020407,45.07929086685181
2022-11-15,41.86675694602192,42.799049196785326,41.17617192303188,42.35879898071289,51228792,45.034183184305824
2022-11-16,42.6436699508192,42.6436699508192,41.57326062527903,41.83222961425781,25992649,44.99068574905395
2022-11-17,41.771801954205344,42.3846959719433,41.158907936467386,41.400611877441406,19284595,44.960847759246825
2022-11-18,41.74590837231633,41.90129042674187,41.15891023181302,41.40924835205078,16067621,44.931036376953124
2022-11-21,40.97763144926449,40.97763144926449,39.91585629383133,40.00217819213867,34523382,44.9040145556132
2022-11-22,40.05397274255061,40.60644078705984,39.622356671156616,39.96764755249024,23569157,44.8623405456543
2022-11-23,39.907221284424935,40.17482443227047,39.72594332603083,39.950382232666016,14255219,44.825256474812825
2022-11-24,40.35610423438045,40.74455937223576,39.518767969777855,39.63098907470703,21379992,44.78607743581136
2022-11-25,39.630986038226204,40.64960019145976,39.561929181770445,40.30430603027344,24697464,44.736711184183754
2022-11-28,39.432446546584174,40.09713572541001,39.04399140402759,39.95901870727539,22655140,44.69441922505697
2022-11-29,41.43514305351637,42.10846307438584,40.50285075418699,41.797698974609375,38928672,44.64931535720825
2022-11-30,41.59052490266097,42.28110995829249,40.99489590961053,41.32292175292969,27287554,44.61787932713826
2022-12-01,42.134359576069386,42.58324065885347,41.66821345629718,41.70274353027344,27604487,44.58097616831461
2022-12-02,41.46967315673828,41.953081051844045,41.227965916216085,41.46967315673828,17015014,44.54731009801229
2022-12-05,41.85812739562489,43.1616064618668,41.78043637227477,42.90263748168945,36106842,44.516089884440106
2022-12-06,42.89400269331527,43.73133890026365,42.315638755752005,43.16160583496094,32526956,44.49774621327718
2022-12-07,43.161606207126525,44.61183643912352,42.72999014505526,44.24064636230469,43656379,44.49012098312378
2022-12-08,44.326969919331454,45.302423178213246,43.88672296842054,44.67226409912109,39078018,44.48882611592611
2022-12-09,44.85354494555472,46.89940765894865,44.72406208953545,46.87350845336914,69940581,44.46947533289592
2022-12-12,46.35556633901796,47.45187154635562,46.0102721675999,46.98572540283203,46663287,44.47285636266073
2022-12-13,46.79581571857968,46.95983194038909,46.31240780495893,46.57137680053711,30619330,44.47048247655233
2022-12-14,46.13975938124779,47.52956367881461,46.13975938124779,47.3828125,26085029,44.44811035792033
2022-12-15,47.39144449544855,48.168351424228696,45.96711018656451,46.29513931274414,27804272,44.430845737457275
2022-12-16,45.9930080811782,46.74402242560313,45.552761131833705,46.61453628540039,19744959,44.41379690170288
2022-12-19,46.614536640067534,46.94256578289944,45.99300843111644,46.33830261230469,16076366,44.39948161443075
2022-12-20,45.75130222684526,45.82899324913792,44.499614997894334,44.51688003540039,27245386,44.36984399159749
2022-12-21,44.27517927134569,45.31105854521039,44.27517927134569,44.6118392944336,13074160,44.31567618052165
2022-12-22,44.83627633506848,45.99300753874567,44.68952845134081,45.06071853637695,22812320,44.26229969660441
2022-12-23,44.87080462465894,45.88078790439774,44.39602762336631,45.21609878540039,16343914,44.21144094467163
2022-12-26,45.47507332192702,45.64772042341573,44.33560706225893,44.45645904541016,15387918,44.153820196787514
2022-12-27,44.7067936739349,45.77719969192444,44.37876453611325,45.69950866699219,17339127,44.10137888590495
2022-12-28,45.25926158925924,45.53549561199875,44.80174960652867,44.93123245239258,16322911,44.050807857513426
2022-12-29,44.56003890921938,45.05208092985417,44.042100980015086,44.65499496459961,11995050,43.99692780176799
2022-12-30,44.715423583984375,45.3196867323428,44.62910168834856,44.715423583984375,12773275,43.942616081237794
2023-01-03,44.88806797572741,45.08661095815607,44.22337888169977,44.784481048583984,16362802,43.89298022588094
2023-01-04,44.62046802726271,46.46778756865668,44.58594124439973,46.39872741699219,26134113,43.844783051808676
2023-01-05,46.61453293370368,47.46913415306131,46.57137198772925,47.40007400512695,29421668,43.807736015319826
2023-01-06,47.4518704645316,47.61588338108286,46.53684323621335,46.623165130615234,19500149,43.77040122350057
2023-01-09,46.70085756425367,47.00299078973033,46.09659769923892,46.70949172973633,20427678,43.73954067230225
2023-01-10,46.60590758710386,46.95983265480462,46.12249637315938,46.18292236328125,15434014,43.72450606028239
2023-01-11,46.13975714651896,47.633148308408686,46.096596199417824,47.04615020751953,21461041,43.712276967366535
2023-01-12,46.87350423883802,47.47776739150557,46.623166129552,47.27922439575195,14581825,43.70659402211507
2023-01-13,47.365551543964,48.34100488601691,47.04615654085575,48.29784393310547,26580330,43.70472367604574
2023-01-16,48.36689519818752,50.378227642047,48.35826432579256,49.80849456787109,33018079,43.70846439997355
2023-01-17,49.79985977868135,50.22284496605952,49.33371693689972,50.06746292114258,18811356,43.72867841720581
2023-01-18,50.06746212820112,50.499078181030434,49.52362497960481,49.72216796875,13035753,43.74961179097493
2023-01-19,49.601317753324,49.67900877729699,48.94526277875043,49.53226089477539,19467945,43.757884375254314
2023-01-20,49.60131838649337,49.92934752445213,49.16970231290473,49.27329254150391,10860828,43.75774049758911
2023-01-30,49.5840509154113,50.13652222859041,47.98707283868134,48.03886795043945,25619569,43.766085116068524
2023-01-31,47.823060595163625,48.47048468286186,47.47776643120356,47.6504135131836,23259835,43.765365759531655
2023-02-01,47.72810391457028,48.33236704715544,47.00298881406192,47.90938186645508,26724709,43.76694838205973
2023-02-02,47.866222987722495,47.99570583339032,46.286506585414536,46.58000564575195,36767804,43.773350652058916
2023-02-03,46.35556179797106,46.57136981072421,45.630446743401706,46.01890182495117,20830020,43.77594035466512
2023-02-06,45.58728966143595,45.58728966143595,44.09389848182568,44.24064636230469,42185653,43.783565553029376
2023-02-07,44.33560706225893,44.62910614689886,44.111164842432736,44.45645904541016,20900869,43.77457354863485
2023-02-08,44.36149544697772,44.45645150133133,43.90398350469468,44.03346633911133,19101762,43.76399898529053
2023-02-09,43.852194113797566,44.655000305154886,43.58459424532475,44.48235321044922,22738253,43.75378402074178
2023-02-10,44.326966461034935,44.672260613885456,44.27517464318572,44.56003952026367,13988866,43.74565525054932
2023-02-13,44.45645392745426,45.388746192383365,44.050733779608905,45.26789093017578,30639111,43.7441445350647
2023-02-14,45.27652453555965,45.449171615038,44.72405651560424,45.0693473815918,21437513,43.740691598256426
2023-02-15,45.060718442750186,45.069349315258286,44.18022126330576,44.32696914672852,17948800,43.73385766347249
2023-02-16,44.111158487685536,44.67226066344788,43.85218951924488,44.26654052734375,21698675,43.72342694600423
2023-02-17,44.06799894701785,44.45645405855048,44.04210303723874,44.35286712646485,15806609,43.71393136978149
2023-02-20,44.45645208099612,46.34692914906864,44.119792096966535,46.01026916503906,38313606,43.6991844813029
2023-02-21,46.01027202741895,46.44188809389186,45.51822997507736,46.21744918823242,25649338,43.70407606760661
2023-02-22,45.751302041925534,45.906684085882816,45.2419949629476,45.5613899230957,22911545,43.71076612472534
2023-02-23,45.57002486214644,46.51094801410197,45.57002486214644,46.07069778442383,24010720,43.708895746866865
2023-02-24,45.90668639672486,46.0879643594771,45.59592229316711,45.73403930664063,16927779,43.717887751261394
2023-02-27,45.40600789370436,45.73403701916043,44.76721797320323,45.23336410522461,16947143,43.72932558059692
2023-02-28,44.90533530245828,45.87215435536305,44.90533530245828,45.28515625,19404536,43.73054854075114
2023-03-01,45.32831797926606,47.469136572791605,45.32831797926606,47.14973831176758,43297470,43.73220310211182
2023-03-02,47.13247002668054,48.0647622492723,46.74401822690301,47.3482780456543,25548979,43.749036121368405
2023-03-03,47.6935744604363,48.20288154114434,47.18426737972826,47.6504135131836,19741500,43.76737979253133
2023-03-06,47.33964784163908,47.47776484401199,46.45051984467405,46.4677848815918,25935684,43.78147926330566
2023-03-07,46.4764144144763,46.93392635422291,45.49233038930187,45.63044738769531,19473791,43.77227144241333
2023-03-08,45.449172753137766,45.57865559626207,44.94849653940995,45.13840866088867,14494798,43.76658843358358
2023-03-09,45.13840742820423,45.96710945625798,45.12114239099864,45.492332458496094,13013102,43.75572611490885
2023-03-10,45.095246705966304,45.31968560481706,44.0421024819709,44.15432357788086,19213389,43.750258986155195
2023-03-13,44.03347249453553,45.09525098439794,44.02484162155552,44.93986892700195,19483658,43.73659111658732
2023-03-14,44.64636561529562,44.810378530110825,43.76586847124574,44.15432357788086,16501073,43.72716754277547
2023-03-15,44.45645514676455,44.56867624683632,43.50690111130292,43.558692932128906,20945617,43.696306991577146
2023-03-16,43.230666550041335,43.49826640221592,42.85947647157087,43.196136474609375,12181953,43.65292956034342
2023-03-17,43.593223868528845,44.18022199791886,43.21340290544033,43.446475982666016,20123077,43.61055927276611
2023-03-20,43.31698870658346,44.1370598917016,43.24792855530354,43.54142761230469,16301524,43.56732575098673
2023-03-21,43.63638651693534,45.00892582984287,43.63638651693534,44.974395751953125,23146646,43.53365971247355
2023-03-22,45.06071685508247,45.121142839418006,44.28380663795534,44.62910079956055,13554248,43.512942186991374
2023-03-23,44.43918984663896,44.88807095130836,44.36149882288908,44.732688903808594,12379007,43.49984982808431
2023-03-24,44.7326862200773,45.03481613155101,44.577304181899656,44.96575927734375,13277563,43.492440446217856
2023-03-27,44.965764054113485,45.285159036311,44.6291040332878,44.75858688354492,12768345,43.496684614817305
2023-03-28,44.629099720285815,44.95712883658105,44.07663170945328,44.1025276184082,12867893,43.50035333633423
2023-03-29,44.352871221882985,44.516884153910496,44.11116396740567,44.37013626098633,12803042,43.50064105987549
2023-03-30,44.32696578005123,47.30511710048485,44.283804834850265,47.0202522277832,57157412,43.49862686793009
2023-03-31,46.7094923639832,47.14973931346747,46.06206824870264,46.45052337646485,27788750,43.522365760803225
2023-04-03,47.4777662571918,47.82306041988632,46.78718122477193,47.21016311645508,37391478,43.5461766242981
2023-04-04,47.04614987563305,47.23606199310134,46.398725794775714,47.15837097167969,17989125,43.58487815856934
2023-04-06,46.97709249290148,47.47776872554157,46.39872852723381,46.63180160522461,15243479,43.62753620147705
2023-04-07,46.53684511993893,47.710841371953215,46.53684511993893,47.20153427124024,15864067,43.66818008422852
2023-04-10,46.959830923656014,47.52956401878042,46.62316761442714,47.27059173583984,15649255,43.71429109573364
2023-04-11,46.96846240319263,48.66039667203136,46.95983153036881,48.202884674072266,32436552,43.76968180338542
2023-04-12,48.20288091411249,48.988421998582446,47.82305997307255,47.90938186645508,22302460,43.82615156173706
2023-04-13,47.520930861741256,47.72810803389722,46.735389709472656,46.735389709472656,18259494,43.88247747421265
2023-04-14,46.76991748789938,47.17563764640217,46.46778755686706,46.56274032592773,14212447,43.93067464828491
2023-04-17,46.53684529800943,47.97844470776855,46.51958025977029,47.84032440185547,26228048,43.993402830759685
2023-04-18,47.6504152902626,49.54952667693021,47.62451608656973,49.01432037353516,38706349,44.07282018661499
2023-04-19,49.01431689499854,49.420037030043325,48.38415786601629,48.41005706787109,19188658,44.164754422505695
2023-04-20,48.49638549408564,50.10199792072946,48.49638549408564,49.238765716552734,36794925,44.263234837849936
2023-04-21,49.549525483178094,50.58540140279553,48.988423282577614,49.074745178222656,39892402,44.371282736460365
2023-04-24,48.513652017597416,50.71489354700098,48.34963578628528,49.23013305664063,33992120,44.474798647562665
2023-04-25,49.20423286473104,50.10199509678614,48.03887077196462,49.76533508300781,42962096,44.57874615987142
2023-04-26,49.22149309357688,49.50635796472087,48.31510007743653,48.94525909423828,23934184,44.70024611155192
2023-04-27,48.48774584790169,49.85165415697752,48.48774584790169,49.42866897583008,15777059,44.819084358215335
2023-04-28,49.42004053737382,49.50636243509854,48.522278311971775,49.01432037353516,15690551,44.93173615137736
2023-05-04,49.39414283319242,50.45591794290703,48.2115124608943,48.8416748046875,26856562,45.037482102712
2023-05-05,48.68629237258124,48.68629237258124,46.68359413870471,47.76263427734375,34212287,45.145386123657225
2023-05-08,47.76263409351081,48.33236715280062,47.02025395410941,47.48639678955078,20872170,45.23343578974406
2023-05-09,47.30512237548828,47.96118067038879,46.62316816917335,47.30512237548828,18139372,45.31939929326375
2023-05-10,47.04615263691285,48.34100087462605,46.51094962068949,47.82306289672852,17462598,45.40428377787272
2023-05-11,47.952544277610585,48.962527584470514,47.77126632018958,47.8662223815918,12622453,45.493196678161624
2023-05-12,47.76263743599156,49.6272187871499,47.74537239747526,48.18561935424805,16559010,45.582972812652585
2023-05-15,48.220144625226965,48.97978977938415,47.48639537977852,48.85030364990234,14066647,45.65627562204997
2023-05-16,48.85030894370416,49.41141117497199,47.57272571910898,47.77989959716797,13612588,45.7195073445638
2023-05-17,47.667676524102895,48.68629064221293,47.31375150292697,47.49502944946289,9076272,45.76468318303426
2023-05-18,47.60725025808894,47.84032002054896,47.08930903725691,47.47776412963867,11069523,45.81187318166097
2023-05-19,47.18427363229023,49.08338519979048,47.18427363229023,48.16835784912109,20384343,45.86251611709595
2023-05-22,48.1683506724066,49.16106890770628,48.1683506724066,48.95389175415039,15199783,45.918842029571536
2023-05-23,48.93663393932199,49.16107616321291,48.23741794043551,48.29784393310547,15585136,45.9934396425883
2023-05-24,48.18561773532951,48.2460437216217,46.182919436295904,46.26924133300781,26674242,46.06285794576009
2023-05-25,46.09659630601304,47.03751944405801,45.47506812881806,46.623165130615234,17143391,46.11551510492961
2023-05-26,46.62316596618189,47.002990211483336,46.16565399030796,46.83897399902344,11166052,46.17378323872884
2023-05-29,46.84760528987314,47.2101611821756,45.82036030204712,46.13975524902344,17433449,46.22823880513509
2023-05-30,46.13975837174671,46.32103633016677,44.70679315634043,45.17293930053711,32084604,46.279744942982994
2023-05-31,45.397378696821896,45.49233475977155,44.11116135017812,44.30970764160156,28064959,46.307871945699056
2023-06-01,44.48211760126606,45.18991027987736,44.037476391905855,44.36415100097656,34893493,46.33276182810466
2023-06-02,45.37139502818273,47.276992234741314,45.3623222722647,47.004764556884766,49939227,46.354940223693845
2023-06-05,47.6490332163303,49.13721774606987,46.81420128503577,48.9466552734375,39939970,46.40106598536173
2023-06-06,48.946659700921,50.18983841678166,48.13904942342317,49.19166564941406,34261827,46.45143280029297
2023-06-07,50.36224820926718,50.60725415648357,49.44574755773568,50.13539123535156,36908674,46.50168329874675
2023-06-08,50.54373533528934,51.82320855134384,50.090021379786855,51.623573303222656,47553147,46.5508061726888
2023-06-09,52.17710331839906,52.41303304509904,50.60725349481562,50.91577911376953,41065187,46.60873374938965
2023-06-12,50.924856748204434,52.46748499076029,50.54373866204752,52.040992736816406,39621001,46.64241933822632
2023-06-13,51.95932146620102,52.42211164645994,51.05189354113485,51.3694953918457,24850143,46.68454656600952
2023-06-14,51.932098283552136,52.61266920831546,51.3785667108946,51.79598617553711,36000680,46.72453088760376
2023-06-15,51.95931925427932,53.15712724901346,51.73246228267014,52.63081741333008,31276544,46.761307334899904
2023-06-16,52.99379182875265,53.52917443916782,52.08636391018882,52.94841766357422,30006082,46.81410465240479
2023-06-19,52.63081755587967,52.75785690647487,51.45116199262939,51.55097961425781,28911037,46.8668869972229
2023-06-20,51.65079291906248,53.4656486668001,51.54190254343576,52.249698638916016,24381022,46.91032597223918
2023-06-21,52.630816627996055,54.08269984000538,52.08636128888322,52.88489532470703,45130347,46.974766127268474
2023-06-26,54.29140973823658,54.40030011062038,52.449328855280406,52.75785446166992,33558138,47.04370826085408
2023-06-27,52.83045479721671,54.58179096594468,52.521929164861454,54.16437149047852,48123655,47.107851060231525
2023-06-28,53.94658967887913,54.91753726092175,53.72880545845298,54.17344665527344,32790073,47.18241999944051
2023-06-29,54.19159687672735,54.25511655465549,52.830454987016346,53.665287017822266,27678349,47.263394896189375
2023-06-30,53.74695253810244,54.28233512199056,53.13897752433867,53.46564865112305,26487591,47.32977638244629
2023-07-03,53.42935602899158,54.79049788683178,52.930271373429385,53.59269332885742,31876184,47.40089651743571
2023-07-04,53.792326068707695,54.08270272660808,52.73970981842808,53.44750595092773,21944569,47.47537733713786
2023-07-05,53.6199111460646,53.83769535051653,53.01193269390972,53.64713287353516,18701574,47.54814469019572
2023-07-06,53.65621130303499,54.21881561718921,52.90304450404113,52.9665641784668,16957694,47.62200012207031
2023-07-07,52.66711610319794,53.16620075547245,51.90487652936612,52.40396118164063,29379608,47.6767320950826
2023-07-10,52.46747983973211,52.567297460562976,50.85225931810581,51.38764190673828,32085974,47.71843115488688
2023-07-11,51.54190293588469,51.79598509636518,51.17893386051104,51.41486358642578,15802795,47.75813512802124
2023-07-12,51.632647475535926,52.70341264503167,51.17893353800596,51.805057525634766,18781502,47.79734656016032
2023-07-13,51.90487782242997,52.92119612567021,51.90487782242997,52.44933319091797,16930674,47.84419768651326
2023-07-14,52.40395920238967,52.875822107564936,51.74153727634438,52.14080429077149,10500005,47.889224211374916
2023-07-17,51.90487786246829,51.90487786246829,51.08819134754351,51.84135818481445,9042488,47.929737377166745
2023-07-18,52.08635951261583,52.08635951261583,50.51650629986548,51.48745727539063,23988228,47.959266662597656
2023-07-19,51.6235747617451,52.94841871846814,51.42393950798361,52.74878692626953,27804425,47.97325801849365
2023-07-20,52.54007744914648,53.22064838262473,52.12265797915877,52.20432662963867,14051590,47.99560238520304
2023-07-21,52.22247625073747,52.70341540355442,51.71431882950678,51.84135818481445,12070921,48.01628704071045
2023-07-24,51.84135353172694,52.05006151979424,50.93392569061912,51.514678955078125,11588757,48.03552951812744
2023-07-25,52.5037775711461,53.792323496263165,52.449330652307474,53.52009582519531,37648119,48.05420773824056
2023-07-26,53.36583537937976,54.02825732272797,53.066382514565575,53.15712738037109,18752582,48.09988463719686
2023-07-27,53.12990303811308,53.64713666599322,52.94841676516714,53.066383361816406,15197044,48.14577391942342
2023-07-28,53.26601766637393,54.28233593071303,52.73063507450944,54.20974349975586,24004126,48.18874893188477
2023-07-31,55.30772930631056,55.62532767582661,53.67435983446892,53.82862091064453,32518268,48.25233008066813
2023-08-01,53.82862507775996,54.16437244603472,52.748787076247694,52.8576774597168,20418627,48.31741107304891
2023-08-02,52.72155938275068,53.3749085756919,52.422109977027766,52.90304565429688,23543608,48.38921966552734
2023-08-03,52.6126708984375,52.812306150481206,51.71431918736652,52.6126708984375,23362911,48.459607887268064
2023-08-04,52.90304346518074,53.52917090302797,52.45840575293243,52.55821990966797,19663692,48.53110125859578
2023-08-07,52.44025823188406,52.803227308440896,52.03191499189028,52.52192687988281,15370696,48.59840014775594
2023-08-08,52.1771026075932,52.22247330885249,51.68709072624251,51.723388671875,13635468,48.664749209086104
2023-08-09,51.89580130256674,52.358591478493416,51.75968919201868,52.23155212402344,15143409,48.718545023600264
2023-08-10,51.91394871936145,51.99561736786613,50.36224785933535,51.13356018066406,38530464,48.778230063120525
2023-08-11,51.07911825238263,51.2243065805653,50.03557476374528,50.07187271118164,25533312,48.834951655069986
2023-08-14,49.45481933410274,50.42576688630599,49.25518409331091,50.30780029296875,19516687,48.883329423268634
2023-08-15,50.189837950009625,50.41669492299754,49.545561515936285,50.0537223815918,16370434,48.93295386632283
2023-08-16,49.7270466442614,50.23520749824295,49.32777962713759,50.11724090576172,15358726,48.96664930979411
2023-08-17,49.81779534875484,50.76151777666823,49.48204451823779,50.6707763671875,15216504,48.99914757410685
2023-08-18,50.61632730159417,50.67984697785399,49.572787290495086,49.71797561645508,13463834,49.04172579447428
2023-08-21,49.55464001621205,50.23521096652832,49.31870681496054,49.34593200683594,13117158,49.07211977640788
2023-08-22,49.27333335246151,49.61815691722418,48.46572309047638,49.33685302734375,23054276,49.10221888224284
2023-08-23,49.10999743728133,49.600009338631416,48.63813450948822,48.74702835083008,15798313,49.1364146232605
2023-08-24,48.992031878238286,50.31687572830268,48.54739070199231,49.95390319824219,25583579,49.16526355743408
2023-08-25,49.86316595437766,50.80689184197801,49.47297166357296,50.14446640014648,16472788,49.18863159815471
2023-08-28,51.995618383265935,52.6126696370041,50.6163275491196,50.96115112304688,28800377,49.21193316777547
2023-08-29,50.70707466490208,51.26060626661105,50.407621780739696,50.86133575439453,21787121,49.23952264785767
2023-08-30,50.85226210034555,51.886729388167694,50.55280922146922,51.560054779052734,23366421,49.27613557179769
2023-08-31,51.99561640873753,52.44933034504687,51.25152583011523,51.27874755859375,28083765,49.32554896672567
2023-09-01,51.72339065937171,53.08453251882886,51.71431790339627,52.56729888916016,26650564,49.37671845753987
2023-09-04,53.08453449555577,53.35676218527168,52.28599693903459,52.8304557800293,20090011,49.43567651112874
2023-09-05,52.86674783716825,53.07545929997336,52.276921780151774,52.431182861328125,15309015,49.50797761281331
2023-09-06,52.18617961605644,52.630820832383215,51.6145025027886,51.8867301940918,20888335,49.5704052289327
2023-09-07,51.80506149392689,51.832283224563845,51.26967886816846,51.33319854736328,13639911,49.634841950734454
2023-09-08,51.48746355909658,51.5691322133018,50.64355528616365,50.8885612487793,8400181,49.69962949752808
2023-09-11,51.09726730341511,51.61450093969616,50.82503615879325,51.20615768432617,14072130,49.763733037312825
2023-09-12,51.197082966853216,52.37674206394693,51.08819258275144,51.9139518737793,16403440,49.828397051493326
2023-09-13,51.81413007439359,52.21340055322568,51.4511610027566,51.723388671875,10743402,49.898168087005615
2023-09-14,51.73246423047563,51.95932121062632,51.05189329002357,51.31504821777344,10289465,49.95440969467163
2023-09-15,51.3967167033095,51.44208740688074,50.180763155161365,50.62540435791016,16451182,50.010125923156735
2023-09-18,50.63447627051925,51.35134514431647,50.099093669546505,50.90670394897461,14427793,50.05923188527425
2023-09-19,50.80689229295621,50.95208062606324,50.31688037063389,50.86133575439453,12366126,50.10873975753784
2023-09-20,50.84318474590834,51.94117514901206,50.570957064919405,51.623573303222656,21380110,50.15959599812825
2023-09-21,51.6144993656694,51.6144993656694,50.83411082621932,51.10633850097656,16769142,50.22227137883504
2023-09-22,51.351344680519965,51.82320760097676,50.97022316487449,51.76876068115234,22170248,50.27840639750163
2023-09-25,51.62357163287816,51.62357163287816,51.024669369455616,51.38764190673828,16643159,50.317977301279704
2023-09-26,51.50560357781667,51.90487404981286,50.81595993041992,50.81595993041992,18934941,50.35911995569865
2023-09-27,50.815962746720594,51.41486502634444,50.298729117116494,50.988372802734375,18810949,50.38916826248169
2023-09-28,51.16985634962103,51.26967396783319,50.280577464327536,50.34409713745117,17097578,50.42108494440715
2023-10-09,50.325947387991874,50.91577687110585,49.81779001084753,50.598175048828125,28659545,50.452020740509035
2023-10-10,50.35317446663876,50.60725316474505,49.38222345266971,49.699825286865234,21499637,50.480326080322264
2023-10-11,49.68167631392012,50.716143540853096,49.454819344450165,49.699825286865234,20418379,50.50056969324748
2023-10-12,49.90853421220427,50.34409918630507,49.55463788709504,50.16261291503906,17604242,50.51304419835409
2023-10-13,50.08094264268778,50.30779960902611,49.48204039001708,49.89945983886719,12996004,50.53182112375895
2023-10-16,49.72704653541104,50.28057808942368,49.72704653541104,49.98112869262695,15020214,50.558188374837236
2023-10-17,49.98113156693979,50.80689083686335,49.95390637543797,50.70707321166992,16830158,50.58667494455973
2023-10-18,50.52558481204498,50.71614383673645,50.09909259925322,50.33502578735352,10637084,50.61056451797485
2023-10-19,50.17169082608954,50.17169082608954,49.16444527504652,49.20981597900391,20196084,50.62157039642334
2023-10-20,48.94666276738374,49.05555661457791,47.98479134810922,48.25701904296875,21089804,50.628235054016116
2023-10-23,48.09368058325539,48.66536115187886,47.8305256511757,48.32053756713867,16864366,50.62005383173625
2023-10-24,48.10275449022515,48.53832295587593,47.36774006026072,48.25701904296875,25019782,50.61376876831055
2023-10-25,48.81054623498887,49.01017801365885,47.313288856369525,47.56736755371094,25856546,50.60565948486328
2023-10-26,47.38588495332474,47.83959889286538,47.213471440899205,47.6490364074707,15165512,50.58734308878581
2023-10-27,47.51292716266877,49.00110842009569,47.3768115879878,48.76517868041992,25318794,50.57654123306274
2023-10-30,48.39312978330231,49.58185807304936,48.39312978330231,49.45481872558594,16488474,50.57101214726766
2023-10-31,49.27333532976252,49.27333532976252,47.82145204338727,48.02108383178711,23807212,50.57468296686808
2023-11-01,47.92126987015787,48.51109594329776,47.82145224475623,48.10275268554688,18933823,50.56784470876058
2023-11-02,48.093681733740446,49.37315501498687,47.92127166802743,48.25701904296875,20085478,50.57067902882894
2023-11-03,48.20256995469151,48.41127796009658,47.839600865033326,47.91219329833984,17740644,50.577100880940755
2023-11-06,48.09367522611809,48.36590288414211,47.82144756809407,48.2207145690918,24918224,50.58215980529785
2023-11-07,48.184417724609375,48.34775501546399,47.7125582860989,48.184417724609375,18898188,50.58547356923421
2023-11-08,47.776078688366624,48.084604302294885,47.64903587899166,47.95756149291992,21385728,50.588125197092694
2023-11-09,47.98478731382885,48.3931305525685,47.50384818306319,47.5945930480957,14146893,50.586224714914955
2023-11-10,47.45848053412922,47.96664142631112,47.41310982947579,47.82145309448242,13027077,50.575760459899904
2023-11-13,47.76700534593099,47.76700534593099,45.98844744639507,46.33327102661133,38291558,50.57610673904419
2023-11-14,46.29697302863884,46.65994212075839,46.09733777795725,46.36049270629883,24802793,50.56642541885376
2023-11-15,46.67809210393345,46.96846876853313,46.23345435069897,46.768836975097656,19636284,50.55711482365926
2023-11-16,46.64179796476934,47.358663413715256,46.56012931089412,46.95939636230469,21605533,50.545452149709064
2023-11-17,46.823278537062535,47.15902935440757,46.46938220778354,47.05921173095703,13513422,50.52883135477702
2023-11-20,46.76883623128192,48.00293876698469,46.76883623128192,47.576446533203125,18219075,50.51850941975911
2023-11-21,47.74885412630698,48.26608774152299,47.5945930480957,47.5945930480957,15845902,50.52940279642741
2023-11-22,47.59459247582791,47.7307045793961,47.0955078396193,47.322364807128906,9786906,50.53749802907308
2023-11-23,47.322368319759455,48.030161003227214,47.05013716929075,47.87589645385742,10103351,50.541526285807294
2023-11-24,47.91219137246289,47.95756207415109,47.24976943543969,47.6218147277832,15724530,50.55599412918091
2023-11-27,47.5764469338498,47.5764469338498,46.95939566080215,47.15903091430664,15922506,50.57640142440796
2023-11-28,47.36773732845389,47.91219268677295,46.75975883215362,47.66718673706055,21787637,50.60014578501384
2023-11-29,47.66718687136038,47.71256103598376,46.93217248171506,47.1953239440918,12426538,50.62767108281454
2023-11-30,47.013837849834125,47.18624789405374,46.65086532756256,46.88679504394531,12861862,50.62925907770793
2023-12-01,47.458478406353336,47.51292532643408,45.67084779990295,45.87047958374024,31604983,50.61209357579549
2023-12-04,45.80696029444926,46.0882641915637,45.22620698826968,45.45306396484375,22058672,50.58441702524821
2023-12-05,45.45306608234663,45.543807492578495,44.663604736328125,44.663604736328125,22510318,50.54539763132731
2023-12-06,44.518413699171134,45.05379629477337,44.23710980603684,44.62730407714844,19114114,50.48739789326986
2023-12-07,44.79064112521297,45.81603560834112,44.66360177468717,45.57102966308594,25021860,50.43499393463135
2023-12-08,45.53473187235584,46.35141835933021,45.4530632236584,45.6799201965332,21811340,50.38107757568359
2023-12-11,45.23527795895394,46.64179392745272,44.66360089287471,46.29697036743164,25201467,50.33366444905599
2023-12-12,46.73253781187768,46.77790851549898,46.02474514300953,46.27882385253906,17204815,50.287839317321776
2023-12-13,46.18807911203769,46.26974775728736,45.83417934158073,45.99751663208008,12858695,50.23490603764852
2023-12-14,46.19715364233805,46.70531450581053,45.897704239293006,46.17900466918945,16563410,50.176981862386064
2023-12-15,45.834178858955205,46.369561425162814,45.6436198425667,45.67084503173828,20470155,50.1322154045105
2023-12-18,45.39861786213452,46.44216135779922,45.14453915149455,46.36049270629883,22307469,50.077391624450684
2023-12-19,46.35141666092465,46.35141666092465,45.78880889648503,46.05196380615234,16954533,50.023021602630614
2023-12-20,46.051966822972325,46.64179635409857,45.84325881729024,46.30604553222656,25417029,49.9671391805013
2023-12-21,46.478453735386175,47.440325002714616,46.16085192358559,47.20439529418945,27421212,49.901653130849205
2023-12-22,47.10458305580462,48.084606868189056,46.91402402391746,47.88497161865234,22728114,49.84357770284017
2023-12-25,47.74885308465523,48.32053360641941,47.576443037198615,47.79422378540039,11314960,49.795408407847084
2023-12-26,47.748855996446686,48.30238757935541,47.66718734550011,47.91219329833984,16152328,49.748146533966064
2023-12-27,47.894047158754745,48.72888269133928,47.83960369594386,48.63813781738281,20306883,49.70080903371175
2023-12-28,48.4929429160555,49.14629207384527,48.3205328712221,49.04647445678711,24728048,49.66073096593221
2023-12-29,49.06462735716598,49.890386625898266,48.74702896979311,49.57278823852539,25937253,49.622392145792645
2024-01-02,49.57278557371825,49.953903618078535,49.18259131217075,49.5092658996582,23905697,49.59411067962647
2024-01-03,49.5364898849137,49.72704891577547,49.091848684673465,49.40945053100586,20689673,49.56998821894328
2024-01-04,49.6000086384482,50.19891091112292,49.40944961113413,50.13539123535156,26702502,49.55350329081217
2024-01-05,50.09001860355165,50.88855609021472,49.7724167753653,50.45298767089844,30042877,49.54284102121989
2024-01-08,50.4529903645315,50.4529903645315,49.56371142894469,49.90853500366211,27809739,49.53157377243042
2024-01-09,49.64538152677843,50.20798933918564,49.10092615003395,50.06279754638672,21607041,49.510400454203285
2024-01-10,50.06279539158596,50.60725420645873,49.76334598573425,50.10816955566406,17820813,49.493083731333414
2024-01-11,50.10817025137685,50.3531762022369,49.663529052802055,49.90853500366211,21236920,49.47864049275716
2024-01-12,49.81779359737147,50.55280798838887,49.52741694336609,49.90853500366211,24361080,49.465482807159425
2024-01-15,49.763347342739344,50.797814619175135,49.60001003997971,50.70707321166992,19124097,49.4418140411377
2024-01-16,50.46207036294633,51.678023990784666,49.99928015612651,51.65079879760742,33730399,49.42933692932129
2024-01-17,51.38764370621829,51.98654599061305,51.15171051025391,51.15171051025391,26914126,49.427748934427896
2024-01-18,51.53283233911851,51.71431861518998,49.98113142875487,51.17893600463867,39023100,49.4247241973877
2024-01-19,50.815961443697816,51.360416788826655,50.688922093938594,50.94300079345703,29937004,49.40521453221639
2024-01-22,50.707068133620815,51.4148607336556,49.98112656158995,50.21705627441406,35980322,49.38676347732544
2024-01-23,50.38039713171675,51.44208610702013,49.72704793979916,51.16078567504883,28848518,49.36301908493042
2024-01-24,50.95207539202163,52.12265469301577,50.834108801751846,51.89579772949219,26463721,49.33761110305786
2024-01-25,51.99561736786613,52.16803088224415,51.033746020547404,51.13356018066406,24963629,49.321504243214925
2024-01-26,51.133560088748894,52.40396051619071,51.133560088748894,52.18617630004883,32745737,49.30713659922282
2024-01-29,52.54007356813658,53.97380776207828,52.349511090051365,53.25693893432617,37498736,49.30116268793742
2024-01-30,53.26602077588734,53.71973474593482,52.63082052550829,52.8304557800293,27373299,49.30653158823649
2024-01-31,52.5491518219186,53.48380149161776,52.104510608611854,52.8576774597168,25544153,49.3088002204895
2024-02-01,52.83953102031825,53.95566702371684,52.630822999672624,53.365840911865234,30340175,49.31159814198812
2024-02-02,53.08453444452245,53.429358030664645,52.00469644301019,52.8576774597168,28950504,49.325285243988034
2024-02-05,52.6308192500209,54.08270253436188,52.46748194783719,53.946590423583984,46160268,49.33050295511882
2024-02-06,53.77417542528572,55.16254245567571,53.5563946694036,54.40030288696289,37946385,49.353944873809816
2024-02-07,53.801400520655335,55.50736246444041,53.56546733037774,55.452919006347656,46195919,49.39001512527466
2024-02-08,55.616255856665504,56.587203415891615,54.427524082130994,54.70882797241211,34723180,49.43289111455282
2024-02-19,55.988304181829015,55.988304181829015,54.27326594159178,54.99013137817383,35695854,49.47168366114298
2024-02-20,54.71790364781746,56.0699727905866,54.14622308099641,55.9883041381836,29630917,49.51229108174642
2024-02-21,55.35310250303736,56.75961507104788,55.062725848798905,55.99737548828125,27797182,49.556603813171385
2024-02-22,55.5436607215649,56.06997056315678,55.3803234232476,55.67070007324219,19259055,49.608932145436604
2024-02-23,55.97015577414894,56.3512738484748,53.82862527585257,54.100852966308594,43093597,49.66163854598999
2024-02-26,54.30955987900253,55.80681733856476,54.30955987900253,54.71790313720703,34097731,49.70133854548136
2024-02-27,54.98105754768664,56.251458014221534,54.53641634593058,56.18793487548828,28014795,49.75109583536784
2024-02-28,56.26053197687585,56.54183588292286,55.30773333732198,56.09719467163086,25367364,49.80304609934489
2024-02-29,56.26052999257709,57.60352287378656,56.03367301680056,56.83221054077149,48920998,49.85265216827393
2024-03-01,57.621670675244594,58.53817477721571,57.05906635599944,58.50187683105469,32844906,49.901577663421634
2024-03-04,58.98281892198543,59.89024690540059,57.621676946862685,58.61984634399414,37384392,49.965248839060465
2024-03-05,58.66521530503236,59.34578623218325,57.57630112927837,59.01911163330078,35525326,50.024080435434975
2024-03-06,58.89207382779939,59.4637509292985,58.34761845640134,58.538177490234375,21923001,50.08858346939087
2024-03-07,58.483729826049206,60.48007551149437,58.25687283382539,59.708763122558594,30634033,50.13834079106649
2024-03-08,59.7722791908495,60.33488006676062,58.87392057128883,59.98098373413086,26125410,50.1956600189209
2024-03-11,59.97190476146931,59.98098097866802,58.58354122445167,59.36392974853516,28027002,50.25857502619426
2024-03-12,59.30041106131752,59.30041106131752,57.21332761245687,58.1933479309082,50739915,50.320885022481285
2024-03-13,57.766859275504245,58.37483776114923,57.1679570072244,58.1389045715332,32723164,50.378052934010825
2024-03-14,57.94834521890423,58.75595548171405,57.71241203061839,58.52909851074219,31531677,50.43847246170044
2024-03-15,58.42928338596377,58.529101011305976,57.44018681180632,58.09353256225586,25463904,50.49949696858724
2024-03-18,57.9664947926824,57.97556754852773,56.57812776208416,56.58720397949219,42501113,50.55099347432454
2024-03-19,56.44201596402076,57.27684796886891,56.41479077321034,56.80498504638672,29794618,50.59152526855469
2024-03-20,56.442014674891546,56.71424234583904,55.71607306517733,56.15163803100586,37790890,50.637274742126465
2024-03-21,56.17885798245477,56.29682457203987,54.56363751924164,54.94475555419922,39189153,50.683326689402264
2024-03-22,54.95383607634736,56.85036056743679,54.89938915498972,56.82313537597656,43156777,50.7169771194458
2024-03-25,56.432940653149046,57.766860792719015,56.06089534734853,57.07721710205078,26903326,50.766658782958984
2024-03-26,56.54183030162597,57.39481123026904,56.54183030162597,56.913875579833984,25353749,50.81210581461588
2024-03-27,56.74146506737171,58.87391923226557,56.72331609411594,57.77593231201172,34842794,50.8605019569397
2024-03-28,58.28409383691249,59.33670654262084,57.33129182540379,58.60169219970703,45185411,50.91056172053019
2024-03-29,58.60169519583438,59.645238661048296,57.9846439495177,58.275020599365234,15456140,50.97067880630493
2024-04-01,58.52910094926165,60.144321542176826,58.16612839595893,60.08987808227539,32771225,51.03283764521281
2024-04-02,59.89024278172906,60.37117847212467,59.663385801495245,60.11709976196289,22653632,51.108683522542314
2024-04-03,60.07172690118114,60.706930613505264,59.872098569665766,60.55266952514648,20626495,51.190125211079916
2024-04-08,60.54358997630593,60.66155310977394,58.68336003108692,59.27318954467773,32434492,51.2730793317159
2024-04-09,58.982813686411006,59.52726904350663,58.819476386969775,59.01911163330078,19478279,51.35285736719767
2024-04-10,58.86484930562165,60.07172312931978,58.58354195396052,59.1370735168457,18081970,51.4305180867513
2024-04-11,58.93743947241062,59.84486737451471,58.62891730879546,59.04633331298828,19004769,51.505305258433026
2024-04-12,58.97373701042498,59.52726858072107,58.60169517316679,58.88299560546875,21734388,51.5815292040507
2024-04-15,58.882999339311006,60.797672874738666,58.7196620307822,60.65248107910156,31783741,51.65571142832438
2024-04-16,60.59803322915576,62.40381278709191,60.4074742035256,61.98639678955078,39191380,51.73858982721965
2024-04-17,61.70509732094564,62.43104241161872,60.77952390730666,62.231407165527344,24549649,51.835684585571286
2024-04-18,62.23140869083831,64.72683548189318,62.04991895215893,63.51995468139648,39542136,51.94419784545899
2024-04-19,63.00272104163014,64.0462645388782,63.00272104163014,63.51995468139648,28812335,52.071388975779215
2024-04-22,63.70143266452157,64.59979122580177,63.06623593514426,63.50180435180664,28943754,52.198050785064694
2024-04-23,63.36569270074306,63.51995378409717,61.33304919500157,62.05899429321289,38217940,52.325090662638345
2024-04-24,62.01362057067967,62.28585171523184,60.57081350467972,61.614356994628906,30783047,52.44585421880086
2024-04-25,60.91563649017011,62.21325875048511,60.91563649017011,61.922882080078125,22033298,52.562231890360515
2024-04-26,61.93195393841114,62.294926481649625,61.17878712273824,62.04084777832031,24225747,52.671879418691
2024-04-29,61.97732593117559,62.5036288311512,61.00637839282592,61.88657760620117,33226398,52.77676299413045
2024-04-30,60.65247978792582,64.56349889135033,60.61618876291498,63.32032012939453,57131843,52.892308775583906
2024-05-06,63.973664622312754,64.84479454384156,63.202352320002106,64.43645477294922,46179914,53.01912183761597
2024-05-07,64.25497249868248,65.63426689343288,64.08256589168319,64.51812744140625,30431457,53.153950468699136
2024-05-08,63.97366640340313,64.7359025097903,63.87384878140595,64.20052337646484,17661960,53.29233325322469
2024-05-09,64.42738000215131,65.64333004810582,64.08255989728183,65.19869232177734,28571831,53.42549832661947
2024-05-10,65.51629831163353,65.63426838149958,64.73590968396682,65.22592163085938,22487905,53.567283948262535
2024-05-13,65.22591339965878,66.23315889841841,64.15514822634339,65.97908020019531,27167410,53.71118694941203
2024-05-14,65.95185933343897,66.14241835959662,63.70143511967775,64.28218841552734,39923610,53.864391009012856
2024-05-15,64.90757900923522,66.42366700009173,64.53803278737888,66.10150146484375,30189455,54.0015638033549
2024-05-16,66.10150069527026,66.13940379826012,65.19184791134681,65.70352172851562,24600403,54.16629905700684
2024-05-17,65.17289379430036,65.85513520054441,63.03141543120717,64.46222686767578,41848256,54.32749096552531
2024-05-20,63.49572329881669,64.3200923104749,62.73767568214368,63.07879638671875,42643037,54.474935881296794
2024-05-21,62.79452705765696,63.77051571883791,62.72819843304057,63.05984878540039,24358794,54.60926421483358
2024-05-22,62.86086109391262,63.05037663004459,61.88487957798812,61.97964096069336,26105215,54.74260285695394
2024-05-23,61.97015852388327,62.7187285671098,61.59113471057797,62.29232406616211,24096149,54.86262947718303
2024-05-24,61.97015560382384,63.46729561973104,61.68588594992028,63.12617492675781,25926968,54.98511056900024
2024-05-27,63.01247082679208,64.69911926517057,62.102817980114175,64.04530334472656,30546219,55.11680898666382
2024-05-28,64.05478175094608,64.22534211371816,63.01247163590703,63.51467514038086,19173667,55.251554044087726
2024-05-29,63.10722380527429,63.67575592023966,62.06491372295808,62.39655685424805,24132098,55.383994547526044
2024-05-30,62.26389934848113,62.71872937617031,61.723792757069134,61.761695861816406,19358623,55.51097393035889
2024-05-31,61.77117309198776,62.13124174111013,61.16473787805639,61.36372375488281,26129419,55.62842817306519
2024-06-03,61.47743108584972,62.822966109039726,60.89942134366776,61.61008834838867,35755629,55.74649817148845
2024-06-04,61.581658116945945,61.581658116945945,60.07504765217223,61.28791809082031,30621198,55.8691922823588
2024-06-05,61.16474061276624,61.7806462084092,60.45407002228214,60.56777572631836,28331925,55.99767093658447
2024-06-06,60.4540669473399,62.56711621428381,60.4540669473399,62.311279296875,43603719,56.12362686793009
2024-06-07,61.78064795321237,62.017536951850886,60.36879154552483,61.74275207519531,40064590,56.27069082260132
2024-06-11,61.11735517061673,63.01246695885291,60.81413757367006,61.59113311767578,33689664,56.41331955591838
2024-06-12,61.43952721683063,62.292329057784976,61.145787171888,61.74275207519531,25707199,56.54682041803996
2024-06-13,61.88487794320873,62.01753520035752,60.32141276513335,60.56777572631836,27485047,56.68067735036214
2024-06-14,60.179277794588415,62.31128233217382,60.1698038253721,62.16914749145508,37924447,56.799600728352864
2024-06-17,62.31127943527808,62.31127943527808,60.81413934396325,61.145782470703125,25335808,56.9320200920105
2024-06-18,60.92784795945557,61.77117214177108,60.33088310888135,61.43952178955078,21867469,57.05825564066569
2024-06-19,61.37319629810145,61.66694356137032,59.50651351638339,60.64358139038086,34699957,57.1854266166687
2024-06-20,60.54882544577419,61.35424654138855,60.20770473222114,61.08893203735352,28085788,57.31019941965739
2024-06-21,61.107880308826815,61.35424687646686,60.169801956071744,60.5962028503418,24153669,57.432936414082846
2024-06-24,60.36878969172195,62.11229642738668,60.27403554103196,61.4774284362793,30799053,57.55413840611776
2024-06-25,61.44900171983474,62.339706623423474,61.13630652228404,61.86592864990234,25309206,57.68056659698486
2024-06-26,61.60061096803309,61.96067960681992,60.5582973111984,60.88046646118164,23831407,57.802746041615805
2024-06-27,60.69096119605746,61.098410541760494,60.14137701268533,60.73833465576172,27409461,57.911041831970216
2024-06-28,60.16979944983194,61.39214742427887,60.15084789813832,61.11735534667969,25195612,58.01890942255656
2024-07-01,60.91837448025869,61.951207022615904,60.26455854435432,60.72885894775391,19528313,58.128952439626055
2024-07-02,60.35931189032687,60.8330862283363,59.50651012970428,59.696022033691406,29181345,58.229708449045816
2024-07-03,59.74340071008628,60.34036195854998,59.44966068492655,59.72444915771485,18120842,58.31845467885335
2024-07-04,59.88554000834647,61.7806483964103,59.88554000834647,61.21211624145508,27753098,58.40305185317993
2024-07-05,61.11735936999321,61.73327218934492,59.69602543115616,60.64358139038086,26479582,58.50057560602824
2024-07-08,60.26455779122869,61.325823072157775,59.85710843803325,60.86152267456055,19443576,58.594193363189696
2024-07-09,60.46354617871473,61.27844125548173,60.28350823571535,60.73833465576172,21664464,58.68357779184977
2024-07-10,61.155262165900965,61.64798808131792,60.46354675292969,60.46354675292969,15846909,58.76928901672363
2024-07-11,60.50144362292299,61.06997572509039,59.241196137750975,60.548824310302734,27182655,58.85724744796753
2024-07-12,60.44459135330622,61.7806414047883,60.30245652333296,61.59113311767578,24574092,58.944631004333495
2024-07-15,61.38267026971856,61.74274613977272,60.98469852529033,61.53428268432617,17045913,59.040322367350264
2024-07-16,61.240538598388575,61.55323379769364,60.40669196285327,60.89941787719727,20406778,59.13720359802246
2024-07-17,60.6814844695978,61.003650025539066,58.426300275535056,59.534942626953125,46462849,59.22879428863526
2024-07-18,58.75794059773363,61.07945330842192,58.75794059773363,60.548824310302734,34532462,59.302359867095944
2024-07-19,60.03714548130079,60.43511724468379,59.59179302877679,60.264556884765625,21796963,59.37651007970174
2024-07-22,60.12242365456366,61.25001389448585,59.99924037325888,60.29298400878906,19930345,59.45245046615601
2024-07-23,60.29298448690158,60.44459329023318,59.10853958129883,59.10853958129883,18537845,59.528400866190594
2024-07-24,58.75794066108861,59.43070810743348,56.51223415607535,56.929161071777344,45547336,59.59644702275594
2024-07-25,56.39852624981607,56.93863281069795,55.81104261799766,56.28482055664063,30109151,59.65238122940063
2024-07-26,59.534940551447086,59.686549354985466,58.17993528841824,59.54441452026367,57740171,59.695081520080564
2024-07-29,59.03273318283256,59.8950089267581,58.90007593217309,59.58231735229492,20712828,59.75881999333699
2024-07-30,59.2317183762999,59.47808493723348,57.421886731788106,57.85776519775391,22575846,59.82922630310058
2024-07-31,57.54507109211808,60.51092215980712,57.54507109211808,60.41616439819336,40174739,59.87648954391479
2024-08-01,60.4540691353488,61.27844180313544,60.08452289167337,60.24560928344727,24406833,59.936149756113686
2024-08-02,59.98029016786727,60.90889455358892,59.28857476670641,59.68655014038086,20261524,59.997942701975504
2024-08-05,59.26014853744188,60.92784899302882,58.33154416281145,58.41682434082031,35476754,60.05484997431437
2024-08-06,58.3789215830388,58.99483077041596,56.39852953941387,56.77754974365234,38493182,60.096941502888996
2024-08-07,56.77755123411798,58.160985679090025,56.13321650853426,57.51664733886719,25298592,60.129607105255126
2024-08-08,57.251327052458976,58.25573763070244,57.052341176421,57.76300811767578,14231910,60.15935757954915
2024-08-09,57.6587763049636,58.46420100600986,57.16605040728507,57.32713317871094,13802375,60.187380123138425
2024-08-12,57.327133808179646,58.88112495620789,57.14709948261409,58.16098403930664,16949235,60.202998574574785
2024-08-13,58.16098417570642,58.85269957299297,57.72510569943023,58.142032623291016,9835074,60.23176654179891
2024-08-14,58.14203254537925,58.26521582859478,57.4218880131151,57.70615768432617,11227780,60.25803238550822
2024-08-15,57.51664489747233,58.13255407487436,57.12814711600248,57.80091094970703,19163262,60.27234783172607
2024-08-16,57.6208746364565,58.653710695124495,57.48821377633276,58.50210189819336,18066988,60.28737729390462
2024-08-19,58.454723814804176,59.83815821486333,58.43577226251416,59.0895881652832,17275349,60.31097230911255
2024-08-20,60.15084829763859,60.16032588086779,58.52105098755149,59.71497344970703,25780974,60.35254510243734
2024-08-21,59.42123246349466,60.3593144398025,59.06116380681325,59.847633361816406,21187130,60.3941873550415
2024-08-22,59.81920969420521,61.10788278348511,59.43071188916836,60.72885894775391,24978743,60.424684842427574
2024-08-23,60.64358104623406,62.5007898482616,60.529875343871325,62.02701187133789,29047135,60.463282044728594
2024-08-26,62.48183885888213,63.15460268574723,61.49637984749051,62.8419075012207,33958151,60.50657205581665
2024-08-27,62.53869053502995,62.993520556167006,62.055434993061446,62.52921295166016,24113793,60.54273897806804
2024-08-28,62.5197435969916,62.680826370463485,61.18368626233199,61.52480697631836,26542959,60.57531703313192
2024-08-29,61.04155168245581,61.88487588743488,60.5962028503418,60.5962028503418,23285563,60.596197827657065
2024-08-30,60.15084781116445,62.35865116801516,60.05609366747224,61.35424423217773,33386334,60.61334803899129
2024-09-02,61.11735541549554,63.03141514840093,61.06050437498956,61.80907440185547,26075882,60.627060381571454
2024-09-03,61.600616291639625,62.99352473909696,61.591138707640496,62.51026916503906,24237888,60.64229447046916
2024-09-04,62.40603192550471,63.20197540855821,61.93225397722683,62.04596328735352,27499633,60.66851396560669
2024-09-05,61.5437541933586,61.970158695487065,60.15084944707827,60.25508117675781,43212322,60.70061909357707
2024-09-06,60.26455399391662,61.16473643946733,59.601267753429,59.71497344970703,23320164,60.7182538986206
2024-09-09,58.13255527489599,58.9379799899327,57.4976945322878,57.886192321777344,54840638,60.728136189778645
2024-09-10,57.30818153238916,58.4073462535564,57.30818153238916,57.56402206420898,40111034,60.726408354441325
2024-09-11,57.34608683832037,58.82427542959573,56.5690912442836,58.426300048828125,41921762,60.734548505147295
2024-09-12,58.55895348853294,59.55388645366397,58.42629624180066,59.09906005859375,27616861,60.74805946350098
2024-09-13,58.79584472266531,60.435116047504536,58.35996986245953,60.17927551269531,32148994,60.77262131373087
2024-09-18,60.28350488586156,62.26389684633422,60.07504504740682,61.82802200317383,29502596,60.81624231338501
2024-09-19,59.032732927284094,62.28285362756652,59.032732927284094,61.85644912719727,47611503,60.85794970194499
2024-09-20,61.50585561489952,62.822957709201525,61.363720787103965,62.59553909301758,39801250,60.89777663548787
2024-09-23,62.97456587710631,64.329571138363,62.72819931252928,64.05477905273438,39162141,60.94512383143107
2024-09-24,64.05478325754487,64.67069609477942,62.72820343025781,64.47171020507812,50090152,60.99744755427043
2024-09-25,64.63279341262802,67.75025349699624,64.63279341262802,66.43315124511719,62766129,61.046364370981856
2024-09-26,66.32892005273783,69.81592642468148,66.12993416009304,69.70221710205078,50134212,61.114348793029784
2024-09-27,70.82980801307991,72.39327679300355,67.41860800278724,69.17158508300781,85744787,61.19445161819458
2024-09-30,69.3231920434949,72.8670490305693,68.25244926629259,72.07109832763672,125166492,61.26990566253662
2024-10-08,79.2820029166299,79.2820029166299,74.6010815390146,75.98451232910156,135239267,61.36589256922404
2024-10-09,74.28838587863642,75.16013559358622,70.13808630527122,71.076171875,89550113,61.50515359242757
2024-10-10,71.96686435916786,75.21698123386251,71.89106538495172,74.1936264038086,67303399,61.60562909444173
2024-10-11,73.90936294801328,74.12730399399875,71.91949692988392,72.74386596679688,38060178,61.73110036849975
2024-10-14,72.9902319995439,75.13171042167859,72.58278266120779,74.85691833496094,46282832,61.84524647394816
2024-10-15,74.85691953960217,74.85691953960217,72.01425170898438,72.01425170898438,37583316,61.978362496693926
2024-10-16,70.78242446451594,71.54047209364322,69.86330129299243,71.29410552978516,34282949,62.07304391860962
2024-10-17,71.29410784534447,71.56889993909613,69.07683038644095,69.24739074707031,39437630,62.150608158111574
2024-10-18,69.24738865272599,72.20375850851711,68.83993931628324,71.076171875,42785106,62.20907468795777
2024-10-21,71.39833916087484,71.99530403422521,69.43689863974826,70.1949462890625,34322896,62.27204316457112
2024-10-22,70.45078276115807,72.9239043452879,70.25179688107934,72.48802947998047,40405973,62.32766809463501
2024-10-23,72.5827844499325,73.70090076204136,72.01425232480285,72.37432098388672,26831280,62.40255330403646
2024-10-24,72.11847864121027,72.45012175352062,71.35096069139527,71.67312622070312,17108673,62.48851435979207
2024-10-25,71.46466749112435,71.88159441944305,70.84875468227484,71.3225326538086,21057289,62.57233743667602
2024-10-28,71.53099967949967,71.61628347784665,70.128620862331,70.94351959228516,28059096,62.65066785812378
2024-10-29,70.69714398860845,71.54046813396462,69.9296260478248,70.18546295166016,29727177,62.724856789906816
2024-10-30,69.83487533371338,70.4507881886129,68.33774232598185,68.93470001220703,40413734,62.79401416778565
2024-10-31,69.14315296625678,69.82539434910115,67.37122088744029,67.6744384765625,50046867,62.84080066680908
2024-11-01,67.69339663680371,69.17158154550307,66.68898245461759,68.4609146118164,41651482,62.867783864339195
2024-11-04,68.35667990796155,69.52217680936147,67.93975301164326,69.01996612548828,23231578,62.90064042409261
2024-11-05,68.69780403211377,69.62641201232671,67.47545603078764,69.29476165771484,41696728,62.94080244700114
2024-11-06,69.30423973354853,69.30423973354853,67.24804511258942,67.43755340576172,52593143,62.97493635813395
2024-11-07,66.66055616554497,68.31877899169922,66.2246813187549,68.31877899169922,54774602,62.9933666229248
2024-11-08,68.84941918753091,69.8917292925867,67.37122698123822,68.77361297607422,59337382,63.012864112854004
2024-11-11,67.49441775323957,68.07242026823243,67.10591631920062,67.84500885009766,44207913,63.05029265085856
2024-11-12,68.13874413829915,70.96245650196575,68.02503483460244,68.59356689453125,57547722,63.06482187906901
2024-11-13,68.67885606505843,70.40340754532991,68.65990089831726,69.55060577392578,45841657,63.088905588785806
2024-11-14,69.62641756641479,70.96246775770167,68.53672672829777,69.77802276611328,40843466,63.13130874633789
2024-11-15,69.31371637809599,70.22336918570159,68.08189080132793,68.4609146118164,34282515,63.18713563283284
2024-11-18,68.38511056686403,69.15263579543121,67.11538907523631,67.3238525390625,31938599,63.23214451471964
2024-11-19,67.32385397290065,67.98714025440303,66.99220360287119,67.5702133178711,22665163,63.276679611206056
2024-11-20,67.63654112474217,67.89238527969954,67.03010589493843,67.68392181396484,22637119,63.32066202163696
2024-11-21,67.627073416766,67.64602135562964,66.85007779634395,67.12486267089844,21652845,63.358643245697024
2024-11-22,67.11539037567222,69.00102471170139,66.53738066178296,66.6984634399414,38845820,63.384306240081784
2024-11-25,66.43314892785025,68.58409777597058,66.43314892785025,66.6984634399414,38586774,63.41083780924479
2024-11-26,66.43314530785155,67.46597777782335,65.71300079336096,66.89744567871094,27418796,63.44668703079223
2024-11-27,66.63213309044635,67.75024938342789,66.08254891286873,67.5796890258789,26482499,63.48948494593302
2024-11-28,68.2240309288839,68.2240309288839,66.10150754640549,66.50895690917969,32328951,63.54128465652466
2024-11-29,66.0256977532595,67.05853025099961,65.90251808441137,66.45209503173828,27750141,63.58210856119792
2024-12-02,66.47105274983107,66.83112141593679,65.59930299234672,66.40472412109375,35790565,63.6251433690389
2024-12-03,66.32891767779357,66.32891767779357,65.76038554355385,66.18678283691406,31317422,63.67378460566203
2024-12-04,66.21521033163701,68.2145540595373,65.94989580970724,67.74077606201172,53195506,63.706080468495685
2024-12-05,67.84500040724053,68.73570525890425,67.67444005754487,67.95870971679688,36764463,63.75606400171916
2024-12-06,68.01556488627783,69.29476397201873,67.75972796084092,69.02944946289062,45677846,63.80912714004516
2024-12-09,68.23350365664628,70.00542859597809,67.57021017670048,69.29476165771484,41321923,63.86984961827596
2024-12-10,72.49750922893395,72.63964407017205,69.92015583598119,69.967529296875,55513289,63.9425745010376
2024-12-11,69.83487341812412,71.37939430517486,69.74011926518764,71.16145324707031,33543390,64.00756101608276
2024-12-12,71.25619985874833,71.77735848866092,70.46973396625896,71.59732055664062,28639814,64.09102493921915
2024-12-13,71.25620487855899,71.28463762978444,69.4842798705842,70.119140625,37063334,64.17567326227824
2024-12-16,70.21389732681419,70.54554047705074,68.8399440347149,69.38005065917969,28047059,64.25463625590007
2024-12-17,69.36108982568102,70.76347575549418,68.99154359856175,69.80644226074219,27887305,64.32372891108194
2024-12-18,69.79697039956172,70.66872008423569,69.72116419325675,70.2138900756836,22578549,64.40048090616862
2024-12-19,69.98647998594703,71.28463418323955,69.39899272008836,70.53606414794922,25355278,64.47328475316365
2024-12-20,70.52658997455964,70.86771069648297,69.7969750705603,70.119140625,20939651,64.54553588231404
2024-12-23,70.11913389960532,71.30357872899053,70.0717532147189,70.6971435546875,22602881,64.6225248336792
2024-12-24,70.49816726937004,72.37432408563213,70.49816726937004,72.25114440917969,34414101,64.70551490783691
2024-12-25,72.29852131057834,72.58278375578551,71.10459879872944,71.57837677001953,22733866,64.79829648335775
2024-12-26,71.31305888989444,72.2416596213073,70.73504921391635,71.99530029296875,24214292,64.88870913187662
2024-12-27,71.99530452376513,72.06163315133527,70.87718820952686,71.46466827392578,19842117,64.9912031173706
2024-12-30,71.06669359036654,72.18480985869276,70.99088738217678,71.36991119384766,22182724,65.08903827667237
2024-12-31,71.16144480616644,72.06162722548295,70.77295065642504,71.27515411376953,30766003,65.1736865679423
2025-01-02,71.44571740203742,73.15131371063946,71.06669359036654,71.36991119384766,41367089,65.26228300730388
2025-01-03,71.0666892208273,72.07109611511287,70.02437922477732,70.77294921875,29642200,65.34985291163126
2025-01-06,70.76347916365219,72.27956724911913,70.3844553349659,71.42676544189453,30681009,65.43347469965617
2025-01-07,71.06669445254698,72.73439490656459,70.59291648953,71.94792175292969,25178525,65.52483485539754
2025-01-08,71.54995020273158,73.58719689536042,71.47414399340632,73.51139068603516,40692962,65.6198273340861
2025-01-09,73.62509316374758,74.8569187693854,73.15131519685274,74.60108184814453,34598694,65.71916281382242
2025-01-10,74.60107773465951,74.7526829164818,72.3648452758789,72.3648452758789,27109567,65.82805280685425
2025-01-13,71.64470011575243,72.03319426434898,70.05280596038837,70.40340423583984,25584606,65.9235980351766
2025-01-14,70.40340928026049,71.39833868035144,69.57903300937531,70.70662689208984,28858396,66.01416854858398
2025-01-15,70.72557344781701,71.79630903725926,69.74011442131109,69.94857788085938,25663453,66.09881690343221
2025-01-16,71.07617130491136,71.16144786732382,70.11913780526332,70.20441436767578,26233035,66.17951707839966
2025-01-17,70.19493825097189,70.94350823089874,69.7685337860813,70.45077514648438,15928751,66.26211233139038
2025-01-20,71.1614492577011,72.71544041243253,70.95298579536038,70.96246337890625,29699251,66.35663096110027
2025-01-21,71.31305997877975,71.34148549946224,70.32760096254509,70.49816131591797,16286277,66.473575146993
2025-01-22,70.4792097053245,70.4792097053245,68.48934363509362,69.17158508300781,32217997,66.5920196533203
2025-01-23,69.55060389881852,70.04332978163579,68.60304800708879,69.5600814819336,27008672,66.67224607467651
2025-01-24,69.1810602784285,69.77801791010518,68.7451854193709,69.00102233886719,30486076,66.75539410909018
2025-01-27,69.03892070091233,70.40340345590207,68.81150931817322,70.00542449951172,28011516,66.84825458526612
2025-02-05,69.55060563241852,69.82539771538288,67.92080830133504,68.42301177978516,36351088,66.92816508611044
2025-02-06,68.3945894615111,68.75465812366322,67.68392249172369,68.47986602783203,28567493,66.99631010691324
2025-02-07,68.60304958833078,69.58850860595703,67.91133059054232,69.58850860595703,35534968,67.06958773930867
2025-02-10,69.47480081729482,69.48427840083617,68.6978052402998,69.18106079101562,31864987,67.16268510818482
2025-02-11,69.58851004721511,69.9864818041303,68.80203688763646,69.83486938476562,30044016,67.26604770024618
2025-02-12,69.6074576341185,69.73063730227284,68.86836516663647,69.43689727783203,22807278,67.36869955062866
2025-02-13,69.1715804734032,69.54112669485039,68.34720424056374,68.35668182373047,41066444,67.46598196029663
2025-02-14,68.33774051488568,68.87784713933124,68.12927704066485,68.6883316040039,23435076,67.5578948656718
2025-02-17,68.46091825756238,68.66938172589623,67.51336229552,68.26193237304688,40235806,67.64562276204427
2025-02-18,68.21454902414355,68.83993940476658,67.7786741661084,68.1292724609375,29346513,67.7299552599589
2025-02-19,67.56073800018945,68.19559871288622,67.27646834084099,67.70286560058594,33715017,67.816814549764
2025-02-20,67.66497564788202,67.94923810282793,67.33332527319423,67.49441528320312,31420228,67.89933083852132
2025-02-21,67.2954193118579,67.49441241994019,66.51842373445555,66.88796997070312,55339013,67.9742667833964
2025-02-24,66.9448298054637,67.75025092302867,66.59423149884633,67.1722412109375,46937741,68.03925329844157
2025-02-25,66.80269073486666,66.96377350232123,65.36240895238721,65.40978240966797,56599867,68.10139719645183
2025-02-26,65.1065620947372,66.48052242553995,65.09708451196546,66.44261932373047,40412376,68.14774843851725
2025-02-27,67.27646996099725,68.8967897080375,66.92587166992806,68.6788558959961,65248235,68.19536310831705
2025-02-28,68.93469395215153,69.64536090011185,68.31878115139698,69.21896362304688,50647934,68.25079514185587
2025-03-03,68.88731625940139,69.16210835874179,67.13433915739519,67.27647399902344,40591782,68.30393727620442
2025-03-04,67.54177894629602,68.66937270638961,67.54177894629602,68.19559478759766,30041994,68.34349778493245
2025-03-05,68.12927167379956,68.366160652339,67.46597819632237,67.98713684082031,28618620,68.39908768335978
2025-03-06,68.1387483745851,68.1955994153293,66.72688487569683,67.40912628173828,40239881,68.4606787999471
2025-03-07,67.39018698298534,67.50388907904859,66.57528822456455,67.0774917602539,31482660,68.5111361503601
2025-03-10,67.09643737335229,67.52284190664068,66.81217491377186,67.34280395507812,27344026,68.55503962834676
2025-03-11,66.80269469396211,67.69339960325063,66.61318639505222,67.21014404296875,25282497,68.59531075159708
2025-03-12,67.25752173603817,67.25752173603817,66.42366790771484,66.42366790771484,30130110,68.6383455912272
2025-03-13,66.33838653564453,66.94482169630143,66.1488710296409,66.33838653564453,25262164,68.68975048065185
2025-03-14,66.35733871653406,68.31877914616292,66.158352844459,68.10084533691406,42544964,68.74494558970133
2025-03-17,68.71675629204393,68.71675629204393,67.84500652796578,68.11032104492188,34733287,68.8300676981608
2025-03-18,68.22402498061871,72.10900273504838,67.85447875698259,71.04774475097656,77931396,68.91795352300008
2025-03-19,73.179746604481,73.8525104376119,71.09511925083348,72.49750518798828,106626103,69.02313222885132
2025-03-20,72.3932725166158,72.81966978173506,71.16144694961686,71.22777557373047,58569319,69.13478593826294
2025-03-21,70.84875281936094,72.42169911354708,70.84875281936094,71.3320083618164,38452793,69.2268567721049
2025-03-24,70.95298209373269,72.48802523056702,70.89613105397953,72.07109832763672,38734811,69.30605665842693
2025-03-25,72.78176665196966,73.43558253891081,72.36484697023832,72.82914733886719,32418622,69.39117873509726
2025-03-26,72.45959978834127,73.34082705184794,71.8910677023674,72.7628173828125,23706858,69.47645880381266
2025-03-27,72.76282157035912,73.43558542089525,72.31746912144469,72.48802947998047,25721538,69.54902578989665
2025-03-28,72.21323269646189,73.13236305609942,71.71102923709977,72.838623046875,24911431,69.61582845052084
2025-03-31,72.86705252061863,76.27825242546713,72.86705252061863,74.38314056396484,68968445,69.66920738220215
2025-04-01,74.0041168586397,74.64845518170401,71.25620320941616,71.43624114990234,55181654,69.7082150777181
2025-04-02,71.39833917085778,72.76282204810295,71.24673397854063,71.97634887695312,26853625,69.72708721160889
2025-04-03,70.68767025971967,70.90561130242881,69.31371706600076,69.51270294189453,56598874,69.72629763285319
2025-04-07,64.64226209560417,65.82670692371396,62.55763486056443,63.65680313110352,88089693,69.6723658879598
2025-04-08,64.43380672223172,66.80269667525494,64.23482083369117,66.54685974121094,74473332,69.61053781509399
2025-04-09,65.56139729349663,66.80269325190056,64.8317751769596,66.01622009277344,57883954,69.54681475957234
2025-04-10,66.8974473591766,67.83552570774053,66.45209491441328,67.36174774169922,45084852,69.49075104395548
2025-04-11,66.8216384107379,67.0301018639362,65.97831424409229,66.793212890625,29562589,69.42829128901164
2025-04-14,67.01116047332997,67.18172083994732,66.05412690346158,66.25311279296875,34883505,69.38478263219197
2025-04-15,66.42366855744358,68.06294348020472,66.03517438940203,67.7313003540039,34366681,69.34277435938517
2025-04-16,67.45651194703778,67.73130404637818,66.67951633931878,67.27647399902344,26672943,69.33014027277629
2025-04-17,67.03010195923886,67.43755128308452,66.65107815554651,67.22908782958984,19591273,69.29847612380982
2025-04-18,67.22909385766302,67.58916975663182,66.77427103587289,67.20066833496094,15448383,69.27376063664754
2025-04-21,67.06800927161531,67.8544824485111,66.8026947611633,67.6460189819336,17751380,69.22969929377238
2025-04-22,67.56073797726627,68.44196524581417,67.47545418777958,67.95870971679688,22615500,69.19029677708944
2025-04-23,68.31878290964845,68.62200052607734,68.03452046071537,68.08189392089844,22586871,69.15934330622355
2025-04-24,68.60304751443203,69.35161753103617,68.18612061169613,69.12419891357422,23180750,69.1323379834493
2025-04-25,69.12420832327827,69.17158901568541,68.58410168451871,68.93470001220703,17097238,69.11717697779338
2025-04-28,69.54112391601379,69.72116184259866,68.98206942923812,69.38951873779297,23966015,69.10675395329794
2025-04-29,69.41794949694538,70.46973715820805,69.0389256788662,70.30864715576172,23497383,69.11054410934449
2025-04-30,71.06669595309447,71.18040526915955,69.59798134501925,69.75907135009766,47810026,69.13249584833781
2025-05-06,70.337079520776,70.47920712615846,69.26633669837489,70.16651916503906,34641179,69.14331382115682
2025-05-07,70.8487526501769,71.237254045745,70.11913777582426,70.46025848388672,30028102,69.15286842981975
2025-05-08,70.45078335435595,71.6731313959416,70.00543090169162,71.06669616699219,27707567,69.16258090337118
2025-05-09,71.05721992917259,72.04267900220012,70.79190541514177,71.82474517822266,24563898,69.19282375971476
2025-05-12,72.10900511494532,72.71544033422347,71.91949681990016,72.56383514404297,27223912,69.22204014460246
2025-05-13,72.9618083059974,73.1513166046913,72.43117928623188,73.0660400390625,25527841,69.25362532933553
2025-05-14,72.86705789882544,73.48297074512887,72.13743572989904,73.04708862304688,29249633,69.2971339225769
2025-05-15,72.63964190058033,73.02813607713077,72.31746912144469,72.48802947998047,20490185,69.33424660364787
2025-05-16,72.21323271596656,72.81019031756769,71.60679753137178,72.58277893066406,23865992,69.35872513453165
2025-05-19,72.43117750562321,73.64404793771536,72.28904267045785,73.51139068603516,26308625,69.38209810256959
2025-05-20,73.46400683677214,74.95166929169658,73.41663337994083,74.54421997070312,27799540,69.42418540318808
2025-05-21,74.38314212728811,75.27384703428326,74.35471660545265,74.66741180419922,20543826,69.48435513178508
2025-05-22,74.60108615304698,75.3875521292246,74.20310714363835,75.19804382324219,23403426,69.54349845250448
2025-05-23,75.40650144151405,75.47283006638483,74.59160277637139,74.752685546875,29974589,69.60611613591512
2025-05-26,74.5916037848146,75.0369562275156,73.5398161267312,74.16519927978516,24168884,69.66968132654826
2025-05-27,74.0988674271554,74.75268330216133,73.9283070784268,74.36418914794922,20644898,69.73190412521362
2025-05-28,74.83796782731432,75.89922580381793,74.57264610391066,75.1601333618164,24044877,69.79578517278036
2025-05-29,74.92324347847453,75.32121521483288,74.25047966817037,74.83796691894531,25167731,69.8646409034729
2025-05-30,74.61054736363647,75.34016943373159,74.19362769571684,74.91376495361328,21573317,69.92512655258179
2025-06-03,74.90430316741883,74.90430316741883,71.70155932585597,71.9289779663086,56190781,69.99516661961873
2025-06-04,71.80578400860566,72.56383161042801,71.54046951675114,71.59732055664062,36755439,70.04080731074015
2025-06-05,71.48361917156294,71.91949401659956,71.11407295013453,71.30358123779297,23580308,70.08407894770305
2025-06-06,71.41729250845763,71.85316736545963,71.16144836088992,71.72998046875,27555948,70.12671893437704
2025-06-09,71.30358202595633,71.61627721039918,70.18546576614564,71.44571685791016,46695588,70.1599623044332
2025-06-10,71.66365164652932,72.48802789969334,71.11407470703125,71.11407470703125,32107412,70.1890206972758
2025-06-11,71.25620613086404,71.82474549691365,70.90561504831558,71.53099822998047,26308346,70.2063925743103
2025-06-12,72.04768315642048,72.21659742827958,71.07392823610031,71.73965454101562,34702892,70.22502787907918
2025-06-13,71.1434838852689,71.69991853493877,70.54731094274784,71.02425384521484,30045204,70.23979558944703
2025-06-16,71.14348499285173,71.34221436395279,70.39826690791107,70.80565643310547,25020494,70.23865226109822
2025-06-17,71.34221099143373,72.61404858335622,71.34221099143373,71.60054779052734,32639478,70.23205506006876
2025-06-18,71.72972704807663,72.17685486603283,71.5608051877206,71.64029693603516,17528837,70.24440011978149
2025-06-19,71.739654073861,71.94832179744583,70.67647663327394,70.87520599365234,21125341,70.26323550542196
2025-06-20,70.89507881543241,71.91851043701172,70.80565628418778,71.91851043701172,22986421,70.27214186986288
2025-06-23,71.54093172223898,71.86882947867923,71.00437382463221,71.2627182006836,21054495,70.28634703954062
2025-06-24,71.640296891675,72.87238866678616,71.54093599671853,72.3358383178711,27050087,70.29240248998006
2025-06-25,72.33583500797018,72.86245454981811,71.83902297517025,72.71340942382812,24327543,70.31087497075399
2025-06-26,72.53455787031552,73.12079243900048,72.28615185021171,72.63391876220703,22672619,70.32767718633016
2025-06-27,72.59417074959684,72.72334672792346,71.75953018540899,71.81914520263672,22364021,70.33086697260539
2025-06-30,71.78933877662125,72.11723653781834,71.52106361430091,71.73965454101562,19302259,70.33287337621053
2025-07-01,71.81914467578757,71.88869805562632,71.3422093799646,71.65023040771484,18625209,70.33074299494426
2025-07-02,71.65023743549426,72.6339232127696,71.35214716080448,72.03775024414062,26615479,70.33228934605917
2025-07-03,72.3259015540175,72.4848774733144,71.87876614569706,72.42526245117188,17936923,70.33785467147827
2025-07-04,72.41532457848149,73.3692028429853,72.1371110322617,73.01150512695312,21146224,70.34743890762329
2025-07-07,72.73328247403818,72.98168850377293,71.86883434224147,72.08743286132812,21545334,70.36111885706583
2025-07-08,72.08743452938138,72.23647208607052,71.61049160572432,71.75953674316406,25686651,70.37207288742066
2025-07-09,71.61049167474887,71.88870522183757,71.34221649169922,71.34221649169922,27205267,70.3748459815979
2025-07-10,71.38195260057418,71.51112858687459,70.87520976135836,71.22297668457031,23151388,70.36979843775431
2025-07-11,71.2825884040782,72.33583506941878,71.23291174920601,72.01787567138672,32055369,70.35072832107544
2025-07-14,72.00793832061545,72.74321801751272,71.52106464382199,72.63391876220703,23373900,70.3292016029358
2025-07-15,72.64385657712045,73.03136935909646,72.34576632294656,72.74321746826172,24900978,70.33144388198852
2025-07-16,73.00156626771796,73.61760837852538,72.3358399179581,72.42526245117188,20688807,70.35094232559204
2025-07-17,72.2861535150207,72.96181820849421,72.13710838337576,72.16691589355469,24729994,70.36526428858438
2025-07-18,72.40539223673065,72.81277418328361,72.05761773069104,72.36564636230469,21951230,70.38375043869019
2025-07-21,72.14704788262434,72.49481480810292,71.93838772733719,72.08743286132812,30897062,70.4017607053121
2025-07-22,72.11723921560822,72.7531580350725,71.79927980587608,72.72335052490234,35720411,70.41539951960246
2025-07-23,72.73328180507231,73.37913899259249,72.71341265840645,73.0313720703125,36987240,70.43007357915242
2025-07-24,73.23008895529999,73.47849496611275,72.62397768245688,73.04130554199219,29069915,70.45118366877237
2025-07-25,72.93200796821007,72.93200796821007,72.08742902817137,72.29608917236328,24456208,70.48343133926392
2025-07-28,72.35570975857719,72.45507065668387,71.34221646868801,71.4813232421875,37773632,70.50623140335082
2025-07-29,71.48132330925213,71.61049171883695,70.5671833358614,70.78578186035156,39836931,70.52690057754516
2025-07-30,71.0341807714645,72.27621082626368,70.74602888906112,71.65023040771484,41132530,70.53340355555217
2025-07-31,71.5409345969932,71.56080374329561,69.43444879367831,69.74247741699219,69477714,70.56029704411824
2025-08-01,69.75241138166173,70.51750621233434,69.65305048411675,70.33865356445312,28644667,70.57081880569459
2025-08-04,70.1001810066883,70.54730880484152,69.75240651840244,70.4876937866211,19776642,70.57707001368205
2025-08-05,70.65661342771256,71.05406460113312,70.22935474291681,70.92488861083984,19174845,70.58795862197876
2025-08-06,70.92488422500526,71.32233537384833,70.53737143958953,71.24284362792969,22135849,70.59704211552938
2025-08-07,71.05406135522836,71.47138165691807,70.7559710935927,71.02425384521484,20361565,70.61209166844687
2025-08-08,70.94475881763384,71.37201746315569,70.83545956547128,71.12361145019531,20118405,70.63432143529256
2025-08-11,70.84540117111489,71.36208236619044,70.73610191394982,71.3024673461914,17912366,70.65461543401082
2025-08-12,71.29252949907027,71.97813255702687,71.1434843672427,71.47138214111328,24047589,70.6799532254537
2025-08-13,71.52106693177096,71.82908798071321,71.14348491745427,71.3620834350586,25384669,70.70780413945516
2025-08-14,71.34221587098973,72.58424603879422,71.26272412087012,71.86883544921875,45514924,70.7382976214091
2025-08-15,71.86883491567109,71.93838830132177,71.35214612447997,71.83902740478516,27469955,70.77475112279257
2025-08-18,71.84895490965751,72.09736093004022,71.15342108488595,71.38195037841797,54299761,70.81600993474325
2025-08-19,72.73327969733522,73.16053835539778,71.73965561632927,72.21659851074219,53760260,70.85109084447225
2025-08-20,71.74959837913458,71.85889764120702,71.05406451208326,71.75953674316406,40377028,70.9078143119812
2025-08-21,71.63035531195635,72.03774481796276,71.20310424090086,71.46144104003906,33801371,70.95212195714315
2025-08-22,71.51112579779584,71.72972430693194,71.19316639743879,71.63035583496094,39138892,70.97531016667683
2025-08-25,71.66017136650807,73.37913677939626,71.66017136650807,73.05123901367188,70023449,70.99540510177613
2025-08-26,73.05123903378349,73.80639545727327,72.84257888665148,73.32946014404297,46293790,71.04352814356486
2025-08-27,73.418883282674,74.0746788197536,72.2265374089386,72.24640655517578,48841858,71.08631035486857
2025-08-28,72.24640811388032,73.49837661483863,72.04768632422042,73.0313720703125,43298746,71.12180426915486
2025-08-29,73.03136823892643,74.36282083744756,72.92206898612245,73.24002838134766,56766900,71.16865631739299
2025-09-01,74.52180761929496,75.35644822587092,73.05124061341074,73.55799102783203,77625858,71.22001078923543
2025-09-02,73.7368440322901,75.91288325132433,73.51824551594414,75.6744155883789,80590924,71.27180401484172
2025-09-03,76.06192622583009,76.64816079326445,74.47212163595701,75.13785552978516,50488071,71.34233961105346
2025-09-04,75.49556021777109,75.51542936365254,73.94550151276502,75.10803985595703,44353949,71.41495784123738
2025-09-05,75.32664214908188,76.20103622680003,74.95900607617804,75.7340316772461,46425167,71.48803828557332
2025-09-08,76.18115884895607,77.58217248566008,76.01224456929329,76.53886413574219,55029371,71.55164817174276
2025-09-09,76.52892087140795,77.10522463885366,75.86319457836713,76.68790435791016,38315019,71.62188603083293
2025-09-10,76.50905388866849,76.77732905378701,75.91288095893277,76.52892303466797,27154194,71.66888736089071
2025-09-11,76.40969299717088,76.77732905378701,75.41606892069467,76.52892303466797,45960511,71.70248250961303
2025-09-12,76.45937144114092,77.1946587330738,74.92919699863262,75.08817291259766,59117075,71.74665873845419
2025-09-15,74.72052711370489,75.46574516702276,74.02499329624158,74.69071960449219,48068047,71.77796010971069
2025-09-16,74.65097873322223,74.72053211962832,73.57787042592135,73.9852523803711,45602831,71.79979028701783
2025-09-17,73.93556864238273,74.94906183021922,73.69709341403897,73.87594604492188,57722675,71.80942449569702
2025-09-18,74.12435372808633,74.86957177678843,72.72334773851637,73.26983642578125,60084003,71.81870056788127
2025-09-19,72.94194459986663,74.11441369251578,72.74321524291351,73.87594604492188,38847838,71.82521562576294
2025-09-22,74.33301281576533,74.42244292232878,72.43519482069517,72.79290008544922,47973993,71.83385998408
2025-09-23,72.78296657488842,73.18041773786383,72.25634700576492,73.0611801147461,42147721,71.82060798009236
2025-09-24,73.04130603764261,73.87594660087731,72.48487141473623,73.6275405883789,30628481,71.83414913813273
2025-09-25,72.83264593891089,73.27977372936638,72.08742790098513,72.37557220458984,47860729,71.84790906906127
2025-09-26,72.57430579881601,74.22371787703324,72.42526066638214,73.7269058227539,47698312,71.87176631291707
2025-09-29,73.95544444355417,74.07468206845721,72.5842458705466,73.2599105834961,46593907,71.9556838353475
2025-09-30,73.2300939720969,73.2400323358202,72.08743230867742,72.19673156738281,50610839,72.01162592569987
2025-10-09,71.88870235755094,72.5047520306666,70.92488576443061,72.16691589355469,61593908,72.06313018798828
2025-10-10,71.98806434563319,73.25990958501295,71.64029742034398,72.36564636230469,43330526,72.10317325592041
2025-10-13,70.92488367889914,71.65023258850898,70.56717840576962,71.35214233398438,48160457,72.14961020151775
2025-10-14,71.54093490770691,72.6836041341884,71.23291386380548,72.1371078491211,51909507,72.19210211435954
2025-10-15,72.33584045044275,73.02143595238013,72.13711107392058,72.45507049560547,37633251,72.22881717681885
2025-10-16,72.73327856961012,73.22015981989406,72.05761390177221,72.71340942382812,34678000,72.2719721476237
2025-10-17,72.23646984216425,73.12079469455256,72.17685482134044,72.3358383178711,27649108,72.31767482757569
2025-10-20,72.62397880347748,72.93200741654991,71.92844499476548,72.40538787841797,29755742,72.3604679107666
2025-10-21,72.43519866028085,72.79290394399582,72.11723925039533,72.44513702392578,28394659,72.4001293182373
2025-10-22,72.33583494768601,73.51824242985442,72.14704394953937,73.40894317626953,39329827,72.43751621246338
2025-10-23,73.32945950440848,74.47212112196188,73.21022188676592,74.41250610351562,34763341,72.48190828959147
2025-10-24,74.4125061297196,74.52180538407626,73.9852474756209,74.13429260253906,24483806,72.52597751617432
2025-10-27,74.263465859149,74.86957718903523,73.89582978022658,74.40257263183594,34055264,72.56930745442709
2025-10-28,74.13429154239932,74.44231257440872,73.65734865923163,73.9355697631836,23365775,72.6110829035441
2025-10-29,73.77659115685512,73.94550543844021,73.03137306436163,73.9256362915039,27358650,72.64130725860596
2025-10-30,74.02499817117443,75.61479527346565,74.02499817117443,74.81990051269531,49965301,72.67602863311768
2025-10-31,74.72052651956994,76.34013859424925,74.62116562940098,75.91287994384766,50974159,72.71480681101481
2025-11-03,75.90294107314834,76.45936811897455,74.70065687441674,74.90931701660156,28196997,72.76024532318115
2025-11-04,74.64104788704414,75.30677423933389,74.42244936402348,74.68079376220703,30260649,72.79226716359456
2025-11-05,74.52180907666848,75.90294599842937,73.82627522425308,75.45581817626953,26615133,72.8160675684611
2025-11-06,75.45581749240394,76.93631529669902,75.45581749240394,76.53886413574219,35511147,72.840167427063
2025-11-07,76.77732690392692,76.77732690392692,75.62472694947878,75.71414947509766,26441999,72.86910762786866
2025-11-10,75.77377474317727,77.05555072079977,75.4657461223299,76.83695220947266,39100815,72.89133313496907
2025-11-11,76.83695550096537,76.8965705226992,76.19109830276393,76.73759460449219,22770754,72.92757415771484
2025-11-12,76.73759218860911,80.036423880617,76.73759218860911,78.9831771850586,73784703,72.9621976216634
2025-11-13,78.69502473975086,79.4899270424757,78.18828191299521,79.09247589111328,33337014,73.0077958424886
2025-11-14,78.99311341971249,79.90724574305116,78.54598562133489,78.72483825683594,27312749,73.04569797515869
2025-11-17,78.72483882488245,78.88381473494714,77.41325534866093,77.91999816894531,26109532,73.079509862264
2025-11-18,78.29000091552734,78.66000366210938,77.0,77.4000015258789,23590408,73.10219281514486
2025-11-19,77.37999725341797,78.08999633789062,77.0199966430664,77.4000015258789,21441520,73.12425378163655
2025-11-20,77.5,78.87999725341797,77.02999877929688,77.94000244140625,26192879,73.15121046702068
2025-11-21,77.0999984741211,79.29000091552734,77.0999984741211,78.75,43949476,73.1810089111328
2025-11-24,78.5999984741211,79.4800033569336,78.25,78.55999755859375,36773938,73.210924466451
2025-11-25,78.98999786376953,79.0,77.61000061035156,78.69999694824219,29101152,73.24194138844808
2025-11-26,78.69000244140625,80.0,78.41000366210938,79.80000305175781,32072777,73.27349332173665
2025-11-27,79.5999984741211,80.7300033569336,78.94999694824219,79.80000305175781,31646071,73.33908519744872
2025-11-28,79.80000305175781,80.06999969482422,79.33000183105469,79.86000061035156,18126661,73.40744088490804
2025-12-01,79.80000305175781,80.19999694824219,79.16999816894531,80.0,30352024,73.47874437967936
2025-12-02,80.0999984741211,81.66000366210938,80.01000213623047,81.55999755859375,37804931,73.54766120910645
2025-12-03,81.55000305175781,82.87999725341797,81.26000213623047,82.16999816894531,36866005,73.63194688161214
2025-12-04,82.12999725341797,83.16999816894531,81.7699966430664,81.88999938964844,28917966,73.7240795771281
2025-12-05,81.88999938964844,82.58999633789062,81.69999694824219,82.2300033569336,24616511,73.81040458679199
2025-12-08,83.0,83.0999984741211,81.04000091552734,81.80999755859375,27336529,73.89782416025797
2025-12-09,81.5,81.55999755859375,79.94000244140625,80.19999694824219,35647940,73.98770535786947
2025-12-10,79.9800033569336,80.62000274658203,79.69999694824219,80.06999969482422,24571972,74.06599152882895
2025-12-11,80.12000274658203,80.55999755859375,79.18000030517578,79.30000305175781,27294485,74.13657029469807
2025-12-12,79.3499984741211,79.9800033569336,79.19999694824219,79.31999969482422,32895862,74.20040117899576
2025-12-15,79.69000244140625,81.0999984741211,79.44999694824219,80.41000366210938,36554689,74.27077445983886
2025-12-16,80.25,80.8499984741211,79.83999633789062,79.95999908447266,21423089,74.34153690338135
2025-12-17,79.70999908447266,80.91999816894531,79.37999725341797,80.47000122070312,23028180,74.4140142440796
2025-12-18,80.2699966430664,80.61000061035156,79.51000213623047,79.83000183105469,21409792,74.48179893493652
2025-12-19,79.8499984741211,79.9000015258789,78.80000305175781,79.44999694824219,27801766,74.54110387166341
2025-12-22,79.30000305175781,79.79000091552734,78.9000015258789,79.16000366210938,24503713,74.5979045232137
2025-12-23,79.37999725341797,80.30999755859375,79.0199966430664,79.6500015258789,25468020,74.65907834370931
2025-12-24,79.43000030517578,79.94000244140625,78.76000213623047,78.80000305175781,21704738,74.72499790191651
2025-12-25,78.5199966430664,78.87999725341797,78.18000030517578,78.58999633789062,22675780,74.78457934061686
2025-12-26,78.58999633789062,79.06999969482422,78.55000305175781,78.87000274658203,21410712,74.83918139139811
2025-12-29,78.79000091552734,79.72000122070312,78.25,78.41000366210938,25697385,74.89288756052653
2025-12-30,78.16000366210938,79.37999725341797,78.12000274658203,78.8499984741211,21362222,74.9378750483195
2025-12-31,78.87000274658203,80.27999877929688,77.8499984741211,78.1500015258789,28775822,74.99422976175944
2026-01-05,80.04000091552734,80.5,78.25,78.68000030517578,44294709,75.04748363494873
2026-01-06,78.58000183105469,79.48999786376953,77.38999938964844,78.83999633789062,45452476,75.10863183339437
2026-01-07,78.98999786376953,79.58000183105469,78.05999755859375,79.37000274658203,40196784,75.17210699717204
2026-01-08,79.37000274658203,79.4800033569336,78.30999755859375,79.02999877929688,31253684,75.23337472279867
2026-01-09,79.5999984741211,79.94999694824219,79.30000305175781,79.7699966430664,34108097,75.28667538960775
2026-01-12,79.77999877929688,79.79000091552734,77.80999755859375,78.62000274658203,52501410,75.34523188273111
2026-01-13,77.9000015258789,78.0,76.0999984741211,76.19999694824219,94571232,75.3968547185262
2026-01-14,76.19999694824219,77.62999725341797,75.91000366210938,77.1500015258789,53968401,75.43046372731527
2026-01-15,77.45999908447266,78.05000305175781,76.88999938964844,77.22000122070312,36031372,75.47033335367838
2026-01-16,77.25,77.8499984741211,77.1500015258789,77.30999755859375,37186855,75.51310475667317
2026-01-19,77.37000274658203,78.13999938964844,77.05000305175781,77.62000274658203,33637393,75.55132681528727
2026-01-20,77.66000366210938,79.37000274658203,77.19999694824219,79.0,45535750,75.58956540425619
2026-01-21,78.95999908447266,78.95999908447266,77.55000305175781,77.77999877929688,36808644,75.63922119140625
2026-01-22,78.25,78.26000213623047,77.37000274658203,77.48999786376953,34404058,75.6849204381307
2026-01-23,77.56999969482422,77.79000091552734,76.70999908447266,76.77999877929688,37370740,75.73499272664388
2026-01-26,76.80000305175781,77.87000274658203,76.0199966430664,76.3499984741211,47313168,75.78494453430176
2026-01-27,76.4000015258789,77.0999984741211,75.91999816894531,76.0999984741211,32580654,75.82410926818848
2026-01-28,76.08999633789062,76.36000061035156,75.0,75.33999633789062,62893723,75.87708861033121
2026-01-29,75.69999694824219,78.08000183105469,75.47000122070312,77.87999725341797,62244106,75.91876646677653
2026-01-30,77.5999984741211,79.0,77.4000015258789,77.58999633789062,53250829,75.98036899566651
2026-02-02,77.5999984741211,78.4800033569336,77.0,77.8499984741211,34591579,76.0359115600586
2026-02-03,77.80000305175781,78.88999938964844,77.43000030517578,77.91000366210938,34503710,76.09097118377686
2026-02-04,78.0999984741211,79.87999725341797,78.01000213623047,79.80999755859375,38910259,76.14835243225097
2026-02-05,79.83000183105469,81.16000366210938,79.62999725341797,80.44999694824219,42919791,76.22073898315429
2026-02-06,80.43000030517578,80.80000305175781,79.4000015258789,79.54000091552734,31256590,76.29696839650472
2026-02-09,79.18000030517578,79.33999633789062,78.41000366210938,79.16000366210938,33466953,76.3642068862915
2026-02-10,79.20999908447266,80.27999877929688,78.87999725341797,80.19000244140625,30618408,76.42918955485025
2026-02-11,80.0,80.20999908447266,79.5999984741211,79.69000244140625,19806640,76.49853261311848
2026-02-12,79.45999908447266,80.05999755859375,79.30000305175781,79.80000305175781,18878441,76.56395740509033
2026-02-13,79.51000213623047,80.0,78.91000366210938,79.05000305175781,25510243,76.63410784403483
2026-02-24,80.19999694824219,80.5999984741211,79.5199966430664,79.5199966430664,25251393,76.69105288187663
2026-02-25,80.27999877929688,80.7699966430664,79.29000091552734,79.69999694824219,28552395,76.75572338104249
2026-02-26,80.1500015258789,80.19999694824219,78.75,79.25,25327062,76.82437801361084
2026-02-27,79.02999877929688,79.5,78.5,78.63999938964844,20160388,76.8878750483195
2026-03-02,78.0,78.05999755859375,76.69999694824219,77.44999694824219,27478559,76.93444805145263
2026-03-03,77.45999908447266,77.63999938964844,76.5,76.55999755859375,28800034,76.96878585815429
2026-03-04,76.0,76.5199966430664,75.37000274658203,76.16000366210938,28493355,77.00473244984944
2026-03-05,76.5999984741211,76.98999786376953,76.12000274658203,76.2699966430664,19687239,77.03080437978109
2026-03-06,76.22000122070312,76.72000122070312,75.76000213623047,76.5199966430664,20662879,77.05605411529541
2026-03-09,75.7300033569336,76.0999984741211,75.0199966430664,75.41000366210938,25947837,77.08073749542237
2026-03-10,75.75,76.83999633789062,75.75,76.5999984741211,20908556,77.07853406270345
2026-03-11,76.5999984741211,77.72000122070312,76.0999984741211,77.38999938964844,25135764,77.09071858723958
2026-03-12,77.30000305175781,77.75,76.93000030517578,77.4000015258789,19330478,77.10973491668702
2026-03-13,77.08000183105469,77.36000061035156,76.7699966430664,76.86000061035156,18729288,77.12361799875895
2026-03-16,76.5199966430664,76.87999725341797,75.68000030517578,76.63999938964844,20560029,77.12629413604736
2026-03-17,76.9800033569336,77.5999984741211,76.5999984741211,76.5999984741211,21407454,77.12589492797852
2026-03-18,76.73999786376953,77.30000305175781,76.30000305175781,77.05999755859375,20071638,77.1264872233073
2026-03-19,76.43000030517578,76.9800033569336,75.93000030517578,76.0,23272907,77.13091284434
2026-03-20,75.91999816894531,76.1500015258789,75.12000274658203,75.12000274658203,21912595,77.1385114034017
2026-03-23,73.94999694824219,73.97000122070312,72.3499984741211,73.37000274658203,46200800,77.1420887629191
2026-03-24,73.7300033569336,74.41999816894531,72.80000305175781,74.2300033569336,26714723,77.13696168263753
2026-03-25,74.5,74.97000122070312,73.94999694824219,74.80000305175781,18496362,77.13991216023763
2026-03-26,74.88999938964844,75.54000091552734,74.18000030517578,74.31999969482422,17708533,77.15266354878743
2026-03-27,72.9000015258789,74.94999694824219,72.80000305175781,74.77999877929688,31912535,77.15636399586995
2026-03-30,73.3499984741211,74.0,71.7699966430664,72.0999984741211,45622715,77.17292315165201
2026-03-31,75.05000305175781,77.31999969482422,74.30999755859375,76.3499984741211,69491461,77.16491330464682
2026-04-01,76.5,77.4000015258789,76.33999633789062,76.83999633789062,27361577,77.18760045369466
2026-04-02,76.8499984741211,77.83999633789062,76.58000183105469,77.37000274658203,32631797,77.22480398813883
2026-04-03,77.30000305175781,77.3499984741211,76.19999694824219,76.3499984741211,17277260,77.25516312917074
2026-04-07,76.3499984741211,76.69999694824219,75.62000274658203,76.12000274658203,16382605,77.28091386159261
2026-04-08,76.94999694824219,77.25,76.3499984741211,76.7300033569336,28680412,77.31360778808593
2026-04-09,76.4000015258789,77.0199966430664,75.9000015258789,76.5199966430664,23502394,77.35163351694743
2026-04-10,76.5199966430664,76.73999786376953,76.05999755859375,76.41000366210938,25837267,77.38625310262044
2026-04-13,76.02999877929688,76.47000122070312,75.58000183105469,75.77999877929688,18237520,77.42840194702148
2026-04-14,76.05999755859375,76.55000305175781,75.5,76.55000305175781,19578158,77.45875937143961
2026-04-15,76.55000305175781,77.87999725341797,76.19999694824219,77.48999786376953,31845072,77.49288380940756
2026-04-16,77.7699966430664,78.44000244140625,77.4000015258789,77.9000015258789,23807803,77.53268871307372
2026-04-17,78.18000030517578,79.25,77.83999633789062,78.6500015258789,27735236,77.57905673980713
2026-04-20,78.4000015258789,79.9000015258789,78.05000305175781,79.58000183105469,27669979,77.6310951868693
2026-04-21,79.75,80.08000183105469,79.19999694824219,79.5,23879288,77.69055239359538
2026-04-22,79.5,79.62999725341797,78.87000274658203,79.30000305175781,20278160,77.7413112004598
2026-04-23,79.29000091552734,80.1500015258789,78.7300033569336,79.8499984741211,29943246,77.78204034169515
2026-04-24,79.55999755859375,80.19999694824219,79.45999908447266,79.66000366210938,21788011,77.82967122395833
2026-04-27,79.23999786376953,80.1500015258789,79.01000213623047,79.5,25851162,77.87348314921061
2026-04-28,79.44999694824219,80.80000305175781,79.18000030517578,80.44999694824219,30472906,77.91985340118408
2026-04-29,80.55000305175781,81.94000244140625,80.44999694824219,81.30999755859375,33110792,77.97422307332357
2026-04-30,81.0,82.1500015258789,80.61000061035156,81.0999984741211,35443269,78.02830721537272
2026-05-06,79.69999694824219,80.87999725341797,79.1500015258789,80.44000244140625,36041863,78.071533203125
2026-05-07,80.0,80.9800033569336,79.7699966430664,79.80999755859375,37217647,78.1176222483317
2026-05-08,79.6500015258789,81.08999633789062,79.31999969482422,80.4000015258789,28242327,78.1603656133016
2026-05-11,80.13999938964844,82.44999694824219,79.58000183105469,80.66999816894531,43644407,78.20156714121501
2026-05-12,80.66000366210938,81.16999816894531,79.7300033569336,80.08999633789062,35775583,78.23599325815836
2026-05-13,79.95999908447266,80.94999694824219,79.62999725341797,80.37999725341797,32849685,78.27245864868163
2026-05-14,80.38999938964844,82.08000183105469,80.38999938964844,81.80999755859375,38926688,78.30198402404785
2026-05-15,81.44999694824219,83.30000305175781,80.75,82.56999969482422,42660857,78.34425404866536
2026-05-18,82.68000030517578,83.44000244140625,82.08000183105469,82.83000183105469,37735368,78.37414423624675
2026-05-19,82.83000183105469,82.83999633789062,80.5,81.0,33581768,78.40529028574626
2026-05-20,80.72000122070312,82.16000366210938,80.08000183105469,81.5,30159703,78.42424996693929
2026-05-21,82.1500015258789,83.1500015258789,81.5,81.5,31181254,78.4540833155314
2026-05-22,81.66999816894531,82.0,79.88999938964844,80.27999877929688,30984802,78.48824996948242
2026-05-25,80.0,80.13999938964844,78.79000091552734,79.80999755859375,23127455,78.51224994659424
2026-05-26,79.80000305175781,80.69999694824219,79.43000030517578,79.55000305175781,24495312,78.52783323923747
2026-05-27,79.52999877929688,80.27999877929688,78.87000274658203,80.02999877929688,25588779,78.53449993133545
2026-05-28,79.5999984741211,79.77999877929688,78.61000061035156,78.94999694824219,24199752,78.54674994150797
2026-05-29,78.91999816894531,81.26000213623047,78.5,80.8499984741211,42972944,78.54883327484131
2026-06-01,80.31999969482422,82.0,80.29000091552734,81.69999694824219,37671119,78.55758323669434
2026-06-02,78.91999816894531,82.79000091552734,81.22000122070312,82.5999984741211,26317746,78.57341651916504
