trade_date,open,high,low,close,volume,entry_confirm_ma
2022-01-05,52.01010479542632,52.488929494072245,47.67592939580746,47.78325271606445,255365409,
2022-01-06,47.783246802431805,48.98030525164835,47.53558029724056,47.8823127746582,116157682,
2022-01-07,47.717207885597645,47.93185453177362,47.54384162086002,47.568607330322266,63881165,
2022-01-10,47.63465483889186,49.11240309963732,47.6181433156753,48.54276657104492,75326858,
2022-01-11,48.37764436484078,48.806934430886685,47.82452262445976,47.95661163330078,34700578,
2022-01-12,48.12172599350511,48.12172599350511,47.717201613042185,47.97312545776367,25617132,
2022-01-13,47.89056896335704,47.89056896335704,47.70069119645973,47.72546005249024,24645018,
2022-01-14,47.6429037598946,47.71720403153114,47.560349302187646,47.5933723449707,24019049,
2022-01-17,47.59337006729072,47.65115881477013,47.54383550548671,47.55208969116211,26815585,
2022-01-18,47.55209580759712,47.6594191306851,47.54384162086002,47.568607330322266,20774021,
2022-01-19,47.55209186820033,47.5686033895576,47.53558349609375,47.53558349609375,37308915,
2022-01-20,47.5438392913728,47.64290527361884,47.53558510504013,47.57686233520508,23180332,
2022-01-21,47.56034920350431,47.5686033895576,47.53558349609375,47.53558349609375,19184425,
2022-01-24,47.61813655168624,48.48497092729266,47.58511350994394,48.03916931152344,29709778,
2022-01-25,47.79976619777731,47.907086373182736,47.54384231567383,47.54384231567383,18436817,
2022-01-26,47.5438392913728,47.88231761752666,47.53558510504013,47.57686233520508,18821205,
2022-01-27,47.55209186820033,47.60162643227214,47.53558349609375,47.53558349609375,33978377,
2022-01-28,47.54383768214704,47.56034920350431,47.53558349609375,47.53558349609375,29008049,
2022-02-07,47.634644161324175,48.2207889324945,47.634644161324175,48.00614547729492,24754931,
2022-02-08,48.06393699004504,51.5973204893989,48.06393699004504,50.60665130615234,39345289,
2022-02-09,50.19387532997646,55.66732025146485,50.11132087263754,55.66732025146485,51244290,
2022-02-10,56.13788882168857,56.468112956810565,53.215415618386366,54.48677444458008,42181436,
2022-02-11,54.08225243952802,55.70034375094731,53.57866205757848,54.99036407470703,27567357,
2022-02-14,54.88304512729192,55.81592249073125,52.67054844219691,52.84391784667969,22758754,
2022-02-15,52.77787033548374,53.37227250795774,51.59732332584828,51.927547454833984,15999425,
2022-02-16,52.24125848873335,53.12460443877256,51.81196836780529,52.422882080078125,15860582,
2022-02-17,52.50543988062529,53.30623142150064,50.722236345225774,51.08548355102539,18282727,
2022-02-18,50.74700037535872,52.05137906963068,50.60665401849521,51.84498977661133,12345353,
2022-02-21,51.99359127161956,52.91821443948755,51.745924745311264,52.44764709472656,14266367,
2022-02-22,51.8449952740956,52.612763777479465,50.76351727951802,51.43221664428711,13392042,
2022-02-23,51.267100976181474,52.662294662855615,51.267100976181474,52.08440399169922,9221475,
2022-02-24,51.844988296897306,52.01010035645045,50.309451496779154,50.95338821411133,9444993,
2022-02-25,51.34965437392291,51.46523186882369,50.30945062131477,50.40851974487305,9555678,
2022-02-28,50.34247681613626,50.5075888831594,48.88949755468423,49.97923278808594,8002998,
2022-03-01,49.97923644516043,50.07004824613057,49.45088031142616,49.8388900756836,7004310,
2022-03-02,49.54168983842541,50.31771567915271,49.50041260523271,49.92970275878906,5147246,
2022-03-03,49.85540136695069,51.96882904132232,49.723312334130654,51.22582626342773,13645859,
2022-03-04,50.72223618903087,52.17521870925302,50.44154659870962,50.94513702392578,7769847,
2022-03-07,50.771771990802286,51.12676186804392,50.09481528286501,50.7552604675293,8606539,
2022-03-08,50.74699654903195,51.07721750341382,49.41784909832501,50.40026092529297,8105448,
2022-03-09,50.27643501179124,50.68921361402516,48.46020853211185,49.7315673828125,8524172,
2022-03-10,50.12783483248464,50.48282468496212,49.37657789685225,49.42610931396485,7170705,
2022-03-11,48.93902546370063,49.82237133734195,48.33636913911126,49.61598205566406,8064343,
2022-03-14,49.20320928418312,52.25777164242875,49.08763177671857,49.99574661254883,12222221,
2022-03-15,49.93795916336577,49.93795916336577,48.70787748196438,48.81520080566406,10037219,
2022-03-16,49.27750520031263,51.0689658552604,49.02158449907052,50.532352447509766,10366099,
2022-03-17,51.110249815149984,51.34966217625088,49.880168112692765,50.38375854492188,7845907,
2022-03-18,50.21864900507929,51.05246044150935,49.979236646873765,51.002925872802734,5397223,
2022-03-21,50.837809809565016,52.70356754622849,50.63142052612102,51.77068710327149,7168380,
2022-03-22,51.432213697952825,53.27320590352588,51.432213697952825,53.05030822753906,7983522,
2022-03-23,52.90170953147523,54.04097625695106,52.50543928433039,53.28972244262695,7587236,
2022-03-24,53.67772507952694,57.47529314684225,53.3722729539265,55.10594177246094,16528877,
2022-03-25,55.10594233599576,56.13788882168857,53.82632617433609,54.48677444458008,8753122,
2022-03-28,53.49610819435034,56.509386885696784,53.165884060113314,56.30299758911133,9825730,
2022-03-29,56.30299878343067,57.11204761454813,55.68383088054029,56.13788986206055,7834188,
2022-03-30,56.03881835908768,57.01297607035783,55.22151852543349,55.60953140258789,8149139,
2022-03-31,55.312328136079365,55.76638708047747,54.45374795844547,55.19675064086914,6023685,
2022-04-01,55.048150679327854,56.6992649692915,54.866527099671664,56.45159530639648,5782059,
2022-04-06,56.12137691842612,56.35253190891813,54.387701892733794,55.62603759765625,7060501,
2022-04-07,55.0894304976574,56.30299419774048,54.97384670391029,55.62603759765625,5363226,
2022-04-08,55.39488835098554,57.524827495942944,55.13071029181653,57.425758361816406,10997508,
2022-04-11,57.11205176021353,58.44945679499725,56.14615127323189,56.84787368774414,10513754,
2022-04-12,56.64973203860949,57.29366558668577,55.93149507425465,56.92216110229492,6121275,
2022-04-13,56.7157749241709,58.845713929325264,56.36904242523917,57.96236801147461,7342799,
2022-04-14,57.96236606670121,58.60629962839789,53.56214499710568,55.84894180297852,20509546,
2022-04-15,54.742694934656015,54.96559890181906,53.33099290379542,53.4052963256836,11801229,
2022-04-18,53.33099722848672,54.709676327918565,53.16588829745968,54.18132019042969,6006490,
2022-04-19,53.933654260112014,54.89129735238275,53.933654260112014,54.5032844543457,3334659,
2022-04-20,54.48677756461125,55.06466511028972,54.32166863684651,54.51154327392578,6679602,
2022-04-21,54.32166899419989,54.73444761482906,52.76961734959298,53.28972244262695,5595841,
2022-04-22,52.83566493648704,54.7427002022677,52.150450895201466,54.32167053222656,5925242,
2022-04-25,53.66121628220832,55.312330629353184,53.57040448923524,54.338172912597656,8866139,
2022-04-26,54.06573906810927,54.33817445476044,52.736594626306,52.90170669555664,6193213,
2022-04-27,52.67055076556608,53.27320716694521,51.34966045422152,52.83566284179688,8408818,
2022-04-28,52.827409683040855,53.661221117816496,52.58799732531036,53.47134017944336,4216271,
2022-04-29,53.07507111044255,54.83350561161398,53.01728236059658,53.62819290161133,6107038,
2022-05-05,53.62819778996228,53.900633191998494,53.03379556679305,53.2979736328125,3846098,
2022-05-06,52.64578424094823,53.24844063299293,52.24125981791092,52.82740783691406,4188714,
2022-05-09,52.69531816279412,53.57866412449552,52.52194875547124,53.364017486572266,3673789,
2022-05-10,52.75310407385002,53.15762532089458,52.31555663515301,52.54671478271485,4219532,
2022-05-11,52.38985768650023,52.50543518737784,51.18454496413276,51.58906936645508,9865138,
2022-05-12,51.32489733335047,52.257777991477326,51.209319811843855,52.1422004699707,5523786,
2022-05-13,52.01835957962936,53.397041788768966,52.01835957962936,53.14937210083008,5084914,
2022-05-16,53.16588378437682,53.884114501728256,52.90170573805761,53.7190055847168,3604467,
2022-05-17,53.61993412954634,54.3216627426599,53.46308255473961,53.72726058959961,3104868,
2022-05-18,53.72726459647159,54.96560040819941,53.586921382782826,54.80874252319336,4295217,
2022-05-19,54.28038739237546,54.85002389155745,53.23193249089012,53.45483016967773,5322458,
2022-05-20,53.49610833771559,54.536305860372856,53.4713363313177,54.48677444458008,3972097,
2022-05-23,54.38770599155148,55.03164589738129,53.99969939884205,54.89129638671875,3639918,
2022-05-24,54.90781272327142,55.43616884266901,54.4454963949222,54.47851943969727,3186561,
2022-05-25,54.47851581370179,55.93149819458807,54.38770402124006,55.60953140258789,4202738,
2022-05-26,55.62604437960728,55.98103424357228,55.32059223285959,55.64255905151367,2402005,
2022-05-27,55.56000417306265,55.576512546344034,55.14722555750796,55.3040771484375,2268551,
2022-05-30,55.312329777398034,55.74161672970295,54.67665353487895,55.213260650634766,2627026,
2022-05-31,55.12244560790843,55.47743541807936,54.40421495136557,54.701416015625,4678089,
2022-06-01,55.10541967464456,55.10541967464456,53.96307327195773,54.38079833984375,3796505,
2022-06-02,54.24439389224057,54.69621958750893,53.97159506778574,54.33816909790039,3160183,
2022-06-06,54.06536784039087,54.36374379492077,53.70732059737726,54.15061950683594,5256040,
2022-06-07,54.15062190093117,54.98606875691807,53.77552430804482,54.781471252441406,5764133,
2022-06-08,54.78998864684048,55.50608963073278,54.38931720006698,55.420841217041016,3795029,
2022-06-09,55.25886572726122,56.43530946823059,55.15656372646672,56.03464126586914,5496809,
2022-06-10,55.80446515840394,56.827465686653845,55.73626382237981,55.838565826416016,6748344,
2022-06-13,55.81298941751268,56.14546278548936,54.73884118802959,54.9263916015625,3563958,
2022-06-14,54.474569174484905,54.85819029029033,54.29554230148802,54.72179412841797,4509513,
2022-06-15,54.78999048437525,54.9690206143804,54.21881893904388,54.26996994018555,5940677,
2022-06-16,54.24439212306592,54.38079153084468,53.31517014131732,54.0909423828125,5646216,
2022-06-17,53.66469532913785,54.07389356392808,53.366319380507264,53.53681945800781,6019731,
2022-06-20,53.49419621705219,53.5794446313317,53.127622182016886,53.32369613647461,5397141,
2022-06-21,53.37484656175798,54.11651816446621,53.28107135584872,53.86929321289063,5603808,
2022-06-22,53.80109016390769,53.82666403515075,52.002320840733184,52.30069351196289,10324315,
2022-06-23,52.053479055807465,52.5138250621302,51.7636298841131,51.96822738647461,6161437,
2022-06-24,51.9426494407199,52.0790488489436,50.97932679087966,51.61017608642578,13605739,
2022-06-27,51.52492906243146,51.66132848293485,50.99638171448316,51.422630310058594,11008864,
2022-06-28,51.35443305938827,51.52492989877094,51.04753354526945,51.23508071899414,12502835,
2022-06-29,51.14982980196593,52.24955192319266,51.05605459367269,52.00232696533203,11050291,
2022-06-30,51.71247591866466,51.7636269173327,51.15835148182554,51.57607650756836,9054543,
2022-07-01,51.51640493558588,51.90002931764509,51.32033097409309,51.86592864990234,6630988,
2022-07-04,51.87445278072256,51.96822799207215,51.320331557685726,51.422630310058594,5350630,
2022-07-05,50.9793301542506,50.9793301542506,49.09531218760654,49.80288314819336,42555252,
2022-07-06,49.53008537118465,50.45078389610804,49.36811207603051,50.21208572387695,17580040,
2022-07-07,50.08420683882269,50.46783120118333,49.6323843964971,50.229129791259766,9127399,52.349312941233315
2022-07-08,50.13535783781028,50.67242869309667,49.77730734893418,50.229129791259766,7755932,52.36969525019328
2022-07-11,50.23765415098609,50.94522504994816,49.93075467595932,50.791778564453125,6934544,52.38925205866496
2022-07-12,50.72357723577236,51.345899725901816,50.52750329384266,50.791778564453125,7315811,52.41611181894938
2022-07-13,50.7832555160411,52.51382370866176,50.72358097505546,51.746578216552734,9027694,52.434853585561115
2022-07-14,51.75510480946103,52.087578200850736,51.149832571186494,51.286231994628906,5324933,52.46643664042155
2022-07-15,51.38852797343878,51.38852797343878,50.02453381269121,50.118309020996094,7982286,52.49404586156209
2022-07-18,50.11831248170415,50.79178606783526,49.376637556817,50.71506118774414,6635858,52.51398626963297
2022-07-19,50.57012830244866,50.808826452590544,50.467829559819045,50.70652770996094,3776772,52.54000034332275
2022-07-20,50.70653146601876,51.86592814176399,50.62128304951575,51.456729888916016,6592509,52.56628732681274
2022-07-21,51.41410581080577,51.87445181391333,50.91113234732017,51.53345489501953,5775311,52.59868834813436
2022-07-22,51.4482022715324,52.00232672597729,51.21803090025934,51.64427947998047,4343815,52.632003943125405
2022-07-25,51.516400883518536,51.72099836984488,51.00490391568426,51.61017608642578,3797669,52.66589908599853
2022-07-26,51.53345380710188,51.7892023038778,50.9111312725403,51.56755447387695,5817763,52.6998540242513
2022-07-27,51.44820551515773,51.61870560819931,50.60423509523098,50.61275863647461,5459808,52.72925723393758
2022-07-28,50.740633070396655,50.82588148847385,50.21208572387695,50.21208572387695,6446095,52.75483153661092
2022-07-29,50.126834387734384,50.34848547944166,49.61533737182617,49.61533737182617,4474286,52.77679173151652
2022-08-01,49.64091091629995,50.28028380793496,49.37663561703075,50.21208572387695,7562368,52.79412301381429
2022-08-02,49.84551154423077,50.19503526067764,49.12088698436474,50.13536071777344,8017047,52.81642719904582
2022-08-03,49.913706116032856,50.10125652454582,49.49598434509566,49.53860855102539,4167941,52.83417065938314
2022-08-04,49.70058466739778,51.55902876963144,49.48746037358217,51.53345489501953,11038226,52.82527030309041
2022-08-05,51.47378380258109,52.64170410039709,51.28623337080813,52.13020706176758,8838444,52.790821425120036
2022-08-08,51.91708001208432,52.590550318578174,50.595706770034575,51.06458282470703,7408341,52.7711833635966
2022-08-09,51.14130842085051,52.17282925159879,50.97933187167899,51.83182907104492,6227673,52.7384685198466
2022-08-10,51.6357561916275,52.25807877001338,51.36295734225338,51.7977294921875,3984923,52.73003444671631
2022-08-11,51.82329723799536,52.39446870921172,51.814770446235535,52.30069351196289,5474640,52.72895263036092
2022-08-12,52.88040281122606,54.45752465806795,52.82925505806527,53.85224914550781,15021133,52.72793439229329
2022-08-15,53.84372084564612,54.551295054016144,53.56239847206644,53.86077117919922,8084989,52.75099077224731
2022-08-16,53.70732011318163,54.13356868550847,52.94007138218591,52.9912223815918,4772651,52.76778895060222
2022-08-17,53.00827284758147,53.25549780063511,52.55645040042855,53.06794738769531,3771886,52.77231874465942
2022-08-18,52.85482375764225,53.80961966334414,52.67580013507663,53.45157241821289,4341554,52.785949834187825
2022-08-19,53.11056685867634,54.68768839081503,53.11056685867634,54.2358627319336,6465901,52.79734290440877
2022-08-22,54.235873138422455,56.009065694808896,53.96307428359377,55.58281707763672,9397839,52.82469685872396
2022-08-23,55.42084052042432,55.56576347228239,54.81556833557267,55.34411239624024,5282566,52.867816003163654
2022-08-24,55.31001354826699,55.668067299499285,54.21881822117493,54.73884201049805,5582933,52.91252333323161
2022-08-25,54.61096782445357,56.17956603369275,54.61096782445357,55.63396835327149,7002408,52.95335626602173
2022-08-26,55.41231276842486,55.88118878577244,55.09688649275133,55.55723571777344,4947388,53.000891812642415
2022-08-29,55.156559544418535,55.5657610125331,54.397840900840656,54.40636444091797,5485501,53.03698689142863
2022-08-30,54.68768894850781,54.84965897086137,53.64764147091427,54.64506149291992,5028378,53.0658304532369
2022-08-31,54.62802422129688,56.06874012152179,54.48309800071748,54.57686996459961,9841575,53.09824546178182
2022-09-01,54.66211942389992,55.480515904787104,54.58539129854706,54.95196533203125,4443707,53.133050537109376
2022-09-02,54.951970276792885,55.26739659111632,54.31259735881339,54.71327209472656,3613467,53.176553853352864
2022-09-05,54.71327036288409,56.4353118390244,54.55129706618302,55.49756622314453,8243615,53.22061354319255
2022-09-06,55.99295627008206,55.99295627008206,54.69344946353803,55.28173828125,7477677,53.269626744588216
2022-09-07,55.13247379423547,55.98417559049823,54.87783981362564,55.9051513671875,4676328,53.31367667516073
2022-09-08,55.86125122347459,57.2310033467916,55.66808349993276,56.90612411499024,6565543,53.372759596506754
2022-09-09,56.85344417488108,58.03002188902486,56.85344417488108,57.39783477783203,5644748,53.425874360402425
2022-09-13,57.35392807649618,57.687582933257104,56.41441972031834,56.88856506347656,4800358,53.48432499567668
2022-09-14,56.38808233036367,56.74807749710923,55.80857244206576,56.23003387451172,4274263,53.533371988932295
2022-09-15,56.23003600598314,56.721739354403205,56.00174229466423,56.528568267822266,4643904,53.57053321202596
2022-09-16,56.40563783520699,56.528563662296925,55.71198447527411,55.75588607788086,5982783,53.59951871236165
2022-09-19,55.75588954637821,56.7217382617212,55.34320708735165,56.511009216308594,5878159,53.62007007598877
2022-09-20,56.55491526059251,56.97637335953666,56.06320521321674,56.528568267822266,3894455,53.631778971354166
2022-09-21,56.28271134627085,56.7129517360263,56.11588391853593,56.19490814208984,3234464,53.648793919881186
2022-09-22,55.99295475209363,57.02904522762614,54.912959327612654,56.651485443115234,6222081,53.64789317448934
2022-09-23,56.44076530083065,60.48855570883764,56.37930238201093,60.05831527709961,14208603,53.652173137664796
2022-09-26,59.67196972838252,59.847582842906576,57.65246915352101,58.11783218383789,11464658,53.68924633661906
2022-09-27,58.19685218615486,60.24269972165172,58.056368395603165,59.85635757446289,9898948,53.71358868281047
2022-09-28,59.2680676444968,60.82220513741224,58.855385212768965,58.90806579589844,9532239,53.74196170171102
2022-09-29,58.82905126501013,59.68953884299413,58.583199585287794,59.26807403564453,4243001,53.76931193669637
2022-09-30,58.84659744660259,60.55000759928976,58.39001680409551,59.99684143066406,4969520,53.79966224034627
2022-10-10,59.90904449277904,63.45634224481504,59.77733633440693,62.46415328979492,13508961,53.82108793258667
2022-10-11,62.323672126226114,63.08756741885313,61.18221030417715,62.297325134277344,6582936,53.86789026260376
2022-10-12,61.80561630971874,63.65829267379666,61.80561630971874,62.45536804199219,6528262,53.91268329620361
2022-10-13,61.91098734202474,62.81537309518562,61.428059658805225,61.972450256347656,7089132,53.950124963124594
2022-10-14,61.97244697935697,62.40268735686705,60.04074304757914,60.46220779418945,10993038,54.001154200236
2022-10-17,60.30416856093317,61.87587089719613,60.14612009418728,60.82221221923828,7247399,54.059961795806885
2022-10-18,60.47977197344283,61.66513876437036,59.970510671743455,60.5324592590332,7073090,54.11530256271362
2022-10-19,59.97050165178714,61.77049064695351,59.80367088726196,61.6387825012207,7735290,54.16554568608602
2022-10-20,61.11196899715792,62.78025688350375,60.11099760514161,60.70806884765625,8523095,54.22493934631348
2022-10-21,58.82904494258838,60.91879069459678,57.95099949568408,59.575382232666016,9884161,54.28675889968872
2022-10-24,59.7070871270238,60.37440350591552,58.60074804866867,58.995872497558594,7927420,54.330539830525716
2022-10-25,59.03099930932072,59.566600877662026,57.36271159309976,58.38124084472656,7407573,54.369353993733725
2022-10-26,58.38124621233935,59.26807408547408,57.78417497581634,58.19685745239258,6913842,54.41501677831014
2022-10-27,58.319780986468906,60.44464950636196,58.00368406792797,59.7509994506836,8195235,54.459693400065106
2022-10-28,59.53148999112985,60.049533641616506,58.71490737509287,58.81149291992188,5874102,54.51202389399211
2022-10-31,58.50417205435799,59.61929364416134,57.933447811198064,59.00465774536133,6134719,54.55521806081136
2022-11-01,58.62709910946061,61.6827006066248,58.62709910946061,60.93636322021485,8556691,54.60277376174927
2022-11-02,60.76074423949071,61.61244942276143,59.601724479512846,60.514892578125,9172297,54.67034838994344
2022-11-03,60.51489192214938,60.51489192214938,58.74124302798344,58.96075439453125,8497799,54.72993901570638
2022-11-04,58.83782727276486,60.36562447467092,58.65343853278957,59.575382232666016,8697797,54.78338934580485
2022-11-07,59.36465678981679,59.56660350339795,57.871982119426654,58.07392883300781,9027918,54.849941953023276
2022-11-08,58.09149262311352,58.65344119875805,57.84563425968303,58.486610412597656,6347905,54.89937302271525
2022-11-09,58.46904649599004,58.53929174357896,57.96856083009109,58.18807220458984,4390751,54.94385000864665
2022-11-10,58.03880322651195,58.33734216462134,57.88953710693485,57.92465972900391,4717389,54.98109223047892
2022-11-11,58.51295108889174,58.89929324928792,57.81929434588745,58.53929138183594,7318837,55.01607055664063
2022-11-14,58.53928683719803,58.565627128097326,56.71295074669062,56.98514938354492,9768568,55.04715846379598
2022-11-15,56.64271326619906,57.67880715438328,56.64271326619906,57.2661247253418,7248852,55.076577790578206
2022-11-16,57.274907248624565,57.77539288364993,57.072953849003234,57.29246520996094,4583067,55.09973904291789
2022-11-17,57.3363732485493,57.84563454218236,56.642716506703984,56.92369079589844,6720349,55.119748783111575
2022-11-18,57.05539745895914,58.71490285758537,56.87978434598357,58.17929458618164,9448004,55.14012521107991
2022-11-21,57.99490616128888,59.294409709691095,57.96855916998092,58.09149169921875,7062190,55.16153990427653
2022-11-22,57.9597772362887,62.44658965059578,57.86319170886099,61.55097961425781,24625650,55.18194767634074
2022-11-23,61.190993952720206,61.41050533099921,59.70709489188835,60.20758056640625,8507700,55.23400519688924
2022-11-24,59.917820102997446,60.75196730642347,59.68953310745177,59.80367660522461,4996363,55.27562452952067
2022-11-25,59.733438302137074,63.32464812161561,59.40856573266501,63.21928024291992,14556390,55.318143367767334
2022-11-28,62.78024231715783,63.570484469332506,62.36755993219136,63.48268127441406,8913597,55.391797383626304
2022-11-29,63.35098016749785,63.57049152864722,61.99000704878974,62.47293472290039,9530607,55.46800165176391
2022-11-30,62.50806527486628,66.73146225553066,62.07781812918101,64.80854034423828,15819291,55.53735427856445
2022-12-01,64.56268546380899,67.89926109096963,63.66708198857842,64.89634704589844,17857940,55.62091318766276
2022-12-02,63.895367444069535,64.79097759646635,63.22805769403695,63.60561752319336,8239610,55.69987573623657
2022-12-05,63.82513055821087,68.31194367079985,63.82513055821087,68.12754821777344,16843820,55.76296720504761
2022-12-06,67.43389709773781,69.57632356302486,67.31097126362116,67.44267272949219,12718188,55.86537539164225
2022-12-07,67.08267551311869,67.4338950422989,64.4134164698865,64.6241455078125,12728776,55.969677734375
2022-12-08,64.58901131354803,64.58901131354803,62.86804329773604,63.17535781860352,8685602,56.05219732920329
2022-12-09,63.201714544492205,64.44853747783316,62.86805298560155,64.000732421875,7522790,56.12640889485677
2022-12-12,63.210497329800816,65.99390681719376,62.95586331618034,64.755859375,8789151,56.208990478515624
2022-12-13,64.36073652545696,65.85341116562905,63.90414912329357,64.44853973388672,4992278,56.302482477823894
2022-12-14,64.67683432731826,64.67683432731826,63.113907720301015,63.3685417175293,5337517,56.39518950780233
2022-12-15,63.02609583815092,63.91292354109537,63.02609583815092,63.08755874633789,3681871,56.474349912007646
2022-12-16,62.762696003297705,63.00854767426856,61.99879399796204,62.323673248291016,6744415,56.56424045562744
2022-12-19,62.42902515699248,62.543175343684645,60.35683752498035,60.39196014404297,7608404,56.650535837809244
2022-12-20,60.57635408331407,61.23488817476596,59.87392173847184,60.58513641357422,6241444,56.72371737162272
2022-12-21,60.53245582992373,61.23488817476596,60.40953000210246,60.58513641357422,4384022,56.80007158915202
2022-12-22,60.830986706544365,62.2270824326052,60.34806573633732,61.05928039550781,8233218,56.877988719940184
2022-12-23,60.84855747225939,61.04172186035143,59.92660699278805,60.98025894165039,5061318,56.953463331858316
2022-12-26,60.67293888189355,62.543179966217416,60.602693638576525,62.47293472290039,6813035,57.031831518809
2022-12-27,62.630986657802325,63.70220323168293,62.077813709577306,63.228057861328125,4782015,57.12022323608399
2022-12-28,63.03488135442029,63.54414930454747,61.9022019614636,62.34122467041016,4141370,57.21860179901123
2022-12-29,62.16561764313051,62.30610142512834,60.24269605355858,60.40952682495117,7649500,57.323087978363034
2022-12-30,60.23391420043038,60.444643224572175,59.25050762179871,59.41733169555664,9531833,57.40806665420532
2023-01-03,59.41732493724323,63.37731118886165,59.2680588412439,63.17535781860352,12678466,57.484635003407796
2023-01-04,63.04366438119792,64.86999377939827,62.78024807333619,64.42219543457031,9235592,57.592520236968994
2023-01-05,64.15878301732577,66.64365333586409,64.15878301732577,64.96658325195312,10953241,57.70610704421997
2023-01-06,64.84364256751033,65.00169098581803,63.21926013981962,64.50120544433594,7900872,57.824230416615805
2023-01-09,64.43976372264656,65.54610301442987,64.21146999917723,64.39585876464844,6321712,57.93051897684733
2023-01-10,64.3958531918981,64.90512118519814,63.754883733913125,64.1500015258789,3319015,58.03976586659749
2023-01-11,64.08853399020012,65.40560213376583,63.991948457088895,65.22999572753906,6012511,58.15669663747152
2023-01-12,65.23877621844984,67.53925089036284,64.79975351630404,66.68754577636719,8970698,58.27765442530314
2023-01-13,66.77535247393699,67.69729608486112,65.69535373090646,66.24851989746094,10225574,58.410829575856525
2023-01-16,66.24853452015168,66.24853452015168,64.26415638685393,64.80854034423828,10275386,58.5340944925944
2023-01-17,64.81730591679703,65.15096073018307,64.00950582189128,64.47486877441406,5730078,58.64472020467122
2023-01-18,64.47487944924183,65.94121378365166,64.43975682639332,65.43194580078125,6051688,58.751641782124835
2023-01-19,65.33537588553128,65.94122279029105,65.13342245130718,65.4846420288086,3425773,58.86682319641113
2023-01-20,65.5460905624559,69.23387856921282,65.43194037292865,68.37339782714844,13139136,58.982798926035564
2023-01-30,69.33925727144776,69.54120399395819,66.30122051104911,66.38024139404297,11875337,59.130804252624515
2023-01-31,66.03780100097393,66.99487407580541,65.96755575349069,66.8719482421875,5224703,59.26553888320923
2023-02-01,66.72267150858886,68.66315113870944,66.4680375255927,67.65340423583984,10186554,59.40934397379557
2023-02-02,67.62705446044156,68.55778714936447,67.17925612505401,67.26705932617188,5816252,59.5546882947286
2023-02-03,66.9070705665294,68.53146024991095,66.42414951654139,68.32072448730469,6813433,59.69745244979858
2023-02-06,67.82901216817854,69.5411981452689,67.82901216817854,68.79486083984375,7906539,59.85397008260091
2023-02-07,68.71583681257117,68.86510292702064,66.99486858403773,67.43389129638672,6980003,59.99781513214111
2023-02-08,67.44266554498795,67.94315115884895,66.66998799871537,66.97730255126953,3733852,60.12534583409627
2023-02-09,66.73145544781563,67.54803799954317,66.55584903411402,67.34608459472656,5162166,60.25795183181763
2023-02-10,67.17046383611779,67.52168328746997,66.50314754844406,66.81924438476562,6256341,60.387237294514975
2023-02-13,66.8280378430564,67.24072026470336,66.63486677769357,66.90705871582031,5445031,60.51241658528646
2023-02-14,66.95096631560573,67.43389399812006,65.60755783382706,66.08170318603516,6881437,60.634136295318605
2023-02-15,65.41437731291118,66.98607926296168,64.97535464638158,66.7314453125,11016542,60.736048412323
2023-02-16,66.39780358294196,71.99973150023898,66.36268095882328,68.31194305419922,21309683,60.843304030100505
2023-02-17,68.05731967258842,68.92658298355211,66.24854109250661,66.55586242675781,10356104,60.97097670237223
2023-02-20,66.89828668586233,71.56070600064346,66.89828668586233,70.8758316040039,18530291,61.083375994364424
2023-02-21,70.94607613539266,71.08655992610583,69.10217530274822,70.24363708496094,13060248,61.228578154246016
2023-02-22,69.36560099887072,69.75194319873295,68.40853452970173,68.61048126220703,7791948,61.36197627385457
2023-02-23,68.49633323383644,69.18120767103237,68.09243309648899,68.64559936523438,5485670,61.47054014205933
2023-02-24,68.67192731329979,68.74217255037216,67.96949503943968,68.39095306396484,5521943,61.58138586680094
2023-02-27,68.31193794888314,69.76070756651016,67.85535056841898,68.92656707763672,7844377,61.69515345891317
2023-02-28,70.2436436777355,71.73631842630503,69.49730630345074,70.77046966552734,17739676,61.805925114949545
2023-03-01,70.70021816333052,75.46800532438398,70.3138827125498,74.29142761230469,25567788,61.93270206451416
2023-03-02,73.66801781704955,75.75776366783171,73.31679828189607,74.39679718017578,14879336,62.09841092427572
2023-03-03,74.2299740676322,78.12849858285108,73.80850924208578,76.30216217041016,17193423,62.263008721669515
2023-03-06,77.28556097073619,82.17627407502064,76.82898026413544,78.6728744506836,26026986,62.4440528233846
2023-03-07,78.49726180763648,79.90213313841096,74.79190906718728,75.8280029296875,28019604,62.64172706604004
2023-03-08,74.89728294484213,77.79482904124093,74.45826020002818,77.75093078613281,20081165,62.81768315633138
2023-03-09,76.85531837590712,82.07091057463478,75.21337764590415,79.55970001220703,26734693,63.003127861022946
2023-03-10,78.78702529816708,82.43090874715045,77.90897980222786,78.49726867675781,20963344,63.205444208780925
2023-03-13,79.2436075113153,86.34699249267578,79.2436075113153,86.34699249267578,34548575,63.39371185302734
2023-03-14,86.34699715551803,88.3138240331804,84.90700297302422,86.1977310180664,31987700,63.63905242284139
2023-03-15,86.19772334962705,87.33918515566933,83.41432077977746,87.12845611572266,26950883,63.87905155817668
2023-03-16,86.048459542401,90.19283540035772,85.70602233115892,87.85723114013672,30073345,64.13105065027872
2023-03-17,87.08454772071765,88.90210152845225,86.13625702999826,88.77039337158203,27671591,64.39461062749227
2023-03-20,88.15575332340443,88.57721133446147,80.07773218999554,80.74504852294922,51813170,64.66329250335693
2023-03-21,80.08652551441357,81.39481137266344,79.12067684926966,80.42896270751953,29725289,64.8715355237325
2023-03-22,80.05139537536645,82.0796847505634,78.82213050835867,80.83285522460938,27238703,65.07085180282593
2023-03-23,80.27970854444133,82.47482251897057,79.21727418464394,81.72848510742188,32240540,65.27338752746581
2023-03-24,81.5704265370461,81.64944741484949,77.3382475859433,79.77921295166016,44503932,65.48616733551026
2023-03-27,78.94507326193079,79.15580230393145,76.16166396599557,77.2240982055664,35308484,65.67889839808146
2023-03-28,77.23287517344214,78.40945953240585,76.7411718765973,77.6718978881836,25509285,65.82194658915202
2023-03-29,77.09239821831112,78.48848735937939,75.5558185805802,77.97044372558594,22288996,65.98489713668823
2023-03-30,77.26800648525071,77.67190662436711,74.44948114347024,75.8104476928711,25943630,66.13584785461425
2023-03-31,75.85435237068185,79.7001893586515,75.85435237068185,78.99775695800781,25505487,66.27670103708903
2023-04-03,78.40946252800137,82.09725079313776,77.42604919778589,81.4123764038086,31470563,66.44111506144206
2023-04-04,80.7801911752423,87.18114408419872,80.48165890161526,85.33724975585938,36110611,66.61957785288493
2023-04-06,83.86213295339671,86.4523646647596,82.71188871941571,85.33724975585938,19496608,66.81018699010214
2023-04-07,84.8982199669975,86.82991735165497,84.10797769183566,84.74894714355469,14307820,67.00218636194865
2023-04-10,84.766511607568,87.29528018325126,83.99383399529253,85.38992309570312,19096731,67.187966187795
2023-04-11,85.41626584648523,85.41626584648523,81.65823214847435,83.0543212890625,17956868,67.38311179478963
2023-04-12,82.71188169692411,86.5752831562123,82.35188653288232,85.38992309570312,16586896,67.57137940724691
2023-04-13,84.99481002212457,86.32943628078924,83.19481400522602,83.50212860107422,15602637,67.77611033121745
2023-04-14,83.50211741984181,87.45332177755314,83.01041413232552,86.3118667602539,18435234,67.96752424240113
2023-04-17,86.30308809881376,90.43868136513106,85.34601507469695,90.2718505859375,26066336,68.17313327789307
2023-04-18,90.17526873316756,93.0728215165674,88.68259408654063,92.7918472290039,25030772,68.41949812571208
2023-04-19,91.75575102752592,92.15965113726529,88.48942082820604,89.2796630859375,19477417,68.69630200068156
2023-04-20,88.57722004592684,91.53623553925112,87.48844559483642,90.17526245117188,21582400,68.94866692225138
2023-04-21,89.24453991264136,92.63379592013818,87.70796035946371,88.93722534179688,22776117,69.2136171023051
2023-04-24,88.06795818658928,90.34209260581822,87.18991276777564,88.5069808959961,14958334,69.4697868347168
2023-04-25,88.08551832234534,90.7898998868144,87.36552132909891,89.47283172607422,16921914,69.70942001342773
2023-04-26,88.67380786639039,89.02502738517774,84.29236295911863,85.59187316894531,18462293,69.96493117014568
2023-04-27,84.71382652754221,87.80454351161069,84.33626672248408,87.27771759033203,11589552,70.18649129867553
2023-04-28,86.92649751573128,89.20941429251505,86.72454411941716,88.78795623779297,12243268,70.40600258509318
2023-05-04,88.65625278484653,91.31672950533248,87.71674439347103,91.17623901367188,15569863,70.64161144892374
2023-05-05,90.48259251669312,91.76453815786633,88.62991595402944,89.5343017578125,10968419,70.91007382074991
2023-05-08,90.5264818297224,96.22499475294944,89.56941553353532,94.52159118652344,25940933,71.15973148345947
2023-05-09,94.10891359268236,94.38988787467667,90.43868326596927,91.07087707519533,14761150,71.46346200307211
2023-05-10,90.52648576253232,91.56257967530858,89.20941756996699,90.43868255615234,11072084,71.73499755859375
2023-05-11,89.86795349617655,89.99966165790603,86.00455204619244,87.7606430053711,17527173,72.00375264485677
2023-05-12,87.69040337860642,88.64746972407725,84.29236500280686,84.41529083251953,18704576,72.2523858388265
2023-05-15,83.853337629706,85.77625924362347,81.201643408223,85.09138488769531,22099593,72.4680191675822
2023-05-16,84.73138030664126,85.35479173092953,82.69431526567294,82.73822021484375,13321713,72.70223779678345
2023-05-17,81.65823317990228,81.8338396039327,79.19970304974231,79.98116302490234,24762835,72.91450525919596
2023-05-18,80.35871677732592,82.25529816814905,79.98993929542871,81.13140106201172,18408280,73.10357774098715
2023-05-19,80.85919647241028,82.44846317815134,79.79676235802694,81.75480651855469,13252758,73.30530865987141
2023-05-22,81.57042818530988,84.01139360035043,80.95579231672383,82.94895935058594,13727736,73.50177125930786
2023-05-23,82.53627314898684,83.67773492531023,80.40262241558142,80.42896270751953,12777300,73.70891682306926
2023-05-24,80.20944298696553,80.97334486836779,79.12066860689634,79.27871704101562,13184111,73.86623334884644
2023-05-25,79.36653258966389,80.42896684588383,78.09336928814099,80.3411636352539,13517365,74.02515948613485
2023-05-26,79.9021370848552,83.0630994099595,79.82311620873132,82.33432006835938,18001541,74.1963052113851
2023-05-29,82.36067225691623,84.283587385788,82.36067225691623,82.931396484375,11275556,74.35559720993042
2023-05-30,82.46603728033314,85.08261599327503,81.8514080687139,84.69627380371094,14645565,74.5176698366801
2023-05-31,84.30992363694992,86.05723895700194,84.02894935265822,84.64358520507812,12526703,74.70286432902019
2023-06-01,84.55578858443752,86.93529120529966,84.2748142782571,86.78601837158203,14426751,74.86815636952718
2023-06-02,86.92650309021596,87.76064362210556,85.60943486157632,87.18113708496094,9885065,75.05057029724121
2023-06-05,87.24259342203418,87.50600972748003,85.38991705087516,85.60942840576172,9006593,75.24703296025594
2023-06-06,85.6972273581532,87.24258909562668,85.48649834361963,86.33820343017578,8566943,75.39271529515584
2023-06-07,86.63356908459383,87.45796631954872,85.03853757104457,85.88981628417969,7834327,75.55017805099487
2023-06-08,85.84500331215541,87.52964178089654,84.993717889234,86.83069610595703,7954290,75.72739197413127
2023-06-09,86.6514876280695,91.9921646118164,86.17656328353496,91.9921646118164,14658557,75.92451979319254
2023-06-12,90.21790472806669,91.4007375285013,88.8916949401413,89.42935180664062,10116903,76.15778172810873
2023-06-13,89.330779650577,90.10141384800149,86.47226427090736,87.38626861572266,14509006,76.36339416503907
2023-06-14,87.18913072883754,87.27873792060906,85.87188381636562,86.47225952148438,12200998,76.55454190572102
2023-06-15,86.75004808997828,87.71782221603952,85.97941389736553,87.07263946533203,10956828,76.74707288742066
2023-06-16,87.06368367638598,87.18913511850025,85.3073498136046,85.7912368774414,14497105,76.94694856007894
2023-06-19,85.82707577674591,86.4543397848332,83.38972190477459,86.02421569824219,17282331,77.14251159032186
2023-06-20,85.66578468153064,86.07798325007772,84.21413033938457,84.68009185791016,11650932,77.35611371994018
2023-06-21,83.86465104811978,84.20516796382297,82.43987817428005,82.73558807373047,15071789,77.55690501530965
2023-06-26,81.83054247873872,85.12813799232616,81.6692467859212,83.37181091308594,13407232,77.74149211247762
2023-06-27,83.82882038846638,86.20344203605752,83.15675611010859,84.63529205322266,13678925,77.92742986679077
2023-06-28,84.25892708565316,84.57255567540011,83.13882009613508,83.73023986816406,9122976,78.12455514272054
2023-06-29,83.20155091671667,84.81450781517924,83.20155091671667,84.24996948242188,8317191,78.30169935226441
2023-06-30,83.82881113527806,84.40230537591266,83.24635412434245,83.60478973388672,8252287,78.47688194910685
2023-07-03,83.60479274682567,85.86292554612888,82.81623301009212,84.94892120361328,14319844,78.65407832463582
2023-07-04,84.62632145818519,85.57616995267355,84.50982596136592,85.29838562011719,9382223,78.85857327779134
2023-07-05,85.13710011867653,85.61202442265744,84.07971877078674,84.518798828125,8712291,79.07424872716268
2023-07-06,84.50983424717306,85.30734991726462,83.98114700284779,84.42022705078125,6211577,79.25211073557536
2023-07-07,84.05283839032717,84.68009562327052,83.23739715090973,83.5062255859375,6129118,79.41876099904378
2023-07-10,83.66751451971778,84.53671180468643,82.95960607882515,83.3359603881836,5378691,79.57325801849365
2023-07-11,83.36284241953773,84.2141278429768,83.23739098224618,83.64958953857422,5377311,79.73021430969239
2023-07-12,83.64958471915095,83.64958471915095,81.31976365663697,81.45417785644531,14199468,79.89066206614176
2023-07-13,81.90221688828333,82.84310257076062,81.36456695021204,82.35922241210938,9602328,80.03486353556315
2023-07-14,82.3502720928068,87.68197894268249,82.34130932211679,85.44176483154297,29233523,80.1776070912679
2023-07-17,85.39696149042356,87.29665861093702,84.59048307294586,85.37903594970703,13732359,80.33389225006104
2023-07-18,85.03853029075296,85.8629274551298,84.68009466032228,85.2267074584961,5558606,80.49331321716309
2023-07-19,85.2267061495381,86.2303245320117,84.88619606598375,85.35215759277344,4571380,80.6634646097819
2023-07-20,85.43279960917843,85.68370932516204,84.69800967527466,84.85034942626953,5756959,80.83744201660156
2023-07-21,84.68009277761941,85.44176420248088,84.09763574569327,84.94892120361328,4489395,80.99926204681397
2023-07-24,84.85034720148298,86.79485130238346,84.41126033746761,86.5170669555664,9176283,81.16146437327068
2023-07-25,87.3593880321778,87.59237221523105,85.1281366797642,85.57617950439453,10662102,81.31266161600749
2023-07-26,85.57617752972298,85.78228023239713,84.50087751005911,84.76969909667969,4836577,81.47262776692709
2023-07-27,84.76969812685783,85.26254795157655,84.19620387805283,84.41126251220703,5418019,81.62177569071451
2023-07-28,84.09762967191047,85.75538661490218,83.24635111206322,85.18189239501953,11629817,81.76142450968425
2023-07-31,85.3073475257804,85.48656875013063,83.77504194968691,84.00802612304688,13827420,81.91071478525798
2023-08-01,83.87361158425257,84.64424575445281,83.56894575894071,84.49191284179688,6213529,82.04144229888917
2023-08-02,84.30373367690284,84.4291851121722,83.63166948656387,83.68543243408203,5122469,82.1722510655721
2023-08-03,83.60479436611193,84.43815429892469,83.49726162631349,83.90049743652344,5542838,82.3076805750529
2023-08-04,84.21412950662128,87.36834787833403,84.1424410162983,86.83966064453125,19546505,82.44870719909667
2023-08-07,86.03318213770143,86.57979491185823,85.48656936354463,86.31096649169922,6925485,82.61115366617838
2023-08-08,86.29305148381867,87.21601861646107,86.02422305214432,86.68732452392578,5112942,82.77358468373616
2023-08-09,86.6425282538818,86.91134986109914,86.13175967991845,86.22136688232422,3953259,82.93842023213705
2023-08-10,86.60668060928451,87.57445476513438,86.2572077479928,87.35043334960938,6762956,83.10625076293945
2023-08-11,87.63717660137537,90.02076080182391,87.0995197586872,87.81639099121094,15543222,83.2780756632487
2023-08-14,86.92031407764685,89.78778562186048,86.83070687375105,89.24117279052734,13527029,83.44061272939047
2023-08-15,89.25909833326136,89.7698669157179,88.40781964136427,89.24117279052734,8538466,83.62965698242188
2023-08-16,89.02610812291664,89.78777955949073,85.1370996763714,86.46330261230469,12083414,83.78270149230957
2023-08-17,85.89876968713973,86.54395243946448,85.12813549259529,86.31993103027344,6731358,83.9178653717041
2023-08-18,86.29304270034628,86.732122713237,84.41125754334826,84.59944152832031,5905876,84.06544411977133
2023-08-21,84.85930598862339,88.59598824225702,84.76969879340379,87.2428970336914,12186847,84.19839280446371
2023-08-22,87.82535084683643,90.48672615076944,87.03679114991375,90.01179504394531,15923518,84.35549233754476
2023-08-23,89.51895894793037,90.05660897749271,88.63183605732294,88.9006576538086,8430205,84.53120257059733
2023-08-24,89.03507392778312,89.38454679690386,86.93822987646742,87.80743408203125,9348187,84.68228747049967
2023-08-25,86.92030264907848,88.04040964197898,86.08694277289689,87.44898986816406,7898241,84.7949208577474
2023-08-28,90.45983449256562,90.88995856920478,87.81638482680307,88.30923461914062,11308511,84.9036891301473
2023-08-29,88.08521233664233,89.44725936511486,87.61028125220703,88.13001251220703,9499014,85.00374806722006
2023-08-30,88.20170370546921,88.52429506043792,87.68197242950959,88.40780639648438,7706178,85.08255755106607
2023-08-31,88.53326450190264,90.3971174485623,88.26443607364097,90.03868865966797,12446583,85.18738924662271
2023-09-01,90.07048286630969,90.07048286630969,88.27438903874224,88.79672241210938,8815734,85.28978722890218
2023-09-04,88.87919136984583,91.00518066148278,88.87919136984583,89.78640747070312,8987345,85.36676241556803
2023-09-05,89.77724661058075,89.80473673789926,88.51264482284614,88.87919616699219,6180555,85.46083857218424
2023-09-06,88.76923410305176,88.78755852381471,87.27553862530897,88.01780700683594,6052788,85.48194026947021
2023-09-07,87.96281046893851,88.88835092585727,87.60542487504222,88.25605010986328,4910735,85.49710756937662
2023-09-08,87.98115589982204,90.60198866697364,87.70624063391386,89.50233459472656,7726581,85.50650418599447
2023-09-11,90.17128470103776,90.90438037045678,89.4840035783033,90.22626495361328,6309068,85.52021338144938
2023-09-12,90.30873695260816,91.47252984167731,89.76807219936035,91.08765411376952,5379752,85.53234564463297
2023-09-13,91.16096551482204,91.50001970642236,90.54698910332112,91.29841613769533,5778683,85.61853402455648
2023-09-14,91.32592128670277,93.67183867521648,91.29842416832476,92.8929214477539,9470290,85.70911280314128
2023-09-15,92.55385670116269,93.76347118235417,91.89406571298822,93.44274139404295,7132227,85.80961335500082
2023-09-18,93.0486929418165,93.0486929418165,90.67527870410645,90.93186950683594,8395027,85.90723215738932
2023-09-19,90.9960189562291,92.73712545479684,90.87688575968085,92.44388580322266,6511238,86.00017096201579
2023-09-20,92.67297798733914,93.61684987334624,91.82074917145374,92.0040283203125,4400919,86.12700252532959
2023-09-21,92.00403392634362,92.55385742365266,91.4542104290346,91.98570251464844,4628543,86.24643694559732
2023-09-22,91.84826229073208,91.98571293709436,90.33624225827388,91.50920104980467,6777697,86.36323076883951
2023-09-25,91.60083249302129,91.60999819944196,90.4278737610533,90.9135513305664,5240500,86.49405371348062
2023-09-26,90.89522973930288,91.42672187469734,88.51264937549811,89.05331420898438,10031188,86.59335199991862
2023-09-27,89.0807986956917,89.34654824225026,88.73257876815907,89.1174545288086,4806852,86.65702648162842
2023-09-28,89.4106926887488,89.46567294180076,88.1552566434427,88.7234115600586,7166650,86.68852818806967
2023-10-09,88.7234161621792,91.5733426162856,88.24690429777995,90.74860382080078,10718273,86.71674620310465
2023-10-10,90.63864441248676,91.02352019127024,89.80473990040363,90.46453094482422,4340473,86.76674334208171
2023-10-11,90.47368407153888,90.62946610442604,89.25490395013662,90.03382110595703,4928663,86.80903174082438
2023-10-12,90.62946764605368,91.2526027795866,89.66727132513005,90.42786407470705,5281962,86.8671942392985
2023-10-13,90.42787165264268,91.98570612133052,90.09797614304532,91.39006805419922,6408834,86.9091770807902
2023-10-16,91.39923354132895,92.27895263497706,90.74860818013254,91.50920104980467,5223195,86.97490990956625
2023-10-17,91.9123993456657,95.38545384051623,91.17929667633706,94.771484375,12076985,87.01822102864584
2023-10-18,94.29498057991974,94.7714924616736,93.2411480246077,94.0200653076172,6030410,87.05571797688802
2023-10-19,93.51605927108145,93.81845766793316,91.81160143550778,92.08650970458984,6660027,87.06595312754312
2023-10-20,92.09567678478764,92.27894896690958,89.52982428676667,90.2537612915039,8085790,87.0893435160319
2023-10-23,89.80472334849684,90.90437022559816,89.34653598447389,90.49200439453124,7026254,87.08999767303467
2023-10-24,90.44618629703596,90.97768533742298,87.40382236401942,87.97197723388672,15011594,87.10295416514079
2023-10-25,88.32937256016591,88.33853826639158,83.582550486145,84.21485137939453,23404709,87.09849580128987
2023-10-26,82.95941818752016,85.11289779409704,82.50123073967887,85.04875183105469,11266998,87.05467929840088
2023-10-27,84.65470953320798,85.4611239081504,84.30648959309184,85.12206268310547,7895757,87.05015328725179
2023-10-30,84.38896167243568,85.0395940076121,82.01555402359564,83.5458984375,15818502,87.03218949635824
2023-10-31,83.39011068819224,85.1587144143115,83.03272505883938,84.61804962158203,10099648,86.98850568135579
2023-11-01,84.30649081143466,86.11175048330122,83.39011591131037,85.6810531616211,8882912,86.93385410308838
2023-11-02,85.67187958971009,86.30418044998929,85.11289039264283,85.84599304199219,6614160,86.90174369812011
2023-11-03,85.77269180329442,86.42331716275883,85.26868978807396,85.83683776855469,4932022,86.82944704691569
2023-11-06,85.83682643838227,85.83682643838227,83.02355606236257,83.5275650024414,19873493,86.78583005269368
2023-11-07,83.28014268435948,83.80247606188625,82.48290105051528,83.51840209960938,13204964,86.72823740641276
2023-11-08,83.2526582812833,84.0040854197593,82.5103968493969,83.8299789428711,13906672,86.69288539886475
2023-11-09,83.30764230956918,83.63753082880179,82.97774679895119,83.20684051513672,7770987,86.68800779978434
2023-11-10,83.29847660333385,83.46342435864284,82.55620820875069,83.20684051513672,7878273,86.67230326334635
2023-11-13,83.2068416516688,83.66502909029829,83.02356248138572,83.3901138305664,5406617,86.67620843251547
2023-11-14,83.4817390937224,83.60087228680302,82.90442551281667,83.1884994506836,4665415,86.704616355896
2023-11-15,83.37178697394249,83.40843581554311,82.49206096505144,82.69366455078125,9502156,86.72175884246826
2023-11-16,82.67533964606257,83.07854681516213,81.44739371807084,83.0235595703125,12201627,86.72958265940348
2023-11-17,82.4737341266493,82.65700629482117,81.55735930301988,81.95140075683594,11162729,86.7302043279012
2023-11-20,81.87808638346858,82.08885566213793,81.36491873646129,81.4198989868164,7760433,86.74289131164551
2023-11-21,81.4107354094454,81.4107354094454,80.64098391881245,80.89756774902344,10531720,86.76073449452718
2023-11-22,80.65931062028064,82.69366389075648,80.65015190564621,82.18049621582031,12985516,86.76537119547525
2023-11-23,81.84143614304332,82.51955857020558,81.28244692163447,82.36376953125,6804557,86.76408933003744
2023-11-24,82.56538002880369,82.97775294330434,82.01555646752206,82.81280517578125,7695330,86.75935910542806
2023-11-27,82.49206358235797,82.63868691895364,80.64098940184346,81.37409210205078,7383386,86.74366353352865
2023-11-28,81.19080744289644,81.62150472579967,80.65930837074417,80.85175323486328,5578570,86.71641775767009
2023-11-29,80.82425645355866,81.2549537382523,80.0453392536203,81.10833740234375,5404394,86.66696554819742
2023-11-30,81.28244746668008,83.4634241128296,81.10834099703392,83.37178802490234,14121859,86.61635888417563
2023-12-01,83.46342801529718,85.05791839221747,82.92276318589163,84.92962646484375,13794763,86.59771188100179
2023-12-04,84.9021342444104,85.47944790336769,84.13237570774854,84.48976135253906,4790254,86.58597373962402
2023-12-05,84.58139978121721,85.03042149126195,83.81164128689828,83.84829711914062,6707459,86.57430661519369
2023-12-06,83.45425120158481,84.10487645849742,82.49205488295665,83.08769989013672,4436309,86.54945329030355
2023-12-07,83.0235542805345,83.93076336182118,82.87693795017589,83.34428405761719,4038487,86.47524941762289
2023-12-08,83.20684544747148,84.58140782606593,82.58371022285323,84.05907440185547,6034756,86.42454051971436
2023-12-11,83.81164123498668,85.20453489379244,83.29847356668199,84.85630798339844,7866411,86.39681390126546
2023-12-12,84.88380517617018,85.22286640888936,84.30649150126689,84.76467895507812,6239836,86.38334763844809
2023-12-13,84.39812621571646,85.12206321988418,84.39812621571646,84.74635314941406,5691559,86.36411463419596
2023-12-14,84.66387301801218,86.13923710648731,84.51725667547898,85.22286224365234,8012287,86.35540726979573
2023-12-15,85.03042204494415,85.68104734086577,84.72801667051452,84.90213012695312,5711010,86.34872932434082
2023-12-18,84.54473737959475,85.6260598768739,84.42560418621785,85.58023834228516,6908851,86.35057964324952
2023-12-19,85.27784177123905,87.55962019404487,85.27784177123905,87.14724731445312,9822888,86.37428506215413
2023-12-20,87.11975927641066,87.32136286797159,86.13923843767972,86.20338439941406,5237996,86.40574703216552
2023-12-21,86.06592824070238,86.54244710006155,84.12321794274979,84.74635314941406,8692657,86.41881446838379
2023-12-22,84.59972867831644,87.03728921602946,84.48976117577038,86.45996856689453,8942783,86.42728207906087
2023-12-25,86.45996793443992,87.5138004374613,85.11289575149291,87.33052825927734,8287147,86.44569873809814
2023-12-26,87.0464425689129,89.0349812503254,86.96397219062271,88.70508575439453,10280145,86.47674655914307
2023-12-27,88.60428717377357,91.17013257892464,87.98115199126532,90.80358123779295,12972643,86.50804793039957
2023-12-28,90.76693725818434,92.64550162111507,88.613450635446,89.42902374267578,18075238,86.55392456054688
2023-12-29,89.12661932206777,91.36256918821503,88.07278685275276,91.16097259521484,12157745,86.59484310150147
2024-01-02,90.44619672883616,91.4450489710706,89.49317301796853,90.47369384765624,8018869,86.65101598103841
2024-01-03,90.33623177828584,91.17929493797084,88.97999396330056,89.71309661865234,8345920,86.70907821655274
2024-01-04,89.49317309346736,91.13347795712754,89.0716345011619,90.89522552490234,9459060,86.76222101847331
2024-01-05,90.90437434045312,91.36256172521628,89.22741382567237,90.03382110595703,8802163,86.82260131835938
2024-01-08,89.55732084347923,90.31790668675222,88.8975298057699,90.16212463378906,8298194,86.89409834543864
2024-01-09,89.98800910611205,90.22626852902268,88.51264501153346,89.67644500732422,6751872,86.9591225306193
2024-01-10,89.52066268768822,90.24459966910356,88.18275622541944,88.4576644897461,6293660,86.99441153208414
2024-01-11,88.16442289533114,88.25605898144688,85.85516136484249,87.38550567626953,8826628,87.0200667699178
2024-01-12,86.78069774195457,88.06362396339863,86.2492056286669,87.33052825927734,5573162,87.03805675506592
2024-01-15,87.33052825927734,87.33052825927734,87.33052825927734,87.33052825927734,0,87.05454317728679
2024-01-16,88.56763032767361,89.0258177510021,87.8253619477395,88.65010070800781,6633706,87.07521133422851
2024-01-17,88.65010254021429,88.98916375738372,87.76121780196407,87.87118530273438,6415322,87.10605449676514
2024-01-18,87.58710763443182,90.26292045109008,86.50578505901716,89.96968078613281,10050967,87.11733881632487
2024-01-19,89.43818791702671,90.22627088218962,88.88836438098843,89.95136260986328,6465471,87.15395132700603
2024-01-22,89.9513537846759,90.17128177923682,88.21939897943093,88.85169982910156,8965460,87.19713185628255
2024-01-23,88.60427897976064,88.60427897976064,86.7440393104278,87.31218719482422,7829549,87.23413550059
2024-01-24,87.05560995831647,89.49317039301424,86.91815233378946,88.97999572753906,7969721,87.25188795725505
2024-01-25,88.98000137535804,92.55386488297788,88.34770744861657,92.10484313964844,16651174,87.29332103729249
2024-01-26,91.2709401419772,93.72682519400092,90.38205535574455,92.92041778564452,11537126,87.35676212310791
2024-01-29,92.38891328638744,96.22852619454645,92.3430917467436,94.24915313720705,13116029,87.43372033437093
2024-01-30,93.928419276857,94.7165021832712,92.64549312748149,92.73712921142578,8029396,87.51995913187663
2024-01-31,92.43473810285128,94.36828968909144,91.44505153909712,93.8642807006836,8711121,87.56910470326741
2024-02-01,92.55385954622122,93.80929560349936,91.63748469922892,92.42556762695312,8441946,87.63204898834229
2024-02-02,92.42557591699492,94.20334551685892,91.6374929185842,93.36027526855467,10046670,87.67986768086752
2024-02-05,93.64434166723616,95.33963362394,93.3327706043142,94.83562469482422,10913928,87.7393585840861
2024-02-06,94.7898156348064,95.6603689357744,92.23312899364372,92.96622467041016,14328420,87.80173517862956
2024-02-07,92.55386642134226,93.1770016432404,91.10599237761046,92.92041778564452,12866062,87.84465045928955
2024-02-08,92.58134716958196,92.73712921142578,90.72110739911068,92.73712921142578,11343206,87.87531083424886
2024-02-19,92.12316365487376,95.33964137447268,91.15180853948696,95.25716400146484,11643888,87.90444380442301
2024-02-20,95.28466042858508,98.0154535792881,94.78065146215398,97.13573455810548,14406740,87.97772598266602
2024-02-21,96.99827876643656,97.63057966512208,96.17353998366973,96.35681915283205,9499320,88.06785767873129
2024-02-22,97.0440947223604,98.1254172883465,96.39346943989035,97.8046875,9415281,88.16583582560222
2024-02-23,97.65806480298627,97.67638922327356,95.62371157323147,95.92611694335938,9100888,88.25385074615478
2024-02-26,95.31215856532684,96.1460561173174,94.09337822872398,94.53324127197266,8230600,88.30313676198324
2024-02-27,94.52406964205402,94.92726983243216,94.00173624358096,94.80814361572266,7329947,88.35007495880127
2024-02-28,94.3866019269478,94.62486132629286,92.09566498697332,93.10367584228516,17142917,88.40841420491536
2024-02-29,92.6454913798279,93.58019759602884,92.5538552976122,93.47023010253906,10063240,88.45553658803304
2024-03-01,93.04870414653668,94.02922496732543,92.92957793160572,93.40608978271484,9090282,88.49854488372803
2024-03-04,93.13117245458004,95.7794951823653,92.92957586258196,95.31214904785156,13064525,88.54251219431559
2024-03-05,95.48625009534992,96.41179058864611,94.86311495997,96.21935272216795,11158318,88.60004838307698
2024-03-06,96.2193595874881,97.59392186730936,95.91695420799496,96.76001739501952,11090669,88.65155391693115
2024-03-07,96.21019472539788,97.09907945943526,95.57790082527514,96.6408920288086,7997986,88.71791470845541
2024-03-08,96.20103740693804,100.0498090835126,95.8161546461722,99.42667388916016,12338247,88.77503541310628
2024-03-11,98.96847815954648,99.60077900725342,97.13572856399934,97.95130157470705,9726509,88.86293106079101
2024-03-12,97.75886346197194,98.1529049036858,93.92841653719016,94.17583465576172,16796719,88.94571018218994
2024-03-13,93.94674192489164,94.2949688252502,92.56302100324925,93.47023010253906,12853566,88.99504172007242
2024-03-14,93.47940583430928,94.65236459179974,93.25031210850612,94.16668701171876,7978357,89.02810751597086
2024-03-15,94.16667749109058,94.16667749109058,92.76462514955008,93.5618667602539,7961670,89.06094436645508
2024-03-18,93.56187231241772,95.09221665894027,93.1586721259848,94.5057373046875,9834190,89.08156280517578
2024-03-19,94.38661169184374,95.2021847675401,93.37860073224677,94.5515594482422,9406731,89.10829048156738
2024-03-20,94.38661233180528,95.761174647317,94.12086277850676,95.06472778320312,8316226,89.12211246490479
2024-03-21,94.75316721433964,95.10138716368937,93.92842839600006,94.09337615966795,7381957,89.13562901814778
2024-03-22,94.49657626358656,97.38315142398952,93.22281579198294,96.57674407958984,13409924,89.16197490692139
2024-03-25,96.21936101179855,97.08991433868448,95.17469422298127,95.30298614501952,10521011,89.19641539255778
2024-03-26,94.7348284242749,95.99943017772078,94.7348284242749,95.31214904785156,7058830,89.22390670776367
2024-03-27,95.29381117128855,97.57558940145928,94.84478948782282,96.50342559814452,11737357,89.25162709554037
2024-03-28,96.3109915751144,97.27318792658812,95.68785642179672,97.21820068359376,6789999,89.29324563344319
2024-03-29,97.0257625048242,97.94213731613628,96.4117930591775,96.91580200195312,4430200,89.34578437805176
2024-04-01,96.92495808675,97.09907153341892,95.72450935374188,95.84363555908205,9064253,89.41130510965984
2024-04-02,95.66952855699232,96.5309160971916,95.48624940591873,95.70618438720705,6004848,89.46735661824545
2024-04-03,95.39461870750849,96.17353591720376,95.01890866153624,95.80699157714844,6893096,89.52554639180501
2024-04-08,95.44043683146492,97.36482251345384,95.32130363296211,96.7783432006836,7983088,89.56769962310791
2024-04-09,96.58589944302976,96.94328503397946,95.11970125049446,95.99942016601562,6680421,89.62031472524008
2024-04-10,95.70618894298686,97.03492964244325,95.38545216118662,95.92611694335938,6399735,89.67002805074056
2024-04-11,95.6603738557189,96.16438283991816,94.313301653755,94.40493774414062,8552653,89.715846824646
2024-04-12,94.4049305559878,94.75315746087836,92.37058433533753,92.59967803955078,12663156,89.74097073872885
2024-04-15,92.5996766661242,96.20102992259712,92.55385512940715,96.0727310180664,13126227,89.75005804697672
2024-04-16,96.1277254004255,97.00744443793268,95.59622629712364,96.4026336669922,9341923,89.76090176900227
2024-04-17,96.12772418073529,97.41065038259138,94.73483047881652,97.22737121582033,7928614,89.7807565053304
2024-04-18,96.9158083838526,98.68441216580274,96.17353998366973,96.35681915283205,8043276,89.82359701792399
2024-04-19,96.0819044667448,98.12542351891052,96.04524863269413,97.83218383789062,8737718,89.87445583343506
2024-04-22,97.8046904252238,98.96848340385594,97.0349319187846,97.2548599243164,6944291,89.93562399546305
2024-04-23,97.18154383578428,97.59390967164592,95.39460890048689,95.90778350830078,8550791,90.01298135121664
2024-04-24,95.90779508306892,96.54008897494042,95.57789957801194,96.08190155029295,6269805,90.11042245229085
2024-04-25,96.03609119219428,96.19187324543788,95.02807322088732,95.5779037475586,5362202,90.20236536661784
2024-04-26,95.5778962549998,96.21935583065012,94.56987836271354,94.99141693115234,12149870,90.28949737548828
2024-04-29,95.00057541127585,95.00057541127585,93.5710329368458,94.19416809082033,15183468,90.38487669626872
2024-04-30,94.20333883427146,95.3946219628744,93.95591370576702,94.0842056274414,10443808,90.46467768351236
2024-05-06,94.3866043427905,94.42326017373448,91.82075210779176,92.3705825805664,27815172,90.53470395406087
2024-05-07,92.49887062272154,93.21364181775834,92.00402741276116,92.663818359375,11139927,90.58907553354899
2024-05-08,92.66382960791776,93.08536121022787,91.89407107963171,92.58135223388672,10084664,90.64596703847249
2024-05-09,92.462222797975,92.78295259384952,91.52751654555756,91.9123992919922,16312004,90.7214152654012
2024-05-10,91.82076369273771,93.33278370086848,91.17930404874808,92.92041778564452,18938656,90.79136524200439
2024-05-13,92.40724298715874,92.9387421152991,92.08651316548293,92.5447006225586,9386292,90.8671188990275
2024-05-14,92.55385827423628,92.6454943593991,91.68330497811188,91.8665771484375,7640515,90.94493439992269
2024-05-15,91.66497802734376,92.14149687959753,90.91355090622248,91.66497802734376,9779182,91.01709887186686
2024-05-16,91.66497185179942,91.66497185179942,90.3545555834636,90.62947082519533,14165972,91.08605607350667
2024-05-17,90.62030889785896,90.62030889785896,89.43818449533978,89.96051788330078,14356827,91.14806416829427
2024-05-20,89.89637074744238,89.95135799219332,88.70508764574511,89.82305908203125,22208903,91.2086212793986
2024-05-21,89.70393448109502,90.98686068330066,89.62146409956458,90.5928192138672,12999700,91.26528377532959
2024-05-22,90.70278859674583,90.98686257198344,90.02466615250984,90.28125,9733024,91.33729559580485
2024-05-23,90.17128977238865,90.34539624579811,89.39237252109262,90.07048797607422,7471586,91.41114018758138
2024-05-24,89.96051248071797,90.7027808232116,89.76807461159291,89.85971069335938,8778930,91.48758118947347
2024-05-27,89.96968072566891,92.16898170706295,89.89636906163258,91.93988800048828,16007904,91.55157464345297
2024-05-28,91.63748757881032,92.14149655704794,91.18846584726208,91.40839385986328,7058250,91.63137563069661
2024-05-29,91.45420837402344,91.63748053854655,90.7577615643427,91.45420837402344,6660513,91.7030055363973
2024-05-30,91.27092989414516,92.4163984093613,91.08765772826456,91.96737670898438,10583245,91.78700650533041
2024-05-31,92.14149178791608,92.41640004159233,91.23427567404472,91.8207550048828,8441178,91.87963670094808
2024-06-03,91.82992055333504,93.59852424868888,91.82992055333504,93.3694305419922,13716788,91.9689068476359
2024-06-04,93.28695851191584,93.79096046289476,93.0028775664994,93.5618667602539,11588099,92.05222053527832
2024-06-05,93.5343799532197,94.38660883693676,92.64549523681332,93.17699432373048,12997209,92.1241558710734
2024-06-06,93.64046732408792,95.53219797826404,93.00364816499626,94.13681030273438,13665724,92.19654947916666
2024-06-07,94.07125727326545,94.9234742092402,93.74348427670418,94.58633422851562,8478048,92.28228708902995
2024-06-11,94.77363284353376,95.31680361668175,93.19095544579636,94.19300842285156,8377962,92.37810904184977
2024-06-12,93.94014076021313,94.22109310391306,93.28459481813312,94.02442932128906,7515991,92.46851507822673
2024-06-13,93.88396195951113,94.97030350251733,93.31269737998468,94.87664794921876,9583611,92.55155970255534
2024-06-14,94.63315866193824,95.32616542232132,93.3033256094213,94.5676040649414,12489866,92.63506253560384
2024-06-17,94.02442974704248,94.29601510853824,92.55412771750689,92.61968231201172,12349768,92.71675357818603
2024-06-18,92.58222660545977,93.75284953224848,91.94540744749008,93.61237335205078,12907997,92.78236465454101
2024-06-19,93.64983035427947,95.05457780959368,93.59364274243973,94.9983901977539,11621674,92.852277247111
2024-06-20,94.99839307493508,95.31679907822384,94.49268311831592,95.05458068847656,7978389,92.93641274770101
2024-06-21,94.91410059316732,96.44059738393072,94.70806982546318,96.03790283203124,9694957,93.01536560058594
2024-06-24,96.0379090134361,96.7683765860104,95.52283206102324,95.99108123779295,9522619,93.08945439656576
2024-06-25,95.82250883874303,96.29075800373786,95.09204128453756,95.89743041992188,8477921,93.17101853688558
2024-06-26,95.6164786199949,96.74028090947856,95.14822945227218,96.14092254638672,6488679,93.26394418080648
2024-06-27,96.14091944615474,98.3323220508721,95.82250630701512,98.13565826416016,15155414,93.34461879730225
2024-06-28,97.7235976083648,100.90769330401751,97.67677697962756,100.67356872558594,15066325,93.43466154734294
2024-07-01,100.31770239986554,102.47164424439238,99.75579769311362,100.6361083984375,15202304,93.53439890543619
2024-07-02,100.09293765447931,102.5091050296702,100.09293765447931,102.0033950805664,9409990,93.6163366317749
2024-07-03,101.86291931726224,103.5673459771222,101.85355947838326,103.21147918701172,9890390,93.72112305959065
2024-07-04,102.6402095127639,103.38004400741627,101.18864147343808,102.21878814697266,9241848,93.82154394785563
2024-07-05,102.21878814697266,102.21878814697266,102.21878814697266,102.21878814697266,0,93.91941973368327
2024-07-08,100.5799242187599,102.9398969169919,99.92437108681212,102.46228790283205,11169302,94.0236338297526
2024-07-09,102.3592670527219,103.00544602120974,101.4227687526784,101.87228393554688,8214673,94.12002601623536
2024-07-10,101.49768756971056,102.45291987815892,99.91501023283152,100.7297592163086,7984513,94.2186798731486
2024-07-11,100.48627181918266,101.0481693778672,99.1564387849006,100.39261627197266,7022564,94.30674349466959
2024-07-12,99.92436405290354,101.329111479017,99.55913029370724,101.05753326416016,8172871,94.396044921875
2024-07-15,100.84214301668118,102.9679911359116,100.77658841771589,102.26561737060548,8190419,94.50104382832845
2024-07-16,102.06894830244538,103.48306274414062,102.0314875128405,103.48306274414062,7306870,94.62504475911459
2024-07-17,103.4830601667371,103.66099712669973,100.95451766316287,101.74117279052734,9188603,94.75964921315511
2024-07-18,101.3010264639298,105.71193290728615,101.23547186415269,104.92527770996094,14303984,94.87973791758219
2024-07-19,104.70051240987384,106.19890825533676,104.0917870881472,106.01160430908205,10147996,95.01536439259847
2024-07-22,105.39351857940868,106.75143824407402,102.07831377021556,103.1927490234375,14154232,95.16653455098471
2024-07-23,102.81815514690626,105.0282918340224,102.3686327932066,103.91385650634766,9386913,95.27672678629557
2024-07-24,103.5767149377574,105.30923543715107,103.01481736294258,104.86908721923828,8278018,95.39308090209961
2024-07-25,104.784796425541,105.53399793930924,102.92116676980928,103.93258666992188,8825287,95.52655913035075
2024-07-26,103.89512569398865,103.89512569398865,98.32295641447318,99.2688217163086,17158959,95.6650624593099
2024-07-29,98.80057982683564,100.39262422674256,97.42392605478231,99.83072662353516,12925477,95.75080267588298
2024-07-30,99.2781878223592,101.26355966638722,99.10961784079878,100.83277130126952,8241900,95.8151850382487
2024-07-31,100.6735732934619,101.1980100865712,97.6299536357526,98.44470977783205,14608190,95.88112131754558
2024-08-01,98.03264532838632,99.22199506200316,97.96709073117776,98.3510513305664,8011681,95.91608428955078
2024-08-02,98.11693098118371,100.29897389584058,98.09820415756565,99.82135772705078,9036716,95.96286697387696
2024-08-05,99.7370764692844,100.673574839888,98.50089890588426,98.73502349853516,7155356,96.01250928243002
2024-08-06,98.98787561904332,99.0815311727024,96.1409268396806,97.8547134399414,10776283,96.06508808135986
2024-08-07,97.56439535277732,98.70692444741044,97.11487301500284,97.33963775634766,6613681,96.10254173278808
2024-08-08,97.33963775634766,97.95772293275802,96.84329478947936,97.33963775634766,5644377,96.12340850830078
2024-08-09,97.34899598595632,97.54566691761067,94.33347744437154,95.5228271484375,16414520,96.15985361735027
2024-08-12,95.36362933267,95.47600456267524,93.537453251015,93.78094482421876,11713589,96.1815403620402
2024-08-13,93.64982820603154,94.56759966621318,93.64982820603154,94.3053741455078,7146722,96.19023882548014
2024-08-14,94.30537914047142,97.11487413545964,94.06189471857807,96.42186737060548,12166873,96.18230724334717
2024-08-15,96.27203242517722,98.27613830566406,96.1783768750356,98.27613830566406,9275754,96.17635835011801
2024-08-16,98.27613159900694,98.74438073809895,97.78914849319892,98.20121002197266,5472447,96.19235267639161
2024-08-19,98.2105841713066,98.60391176206365,97.67678039958908,98.23867797851562,5328036,96.19565703074137
2024-08-20,98.248043609005,99.07215957041583,97.75169349046077,98.4728012084961,6364707,96.21492837270101
2024-08-21,98.08883230386829,98.48216702947704,96.83392798120344,97.86407470703124,5123632,96.24775803883871
2024-08-22,97.70487534078396,98.87549828751555,97.583125981578,98.84740447998048,6312452,96.27322413126628
2024-08-23,98.63200052657928,99.69960801543148,98.09819678215318,98.85675811767578,6841369,96.3210885365804
2024-08-26,98.7631132088536,99.72770534736856,98.15438786423374,99.3156509399414,6008757,96.36597627003988
2024-08-27,99.31564861214096,101.32911426227656,99.02532927756104,100.83277130126952,9200980,96.41522261301677
2024-08-28,100.67357354757787,101.16054955027778,99.73707518899576,100.86087036132812,5940583,96.46122779846192
2024-08-29,100.72039950975189,101.00134472531812,98.93168424751089,99.64342498779295,7366557,96.49990711212158
2024-08-30,99.27818451584058,99.72769968842024,97.29280559302168,98.3229522705078,13134399,96.52393550872803
2024-09-02,98.21649948851916,99.05014460378436,97.25828973741166,98.59978485107422,6908835,96.53795267740885
2024-09-03,98.64769467553684,99.15555200366238,97.59366537164858,98.87767028808594,7348128,96.5310619354248
2024-09-04,98.31232418937049,99.06931080995814,97.90987782720303,98.48480224609376,5486895,96.53878167470296
2024-09-05,99.04056722834666,99.17471601782545,96.77919147633206,97.41161346435548,7426604,96.57468973795572
2024-09-06,97.42118720684736,98.21650308391504,97.21037988419708,97.6415786743164,6026542,96.6075345993042
2024-09-09,97.35411172580515,98.20691784113008,95.83056169187428,96.0701141357422,7497566,96.63649202982585
2024-09-10,96.0796885324536,98.0727665694068,96.0126141422946,97.66073608398438,6995548,96.65739409128825
2024-09-11,97.66073742345849,97.90987400913475,95.0735739840584,95.26521301269533,9615901,96.68368574778239
2024-09-12,95.437695649229,95.61017370751532,94.00038093369676,94.72862243652344,6518768,96.6896328608195
2024-09-13,94.67113034249496,96.49172309824402,94.65196205274738,96.06053161621094,7782451,96.6868319829305
2024-09-18,96.0701131561236,97.17205584879164,96.0701131561236,96.50130462646484,5039200,96.70322494506836
2024-09-19,96.5396319450818,96.62586731318468,95.49518683062574,95.74431610107422,6878554,96.70259628295898
2024-09-20,95.72516087996377,97.21038168980024,94.8244413248408,97.1624755859375,6413727,96.70627403259277
2024-09-23,96.74085997813393,97.44993317912662,96.64504046079338,96.8271026611328,5394560,96.72169342041016
2024-09-24,97.16247037776708,100.51620451193664,96.664197212491,99.83587646484376,11769792,96.72439072926839
2024-09-25,100.60244381940558,103.48665733467142,99.2322035270889,99.55799865722656,12272228,96.74620469411214
2024-09-26,99.55799748999904,100.61202678467885,98.9926499189556,100.54495239257812,11274690,96.76822299957276
2024-09-27,100.60243792030164,100.89948790900658,97.13372336216636,99.93169403076172,27837739,96.80740063985189
2024-09-30,100.62160939212364,107.12785456873078,99.28011426004458,105.11560821533205,49796181,96.84261322021484
2024-10-08,113.0783373614114,114.02696298974736,102.25056400202637,105.53722381591795,45017988,96.92018502553304
2024-10-09,103.9657612861118,105.40307595827004,101.28277097385892,102.1643295288086,25177754,96.99317569732666
2024-10-10,102.164329616142,106.84039072175894,102.12600034758444,104.25322723388672,25762477,97.0445499420166
2024-10-11,103.48665762457745,105.40307721021776,102.43262831458736,104.0328369140625,18020089,97.113942527771
2024-10-14,103.42916664389465,107.03203017577913,103.42916664389465,106.16964721679688,18497871,97.19417502085368
2024-10-15,105.88218131648875,106.05465937033168,103.0842104968681,103.1417007446289,13333402,97.30725809733073
2024-10-16,102.65301432826656,103.78370219665165,102.02059965506712,102.61468505859376,8398258,97.36616617838541
2024-10-17,103.26626496509476,103.39083691548404,101.05280270857708,101.22528076171876,10014954,97.41793327331543
2024-10-18,101.20612117549784,103.64955176630998,100.67910286404548,102.624267578125,12989301,97.45124918619791
2024-10-21,102.63385175739592,102.65301273665489,100.97614559491308,101.85770416259766,15625260,97.50347792307535
2024-10-22,101.02405992493529,101.14862456764948,99.46218057626668,100.01793670654295,21340815,97.53702392578126
2024-10-23,100.01793427167884,100.61202696747904,99.5388293813575,99.98918914794922,12212175,97.56004956563314
2024-10-24,99.45259308979163,99.45259308979163,97.40202476303804,97.94820404052734,20944594,97.59406127929688
2024-10-25,97.74698477225036,98.29316407156811,97.09540180898,97.67032623291016,16123408,97.60961380004883
2024-10-28,97.6224045499281,98.05360331427532,97.16246797396316,98.01527404785156,11623270,97.62705065409342
2024-10-29,98.09194022409922,98.38898292382903,96.77919016139528,97.92903900146484,16492850,97.65224946339926
2024-10-30,97.65116054280996,98.16858738199474,97.37327883402682,97.90987396240234,9243335,97.68337338765463
2024-10-31,97.85238709887504,98.82975787514276,97.85238709887504,98.36023712158205,12874888,97.71525395711264
2024-11-01,98.21650527988773,99.3471931452884,97.91946257890848,99.07889556884766,13061678,97.76516774495443
2024-11-04,99.12679419628424,99.4046758967989,97.73739300427113,98.52312469482422,10579384,97.81862672170003
2024-11-05,98.11109664153456,98.55187225341795,97.79488566652245,98.55187225341795,17055123,97.86814149220784
2024-11-06,98.25483689753104,98.63812229184632,97.76614783701508,97.95779418945312,14555037,97.92347043355306
2024-11-07,97.72781722940611,98.56146240234376,97.26788061096936,98.56146240234376,15358704,97.96544857025147
2024-11-08,98.56146322017923,99.11722667341589,97.73740218553476,98.5135498046875,16620841,98.01558825174968
2024-11-11,98.31232145298056,98.31232145298056,97.44993119336766,97.77572631835938,13011050,98.07097969055175
2024-11-12,97.70864982725284,97.84279860802592,96.31924129701684,96.6354522705078,15235405,98.1219025929769
2024-11-13,96.36716261008026,102.14516673324218,96.30008821419428,100.64077758789062,36595255,98.1719524383545
2024-11-14,99.4334221642565,100.22873800827875,98.51354168500772,99.3280258178711,16544878,98.26095460255941
2024-11-15,99.07889819193991,102.92132166913495,98.90642012958163,100.64077758789062,26765828,98.34016265869141
2024-11-18,100.22874012292144,102.33680599574976,99.66339986970392,100.29581451416016,19034785,98.4238956451416
2024-11-19,100.03710307221016,100.1329225886518,98.58062010427952,99.3471908569336,12437915,98.50735034942628
2024-11-20,98.8585055222173,99.82629948881684,98.04402863611544,99.53883361816406,10908884,98.58465620676677
2024-11-21,99.25136728651069,100.01793069729352,98.91599533738318,99.24178314208984,6438912,98.66531556447347
2024-11-22,99.05972727878152,99.8454590285982,98.84892726197856,99.07889556884766,9955074,98.72616469065348
2024-11-25,98.98307781456924,100.59287061246872,98.58062413217375,99.3663558959961,9893145,98.79008553822835
2024-11-26,99.17471194367188,101.18695101375025,98.90641437573616,101.01447296142578,13297139,98.85602010091146
2024-11-27,101.01447212784458,102.2314026288028,100.75575870677304,101.91519165039062,12861649,98.9314125696818
2024-11-28,101.49357685513304,102.145159789687,100.99531099250254,101.61814880371094,8243346,99.01553287506104
2024-11-29,101.6756356480455,103.61121609766674,101.28276614730844,101.9343490600586,13458340,99.08427219390869
2024-12-02,101.47441605239035,101.83853313299946,100.42996360214164,101.06238555908205,10717658,99.1540428797404
2024-12-03,100.89948794722171,102.61467693834636,100.59286112466444,102.4901123046875,11342875,99.21975447336833
2024-12-04,102.3847190941942,104.11908386141596,102.14516663617758,103.58248138427734,11719547,99.2893653233846
2024-12-05,103.4866588192892,104.0328381150797,102.6338526786788,102.95964050292967,9174921,99.36433321634928
2024-12-06,102.52845048293882,103.6782993398316,102.52845048293882,102.7392578125,9782535,99.43738848368326
2024-12-09,102.74883757260132,103.98492175125612,101.85770218784432,102.80632781982422,11180209,99.51001205444337
2024-12-10,102.81591784098936,103.48666179879424,101.88645313477342,102.43263244628906,17127131,99.57609272003174
2024-12-11,102.14516042951388,102.64343360582588,101.6277262743716,102.1259994506836,8776183,99.64163462320964
2024-12-12,101.94394332273986,103.2758544028216,101.76188111549271,103.1991958618164,9215483,99.72085393269857
2024-12-13,103.19919223391896,105.06770572478996,102.60510683841544,104.24364471435548,18029085,99.80074412027994
2024-12-16,104.09032386070068,108.27770315431071,104.06157873751752,107.46322631835938,25034576,99.87778790791829
2024-12-17,108.1243902132171,110.17496590885214,106.46669135481312,106.62958526611328,14057773,99.98119328816732
2024-12-18,106.53376830220743,109.98332219928962,106.53376830220743,109.21675872802734,11277282,100.06945730845133
2024-12-19,108.85262590773308,110.1845368725721,107.97107469413145,109.09217834472656,9860900,100.17967128753662
2024-12-20,108.27770201270135,108.94844591510464,106.45710202117222,106.74456787109376,12321388,100.28962752024333
2024-12-23,106.77331250916396,109.7150161430217,106.77331250916396,109.09217834472656,10650536,100.37799123128255
2024-12-24,108.67056830207906,110.6732231160628,108.31602807241649,110.08871459960938,10244629,100.46929556528727
2024-12-25,109.98331289841536,111.99555189233244,109.71501534063444,110.75946044921876,10741464,100.54775511423746
2024-12-26,110.67323425169998,110.74030864670284,108.3064548257185,109.60003662109376,12050699,100.63211638132731
2024-12-27,109.58086849705566,110.07913435451152,108.90054044622154,109.8108367919922,5378096,100.69542172749837
2024-12-30,109.4754683265386,111.89973792154164,109.370064664968,111.4972915649414,11718106,100.75041637420654
2024-12-31,111.37272365681144,114.5156505009198,111.16191633985486,113.2220687866211,15282087,100.82773723602295
2025-01-02,112.99209305694652,113.69158939785,108.80472108775588,110.19412231445312,15127657,100.91943124135335
2025-01-03,109.34132141840166,110.09830804151514,107.91359085610442,109.31257629394533,11255924,100.98386319478352
2025-01-06,109.6862685102598,110.52949043737932,105.66178327452748,106.50501251220705,16994942,101.04586563110351
2025-01-07,106.26546169951013,106.8308019374211,103.68787515779904,106.58167266845705,15475292,101.09399274190267
2025-01-08,105.97799859039628,107.77943762809446,105.24018028768992,107.20450592041016,13695322,101.14556821187337
2025-01-09,107.03202905143054,107.03202905143054,104.61734363263712,105.45098876953124,8720920,101.1967929840088
2025-01-10,105.40307423407651,105.96841448680853,104.35862909846236,104.73233032226562,8861201,101.2233377456665
2025-01-13,104.44486611785231,105.84385152069576,102.80632826978449,103.86994171142578,10647790,101.23374830881754
2025-01-14,103.7357953659902,104.01367708625136,102.49011969731052,103.81244659423828,17496587,101.25148804982503
2025-01-15,103.41958356305145,104.90481167090836,102.91173354091836,103.86035919189452,11436110,101.24221445719401
2025-01-16,103.86994168281514,105.25934294050997,103.47707216368626,104.72274780273438,11422539,101.22428741455079
2025-01-17,104.44486042088944,105.88217501383744,103.9465945786472,104.54067993164062,9177756,101.23703740437826
2025-01-20,104.26280961566376,105.40308165660105,103.5345754060038,103.96576690673828,9059257,101.24226093292236
2025-01-21,103.95617663332575,103.96576077805022,102.4134583079034,102.72008514404295,13194445,101.23473326365153
2025-01-22,102.1451595880538,103.9370144821802,102.1451595880538,103.79328155517578,11888834,101.22462908426921
2025-01-23,104.25322075969343,106.7062353105606,104.14781710534588,104.9718780517578,13935546,101.26233291625977
2025-01-24,104.74190911933196,105.59471524200018,104.20531397982668,104.46402740478516,9878125,101.30517584482828
2025-01-27,104.49278136240189,106.55292657898852,104.15740208476164,106.3325424194336,14011137,101.33543631235759
2025-02-05,105.77677911614772,105.97800229665025,103.40042290878016,103.7741241455078,13566088,101.4011682510376
2025-02-06,103.66872097217272,104.06158319008637,103.25669046427656,103.81244659423828,10146352,101.44636052449545
2025-02-07,103.49623919484172,104.13823798552605,102.53802942585844,103.6208038330078,18944852,101.47961959838867
2025-02-10,104.3586310170591,108.94844944615932,104.14782369502566,105.403076171875,34504717,101.52033443450928
2025-02-11,105.18268260191508,107.00328261604744,104.44486430011128,105.20185089111328,17838833,101.58323745727539
2025-02-12,104.96230678594114,106.55293131938096,104.68442505498098,106.0929946899414,15394118,101.6487559000651
2025-02-13,106.09299063835248,107.36741143184406,105.52764305266196,105.98758697509766,16194651,101.72170054117838
2025-02-14,105.87259284520252,108.2202111104941,105.12519041261244,107.94232940673828,22747772,101.80890687306722
2025-02-17,108.53641785935211,110.31868862342677,107.42489832325936,108.47892761230467,25980850,101.92691841125489
2025-02-18,108.383111244858,109.46588568887454,106.84039287942238,107.3099136352539,15949794,102.04503135681152
2025-02-19,107.22367663818764,108.51725838865552,106.91704979873924,107.31949615478516,14300899,102.1357650756836
2025-02-20,106.91705478432075,106.91705478432075,105.2306034334345,105.75762176513672,14950195,102.21112639109293
2025-02-21,105.88218012647336,111.24815340380248,105.8342667135042,109.71501922607422,35166261,102.27409648895264
2025-02-24,109.71501997591336,109.76293338921,106.41877598834937,106.8116455078125,23052347,102.36973266601562
2025-02-25,105.40307604837204,105.87259679472147,103.83161259031388,104.25322723388672,20541759,102.4392230351766
2025-02-26,104.9143923363633,105.22101918982324,102.68176898643344,103.1991958618164,21046346,102.49246597290039
2025-02-27,103.00755491880612,103.11295858310278,102.1068353550204,102.52845001220705,16836094,102.52873090108235
2025-02-28,102.22182155137529,103.2183606186436,102.22182155137529,102.45178985595705,14195015,102.55932833353678
2025-03-03,102.46137043697873,102.8350716603858,101.37859603461465,101.7906265258789,15329693,102.58546282450358
2025-03-04,101.3498450384152,102.52844628242046,101.30193893583444,102.33680725097656,9956332,102.59344495137533
2025-03-05,102.20265443018911,104.2627995238037,101.93434956198018,103.85076904296876,16540992,102.60574442545573
2025-03-06,103.77412725742076,103.95618215349064,102.73925888903712,103.45791625976562,17593932,102.64080562591553
2025-03-07,103.39083456054706,104.05199432373048,102.653008951473,104.05199432373048,14109023,102.68359699249268
2025-03-10,103.94659667622923,103.94659667622923,101.95351864592106,102.18348693847656,13592088,102.72903207143148
2025-03-11,101.60856993531246,103.2087785761658,101.59898579017948,102.7392578125,10245364,102.75658054351807
2025-03-12,102.52844335806569,102.52844335806569,100.88990556110588,101.24444580078124,20084345,102.79203433990479
2025-03-13,101.25402312281577,101.80020239110206,100.99530970544237,101.36901092529295,11075364,102.823974609375
2025-03-14,101.39775475165597,102.52844254126236,101.39775475165597,102.05892181396484,15564786,102.8550365447998
2025-03-17,102.09725614058742,102.20265980242708,101.38817563174584,101.56065368652344,12874801,102.90494327545166
2025-03-18,101.65646995451056,102.00142605304084,101.29235287742208,101.49357604980467,10702326,102.93744258880615
2025-03-19,101.57023052150132,101.63730490961198,100.92823176236207,101.38816833496094,9499984,102.9893456141154
2025-03-20,101.3786008013634,101.45525203012151,100.2287446432636,100.61203002929688,17738432,103.0448418299357
2025-03-21,100.70784896656112,103.65913691824424,100.70784896656112,102.19307708740234,35459490,103.0827709833781
2025-03-24,102.19307960169472,102.62427110000029,100.985733171654,101.28277587890624,18813104,103.13020242055258
2025-03-25,101.45525035034404,101.828951585135,100.98572959827142,101.47441864013672,10327630,103.17635625203451
2025-03-26,101.57023844845554,103.08421168175008,101.57023844845554,102.15474700927734,10785916,103.2122891108195
2025-03-27,102.3368035168112,102.98838643472946,101.85769864512304,102.05892181396484,9928719,103.25668614705404
2025-03-28,102.17390588329796,102.24098027526132,101.5798205003539,101.95352172851562,5805079,103.27521152496338
2025-03-31,101.99184662468846,103.19918562827316,101.85769784651238,102.87339782714844,15443300,103.29517421722412
2025-04-01,102.89256710942048,102.90215125450946,101.93435729622227,102.52845001220705,10564986,103.31457792917887
2025-04-02,102.4230401780606,103.37166578902566,102.1451584717051,103.1608657836914,10374563,103.33621756235759
2025-04-03,102.81591032063491,104.78982008970488,102.70092251746722,104.4352798461914,17070515,103.3199280420939
2025-04-07,102.04934804377253,104.63651168967198,100.2287478841658,103.91785430908205,36828474,103.31074517567953
2025-04-08,103.47707272076866,107.03203014879136,103.00755197268732,106.93621063232422,32276570,103.3253578821818
2025-04-09,106.92662291084714,107.89441680908205,104.55985095997842,107.89441680908205,19032071,103.34771607716878
2025-04-10,107.032028211135,107.032028211135,104.54068427528884,106.26546478271484,17117675,103.37989590962728
2025-04-11,105.68095577322389,105.77677528753394,104.55985210361956,105.20185089111328,11488115,103.38069438934326
2025-04-14,104.73233239326464,106.3229568343954,104.08074944723796,105.78636169433594,13241179,103.39786230723062
2025-04-15,105.81510420375186,107.30990909159048,105.5084773726424,107.07994079589844,12324069,103.42429294586182
2025-04-16,107.03202719803424,109.38922963939136,106.59125158598869,109.25507354736328,18695963,103.47308177947998
2025-04-17,109.17842717191633,109.59045767917104,108.1627198106834,109.48505401611328,8997716,103.5283384958903
2025-04-18,109.2263263167577,110.01205801186268,108.66098607870325,109.9928970336914,8203962,103.59189974466959
2025-04-21,109.51379576441066,109.94498723776472,107.7602701263914,108.181884765625,12118573,103.6750244140625
2025-04-22,108.08607124889284,108.91970911838273,107.95192245815744,108.19147491455078,7555542,103.74329687754313
2025-04-23,107.8081855716217,108.0860672881224,106.02591477652108,106.20796966552734,12617629,103.82865746815999
2025-04-24,105.8821784497852,106.3996125973048,105.41265771447608,105.8438491821289,7310917,103.89980449676514
2025-04-25,105.85343316094172,106.35169901857284,105.47014779553918,106.31336975097656,6134259,103.96504262288411
2025-04-28,106.2367229980508,108.61307920456346,105.90134372010664,107.56863403320312,11462255,104.03491204579672
2025-04-29,107.56863398898948,108.70889867762494,107.3386583738262,108.42144012451172,7412289,104.11540171305339
2025-04-30,108.42143411695376,108.45017923961626,106.62957926186836,107.55904388427734,7712478,104.19924507141113
2025-05-06,107.5207205823454,108.91012917611816,106.14089613351192,108.33519744873048,9567760,104.26991297403971
2025-05-07,108.45018647634356,109.52338409423828,107.31949860928756,109.52338409423828,12680972,104.35168024698893
2025-05-08,108.99636582908596,109.7150231862008,108.61308044317924,108.67057800292967,6915800,104.4431095123291
2025-05-09,108.65140160807574,109.81083451380027,108.39268819545958,109.22632598876952,9030601,104.53238271077474
2025-05-12,109.14009452193956,109.39880794380178,108.47892743970438,108.94844818115234,7034791,104.62125657399496
2025-05-13,108.93887200183832,109.03469151752768,107.89441954231118,108.68973541259766,8009096,104.7082140604655
2025-05-14,108.55558725910586,109.71502021997104,108.55558725910586,109.19758605957033,10355535,104.79916413625081
2025-05-15,109.13051477160325,109.52338430311634,108.48851595287572,108.88137817382812,7385162,104.903848584493
2025-05-16,108.80471818792904,109.0442706213586,107.50155236522744,109.01551818847656,8357816,104.97252025604249
2025-05-19,108.75680655514908,109.88749435184528,108.67057118677336,109.4754638671875,6893490,105.05324935913086
2025-05-20,109.75335249208312,111.15233793712795,109.70543907736872,110.67323303222656,9754593,105.12687174479167
2025-05-21,110.96069304608214,111.13317109517064,110.03122840991406,110.19412231445312,5897723,105.21335023244222
2025-05-22,110.28994817445016,110.90320187081645,109.49463227396993,110.03123474121094,6173882,105.30374132792154
2025-05-23,110.5678232191607,110.5678232191607,109.42755126953124,109.42755126953124,5946663,105.39117800394693
2025-05-26,109.61919776463846,109.95456971778763,108.92928556926856,109.8108367919922,5362241,105.47605940500895
2025-05-27,109.76293677197673,111.33440027713895,109.5904587135779,111.0565185546875,8263976,105.56549224853515
2025-05-28,110.93194339698827,111.50687511542182,109.83958482886132,110.0503921508789,5661285,105.66291027069092
2025-05-29,110.0503921446758,110.3857641067028,109.68627505884083,110.13663482666016,5086845,105.73820959726969
2025-05-30,110.12705460890432,112.10096449341728,109.91624727938142,111.9476547241211,8855828,105.80672162373861
2025-06-03,111.46854895587,112.83878927664205,111.27690260752664,112.76213073730467,8798800,105.89280083974202
2025-06-04,112.68547301482872,113.0495974240403,112.3596851861244,112.71421813964844,7956414,105.98303235371908
2025-06-05,112.62798336598418,113.7203419783244,111.99556137433416,113.30831146240234,7882898,106.08013095855713
2025-06-06,113.73981515346546,114.0818148203785,112.51838244660917,113.94501495361328,7014559,106.17028261820475
2025-06-09,113.83752289335578,114.4042694317324,111.5412310041102,111.70734405517578,10303202,106.25663706461589
2025-06-10,111.70734817101794,112.12752131598069,110.66180208309206,110.72042846679688,9349870,106.32953459421793
2025-06-11,110.72042682032522,111.08197357620676,110.4175139023101,110.769287109375,6101613,106.3960443496704
2025-06-12,110.76928505295318,110.9744848440926,109.01041905028188,109.08859252929688,10583688,106.46240234375
2025-06-13,109.09836909497436,110.18300191744426,109.09836909497436,109.65534210205078,8086252,106.51786867777507
2025-06-16,109.65534368420155,110.6618030400162,109.65534368420155,110.47614288330078,6598387,106.58061319986979
2025-06-17,110.49568793497784,110.71066127981776,109.42082866581168,110.3198013305664,4713463,106.64125442504883
2025-06-18,110.29048532690592,110.39797199658528,109.63579176021352,110.18299865722656,4810070,106.69188906351725
2025-06-19,110.08528747516696,110.33934010339908,108.8149945138728,110.1243667602539,6997347,106.71455383300781
2025-06-20,109.94847823951748,111.73665742990843,109.83122547623496,111.48259735107422,8587860,106.74367701212564
2025-06-23,110.90608595106336,112.0688922334297,109.44036675347223,109.92893981933594,9647910,106.76255900065104
2025-06-24,109.92894127661545,110.57386131052098,109.80191496161896,110.10482788085938,8189147,106.76953201293945
2025-06-25,109.81168461491018,110.49569141137856,109.50877168585106,110.22209167480467,9225229,106.7975341796875
2025-06-26,110.12436947520584,111.30672289165344,110.02665635001271,110.70088958740234,8713514,106.80695012410482
2025-06-27,110.60317672186974,111.66826246253235,109.34265727532848,109.60648345947266,10521876,106.81205158233642
2025-06-30,109.04950517764662,110.51522435330055,109.0299655355192,109.97779846191406,8143024,106.80244344075521
2025-07-01,109.92894533107614,110.35889203620404,109.53808536778112,109.9875717163086,4991976,106.80559145609537
2025-07-02,109.9289455097989,110.29049228106548,109.31334609875616,109.3328857421875,5948903,106.80706424713135
2025-07-03,109.34265238733018,109.5478521780544,108.463219387774,108.6586456298828,9666345,106.78902753194173
2025-07-04,108.56093936355909,109.39151212751528,108.47299978556744,109.3328857421875,5903871,106.75099900563558
2025-07-07,109.2449417480322,109.8410014915482,108.63910845567874,109.67488098144533,6634746,106.74382203420004
2025-07-08,109.67488329175345,109.9387169306882,108.9908839593922,109.39151000976562,8520949,106.7468412399292
2025-07-09,109.39150949105904,111.94186156182278,109.25470962523548,110.92562866210938,16017694,106.7708953857422
2025-07-10,110.92562909442812,111.37512288963866,109.59671717196748,109.83123016357422,10219094,106.80709501902263
2025-07-11,109.79213871794104,111.3848842108655,109.46967870890296,110.18299865722656,11729346,106.82898438771566
2025-07-14,110.23185229673642,111.06243246943248,110.05596569552274,110.59339904785156,5520608,106.86841780344645
2025-07-15,110.43705524542678,110.8474622966776,109.65534279382724,109.85076904296876,6524367,106.91726004282633
2025-07-16,109.86053963663048,110.73997264417709,109.86053963663048,110.36865234375,6274118,106.9671002705892
2025-07-17,110.31980234306045,110.69111519798868,109.03973581113816,109.2058563232422,11720473,107.0217353185018
2025-07-18,109.21562482953698,109.39151143944768,108.81499877392764,109.13745880126952,10544097,107.06628112792968
2025-07-21,108.95179767999753,109.13745783743968,108.61957156145225,108.72705078125,10556997,107.10307038625082
2025-07-22,108.76613328035884,109.127680032057,108.18962064241582,109.06905364990234,12890115,107.13795680999756
2025-07-23,109.1081408710796,109.5185404580396,108.61956780421296,108.83453369140624,10486630,107.18048419952393
2025-07-24,108.86385983182538,108.87362592603156,108.30687935065546,108.46322631835938,10973576,107.23143793741862
2025-07-25,108.47299402770248,108.60002034084783,107.6521874015144,107.75967407226562,11794813,107.27035414377848
2025-07-28,107.96487419858624,108.10167406086798,106.6261887669674,106.88024139404295,14370162,107.29358577728271
2025-07-29,106.89978702955878,107.07567362937748,106.32326694208456,106.70435333251952,10098696,107.31372089385987
2025-07-30,106.6066449369688,107.42745159085024,106.3135055609661,107.0072784423828,12218911,107.31681931813559
2025-07-31,106.90956734022504,106.97796727475676,105.9226476090954,106.07898712158205,10406245,107.34376227060953
2025-08-01,106.19624101717152,106.68481407899968,105.19955525125673,105.60995483398438,11336377,107.3626501083374
2025-08-04,105.4633876914246,105.89333439699293,105.30704072393291,105.6490478515625,9212275,107.37922636667888
2025-08-05,105.67835886354312,106.57733154296876,105.42429877412854,106.57733154296876,10391539,107.38127613067627
2025-08-06,106.29395513565676,106.6164151486963,105.58064263351484,105.7956085205078,11299781,107.39273846944174
2025-08-07,105.76629481773348,105.76629481773348,105.2288689203005,105.37543487548828,13088049,107.39026025136312
2025-08-08,106.4893908553373,107.58378977363812,106.31350424989132,107.47630310058594,23011949,107.38515898386638
2025-08-11,107.26132638711704,107.66195987501288,106.362353745297,106.48938751220705,19561559,107.3812754313151
2025-08-12,106.5968688819116,107.33950203605346,106.54801604790978,106.86070251464844,9826050,107.36469593048096
2025-08-13,107.1636126109143,107.1733861594707,106.41121338280308,106.7238998413086,11406215,107.36095250447592
2025-08-14,106.73367976358904,107.05613233487334,106.31350661097176,106.32327270507812,11010390,107.35598920186361
2025-08-15,106.3623531170194,106.65549993350588,105.77606693907964,105.85424041748048,13350639,107.36070295969645
2025-08-18,105.844471690448,106.36235796213656,105.3461250617331,105.71744537353516,17703035,107.32852980295817
2025-08-19,105.8835611307284,106.05944774210973,104.5546417236328,104.5546417236328,27490312,107.31941146850586
2025-08-20,104.7109879254409,105.23864030069056,103.89018125998892,105.22887420654295,21543285,107.32192325592041
2025-08-21,105.12138747540818,106.56755964206148,104.83801418956972,106.52847290039062,21374219,107.33883724212646
2025-08-22,106.51870430749076,107.08544341083918,106.10829725709108,107.03659057617188,16853683,107.37217076619466
2025-08-25,107.09521324502836,107.66195978375184,106.40144039453575,107.57401275634766,17662565,107.41037743886312
2025-08-26,107.55447412860754,107.57401377097428,106.97796149087183,107.11476135253906,11312968,107.45857232411703
2025-08-27,107.31019290078264,107.68150576437183,106.26464678919604,106.31350708007812,14911249,107.49838860829671
2025-08-28,106.50892744870865,106.79230071909362,105.82492814435412,106.4796142578125,13084132,107.51891142527262
2025-08-29,106.50893210493813,107.47630472196803,106.17670598688012,106.99750518798828,16291507,107.54409224192301
2025-09-01,107.45999908447266,107.5,106.5999984741211,106.98999786376952,12262839,107.56863816579182
2025-09-02,106.98999786376952,108.08999633789062,106.51000213623048,107.9000015258789,19299955,107.6086924235026
2025-09-03,108.0,108.0,107.0,107.38999938964844,11563298,107.6516986211141
2025-09-04,107.19000244140624,107.19000244140624,105.5,106.75,15538442,107.70291156768799
2025-09-05,106.48999786376952,106.6999969482422,105.8000030517578,106.54000091552734,10397389,107.74775314331055
2025-09-08,106.54000091552734,108.38999938964844,106.02999877929688,108.11000061035156,18630006,107.7850954691569
2025-09-09,108.0,108.25,106.83999633789062,107.0,10339630,107.8396733601888
2025-09-10,107.05999755859376,109.0,106.75,108.47000122070312,14645917,107.88556022644043
2025-09-11,108.26000213623048,108.47000122070312,107.54000091552734,108.3000030517578,12923702,107.94457550048828
2025-09-12,108.19000244140624,108.51000213623048,107.52999877929688,107.75,10187073,108.00864194234212
2025-09-15,108.9000015258789,108.9000015258789,107.02999877929688,107.38999938964844,9696810,108.05494963328043
2025-09-16,107.22000122070312,107.61000061035156,106.97000122070312,107.0,8777033,108.10584316253662
2025-09-17,107.0,107.27999877929688,106.51000213623048,106.73999786376952,9440195,108.15188967386881
2025-09-18,106.69000244140624,106.69000244140624,104.83999633789062,104.94000244140624,20277464,108.19010009765626
2025-09-19,104.9800033569336,105.5,104.9000015258789,105.44000244140624,8809440,108.21410910288493
2025-09-22,105.41999816894533,105.68000030517578,104.8499984741211,104.9800033569336,10777918,108.24316310882568
2025-09-23,104.8000030517578,106.20999908447266,104.5,106.16999816894533,12393648,108.26071815490722
2025-09-24,105.9800033569336,106.66000366210938,105.6999969482422,106.5199966430664,10392582,108.29106438954672
2025-09-25,106.41000366210938,106.66000366210938,105.68000030517578,106.0,6912154,108.31905714670818
2025-09-26,106.08000183105467,106.1500015258789,105.0500030517578,105.8000030517578,7175135,108.33209648132325
2025-09-29,105.5999984741211,105.79000091552734,104.30999755859376,105.27999877929688,12187328,108.34778105417887
2025-09-30,105.12000274658205,105.1500015258789,104.51000213623048,104.68000030517578,8351865,108.33397928873698
2025-10-09,104.16000366210938,105.68000030517578,103.8000030517578,105.44000244140624,13628543,108.30719248453777
2025-10-10,105.0199966430664,106.98999786376952,104.8000030517578,106.58999633789062,17256703,108.30031363169353
2025-10-13,106.1999969482422,107.44000244140624,105.68000030517578,106.9499969482422,13797859,108.31188151041667
2025-10-14,106.8499984741211,107.9000015258789,106.1999969482422,107.5999984741211,16171982,108.32157847086589
2025-10-15,107.20999908447266,107.91000366210938,106.68000030517578,107.12000274658205,8423201,108.32591228485107
2025-10-16,107.12999725341795,107.9000015258789,106.80999755859376,107.80999755859376,8057246,108.3081200281779
2025-10-17,107.61000061035156,108.36000061035156,107.47000122070312,107.93000030517578,12273683,108.29416122436524
2025-10-20,107.62000274658205,107.91999816894533,106.80999755859376,107.77999877929688,8099093,108.27697041829427
2025-10-21,107.11000061035156,107.47000122070312,105.70999908447266,106.12000274658205,20182621,108.2736213684082
2025-10-22,105.8000030517578,106.4800033569336,105.76000213623048,106.1999969482422,8667782,108.2563591003418
2025-10-23,106.0,106.86000061035156,106.0,106.69000244140624,8097865,108.25629266103108
2025-10-24,106.6999969482422,107.3000030517578,106.58999633789062,106.87000274658205,7856287,108.26334393819174
2025-10-27,106.70999908447266,107.6999969482422,106.38999938964844,106.6999969482422,10928762,108.26798254648844
2025-10-28,106.8499984741211,107.04000091552734,106.45999908447266,106.66000366210938,6117102,108.26074390411377
2025-10-29,106.61000061035156,106.69000244140624,105.9000015258789,105.97000122070312,9048647,108.24606526692709
2025-10-30,106.08999633789062,107.16000366210938,105.91999816894533,106.44000244140624,10734685,108.23282324473062
2025-10-31,106.4499969482422,106.68000030517578,105.12000274658205,105.79000091552734,14302488,108.21702995300294
2025-11-03,105.6999969482422,106.75,105.5,106.62000274658205,10907747,108.18591842651367
2025-11-04,106.62999725341795,107.98999786376952,106.3000030517578,107.66000366210938,15043690,108.16883029937745
2025-11-05,107.5500030517578,108.0500030517578,107.0500030517578,107.1999969482422,6530711,108.15577761332194
2025-11-06,107.20999908447266,107.56999969482422,106.70999908447266,107.18000030517578,6053456,108.14120718638102
2025-11-07,107.0,107.7699966430664,107.0,107.5500030517578,5458728,108.12862606048584
2025-11-10,107.3000030517578,107.83999633789062,106.87999725341795,107.73999786376952,6809831,108.11489620208741
2025-11-11,107.86000061035156,108.0,107.44000244140624,107.8000030517578,6841780,108.10538469950357
2025-11-12,107.9000015258789,108.9800033569336,107.9000015258789,108.58999633789062,13108523,108.09525540669759
2025-11-13,108.58000183105467,108.93000030517578,106.75,107.33000183105467,14354310,108.08787651062012
2025-11-14,107.33999633789062,108.0,107.16000366210938,107.20999908447266,8539179,108.06001625061035
2025-11-17,107.0500030517578,107.20999908447266,106.1500015258789,106.63999938964844,9238290,108.03514855702718
2025-11-18,106.52999877929688,107.87999725341795,106.30999755859376,107.80999755859376,11445976,108.00688826243082
2025-11-19,107.79000091552734,108.12999725341795,107.47000122070312,107.88999938964844,7711138,107.99340864817302
2025-11-20,107.61000061035156,109.27999877929688,107.61000061035156,108.69000244140624,14338886,107.97740166982015
2025-11-21,108.4800033569336,109.37000274658205,108.05999755859376,108.4800033569336,15022126,107.95768070220947
2025-11-24,108.4800033569336,109.1999969482422,107.5,108.72000122070312,13552723,107.9445941289266
2025-11-25,108.6500015258789,108.83000183105467,107.6999969482422,108.66000366210938,9464490,107.93278884887695
2025-11-26,108.5999984741211,109.61000061035156,108.31999969482422,108.97000122070312,9803188,107.90539175669352
2025-11-27,108.58000183105467,108.79000091552734,107.81999969482422,108.25,8538225,107.87379067738851
2025-11-28,108.04000091552734,108.4000015258789,107.61000061035156,107.6999969482422,7961801,107.8365888595581
2025-12-01,106.6999969482422,107.33000183105467,106.51000213623048,107.0500030517578,17623312,107.78985290527343
2025-12-02,106.87000274658205,107.5999984741211,106.77999877929688,107.3499984741211,10478681,107.73239447275797
2025-12-03,107.3499984741211,107.6500015258789,106.5199966430664,106.63999938964844,10364736,107.69608325958252
2025-12-04,106.68000030517578,106.94000244140624,105.91999816894533,106.11000061035156,11753906,107.66207968393961
2025-12-05,106.1999969482422,106.33000183105467,105.0500030517578,105.47000122070312,14601246,107.62325229644776
2025-12-08,105.47000122070312,105.5999984741211,104.41999816894533,104.51000213623048,19437391,107.59309736887614
2025-12-09,104.48999786376952,105.0,104.41999816894533,104.91999816894533,10180915,107.55021953582764
2025-12-10,104.7699966430664,105.0,104.45999908447266,104.6999969482422,6707723,107.50391832987468
2025-12-11,104.6999969482422,104.86000061035156,104.29000091552734,104.30999755859376,8373928,107.45708662668864
2025-12-12,104.30999755859376,104.4800033569336,103.91999816894533,104.36000061035156,15945182,107.4081449508667
2025-12-15,104.4000015258789,104.44000244140624,102.8000030517578,102.80999755859376,19547135,107.36010856628418
2025-12-16,102.8000030517578,103.25,102.11000061035156,102.98999786376952,10906930,107.28783690134684
2025-12-17,102.9000015258789,102.9000015258789,101.8000030517578,102.30999755859376,11959506,107.23001238505046
2025-12-18,102.1999969482422,102.54000091552734,101.8000030517578,101.9000015258789,9791708,107.16505546569825
2025-12-19,102.01000213623048,102.43000030517578,101.86000061035156,102.16000366210938,8820683,107.0957047144572
2025-12-22,102.01000213623048,102.26000213623048,100.86000061035156,101.16000366210938,20592437,107.02453066507975
2025-12-23,101.0,101.29000091552734,100.81999969482422,100.98999786376952,12770784,106.95414333343506
2025-12-24,100.94000244140624,101.94000244140624,100.0999984741211,101.5199966430664,16437369,106.87924499511719
2025-12-25,101.4000015258789,101.47000122070312,100.3499984741211,100.51000213623048,17634204,106.80868186950684
2025-12-26,100.3000030517578,101.11000061035156,100.12000274658205,100.83999633789062,14736262,106.73515783945719
2025-12-29,100.76000213623048,101.58999633789062,100.25,100.58000183105467,17789608,106.6700024286906
2025-12-30,100.5,100.9000015258789,100.22000122070312,100.3499984741211,8788834,106.59706172943115
2025-12-31,100.3499984741211,101.12999725341795,100.3499984741211,101.0500030517578,10708241,106.51935437520345
2026-01-05,101.37999725341795,101.44000244140624,100.0,100.58000183105467,21477952,106.44984181722005
2026-01-06,100.58000183105467,100.7300033569336,100.12999725341795,100.66000366210938,15228763,106.36362826029459
2026-01-07,100.58999633789062,101.0199966430664,100.22000122070312,100.3000030517578,15691902,106.28720137278239
2026-01-08,100.3000030517578,100.4499969482422,100.04000091552734,100.12000274658205,13181669,106.20484307607015
2026-01-09,100.12000274658205,100.36000061035156,99.54000091552734,100.12000274658205,18177767,106.11756477355956
2026-01-12,100.44000244140624,100.58999633789062,100.0,100.4000015258789,16118216,106.03647505442301
2026-01-13,100.41000366210938,100.88999938964844,100.0199966430664,100.18000030517578,17210814,105.95340296427409
2026-01-14,100.18000030517578,100.20999908447266,99.0,99.02999877929688,26212401,105.87818749745686
2026-01-15,98.9499969482422,98.9499969482422,97.0,97.0999984741211,28476178,105.79395866394043
2026-01-16,97.12999725341795,97.80999755859376,96.0,96.27999877929688,21785954,105.69706656138102
2026-01-19,96.27999877929688,96.75,95.75,96.5,12391626,105.59049110412597
2026-01-20,96.5,97.44000244140624,96.2699966430664,97.31999969482422,13021335,105.48770332336426
2026-01-21,97.0999984741211,97.0999984741211,96.0,96.13999938964844,13332291,105.39484310150146
2026-01-22,96.2300033569336,96.93000030517578,96.0999984741211,96.25,9770689,105.29801247914632
2026-01-23,96.41000366210938,96.41000366210938,95.23999786376952,95.37999725341795,15781274,105.20942713419596
2026-01-26,95.36000061035156,95.88999938964844,94.7300033569336,94.8000030517578,19469435,105.11505750020345
2026-01-27,94.81999969482422,95.08999633789062,94.25,94.26000213623048,14886467,105.01333020528158
2026-01-28,94.26000213623048,96.12999725341795,93.8000030517578,95.6999969482422,23571562,104.91483866373697
2026-01-29,95.33999633789062,97.0,94.70999908447266,96.9800033569336,20905474,104.83225568135579
2026-01-30,96.87999725341795,97.5999984741211,96.22000122070312,96.37999725341795,13752638,104.76001364390055
2026-02-02,93.0999984741211,93.41999816894533,91.51000213623048,92.66000366210938,32136246,104.6750358581543
2026-02-03,92.66000366210938,92.8000030517578,91.87999725341795,92.06999969482422,15162510,104.56557248433431
2026-02-04,92.01000213623048,95.0,91.9800033569336,94.93000030517578,19485059,104.45469385782877
2026-02-05,94.93000030517578,95.9499969482422,94.6999969482422,95.36000061035156,10909588,104.35014133453369
2026-02-06,95.5199966430664,95.75,94.83000183105467,95.11000061035156,8132271,104.2573964436849
2026-02-09,95.16999816894533,95.23999786376952,94.06999969482422,94.23999786376952,11119937,104.15947392781575
2026-02-10,94.1999969482422,94.56999969482422,93.51000213623048,93.8499984741211,12150268,104.05544141133626
2026-02-11,93.87000274658205,94.33000183105467,93.87000274658205,94.1500015258789,5203399,103.95149745941163
2026-02-12,94.19000244140624,94.27999877929688,93.0999984741211,93.29000091552734,8570652,103.85396213531494
2026-02-13,93.3499984741211,93.47000122070312,92.55999755859376,92.61000061035156,8873030,103.75040009816487
2026-02-24,93.0,94.8000030517578,92.7699966430664,94.66999816894533,12411311,103.65086142222087
2026-02-25,94.5199966430664,94.83999633789062,93.97000122070312,94.2300033569336,9082250,103.56287078857422
2026-02-26,94.27999877929688,94.52999877929688,93.41000366210938,93.97000122070312,7667222,103.46038354237875
2026-02-27,93.95999908447266,94.31999969482422,93.61000061035156,94.30999755859376,6168634,103.35149529774984
2026-03-02,93.9000015258789,95.95999908447266,93.6999969482422,95.58000183105467,15765735,103.24096183776855
2026-03-03,95.66999816894533,96.44000244140624,95.27999877929688,95.62999725341795,13622932,103.14483884175618
2026-03-04,95.5999984741211,95.61000061035156,93.72000122070312,94.41000366210938,13414803,103.05580959320068
2026-03-05,94.4000015258789,95.95999908447266,94.08000183105467,95.61000061035156,11680515,102.95522950490316
2026-03-06,95.16999816894533,95.91000366210938,94.9499969482422,95.61000061035156,7754071,102.86033363342285
2026-03-09,95.30999755859376,96.44000244140624,94.9800033569336,95.20999908447266,13461340,102.7655003229777
2026-03-10,95.16000366210938,95.41999816894533,94.52999877929688,95.4000015258789,8373598,102.65975030263265
2026-03-11,95.41000366210938,96.87999725341795,95.33999633789062,96.58999633789062,13763585,102.55983365376791
2026-03-12,96.66000366210938,96.98999786376952,96.25,96.44000244140624,7558867,102.47516695658366
2026-03-13,96.38999938964844,98.16999816894533,96.23999786376952,97.88999938964844,17324106,102.39100030263265
2026-03-16,97.88999938964844,98.77999877929688,97.5999984741211,97.6999969482422,12724313,102.30583362579345
2026-03-17,97.6999969482422,98.3499984741211,97.38999938964844,97.73999786376952,7889209,102.22833360036215
2026-03-18,97.7300033569336,97.91000366210938,96.91000366210938,97.77999877929688,7197774,102.13891690572103
2026-03-19,97.3000030517578,98.87999725341795,97.3000030517578,98.58999633789062,13999435,102.05125020345052
2026-03-20,98.33999633789062,98.38999938964844,96.12999725341795,96.25,14622352,101.97491683959962
2026-03-23,95.66000366210938,95.66000366210938,93.18000030517578,93.2699966430664,16630459,101.88208351135253
2026-03-24,93.70999908447266,94.5,93.37000274658205,93.87999725341795,10142008,101.76766681671143
2026-03-25,93.1999969482422,94.1500015258789,93.18000030517578,93.8499984741211,8296088,101.66050014495849
2026-03-26,93.8000030517578,94.29000091552734,93.3000030517578,93.87000274658205,7376464,101.56808344523112
2026-03-27,93.19000244140624,93.58000183105467,93.0199966430664,93.41999816894533,7448304,101.47166678110759
2026-03-30,93.0,93.52999877929688,92.29000091552734,93.4000015258789,9481343,101.37533340454101
2026-03-31,93.4000015258789,94.48999786376952,93.20999908447266,93.79000091552734,8758634,101.2689167658488
2026-04-01,94.1500015258789,94.31999969482422,93.58000183105467,93.8499984741211,7484273,101.1628334681193
2026-04-02,93.83000183105467,93.83000183105467,93.0,93.27999877929688,6099814,101.06158345540365
2026-04-03,93.29000091552734,93.48999786376952,92.69000244140624,93.0199966430664,7071686,100.95725008646647
2026-04-07,93.02999877929688,93.52999877929688,92.94000244140624,93.37999725341795,5472300,100.85508340199789
2026-04-08,93.51000213623048,93.98999786376952,93.41000366210938,93.98999786376952,7651651,100.7609167098999
2026-04-09,93.75,93.77999877929688,93.36000061035156,93.63999938964844,5283533,100.66550000508626
2026-04-10,93.6500015258789,94.1999969482422,93.48999786376952,94.0,7198011,100.55758336385091
2026-04-13,93.7699966430664,93.83000183105467,93.45999908447266,93.66000366210938,5637325,100.44966672261556
2026-04-14,93.5999984741211,93.97000122070312,93.30999755859376,93.5500030517578,6360382,100.33350009918213
2026-04-15,93.5,93.87999725341795,93.41000366210938,93.70999908447266,7742425,100.22041676839193
2026-04-16,93.69000244140624,93.97000122070312,93.58000183105467,93.66000366210938,5820771,100.10291678110758
2026-04-17,93.66000366210938,93.66000366210938,93.30999755859376,93.47000122070312,6039433,99.98400014241537
2026-04-20,93.30999755859376,93.37999725341795,93.1999969482422,93.3000030517578,5326728,99.86475016276042
2026-04-21,93.95999908447266,96.73999786376952,93.95999908447266,96.66000366210938,23160884,99.75791683197022
2026-04-22,96.0999984741211,96.9000015258789,95.5199966430664,95.81999969482422,9666666,99.67841688791911
2026-04-23,95.83000183105467,96.62000274658205,95.68000030517578,95.8499984741211,8590356,99.5878335316976
2026-04-24,95.8000030517578,95.98999786376952,95.1999969482422,95.44000244140624,6432798,99.49600016276041
2026-04-27,95.87999725341795,95.87999725341795,95.12000274658205,95.5,6643975,99.40216687520345
2026-04-28,95.30999755859376,96.13999938964844,95.0999984741211,96.02999877929688,7431305,99.30916684468588
2026-04-29,96.0,96.55999755859376,95.9000015258789,96.5500030517578,7124805,99.22633349100748
2026-04-30,96.3000030517578,97.11000061035156,96.3000030517578,96.62999725341795,7441002,99.14391682942708
2026-05-06,96.61000061035156,96.8000030517578,95.1999969482422,96.79000091552734,10383932,99.06758346557618
2026-05-07,96.38999938964844,96.5500030517578,95.7300033569336,96.0199966430664,9128958,98.98566678365071
2026-05-08,96.0199966430664,97.25,95.72000122070312,96.68000030517578,9339412,98.88866672515869
2026-05-11,96.69000244140624,97.87999725341795,95.81999969482422,97.68000030517578,12414990,98.80100008646647
2026-05-12,97.5,98.1999969482422,97.12000274658205,97.37000274658205,9000982,98.72183341979981
2026-05-13,97.18000030517578,98.02999877929688,97.01000213623048,97.88999938964844,9530690,98.63700008392334
2026-05-14,97.88999938964844,98.9499969482422,97.51000213623048,98.52999877929688,13894733,98.55491676330567
2026-05-15,98.47000122070312,99.5500030517578,97.6999969482422,97.97000122070312,15538680,98.47766672770182
2026-05-18,98.9800033569336,101.9499969482422,98.4000015258789,100.3499984741211,24339789,98.38916676839193
2026-05-19,99.8000030517578,103.36000061035156,99.5199966430664,101.0,21979375,98.33100007375081
2026-05-20,100.0,100.18000030517578,98.56999969482422,99.16000366210938,11885049,98.27925008138021
2026-05-21,99.02999877929688,99.0500030517578,96.51000213623048,96.75,14086296,98.21691678365072
2026-05-22,96.6999969482422,96.88999938964844,95.79000091552734,95.9800033569336,8831192,98.1247501373291
2026-05-25,96.11000061035156,96.8000030517578,95.6500015258789,96.62000274658205,8188863,98.0255001703898
2026-05-26,96.51000213623048,97.4800033569336,96.33000183105467,97.19000244140624,7770766,97.9249168395996
2026-05-27,97.05999755859376,97.8000030517578,96.36000061035156,97.58000183105467,7741080,97.83083349863688
2026-05-28,97.5500030517578,98.3499984741211,96.8000030517578,98.18000030517578,8838712,97.73800017038981
2026-05-29,98.18000030517578,99.4800033569336,97.98999786376952,99.0999984741211,7768875,97.65066680908203
2026-06-01,98.8000030517578,99.0999984741211,98.1999969482422,98.9000015258789,7580179,97.56841678619385
2026-06-02,98.9000015258789,100.48999786376952,98.37999725341795,100.41999816894533,9544657,97.49050013224284
