trade_date,open,high,low,close,volume,entry_confirm_ma
2021-01-04,16.06354725111675,16.080357698489095,15.811371301106808,15.88702392578125,55780608,
2021-01-05,15.84499478995168,15.887023311686075,15.72731204318178,15.878617286682127,48757746,
2021-01-06,15.78615452613926,16.14760398864746,15.74412440029968,16.14760398864746,52294118,
2021-01-07,16.231663870011776,16.450215731122878,15.99630156057327,16.164417266845703,62097458,
2021-01-08,16.214853188724277,16.349346393124147,16.055141907267387,16.256881713867188,57476307,
2021-01-11,16.26528534294756,16.324125910791967,16.013109419390524,16.055139541625977,56735041,
2021-01-12,16.055141013502467,16.105575561523438,15.828183142480036,16.105575561523438,48818342,
2021-01-13,16.07195097923643,16.349343362299116,15.9290517756414,16.324125289916992,56515430,
2021-01-14,16.240069995160802,16.48383993518241,16.105576788005948,16.12238883972168,44384843,
2021-01-15,16.05514345623881,16.24007122930876,15.996302874047718,16.139202117919922,35074136,
2021-01-18,16.139198182811654,16.18122670176188,15.954268851546116,16.055139541625977,39875611,
2021-01-19,16.097169999778476,16.374562426808613,16.07195352668464,16.307315826416016,49734502,
2021-01-20,16.19803875065606,16.19803875065606,16.013109419390524,16.055139541625977,36650589,
2021-01-21,16.01311000315738,16.130792746421612,15.979487507428518,16.08035659790039,37561108,
2021-01-22,16.004705374628667,16.004705374628667,15.887022632886955,15.895428657531738,28348939,
2021-01-25,15.861807453080036,15.987894626442309,15.550790929053392,15.88702392578125,46984145,
2021-01-26,15.777747364091567,16.01310963869252,15.702094746316906,15.962675094604492,34066460,
2021-01-27,16.004706465481494,16.172822159979855,15.95427031417515,16.105575561523438,39582942,
2021-01-28,16.433405215771927,17.03022027753832,16.27369552037562,16.811668395996094,109097282,
2021-01-29,16.64354792648804,16.937752388495145,16.307314942745062,16.542678833007812,70772821,
2021-02-01,16.626735400558044,16.626735400558044,16.24006631514337,16.332530975341797,132064711,
2021-02-02,16.5426814216488,16.618334055239956,16.23166486096455,16.399782180786133,134633414,
2021-02-03,16.475433924263438,16.576303028078293,16.24847603575177,16.374563217163086,92892049,
2021-02-04,16.265286737579633,16.458620506584023,16.223256611740396,16.408185958862305,96214207,
2021-02-05,16.416589611587174,16.525864716406566,16.256878363049474,16.332530975341797,54269017,
2021-02-08,16.35774667907539,16.836880402285598,16.332530211680417,16.39137077331543,76477062,
2021-02-09,16.41659150720607,16.49224412823398,15.99629988073338,16.206445693969727,68625730,
2021-02-10,16.21485154158815,16.63514316346506,16.164415392597505,16.551084518432617,72887266,
2021-02-18,16.69398579430465,16.76963842384205,16.40818732789346,16.50065040588379,70000872,
2021-02-19,16.517460797782412,16.895723907457757,16.458620225896322,16.79485321044922,90788463,
2021-02-22,16.719201122080868,16.719201122080868,16.391374152090386,16.441808700561523,84434854,
2021-02-23,16.475434037052047,16.736014427524065,16.44180993335991,16.58470916748047,68130716,
2021-02-24,16.693982928484047,16.702388952910212,16.391372462282934,16.483837127685547,60547590,
2021-02-25,16.525865920756814,16.74441774960807,16.47543137664814,16.64354705810547,65349837,
2021-02-26,16.593112606368994,16.803258411824455,16.48383749297767,16.601518630981445,68862551,
2021-03-01,16.643550188266072,16.66876826670581,16.43340434445824,16.53427505493164,47855230,
2021-03-02,16.559490111204457,16.878911030051242,16.49224351759012,16.601518630981445,57678248,
2021-03-03,16.584707600907638,16.853693991894538,16.551085103676954,16.836883544921875,56249843,
2021-03-04,16.769639288619224,17.299206119404253,16.769639288619224,17.038625717163086,92043597,
2021-03-05,16.937753883110805,17.080653114221903,16.593114843952062,16.97978401184082,64137470,
2021-03-08,16.920941831618798,17.24877042257101,16.836884780729722,16.97978401184082,78175468,
2021-03-09,17.105871092653864,17.719496538998406,16.89572526007405,17.021812438964844,126622763,
2021-03-10,16.820072405189954,17.038624260519086,16.651955100079718,16.72760772705078,89849617,
2021-03-11,16.7780426005077,17.10587119145991,16.73601407506316,16.97978401184082,77301894,
2021-03-12,17.030218172286574,18.467614872878165,16.98818804452091,17.921236038208008,207504593,
2021-03-15,17.92123520984703,18.257468200003704,17.4421029984631,17.60181427001953,122706239,
2021-03-16,17.601813380616,17.736306569882853,17.366449497756367,17.576595306396484,76341021,
2021-03-17,17.62703117083128,17.652249246938226,17.105870424237693,17.164710998535156,80167137,
2021-03-18,17.13108655794705,17.341232378155496,17.004999386479057,17.17311668395996,70928273,
2021-03-19,17.03862184036479,17.38326082393159,16.946157175359236,17.206737518310547,67477930,
2021-03-22,17.19833409611002,17.938048321506308,17.189929673733538,17.828771591186523,101953321,
2021-03-23,17.778336577699243,18.022106505693426,17.475727678174067,17.627031326293945,88793104,
2021-03-24,17.610220619734868,17.677467219005536,17.299204096054655,17.467321395874023,65449875,
2021-03-25,17.484132545239643,17.71109042812284,17.349639341298218,17.70268440246582,50522985,
2021-03-26,17.568188482867644,17.786740306310502,17.450507348431184,17.509347915649414,61999526,
2021-03-29,17.425292180149484,17.94645455420395,17.400075706158212,17.87080192565918,70832609,
2021-03-30,17.845582846201296,18.04732264322945,17.711089648182526,18.022106170654297,49654596,
2021-03-31,18.022106170654297,18.07254071908999,17.86239489677499,18.022106170654297,35827789,
2021-04-01,17.996888351977063,18.265874751858533,17.929641752006695,18.18181610107422,30377733,
2021-04-02,18.156600031141085,18.156600031141085,17.70268426880197,17.75312042236328,54592043,
2021-04-06,17.75311725108882,17.828768261346205,17.517753386369225,17.610218048095703,41859407,
2021-04-07,17.753115965543966,17.81195652664179,17.61021677289851,17.761520385742188,37909913,
2021-04-08,17.66065212340635,17.736304734952885,17.43369428876674,17.534564971923828,34768000,
2021-04-09,17.534569127058433,17.643844256695314,17.442104445860345,17.52616310119629,23521115,
2021-04-12,17.48412977740339,17.946451495638676,17.475725356362293,17.81195831298828,65645637,
2021-04-13,17.74471237184143,17.85398748551684,17.52616054120535,17.66905975341797,37492201,
2021-04-14,17.69428028963725,17.719498369334495,17.4084817995443,17.450511932373047,53201843,
2021-04-15,17.45050933433891,17.467321384967427,17.047029738966835,17.080652236938477,57600278,
2021-04-16,17.14789695086527,17.324420256486313,17.080650359029924,17.206737518310547,24951468,
2021-04-19,17.156305422103024,17.349639200792428,17.14789939651408,17.24036407470703,32216369,
2021-04-20,17.181523606963516,17.341233284301914,17.156305530038026,17.32442283630371,23126559,
2021-04-21,17.27398702184397,17.358045676628358,17.206740418673558,17.316017150878906,23863841,
2021-04-22,17.316015009111755,17.35804352966282,17.080651125484035,17.147897720336914,37710976,
2021-04-23,17.139494282872143,17.14790030890835,16.828479335960118,17.131088256835938,49810967,
2021-04-26,17.114276665724756,17.18992929171552,16.94615936279297,16.94615936279297,31879803,
2021-04-27,16.90413250214006,17.0302196901037,16.870508396930784,16.912538528442383,22683243,
2021-04-28,16.93775500406376,16.97978513557536,16.786449737193166,16.912538528442383,28506691,
2021-04-29,16.887319805876377,16.971378462410105,16.7864490973788,16.920942306518555,34505740,
2021-04-30,16.92094072156645,16.937752771955545,16.64354830328783,16.786447525024414,48161564,
2021-05-06,16.727606159073453,16.870505374036732,16.702389687970417,16.719200134277344,51696523,
2021-05-07,16.72760929373124,16.786449875045104,16.551087549789656,16.609928131103516,43386527,
2021-05-10,16.601521660818726,16.67717429285239,16.44181037060482,16.53427505493164,38721977,
2021-05-11,16.509054324230476,16.769636283054002,16.408185233247746,16.719200134277344,34332839,
2021-05-12,16.685578507767104,16.786447604005538,16.55949133582637,16.618331909179688,24864161,
2021-05-13,16.559493576161007,16.710797240988537,16.50065139156155,16.609928131103516,29963882,
2021-05-14,16.601518511619634,16.61833056072366,16.433401227149893,16.517459869384766,42437336,
2021-05-17,16.5258694706756,16.72760929373124,16.492246968475794,16.609928131103516,62956889,
2021-05-18,16.60152108395996,16.63514518737793,16.525868454555024,16.63514518737793,27127892,
2021-05-19,16.6351423607861,16.643546781927046,16.467025078833213,16.483837127685547,28453636,
2021-05-20,16.458618128067293,16.492242223879497,16.23166029119032,16.332530975341797,60053208,
2021-05-21,16.35775059488276,16.509055848613094,16.32412809587904,16.475433349609375,33774281,
2021-05-24,16.48383791265591,16.517460408676477,16.256880052197207,16.290502548217773,35296840,
2021-05-25,16.256879216702274,16.677170816713634,16.122386032961455,16.651952743530273,62591307,
2021-05-26,16.601517672979675,16.60992369710705,16.315719265789618,16.324125289916992,79505692,
2021-05-27,16.340940475463867,16.408187078108348,16.298910346757644,16.340940475463867,55929770,
2021-05-28,16.349347289563546,16.5510871072248,16.29050510653749,16.53427505493164,50076336,
2021-05-31,16.593112387270708,16.69398307800293,16.43340112831354,16.69398307800293,47957240,
2021-06-01,16.693982310456953,16.870504007015782,16.576299576132566,16.752822875976562,44219888,
2021-06-02,16.7948535327055,16.85369410572061,16.56789566254547,16.66036033630371,37983807,
2021-06-03,16.660361125663773,16.836884456358067,16.584708498692713,16.72760772705078,35400694,
2021-06-04,16.727609053591454,16.82847976531398,16.618333918903822,16.702392578125,31669907,
2021-06-07,16.702391584376798,16.702391584376798,16.52586825018644,16.593114852905273,34970285,
2021-06-08,16.618331813660166,16.727606934504607,16.56789566254547,16.66036033630371,37369707,
2021-06-09,16.70239071750918,17.089058262252735,16.668766616252142,17.080652236938477,71481128,
2021-06-10,17.089058262252735,17.31601613588155,17.030217688338315,17.080652236938477,57558070,
2021-06-11,17.10587175540638,17.509351384803583,17.08065367733698,17.39167022705078,71395916,
2021-06-15,17.391668529370993,17.442103077301113,17.114276110827255,17.17311668395996,42807518,
2021-06-16,17.173115794638726,17.307608984344483,16.996592481096616,17.147897720336914,41239615,
2021-06-17,17.181521819405997,17.41688409974843,17.09746317501858,17.147897720336914,42176995,
2021-06-18,17.206736989407126,17.24876711006555,16.862098016433897,16.878910064697266,51320376,
2021-06-21,16.912537634975976,16.92934808340696,16.643549617368755,16.761232376098633,50894810,
2021-06-22,16.744419897414947,17.080652906743467,16.744419897414947,16.937753677368164,35805943,
2021-06-23,17.0218136645577,17.13108879992155,16.853696345074997,17.038625717163086,40278201,
2021-06-24,17.063839075949492,17.18992784417327,17.004998505863885,17.147897720336914,25744638,
2021-06-25,17.181524183952245,17.416886496685578,17.06384142430007,17.349639892578125,49038854,
2021-06-28,17.500944151218008,18.030512531136537,17.46732165273095,17.627031326293945,65612385,
2021-06-29,17.62703198004885,17.62703198004885,17.114277235284824,17.231958389282227,43255849,
2021-06-30,17.240364762135577,17.408480470761457,17.139494054331642,17.349639892578125,22981375,
2021-07-01,17.358046029285592,17.610221998762125,17.15630621567568,17.559785842895508,28521680,
2021-07-02,17.42529000482368,17.442102054242742,17.021810438477857,17.063838958740234,41188859,
2021-07-05,17.063841541640233,17.14790019817396,16.845291279252272,16.920942306518555,36482454,16.851803572972617
2021-07-06,16.895726476588464,17.4168872810708,16.769639288619224,17.038625717163086,39685027,16.86041955947876
2021-07-07,17.055434198365337,17.173115335389483,16.904128963171292,17.07224464416504,30192904,16.870086296399435
2021-07-08,17.139491237219588,17.18992738447443,16.84528839465922,17.07224464416504,35703604,16.877791635195415
2021-07-09,17.030216124737915,17.14789726176206,16.97137555622584,17.07224464416504,27799423,16.88535686333974
2021-07-12,17.131086888493257,17.16471098995237,16.736013316061122,16.77804183959961,55671169,16.892151554425556
2021-07-13,16.736010648870735,16.98818495648385,16.660358035929768,16.97137451171875,33766332,16.898175740242003
2021-07-14,16.988187789916992,17.03021791705275,16.752825491098413,16.988187789916992,37805654,16.905390731493632
2021-07-15,16.904132164870724,17.097465956109964,16.786449402271824,17.04703140258789,33177823,16.9109245856603
2021-07-16,17.073147059267434,17.073147059267434,16.698773871235986,16.794544219970703,53981418,16.91862994035085
2021-07-19,16.77713231343356,16.916433742929932,16.672655411009274,16.89031410217285,30581683,16.924091124534606
2021-07-20,16.881606361798,16.925139093315558,16.716186963843008,16.794544219970703,25392895,16.931050912539163
2021-07-21,16.733598482722165,16.79454430716316,16.542059444862225,16.550765991210938,56025125,16.93511114915212
2021-07-22,16.533354438186503,16.611711702018045,16.35922847680846,16.402759552001953,52133231,16.939241369565327
2021-07-23,16.45499682969584,16.507234450954698,16.219925043124917,16.359228134155273,41983289,16.94192806084951
2021-07-26,16.272164665817403,16.472410268673983,16.254751571498378,16.402759552001953,42187908,16.945793056488036
2021-07-27,16.40275940349402,16.411465950574705,15.83684712808194,15.958735466003418,54495540,16.950090853373208
2021-07-28,15.845552032870936,16.385344611094858,15.845552032870936,16.333106994628906,57849096,16.95005802313487
2021-07-29,16.272166282409145,16.42888082564136,16.150276270670624,16.185102462768555,38512311,16.951954118410747
2021-07-30,16.193809138690803,16.542062759399414,16.089332222176093,16.542062759399414,44409713,16.94673273563385
2021-08-02,16.515942188988454,16.576888022223645,16.176395135413184,16.454998016357422,55085576,16.946727601687112
2021-08-03,16.37664165468522,16.53335619903888,16.29828438250839,16.437585830688477,36380490,16.947748160362245
2021-08-04,16.402758367195823,16.777131564992743,16.263456943913802,16.594297409057617,42254412,16.948063190778097
2021-08-05,16.559473318924855,16.716187839388496,16.454996418414428,16.67265510559082,34706394,16.949894309043884
2021-08-06,16.629123093889625,16.64653618642594,16.437582397197936,16.585590362548828,34953841,16.952098218599954
2021-08-09,16.55947328427861,16.890313757428775,16.542060190795972,16.846782684326172,41614432,16.95420704682668
2021-08-10,16.84678240557957,17.03832144890741,16.742305507016408,17.02090835571289,37597080,16.958002146085104
2021-08-11,16.977376379051094,17.107971249846095,16.933845308987383,17.038320541381836,26019006,16.964789334932963
2021-08-12,17.01220259902571,17.290805433463145,16.97737641441909,17.142797470092773,32114698,16.968849635124208
2021-08-13,17.142798942398915,17.221156203889628,17.012204060115735,17.064441680908203,20331596,16.97420086065928
2021-08-16,17.09926847074785,17.212451934814453,17.020911198887664,17.212451934814453,21945635,16.976447431246438
2021-08-17,17.24727544754854,17.369165452466195,16.925141491690212,17.090560913085938,29365833,16.982869458198547
2021-08-18,16.97737641441909,17.229861271005444,16.968669868267437,17.142797470092773,29307686,16.987084889411925
2021-08-19,17.04702833325002,17.36916392131514,17.0296152397105,17.34304428100586,35463186,16.992576225598654
2021-08-20,17.386577839803575,17.473641659343656,17.02961767423305,17.282102584838867,41924218,16.998405369122825
2021-08-23,17.29951503959528,17.656475191933716,17.2821019442119,17.412696838378906,47135688,17.004076902071635
2021-08-24,17.473641659343656,17.543292382854876,17.238569844766708,17.282102584838867,35559914,17.01139708360036
2021-08-25,17.34304482135064,17.351751368391664,17.125386127137208,17.177623748779297,29716902,17.017068616549174
2021-08-26,17.17762252371661,17.229861802237185,16.968670391446114,16.97737693786621,21795879,17.019908118247987
2021-08-27,17.003496170043945,17.195035204888594,16.907725822319676,17.003496170043945,20067554,17.019397711753847
2021-08-30,16.90772796760732,16.95996559090135,16.524648188708174,16.620418548583984,38315539,17.019595313072205
2021-08-31,16.60300574531152,16.907728264315036,16.454997759544334,16.838077545166016,37974541,17.016600600878398
2021-09-01,16.890314763417912,17.403989427522312,16.838077140462712,17.2559814453125,53595980,17.015069476763408
2021-09-02,17.16891750017214,17.412695839746053,17.090560236044954,17.395282745361328,36644236,17.019472591082256
2021-09-03,17.412695773035775,17.54329065921273,17.273394339699816,17.464933395385742,43772080,17.02293508052826
2021-09-06,17.47364009963015,17.64776772316752,17.386576287861466,17.43010902404785,34986498,17.01913255850474
2021-09-07,17.447520709742285,17.551995946945702,17.308217625797806,17.438814163208008,35907515,17.017701681454977
2021-09-08,17.456226247387544,17.804481479344656,17.456226247387544,17.70000457763672,55497445,17.01655350526174
2021-09-09,17.848013401392972,17.856719948666143,17.343045283777727,17.752243041992188,57850588,17.021014285087585
2021-09-10,17.75224163456944,17.874131626126125,17.61294021045091,17.760948181152344,41591535,17.025840338071188
2021-09-13,17.734833015472145,17.97860971605047,17.647769196435213,17.74353790283203,36884240,17.030458760261535
2021-09-14,17.752242393805414,17.79577512858176,17.421401912525358,17.491052627563477,37538216,17.02974847952525
2021-09-15,17.41269452344152,17.482345235111126,17.1079720371605,17.16020965576172,38454156,17.028615323702493
2021-09-16,17.16021024678672,17.604234171699844,17.090559532718228,17.20374298095703,38912370,17.026056059201558
2021-09-17,17.212448605012668,17.830598451655312,17.212448605012668,17.68259048461914,56124933,17.02189821402232
2021-09-22,17.647767734521935,18.884069212741228,17.630354640036177,18.596759796142575,114253703,17.023341902097066
2021-09-23,18.67511653365211,19.093020825891152,18.3268612961822,18.48357582092285,101364862,17.02939155101776
2021-09-24,18.74476840231544,18.76217983677695,18.1527364549161,18.3616886138916,73281349,17.033237131436668
2021-09-27,18.683822650305675,18.85795028050629,18.37910178836083,18.788299560546875,101965330,17.03606698513031
2021-09-28,18.70993897215222,19.20620047135612,18.387805072242674,18.97113037109375,90481725,17.04112101395925
2021-09-29,18.83182755950409,19.345502157964987,18.58805090979647,19.258440017700195,112240070,17.051271096865335
2021-09-30,19.32809069040344,19.397741398848336,18.657701583743883,19.153963088989254,98750701,17.065006279945372
2021-10-08,19.589282030551985,19.597988577393604,18.88406834242124,19.11043357849121,79536810,17.0766099691391
2021-10-11,19.241028211257717,19.301972377757437,18.631583225052506,18.82312393188477,58759102,17.08974220752716
2021-10-12,18.640289368337537,18.788297338320856,18.35297997491157,18.57063865661621,60442307,17.100550214449566
2021-10-13,18.500988322178163,18.500988322178163,18.02213987690456,18.152734756469727,39810551,17.106872550646465
2021-10-14,18.15273630287088,18.239800116865805,17.891544860886096,18.004728317260742,34687929,17.110903175671897
2021-10-15,17.961194049877093,18.204972376174997,17.84801226374835,18.152734756469727,40582444,17.11552164554596
2021-10-18,18.15273497291479,18.492281995953626,18.05696461847655,18.335567474365234,44454572,17.124455666542055
2021-10-19,18.19626447768989,18.631581817637517,18.074376153897795,18.553224563598636,41116416,17.133862582842507
2021-10-20,18.54452018824054,18.61417090436091,18.196266607638684,18.27462387084961,66022066,17.144803086916607
2021-10-21,18.283332253075745,18.352982976187104,18.11791116295969,18.344276428222656,33962198,17.152721428871153
2021-10-22,18.32686008150631,18.387805906446975,18.1440275884961,18.28332901000977,29844048,17.16129025618235
2021-10-25,18.23109288593865,18.588053015392024,18.178853603137625,18.309450149536133,46293766,17.170752183596292
2021-10-26,18.335568405370267,18.50098948218008,18.26591768786152,18.422632217407227,32898560,17.18057186603546
2021-10-27,18.4052186486961,18.51840209960937,18.265917217267493,18.51840209960937,36028733,17.19287580649058
2021-10-28,18.42263071754667,18.500987975940145,18.27462274731499,18.39651107788086,42075088,17.20625800291697
2021-10-29,18.370395023139324,18.50098991394043,18.161442865736728,18.50098991394043,40708901,17.218624440828957
2021-11-01,18.37909995591459,18.64899626127241,18.33556722240269,18.61417007446289,38304468,17.23179150422414
2021-11-02,18.62287761115692,18.6577037998178,17.987314613532583,18.23979949951172,56946001,17.24702252546946
2021-11-03,18.1353232913347,18.53581617331112,18.083085666939212,18.431339263916016,40879018,17.259694186846414
2021-11-04,18.42263128198145,18.51840163641969,18.300742947681155,18.335567474365234,28026835,17.274872612953185
2021-11-05,18.30944981996818,18.396511968527985,17.978607677266375,17.987314224243164,37251180,17.289883383115132
2021-11-08,18.048257223983928,18.05696377039703,17.68259057765325,17.717416763305664,34285318,17.300451000531513
2021-11-09,17.89154220449704,17.926368389165958,17.517170682929482,17.708709716796875,36674196,17.309610040982566
2021-11-10,17.760949794450454,17.760949794450454,17.33433893676119,17.543291091918945,39771645,17.318766554196674
2021-11-11,17.499760923378094,17.621649271724852,17.377870914427138,17.52587890625,40208209,17.327315147717794
2021-11-12,17.534585599249436,17.578118338736697,17.238569613152908,17.386577606201172,41982477,17.334948070844014
2021-11-15,17.47363946896156,17.647767086214216,17.343044586324087,17.56070327758789,44991245,17.34121000766754
2021-11-16,17.499760654691638,17.612942453475263,17.351752665141248,17.412696838378906,32493739,17.35018389225006
2021-11-17,17.421402320194783,17.578116847848758,17.37786958439975,17.464933395385742,28935528,17.359185274442037
2021-11-18,17.412696926123175,17.525878725477135,17.37787073518092,17.44752311706543,25736457,17.36743110815684
2021-11-19,17.430106351247204,17.64776501699024,17.395280167638475,17.59552574157715,30307444,17.37707294623057
2021-11-22,17.604233471933146,17.656472750861017,17.403987884521484,17.403987884521484,29310350,17.384936054547627
2021-11-23,17.386576198168964,17.43010893413078,17.325632028426508,17.395282745361328,32949381,17.393934909502665
2021-11-24,17.447522828459565,17.447522828459565,17.16891828734258,17.2298641204834,38276235,17.402721095085145
2021-11-25,17.238569007470787,17.33433937037363,17.134093757580555,17.2298641204834,36655019,17.408517670631408
2021-11-26,17.195035204888594,17.195035204888594,16.96866998519734,17.003496170043945,45569503,17.412983345985413
2021-11-29,17.003496170043945,17.003496170043945,17.003496170043945,17.003496170043945,0,17.41507229010264
2021-11-30,17.003496170043945,17.003496170043945,17.003496170043945,17.003496170043945,0,17.417931755383808
2021-12-01,17.003496170043945,17.003496170043945,17.003496170043945,17.003496170043945,0,17.420230825742085
2021-12-02,17.003496170043945,17.003496170043945,17.003496170043945,17.003496170043945,0,17.42274002234141
2021-12-03,17.003496170043945,17.003496170043945,17.003496170043945,17.003496170043945,0,17.4261598666509
2021-12-06,17.003496170043945,17.003496170043945,17.003496170043945,17.003496170043945,0,17.429019331932068
2021-12-07,17.003496170043945,17.003496170043945,17.003496170043945,17.003496170043945,0,17.428376364707947
2021-12-08,17.003496170043945,17.003496170043945,17.003496170043945,17.003496170043945,0,17.427733397483827
2021-12-09,17.003496170043945,17.003496170043945,17.003496170043945,17.003496170043945,0,17.424498613675436
2021-12-10,17.003496170043945,17.003496170043945,17.003496170043945,17.003496170043945,0,17.4230851093928
2021-12-13,18.69252591944823,18.70123246549166,17.865423972568703,18.161439895629883,240466334,17.42188176314036
2021-12-14,17.891545967616448,18.95372157497089,17.717419989459685,18.875364303588867,152816972,17.43032794793447
2021-12-15,18.744766887321862,19.04948772332201,18.71864724683442,19.005956649780277,81044609,17.446965066591897
2021-12-16,18.962426932324853,19.17137908935547,18.849243476055687,19.17137908935547,58378768,17.465671102205913
2021-12-17,19.127844920000296,19.310679081590923,18.99725003920928,19.075607299804688,56888435,17.484284647305806
2021-12-20,18.823122315853936,19.101725144850207,18.74476506262325,18.936304092407227,48784938,17.50125949382782
2021-12-21,19.005957920706877,19.27585424804237,18.91889410719745,19.136552810668945,36284002,17.51616288026174
2021-12-22,19.145258948396588,19.310680024464283,19.0930213256504,19.16267204284668,30735728,17.53105382124583
2021-12-23,19.17137805064013,19.380330196349604,19.075607694463432,19.32809257507324,32436286,17.543850827217103
2021-12-24,19.301975190233428,20.050721711995568,19.2149113708604,19.47610282897949,50644778,17.561318612098695
2021-12-27,19.45868682861328,19.772114206728624,19.20620195617738,19.45868682861328,33915757,17.579039136568706
2021-12-28,19.537047004359344,19.632815711125865,19.25844411084903,19.47610282897949,39586585,17.594863311449686
2021-12-29,19.476100897929552,19.51092542586338,19.267147087910296,19.37162399291992,29148289,17.614965510368346
2021-12-30,19.30197316899964,19.676346390677683,19.24102900000165,19.615402221679688,33339376,17.635387857755024
2021-12-31,19.56316141472269,19.867883896571517,19.56316141472269,19.763408660888672,31889449,17.656860995292664
2022-01-04,19.84176479894107,19.937533482815308,19.63281101815185,19.88529586791992,47207944,17.679287362098695
2022-01-05,19.806940171020287,19.9636546886195,19.63281256022028,19.841766357421875,44243779,17.702729455629985
2022-01-06,19.728584327641958,19.833061233738416,19.11913930672145,19.16267204284668,62904384,17.725808803240458
2022-01-07,19.29326438903809,19.48480342095061,19.05819262673371,19.29326438903809,35547313,17.745680721600852
2022-01-10,19.25843969350739,19.58057359251369,19.25843969350739,19.502216339111328,32650652,17.765029803911844
2022-01-11,19.545753816877063,20.015895790887264,19.484807980068176,19.589284896850582,45618790,17.785980041821798
2022-01-12,19.56316405578419,19.6937606089244,19.17137937817602,19.3890380859375,35022982,17.80716548760732
2022-01-13,19.41515459359165,19.58928221081832,19.24102863696902,19.46739387512207,34248577,17.82878626982371
2022-01-14,19.51963193030897,19.728584079267183,19.18008489582738,19.545751571655277,40524229,17.850261934598286
2022-01-17,19.545751935701944,19.97236278867959,19.53704538842435,19.69375991821289,42897062,17.873188662528992
2022-01-18,19.728586136377835,20.007189030705533,19.597991237237256,19.90271377563477,36599162,17.89938027858734
2022-01-19,19.88529730606632,20.059424915782664,19.80694004775436,19.981067657470703,34865674,17.92854656378428
2022-01-20,19.998479372583954,20.47732947576919,19.91141722709935,20.0942497253418,59563610,17.95872855981191
2022-01-21,20.085546067686955,20.224847513223597,19.859180803538862,20.00718879699707,35471714,17.989490977923076
2022-01-24,20.00718661118401,20.181314229383236,19.772114824796272,19.894004821777344,26991917,18.02322808901469
2022-01-25,19.745994741015537,19.89400270253688,19.53704261779785,19.53704261779785,30261535,18.05290223757426
2022-01-26,19.55445623643781,19.82435421214368,19.493512067924893,19.650226593017575,22026011,18.080835072199502
2022-01-27,19.65893176034801,19.67634485315936,19.26714547511231,19.484804153442383,32410924,18.106736437479654
2022-01-28,19.57186739957161,19.67634429286072,19.066899346649343,19.084312438964844,35244949,18.131984821955363
2022-02-07,19.241029872769246,19.65893418822929,19.145259511083104,19.493513107299805,31043747,18.154040877024332
2022-02-08,19.545749482190544,20.216136932373047,19.493510205082384,20.216136932373047,38321462,18.17820100784302
2022-02-09,20.24225610729682,20.407677159809403,19.98977125553532,20.311906814575195,38855076,18.2077300230662
2022-02-10,20.416385891385733,20.71240184415853,20.190020653347474,20.70369529724121,34539084,18.23878266016642
2022-02-11,20.694986749432644,20.84299471150892,20.56439187950743,20.66886711120605,28605749,18.270923598607382
2022-02-14,20.668871630484023,20.668871630484023,20.172610019897583,20.36414909362793,31333357,18.301323254903156
2022-02-15,20.355440494799907,20.433797758114096,20.02460000794316,20.11166381835937,24917520,18.329038492838542
2022-02-16,20.16389902631576,20.36414460387652,20.08554177238262,20.102954864501957,22036550,18.35377904574076
2022-02-17,20.102958042407337,20.3815609179432,20.05942696583141,20.233552932739254,31402561,18.379099988937377
2022-02-18,20.233552433451635,20.29449660339572,20.033306829177057,20.22484588623047,18501627,18.40427583058675
2022-02-21,20.11166322739503,20.19872703525295,19.946242158525383,20.068130493164062,18515111,18.430394872029623
2022-02-22,19.981066212397995,20.024597281376845,19.763407546296072,19.88529586791992,23565507,18.454772647221883
2022-02-23,19.937535303092407,20.007186016179908,19.745996257252774,19.85047149658203,26258735,18.475958077112832
2022-02-24,19.885298818090853,20.05071989383916,19.624109044260123,19.72858428955078,41480293,18.49736115137736
2022-02-25,19.77211770048598,19.937538795773957,19.71117352343364,19.806943893432617,38662399,18.51666021347046
2022-02-28,19.859180745984894,20.216140906713548,19.77211692762576,20.181316375732425,39821079,18.53770055770874
2022-03-01,20.19872799470277,20.355440863566155,20.07683799367024,20.259672164916992,27721136,18.562731329600016
2022-03-02,20.259670912763564,20.59921793188792,20.18131365287272,20.52086067199707,33156974,18.59008378982544
2022-03-03,20.63404306137495,20.92135244605012,20.555685805499547,20.851701736450195,38573408,18.619395160675047
2022-03-04,20.8081690050728,20.938763877997168,20.45991545707319,20.851701736450195,40590487,18.65465585390727
2022-03-07,20.78205240283881,21.02582907227715,20.660162407515635,20.7385196685791,56662099,18.68810272216797
2022-03-08,20.72981271681551,20.773345450224905,20.085543207792284,20.19872665405273,68797615,18.717123874028523
2022-03-09,20.24226060906673,20.51215695221844,19.51092718969727,20.00718879699707,72997469,18.740485906600952
2022-03-10,20.24225734845774,20.285788420449403,19.74599582109541,19.772113800048828,46414984,18.761671368281046
2022-03-11,19.676345825195312,19.72858344560603,19.241028447029947,19.676345825195312,44014302,18.78118807474772
2022-03-14,19.5196341725304,19.93753851845152,19.441276900094653,19.589284896850582,45009506,18.79983417193095
2022-03-15,19.49351209331597,19.50221864034402,18.30944992776993,18.41392517089844,76119235,18.815578174591064
2022-03-16,18.63158253293344,19.624107235329245,18.36168623677325,19.484804153442383,75780925,18.82109219233195
2022-03-17,19.676345228486877,19.70246320759817,19.00595608789759,19.0669002532959,61437709,18.8354576587677
2022-03-18,19.04948737743625,19.31938534242722,18.910185951907224,18.962425231933597,99662949,18.8464856783549
2022-03-21,19.15396373923152,19.15396373923152,18.70993983509504,18.849241256713867,41267879,18.85874711672465
2022-03-22,18.892773440181408,19.28455805438004,18.83182761696466,19.18878936767578,31552597,18.87282238006592
2022-03-23,19.24102928443658,19.3542110770197,18.9798378498074,19.058195114135746,32225242,18.889364433288574
2022-03-24,18.90148085557768,19.040783952399643,18.76217941935983,18.77959251403809,34064522,18.900827805201214
2022-03-25,18.73605870989065,18.892773217968408,18.535813132059666,18.553224563598636,25319503,18.902351411183677
2022-03-28,18.457455687645364,19.023367891619525,18.20497083599009,18.936304092407227,45018266,18.90293181737264
2022-03-29,18.87536267112832,19.084314823207475,18.81441850101408,18.988544464111328,29555632,18.907720279693603
2022-03-30,19.049487160152392,19.15396405840946,18.857948117385725,19.0669002532959,40088137,18.909388987223306
2022-03-31,19.06689928828217,19.26714486748576,18.91889132526128,19.153963088989254,29652360,18.91018706957499
2022-04-01,19.101728078236437,19.406450591972728,18.99725117101675,19.345504760742188,29641444,18.9093164285024
2022-04-06,19.171377922199163,19.56316257005311,19.171377922199163,19.46739387512207,36117220,18.910912609100343
2022-04-07,19.49351298987429,19.806942054883347,19.3803311945122,19.73729133605957,36059049,18.91388727823893
2022-04-08,19.763409283582668,20.233551180176267,19.71117000349139,20.19872665405273,41276598,18.92150533994039
2022-04-11,20.268378479325225,20.311909554519826,19.84176763212268,19.972362518310547,45370869,18.935072739919026
2022-04-12,20.17260522225884,20.2857869978624,19.84176478075287,20.059423446655277,41289587,18.950236304601034
2022-04-13,19.98977142633014,20.25966937236824,19.937533810576,20.102954864501957,28301179,18.967358764012655
2022-04-14,20.102958042407337,20.459918184263174,20.0507204183954,20.233552932739254,26045020,18.983610598246255
2022-04-15,20.22484624858467,20.512155669614348,20.19872826705732,20.37285423278809,21012568,18.999427143732706
2022-04-18,20.22484431834884,20.38155883497276,19.894003852612528,19.981067657470703,25614560,19.014590724309286
2022-04-19,20.05072007947925,20.43379819656385,20.03330698490156,20.190021514892575,44550874,19.028811089197795
2022-04-20,20.268376743298692,20.477328875422938,20.059424611174453,20.329320907592773,41543383,19.04419229825338
2022-04-21,20.25096312832461,20.60792321907524,20.216136943566557,20.494741439819336,57129450,19.061242230733235
2022-04-22,20.381559273975125,20.625337600708008,20.05071880111278,20.625337600708008,95057064,19.079452991485596
2022-04-25,20.451208009549926,20.660160129141552,19.94623997205254,19.954946517944336,77673245,19.09780886967977
2022-04-26,19.95494971990605,20.364147478857184,19.90271209677708,20.190021514892575,43810129,19.109780073165894
2022-04-27,20.26837737154544,20.320614991044696,19.737289648057057,19.920122146606445,61346691,19.124725993474325
2022-04-28,19.74599671608855,20.07683719579089,19.554456005194112,20.03330612182617,49160008,19.136552095413208
2022-04-29,20.015892626703863,20.102956433491805,19.632812873199317,19.780820846557617,59442955,19.148378229141237
2022-05-05,19.894004133760838,20.224844604172688,19.78082068766448,20.0942497253418,45670665,19.16122007369995
2022-05-06,20.00718607996467,20.242257860110914,19.67634560689528,19.780820846557617,34163073,19.1750776608785
2022-05-09,19.789530672881167,19.82435686560945,19.38903942013153,19.44998359680176,28366766,19.187121438980103
2022-05-10,19.44997853571608,19.894002413836457,19.24973296144723,19.88529586791992,46298689,19.19931035041809
2022-05-11,19.806942034531215,19.937536924616094,19.563163688596426,19.632814407348636,55381648,19.21737600962321
2022-05-12,19.667638874511148,19.833059939786413,19.24973459859846,19.42386054992676,40474973,19.23341021537781
2022-05-13,19.502219072914485,20.22484588623047,19.397743827468656,20.22484588623047,56449983,19.24908162752787
2022-05-16,20.25096573168203,20.285790260313053,19.96365631290864,20.015893936157227,33705730,19.27157301902771
2022-05-17,20.15519395455735,20.25967085431172,19.93753526895608,20.024599075317383,34034819,19.29348398844401
2022-05-18,20.09425099239292,20.09425099239292,19.68505323675961,19.83306121826172,38373622,19.31401645342509
2022-05-19,19.780822516494386,20.28579064577008,19.754704534675867,20.26837921142578,48520217,19.33418615659078
2022-05-20,20.37285138338793,20.712400041190385,20.198725442010872,20.28578758239746,56244260,19.35754820505778
2022-05-23,20.459917442620245,20.459917442620245,19.78082171266475,19.937536239624023,52352823,19.38120040893555
2022-05-24,19.859176577818857,20.13777940960984,19.806938962009013,19.9288272857666,37889562,19.400717163085936
2022-05-25,20.05942547957923,20.277084167540263,19.97236167227401,20.20743179321289,40391345,19.42175749142965
2022-05-26,20.329324692313552,20.755935582398404,20.20743468042913,20.72110939025879,58599755,19.445192066828408
2022-05-27,20.886528627142777,20.91264826892825,20.61663230444253,20.651456832885746,45612956,19.47428577740987
2022-05-30,20.79075543505574,20.921351965584822,20.51215260305425,20.66886711120605,40461216,19.502799050013223
2022-05-31,20.63404439096254,20.93006034098745,20.555687130038063,20.912647247314453,44294751,19.53334380785624
2022-06-01,20.91264746158225,21.182543773862974,20.76463948505333,21.09547996520996,47790683,19.565920066833495
2022-06-02,20.93876620457049,21.069362752609766,20.755933694282056,20.825584411621094,39928315,19.600019931793213
2022-06-06,20.903939984914302,21.112892120025588,20.50344714716471,21.00841522216797,54285780,19.63187066713969
2022-06-07,20.91264985727944,20.93006295312565,20.555689695453296,20.60792732238769,51553384,19.665244992574056
2022-06-08,20.72110814000564,20.755934330043942,20.520862529097823,20.69499015808105,38133672,19.695281918843587
2022-06-09,20.62533835287849,20.9300608572563,20.573099070570944,20.642749786376957,49443257,19.726044368743896
2022-06-10,20.616631297289544,20.947471774056435,20.599218203616545,20.912647247314453,85995632,19.75637148221334
2022-06-13,20.668870431615,20.816878417468438,20.19002194476196,20.26837921142578,91321874,19.788947741190594
2022-06-14,20.17260824885443,20.912648156075196,20.17260824885443,20.895235061645508,76571228,19.816155099868773
2022-06-15,20.877823665587027,20.964887484213843,20.581807678618382,20.60792732238769,52500243,19.848586257298788
2022-06-16,20.66886983088546,20.69498947254896,20.22484588623047,20.22484588623047,60401944,19.86897365252177
2022-06-17,20.320614675718684,20.59921752286346,20.277083603578795,20.546979904174805,51834727,19.880219332377116
2022-06-20,20.45991673305554,20.477329826692465,20.094250069700177,20.13778114318848,63154059,19.893061192830405
2022-06-21,20.137782141705717,20.242259048103666,20.02460034866169,20.15519523620605,42543068,19.90111454327901
2022-06-22,20.190020107370856,20.277083913585663,20.085543207792284,20.19872665405273,48432642,19.91011110941569
2022-06-23,20.198727628775597,20.22484560947761,20.05071964924924,20.11166381835937,49104658,19.920631297429402
2022-06-24,20.12036976453061,20.36414643369032,20.05071905039869,20.34673500061035,57315889,19.92875722249349
2022-06-27,20.329322725024333,20.45121106450925,20.207432724935337,20.294496536254883,49160797,19.93862441380819
2022-06-28,20.285790282100372,20.285790282100372,20.08554467559563,20.120370864868164,57584123,19.94667778015137
2022-06-29,20.111664160559297,20.190021425206734,19.96365617851459,20.15519523620605,59053459,19.95204668045044
2022-06-30,20.12907600402832,20.19002017038771,19.981068031182375,20.12907600402832,39114256,19.95785091718038
2022-07-01,20.895236679067573,21.34796720565905,20.78205487772181,21.1738395690918,129709278,19.963292360305786
2022-07-04,21.1999568939209,21.39149594471109,20.938765467638973,21.1999568939209,66012991,19.97831082344055
2022-07-05,21.182544275300952,21.33925880246536,20.93876593742253,21.10418701171875,53458761,19.99151544570923
2022-07-06,21.13901040163714,21.156421832991576,20.87781900407442,20.94746971130371,38844812,20.002688598632812
2022-07-07,21.034535517594357,21.287020393269888,20.982297897338867,20.982297897338867,39257808,20.011540047327678
2022-07-08,20.9822988290198,21.15642479113784,20.79946465910116,21.06936264038086,41570046,20.021044476826987
2022-07-11,21.313141307412597,21.757165292225885,21.313141307412597,21.49597549438477,67338550,20.03693356513977
2022-07-12,21.49597001050916,21.835516993201026,21.47855691893424,21.67880249023437,52240262,20.05528949101766
2022-07-13,21.76587145936465,21.92258599956875,21.59174382344805,21.7397518157959,46203331,20.073427708943687
2022-07-14,21.765868357654718,21.78328145088579,21.46985241514229,21.64398002624512,58877214,20.091348266601564
2022-07-15,21.513383680137206,21.61786057985465,21.156423568725582,21.156423568725582,62175737,20.110139449437458
2022-07-18,21.217367770122813,21.879048662094142,21.217367770122813,21.722335815429688,60676110,20.124214696884156
2022-07-19,21.879053187835467,21.896466283490305,21.574332316896804,21.809402465820312,45416380,20.142352898915608
2022-07-20,21.939997833044977,22.000942003928326,21.64398186537946,21.713632583618164,37060174,20.159983253479005
2022-07-21,22.02441939428441,22.02441939428441,21.55639052300813,21.61039352416992,34386825,20.17507424354553
2022-07-22,21.6193957326781,21.871410899161138,21.484387362530107,21.718400955200195,32832204,20.18865195910136
2022-07-25,21.75440432020442,21.817408112454736,21.56539122672888,21.6914005279541,24171943,20.20218655268351
2022-07-26,21.67339895396127,21.82640889945115,21.610395161710954,21.6914005279541,26651307,20.216221650441486
2022-07-27,21.69140107162996,21.7454040782374,21.511388760638983,21.529390335083008,25884416,20.23119994799296
2022-07-28,21.556392714834335,21.78140724539952,21.421382623115527,21.511388778686523,29332577,20.247802845637004
2022-07-29,21.59239224903918,21.808405973387018,21.448383099473958,21.493385314941406,35680122,20.263312530517577
2022-08-01,21.493383865171555,21.601391578422387,21.259370300456084,21.403379440307617,36812879,20.280050706863403
2022-08-02,21.28637526478392,21.43938522154516,21.15136688334157,21.259374618530277,39520497,20.299376265207925
2022-08-03,21.304375471000327,21.439383843766503,21.07036015706747,21.097362518310547,32041251,20.314091777801515
2022-08-04,21.196364558651677,21.51138519226701,21.07035699189528,21.46638298034668,31461870,20.321435324350993
2022-08-05,21.529387918272004,21.69139863663221,21.42138020045705,21.673397064208984,24037130,20.331055959065754
2022-08-08,21.66439794180293,21.87141089039519,21.610394937110293,21.72740173339844,18678932,20.33913680712382
2022-08-09,21.72740221258094,21.85341151527557,21.60139462661092,21.62839698791504,21361122,20.347957928975422
2022-08-10,21.69139917482437,21.718399817404705,21.421380731949693,21.50238609313965,17513592,20.358493328094482
2022-08-11,21.520389286032398,21.691400807720736,21.394381699906567,21.601394653320312,25841078,20.370082680384318
2022-08-12,21.60139388379484,21.817407616625843,21.547390879768223,21.808406829833984,21329101,20.38256967862447
2022-08-15,21.709400456903584,21.87140946038896,21.55639052300813,21.61039352416992,28233868,20.39569346110026
2022-08-16,21.62839729594621,21.826409464822703,21.457385772033778,21.511388778686523,33441208,20.40723969141642
2022-08-17,21.484387284911172,21.484387284911172,21.04335731171008,21.205368041992188,56331823,20.419266843795775
2022-08-18,21.133363985562653,21.27737314565281,21.04335783132516,21.061359405517575,28085193,20.43026744524638
2022-08-19,20.917349703282817,21.259372737175685,20.81834276451521,21.232370376586918,38374597,20.44035817782084
2022-08-22,21.1153583383376,21.412379105045098,21.08835769898184,21.133359909057617,30810909,20.452889728546143
2022-08-23,21.10636195314304,21.13336259593163,20.89034651048737,20.908348083496094,37674728,20.463943195343017
2022-08-24,20.908350246128425,21.07936177395068,20.83634566337032,20.845346450805664,27668510,20.470001792907716
2022-08-25,20.89034734269405,21.286373381039898,20.89034734269405,21.232370376586918,28182405,20.474882411956788
2022-08-26,21.2233701487704,21.2233701487704,20.944352615568377,21.052358627319336,27953268,20.480811659495036
2022-08-29,20.926349408271676,21.10636170277455,20.836343261020232,20.97135162353516,26674263,20.48248380025228
2022-08-30,20.97135183073586,21.0343573361415,20.809342824151955,20.953351974487305,23044041,20.483480882644653
2022-08-31,20.998353812276516,21.583391189575195,20.95335159737833,21.583391189575195,81005310,20.485271151860555
2022-09-01,21.35837692728024,21.673397585363983,21.25937171002067,21.520387649536133,37780591,20.49681002298991
2022-09-02,21.51138904244396,21.75440515044796,21.358379091114557,21.43938446044922,29159665,20.509420013427736
2022-09-05,21.340377516434703,21.51138904244396,21.160366919810173,21.43938446044922,31153878,20.523313935597738
2022-09-06,21.466383247397605,21.58339002988068,21.358375534031072,21.37637710571289,34337064,20.538005924224855
2022-09-07,21.24137118080126,21.277372611557805,21.07936045058541,21.21436882019043,42395172,20.552898359298705
2022-09-08,21.25937249487126,21.466385440185395,21.17836713075277,21.28637313842773,25944649,20.576235389709474
2022-09-09,21.37637850013633,21.65539601250789,21.295373139008383,21.520387649536133,35435266,20.59124846458435
2022-09-13,21.46638704106795,21.52039004893277,21.29537551331723,21.412384033203125,27334621,20.611694192886354
2022-09-14,21.331375122070312,21.538388048458888,21.277370406445517,21.331375122070312,21875898,20.632110516230266
2022-09-15,21.34937858581543,21.58339390957102,21.250373357217637,21.34937858581543,40583136,20.652794965108235
2022-09-16,21.358380195274183,21.45738714440704,21.11536407470703,21.11536407470703,39881492,20.670799875259398
2022-09-19,21.178363835857667,21.268368256009214,21.070356128261825,21.133359909057617,28128675,20.687942949930825
2022-09-20,21.133363967721127,21.187368690252796,21.06135938773684,21.079360961914062,23548580,20.707557678222656
2022-09-21,21.07936285956204,21.22337203249489,20.98935669729782,21.088363647460938,24972842,20.728608814875283
2022-09-22,21.034358743195607,21.151365541898347,20.935351801945487,21.079360961914062,23391977,20.74654264450073
2022-09-23,20.962354433384668,21.160366601712383,20.962354433384668,20.99835586547852,27506334,20.763966115315757
2022-09-26,20.95335255207241,21.079360132908157,20.746337890625,20.746337890625,40268596,20.78006157875061
2022-09-27,20.71933851668752,20.755339949107437,20.278310240014637,20.431320190429688,60400730,20.793331368764242
2022-09-28,20.413317295054156,20.42231808175791,20.143298844114963,20.215303421020508,62473767,20.802379830678305
2022-09-29,20.188303019614622,20.413317539732084,19.972289286308804,20.161300659179688,55438353,20.808612410227457
2022-09-30,20.161299619606915,20.566326421623856,20.053293616885373,20.46731948852539,42332479,20.81214582125346
2022-10-10,20.69233594082884,21.09736278089303,20.611330572816,21.02535820007324,64409084,20.814384094874065
2022-10-11,20.98935480775255,21.124363180632518,20.899348653591044,21.079360961914062,37252236,20.823159058888752
2022-10-12,21.061358037369462,21.142363399248637,20.70133516053121,20.89034652709961,44907495,20.831658538182577
2022-10-13,20.629329397232613,20.917347682117807,20.30530796837457,20.73733711242676,56502513,20.83822013537089
2022-10-14,20.72833830214728,20.88134824516717,20.56632757227627,20.665332794189453,36385221,20.842418336868285
2022-10-17,20.737339843092503,20.737339843092503,20.485322952270508,20.485322952270508,29153462,20.844855658213298
2022-10-18,20.48532160229784,20.620329967627963,20.260307087839458,20.29630851745605,41531945,20.849057785669963
2022-10-19,20.269306681972488,20.386313467248502,20.10729596641769,20.13429832458496,33876956,20.849943510691325
2022-10-20,20.09829711041876,20.24230626769136,20.017291744862344,20.107297897338867,36815463,20.848318322499594
2022-10-21,20.06229732626876,20.341314876796908,19.99029102499728,20.17030334472656,61041603,20.845089626312255
2022-10-24,20.152299788247984,20.33231209028036,19.540260021407345,19.64826774597168,71872808,20.841297674179078
2022-10-25,19.801277152312053,20.071293881335603,19.72027179026009,19.810277938842773,51341475,20.83874201774597
2022-10-26,19.810277938842773,19.810277938842773,19.810277938842773,19.810277938842773,0,20.835577487945557
2022-10-27,19.819280015786987,19.97228996332252,18.79321260189739,18.89221954345703,107502338,20.834662119547527
2022-10-28,18.89221866206098,19.12623396600492,18.532195777810497,18.613201141357425,99698686,20.825153064727782
2022-10-31,18.262180355804816,18.63120405326372,18.010163460361685,18.23517799377441,98338956,20.81542290051778
2022-11-01,18.226175061003243,18.370184208097907,17.965157408941387,18.2891788482666,96142880,20.799930636088053
2022-11-02,18.271180569982555,18.46919447048285,18.046166022486588,18.415189743041992,76192004,20.787500286102294
2022-11-03,18.316182263741453,18.334183837347872,17.902154654416563,17.9831600189209,74645183,20.77887700398763
2022-11-04,17.875151618186802,18.244175244102752,17.77614469332788,18.127166748046875,84883320,20.76302587191264
2022-11-07,18.046161394384903,18.208172101708847,17.97415682632141,18.127166748046875,69465783,20.750478808085123
2022-11-08,18.15416936360825,18.30717928751469,17.956157227792293,18.046161651611328,78815126,20.73967302640279
2022-11-09,18.06416507310472,18.18117358281183,18.046163499807548,18.109169006347656,48328720,20.721517324447632
2022-11-10,18.118168370198145,18.136169943787355,17.902154637301283,18.001161575317383,42333812,20.705627950032554
2022-11-11,18.226174768156888,18.49619148543981,18.028162623264368,18.40618705749512,97716231,20.688765970865884
2022-11-14,18.487195167155228,18.541198175303265,18.091169101712044,18.154172897338867,73575498,20.676875352859497
2022-11-15,18.154170318914748,19.09022976633979,18.055163387434668,18.910219192504883,101353082,20.659256966908774
2022-11-16,18.81121393373549,19.05423003258249,18.73020856745316,18.94622230529785,55194522,20.647793896993
2022-11-17,18.88321795437163,19.153236406232647,18.81121337722027,19.135234832763672,50039275,20.639532947540282
2022-11-18,19.15323697286636,19.24324140942488,18.86521693901552,18.94622230529785,31691846,20.63291967709859
2022-11-21,18.8832184779906,19.036228423270675,18.64020237959437,18.98222541809082,24479450,20.622409598032633
2022-11-22,18.982222743412212,19.26124023370536,18.83821360540773,19.216238021850582,39772057,20.60791889826457
2022-11-23,19.1712359877658,19.522259798473566,19.153236131279755,19.22524070739746,42562401,20.595958741505942
2022-11-24,19.35124807781983,19.51325880151936,19.225240500153305,19.243240356445312,24066726,20.583928521474203
2022-11-25,19.207239511171394,19.657268549921007,19.180237150825583,19.630266189575195,32868081,20.570016797383627
2022-11-28,19.396250002617137,19.531260081490725,19.09923091919928,19.351247787475582,42766501,20.55780668258667
2022-11-29,19.441256355129976,19.441256355129976,19.12623565974223,19.234243392944336,63394494,20.545520544052124
2022-11-30,19.171234382711408,19.30624445376274,19.09922981262207,19.09922981262207,54158729,20.530735778808594
2022-12-01,19.18923787934864,19.288244816924824,19.072231084987777,19.09023094177246,49977367,20.51816329956055
2022-12-02,19.045230289021816,19.279245613689152,19.045230289021816,19.234243392944336,36981589,20.50479030609131
2022-12-05,19.279242983111956,19.486255917051487,19.189236837178623,19.396249771118164,49875326,20.493052752812705
2022-12-06,19.30624826215121,19.35125048356264,19.12623594305609,19.144237518310547,36275370,20.480416107177735
2022-12-07,19.18923696548545,19.216239324463327,18.739207949534197,18.829214096069336,62281175,20.471048259735106
2022-12-08,18.78421380200702,18.946222822267703,18.63120385226807,18.811214447021484,43771186,20.453831418355307
2022-12-09,18.802211737091454,18.90121866995256,18.730207163208235,18.829214096069336,44792004,20.438858811060587
2022-12-12,18.77521186845127,18.901219448757807,18.532195777810497,18.613201141357425,34592179,20.42722854614258
2022-12-13,18.613201175417647,18.676204965686207,18.39718744447208,18.577198028564453,33409532,20.4111137231191
2022-12-14,18.568197233344343,18.65820338371156,18.415187292737432,18.58619880676269,34451088,20.398108863830565
2022-12-15,18.50519202488724,18.640200381728917,18.406186812123025,18.46919059753418,38225567,20.385033893585206
2022-12-16,18.460192551047232,18.77521324157715,18.424189401626823,18.77521324157715,39903558,20.370621093114217
2022-12-19,18.6852045609174,18.811212133419502,18.316180912826,18.40618705749512,46247419,20.359484004974366
2022-12-20,18.406187113273837,18.54119547232443,18.28017782366544,18.343181610107425,31332782,20.343312772115073
2022-12-21,18.37918830813951,18.487196046296468,18.271180569982555,18.415189743041992,27517508,20.327051814397176
2022-12-22,18.514195249537643,18.61320219206714,18.23517771308363,18.325183868408203,36090866,20.31284197171529
2022-12-23,18.2801777998774,18.41518615875231,18.208173227362487,18.37018394470215,35590613,20.297591876983642
2022-12-26,18.379186865884314,18.451191446763676,18.298181497804453,18.334184646606445,29202135,20.282934443155924
2022-12-27,18.42418855269669,18.54119706619696,18.36118476083866,18.487194061279297,38336910,20.259270652135214
2022-12-28,18.43318884929038,18.64920257993935,18.415187275888503,18.60420036315918,50317228,20.236664295196533
2022-12-29,18.81121472947819,18.96422468151464,18.47819417998541,18.72120857238769,53996393,20.215831073125205
2022-12-30,18.70320815535403,18.94622254049318,18.64020264556651,18.901220321655277,45920545,20.19727889696757
2023-01-03,18.85621646319048,18.964222465699727,18.721206384967235,18.820213317871094,36799242,20.179936583836874
2023-01-04,18.883221205141155,18.883221205141155,18.685209013068,18.74821281433105,27346567,20.16119367281596
2023-01-05,18.811214949017533,18.87421874469878,18.64020342022224,18.6942081451416,43991625,20.138295650482178
2023-01-06,18.685206868013445,18.82021524332464,18.514195343699463,18.80221366882324,48849112,20.113424030939736
2023-01-09,18.84721616756929,18.85621695413348,18.631202440202173,18.70320701599121,35134351,20.088944546381633
2023-01-10,18.649202614098517,18.76621112470052,18.541196606938463,18.56819725036621,40813046,20.064438104629517
2023-01-11,18.703204888649523,19.009224730126725,18.694204103109097,18.739206314086918,64529304,20.042869551976523
2023-01-12,18.76621108175444,18.81121329851405,18.595199567963764,18.613201141357425,47777789,20.018010139465332
2023-01-13,18.631203825421988,18.89221978829196,18.58619988925501,18.83821678161621,51529502,19.991375128428142
2023-01-16,18.829215768158875,18.991226502964267,18.76621197500669,18.874217987060547,60545144,19.967413330078124
2023-01-17,18.82921487190771,18.94622166551742,18.604200354660595,18.613201141357425,67700842,19.94461186726888
2023-01-18,18.65820334109523,18.739208704568256,18.595199550999443,18.631202697753903,42253375,19.918735202153524
2023-01-19,18.631201584955697,18.631201584955697,18.352182364447327,18.37918472290039,80667736,19.89323355356852
2023-01-20,18.47819360160832,18.92822265625,18.406189021534637,18.92822265625,123271384,19.865631755193075
2023-01-30,19.009226397348964,19.045227825943893,18.811212531541244,18.820213317871094,65850507,19.843955357869465
2023-01-31,18.50519313675458,18.811213012902304,18.50519313675458,18.712207794189453,67178890,19.821528895696005
2023-02-01,18.766210796825963,18.793211439781967,18.550197069555423,18.712207794189453,51426955,19.798352416356405
2023-02-02,18.721206352673704,18.91922021813985,18.5861979914078,18.856216430664062,58870814,19.775925985972087
2023-02-03,18.775211094838035,18.87421631097468,18.70320652095481,18.829214096069336,45238723,19.755899667739868
2023-02-06,18.739207711969375,18.91021921654572,18.66720313899899,18.88321685791016,38557113,19.73699843088786
2023-02-07,18.910221974246365,19.243242529027548,18.892220399197463,19.17123794555664,62851237,19.71547204653422
2023-02-08,19.171237880487045,19.32424783443397,19.144237234730024,19.234243392944336,38867157,19.69462072054545
2023-02-09,19.23424174441353,19.342247751633973,19.135234807191026,19.1622371673584,36975075,19.673844401041666
2023-02-10,19.17123630583942,19.19823866610325,18.982224934166208,19.09023094177246,28584682,19.653293069203695
2023-02-13,19.02722761868997,19.099232197771386,18.937223182381643,19.000226974487305,33515674,19.633191776275634
2023-02-14,19.009227527394767,19.08123210558956,18.946222019340336,19.045228958129883,25568128,19.611515378952028
2023-02-15,19.03622845858095,19.090231463860977,18.86521693901552,18.94622230529785,34634852,19.588488896687824
2023-02-16,18.91922021813985,19.036227006777118,18.739207925302345,18.856216430664062,49790837,19.56628746986389
2023-02-17,18.84721810833263,18.95522412477569,18.65820500447025,18.68520736694336,44943465,19.54416103363037
2023-02-20,18.658203689596096,19.117233518942214,18.658203689596096,19.063230514526367,51260603,19.52315969467163
2023-02-21,19.063232146390217,19.189239739721973,19.009229137351564,19.144237518310547,36978759,19.50650862058004
2023-02-22,19.14423591435937,19.19823891887352,19.0272274017334,19.0272274017334,24314623,19.489107513427733
2023-02-23,19.04522921025475,19.099232215434604,18.94622227015453,18.98222541809082,35605674,19.471556409200033
2023-02-24,18.93722154309633,19.01822518541689,18.90121839830992,18.919219970703125,41600147,19.45550538698832
2023-02-27,18.87421628656825,19.018225434148476,18.81121249909246,18.856216430664062,30654965,19.439454332987467
2023-02-28,18.901219801740304,19.08123210558956,18.84721679727535,19.045228958129883,37009183,19.419653050104777
2023-03-01,19.03622600553208,19.30624443058623,19.00922536473372,19.1262321472168,70093378,19.4029269695282
2023-03-02,19.04522869915152,19.144235636594765,18.94622176170828,19.117233276367188,56860764,19.38755097389221
2023-03-03,19.126233796590437,19.270242949015035,19.081231580229435,19.19823837280273,62429629,19.37224998474121
2023-03-06,19.24324084012845,19.3242462040143,19.081231829081283,19.135234832763672,62327407,19.352373711268108
2023-03-07,19.144235923091728,19.243241145292064,18.991225979628044,19.01822662353516,64587484,19.332497437795002
2023-03-08,18.955223363432847,19.00922808620994,18.76621198388686,18.865217208862305,68185012,19.312321122487386
2023-03-09,18.883219311805657,18.883219311805657,18.71220950173084,18.72120857238769,53323480,19.29086972872416
2023-03-10,18.64020153509133,18.76621083043486,18.64020153509133,18.676204681396484,48071143,19.268743324279786
2023-03-13,18.676206035911164,18.89221977923523,18.64020288699484,18.847217559814453,57281864,19.247591956456503
2023-03-14,18.82921549025731,19.036228440909056,18.79321234228766,18.964223861694336,72088673,19.227265659968058
2023-03-15,18.991224551584143,19.045227552062173,18.802211474824396,18.910219192504883,54304126,19.205964295069375
2023-03-16,18.865216423080803,19.17123630583942,18.820214206032286,19.09023094177246,81140240,19.18511292139689
2023-03-17,19.171238422304825,19.351250743820955,19.081233978271484,19.081233978271484,63824085,19.16643671989441
2023-03-20,19.06322936572008,19.22524008592894,18.8292140717211,18.856216430664062,49795580,19.147535514831542
2023-03-21,18.87421820477707,18.991226722030497,18.82921598535629,18.847217559814453,38445197,19.128709284464517
2023-03-22,19.03622872186594,19.099232515018123,18.829215768158875,18.874217987060547,49053426,19.109658098220827
2023-03-23,18.856216455047218,18.88321709730064,18.730207163208235,18.829214096069336,53213263,19.09128190676371
2023-03-24,18.829214594440906,18.89221838366575,18.65820308317025,18.70320701599121,62181759,19.072455660502115
2023-03-27,18.712207219991065,18.739207862118533,18.25317741985516,18.2891788482666,123232225,19.052654377619426
2023-03-28,18.343182348594933,18.343182348594933,18.01916261717351,18.16317176818848,129854130,19.03007790247599
2023-03-29,18.253178037258365,18.71220785292069,18.19917331772785,18.64920234680176,176296890,19.008551518122356
2023-03-30,18.58619703614498,19.13523295602892,18.58619703614498,19.09922981262207,159621891,18.993700536092124
2023-03-31,19.09922978969407,19.207237503060604,19.02722521969117,19.1262321472168,72290018,18.9843999226888
2023-04-03,19.08123234936357,19.126234567538532,18.973224622329244,18.991226196289062,41684038,18.975774351755778
2023-04-04,18.982226774469883,19.17123816446752,18.955224411588205,19.144237518310547,52356977,18.963473574320474
2023-04-06,19.117235412539877,19.15323856353299,19.000228605261697,19.081233978271484,24502746,18.94779756863912
2023-04-07,19.090231437290544,19.13523537223175,18.910220847699478,18.973224639892575,29018013,18.931146510442098
2023-04-10,19.063230272636574,19.162237210079816,18.98222490867838,19.117233276367188,32278514,18.915170494715372
2023-04-11,19.162235267641652,19.18923590840769,18.991223770317845,19.153234481811523,40730152,18.901669629414876
2023-04-12,19.1712376629972,19.34224918999187,19.09923308058755,19.26124382019043,41829940,18.88906881014506
2023-04-13,19.234242057600884,19.30624663582845,18.99122596231112,19.03622817993164,46973874,18.87886815071106
2023-04-14,19.09023094177246,19.2342418131217,19.063230298233165,19.09023094177246,38191401,18.86836748123169
2023-04-17,19.081233503761524,19.17123794555664,19.01822799109038,19.17123794555664,42052138,18.859666919708253
2023-04-18,19.17123626297709,19.22524098338401,19.05422946887782,19.135234832763672,41355933,18.851866420110067
2023-04-19,19.15323694620823,19.207239951413094,18.946222278927856,18.973224639892575,72376937,18.843240849177043
2023-04-20,18.98222519275082,19.05422977104405,18.883218253825923,19.01822662353516,47577894,18.837615489959717
2023-04-21,19.027225748150205,19.288243394612905,18.937221320690085,18.95522117614746,70033486,18.831015062332153
2023-04-24,19.036228667998227,19.1172340351717,18.892219507850857,18.92822265625,47108007,18.823889589309694
2023-04-25,18.910220580004047,19.09923195390769,18.88321821942157,19.054229736328125,48418881,18.824189615249633
2023-04-26,19.063230514526367,19.24324110148739,19.027227367099428,19.063230514526367,45345100,18.827864853541055
2023-04-27,19.16223889686853,19.72927477776564,19.099233384124684,19.702272415161133,94561177,18.83476529121399
2023-04-28,19.639266726334675,19.765274306228545,19.459256143161227,19.693269729614254,66015641,18.84654107093811
2023-05-04,19.693271391761986,20.30531120300293,19.549262226378783,20.30531120300293,85629994,18.85719173749288
2023-05-05,20.1793032684836,20.1793032684836,19.85528179353255,19.891284942626957,61381674,18.87654299736023
2023-05-08,19.89128416142996,20.17030168905506,19.810278795873547,20.107297897338867,68970395,18.891243982315064
2023-05-09,20.044292822560475,20.782340135520315,19.99928889084069,20.476320266723636,97493818,18.90774507522583
2023-05-10,20.47632133944094,20.89034723260625,20.152299880981445,20.152299880981445,68545226,18.927996397018433
2023-05-11,20.278307888716917,20.72833690049445,20.179300956774032,20.52132225036621,53842282,18.94502248764038
2023-05-12,20.557325117078097,20.836342619920632,20.43131754483781,20.62032890319824,68203507,18.96602382659912
2023-05-15,20.52132549447307,20.710338601996423,20.440320122209453,20.70133781433105,53032288,18.984475008646648
2023-05-16,20.701335941593925,20.818342737209345,20.44031827308517,20.665332794189453,56416956,19.005701382954914
2023-05-17,20.683334628874476,20.81834299989567,20.530324683923897,20.59332847595215,45011722,19.02032732963562
2023-05-18,20.629331071092256,20.9443517395178,20.620330284368723,20.773340225219727,46870802,19.034053214391072
2023-05-19,20.71033723501637,20.773341027790703,20.53032492704005,20.539325714111328,36188627,19.04770409266154
2023-05-22,20.64733214176761,20.989353445310847,20.57532756645721,20.908348083496094,58294305,19.060979954401652
2023-05-23,20.917347682117807,20.99835303933232,20.73733711242676,20.73733711242676,33097802,19.07703097661336
2023-05-24,20.73734015602762,20.773341588559973,20.368314743041992,20.368314743041992,47676819,19.089706802368163
2023-05-25,20.35931560886523,20.521324629841786,20.269309452728496,20.431320190429688,36926960,19.09923241933187
2023-05-26,20.44932036838613,20.54832731335884,20.28731134487353,20.30531120300293,27560741,19.10913308461507
2023-05-29,20.35931675795601,20.63833431267561,20.350315970161866,20.602331161499023,40164380,19.114758459726968
2023-05-30,20.593327055746148,20.64733177380989,20.233304185610184,20.476320266723636,45108675,19.1251841545105
2023-05-31,20.35031537795786,20.37731602382983,19.927286947566984,20.26030921936035,72571854,19.135534795125327
2023-06-01,20.19730382369925,20.341312979359625,20.089296098591703,20.143299102783203,38815383,19.145210456848144
2023-06-02,20.23330548955171,20.242306276475723,20.03529332739709,20.098297119140625,39196216,19.153986024856568
2023-06-05,20.152299829416137,20.341312918608715,20.11629839897084,20.2063045501709,31618493,19.16118647257487
2023-06-06,20.20630485428083,20.31431086396678,20.04429412302733,20.089296340942383,28642997,19.167936929066975
2023-06-07,20.16130090213495,20.251307054611477,20.06229567946289,20.107297897338867,32193766,19.175812419255575
2023-06-08,20.15230097065179,20.41331865224108,20.116299538167716,20.39531707763672,28975656,19.186463117599487
2023-06-09,20.386315732182748,20.6293318325142,20.368314158071247,20.575328826904297,37542101,19.199663972854616
2023-06-12,20.55732671285018,20.593328143403,20.13430003268841,20.143299102783203,48973114,19.214214928944905
2023-06-13,20.15230015024311,20.233305515940323,19.990289418848683,20.0712947845459,41725257,19.22696574529012
2023-06-14,20.14329768049536,20.26930697034427,20.026290893554688,20.026290893554688,36401569,19.239416551589965
2023-06-15,20.089294656117215,20.14329765643113,19.837279510169324,20.05329322814941,44324254,19.2514173189799
2023-06-16,20.071293339339856,20.24230484535659,19.86428040489692,19.98128890991211,58476997,19.264618174235025
2023-06-19,19.90928625465936,19.990289905604403,19.702271583545432,19.963289260864254,47313924,19.274668804804485
2023-06-20,19.90928461632281,20.04429297908753,19.873281470665837,19.88228225708008,31614674,19.28764465649923
2023-06-21,19.98129109863832,20.1613016939364,19.882284155353357,19.891284942626957,40552640,19.300470495223998
2023-06-26,19.891284437523687,20.03529359679516,19.71127213007205,20.01729202270508,56234619,19.312771288553872
2023-06-27,20.01728867736725,20.04429103398968,19.720269621417817,19.90928268432617,38132365,19.32687218983968
2023-06-28,19.9272869751454,20.25130845985498,19.89128554169138,20.233306884765625,56781300,19.33969801266988
2023-06-29,20.233306054105054,20.24230684128021,19.88228393789704,19.918285369873047,49900268,19.355524031321206
2023-06-30,19.9182837107388,20.0082898582685,19.81927849350816,19.85527992248535,41402656,19.367449792226157
2023-07-03,19.882280327703747,20.00828789182645,19.87327954216294,19.90928268432617,37126695,19.37787545522054
2023-07-04,19.909284649291152,19.99928908013369,19.79227614243669,19.84627914428711,34503954,19.387776072820028
2023-07-05,19.873283395318165,20.00829177115793,19.819280388327183,19.864282608032227,30686839,19.395651563008627
2023-07-06,19.86428094966157,19.945286311747623,19.747274158162,19.80127716064453,34855630,19.404352140426635
2023-07-07,19.76527401450651,19.87328173619608,19.747274158162,19.80127716064453,50686848,19.413127676645914
2023-07-10,19.84627937659256,19.9092848823341,19.7562749446965,19.80127716064453,33673155,19.422353251775107
2023-07-11,19.84627937659256,19.84627937659256,19.67526958261045,19.80127716064453,48549340,19.430678780873617
2023-07-12,19.756276341994205,19.963289296755697,19.702271618967597,19.92728614807129,50524580,19.439829365412393
2023-07-13,19.92728533523892,20.29630901057856,19.873282331139706,20.17930221557617,64738173,19.451155106226604
2023-07-14,20.143298835643517,20.29630877609401,20.080295045468223,20.22430419921875,38716992,19.46315590540568
2023-07-17,20.23330520243327,20.28730992321101,20.08929604714172,20.197303771972656,19692852,19.47658176422119
2023-07-18,20.224306353955463,20.278311079909077,20.14330098174976,20.17030334472656,26852118,19.487907489140827
2023-07-19,20.08929580686705,20.269308107190756,20.08929580686705,20.25130653381348,33067242,19.49870820045471
2023-07-20,20.32331138834019,20.35031374877512,20.161300659179688,20.161300659179688,43441048,19.51235907872518
2023-07-21,20.21117401123047,20.445099632229176,20.173745055209466,20.21117401123047,55037050,19.525109895070393
2023-07-24,20.117604456755515,20.28603119822629,20.0895327382734,20.17374610900879,27695910,19.540376472473145
2023-07-25,20.248601515816286,20.248601515816286,19.883678112159437,19.958534240722656,76403811,19.55075583457947
2023-07-26,19.9585315902431,20.02403047094885,19.855603757870835,20.014673233032227,48259584,19.560241842269896
2023-07-27,19.99596501426467,20.108248324956527,19.836895503525334,19.864965438842773,41365168,19.57109572092692
2023-07-28,19.85560850333896,20.014678016517788,19.780752366826047,19.967893600463867,58936112,19.580702034632363
2023-07-31,19.958532960584996,20.25795745563284,19.958532960584996,20.08017349243164,66832972,19.589966011047363
2023-08-01,20.11760380977973,20.323457717895508,20.070819398525064,20.323457717895508,48913543,19.600390672683716
2023-08-02,20.304746319164124,20.323459014032867,20.13631957236841,20.201818466186523,32253850,19.61239267985026
2023-08-03,20.248600433570395,20.304743865525225,20.15503161640059,20.267314910888672,34163438,19.62098085085551
2023-08-04,20.26731641438992,20.41702867462074,20.098889675452515,20.155033111572266,40381332,19.629589780171713
2023-08-07,20.164388421607264,20.538670854211095,20.136318488459608,20.51059913635254,55382078,19.63786307970683
2023-08-08,20.435742785352257,20.688382889209212,20.435742785352257,20.67902565002441,38844748,19.64969948132833
2023-08-09,20.669668623854523,20.73516751411225,20.40767127811271,20.688383102416992,41577714,19.66368947029114
2023-08-10,20.6883826758084,20.735167086538933,20.557383113283336,20.66966819763184,23060030,19.67738242149353
2023-08-11,20.660311839306605,20.68838355776816,20.35153007507324,20.35153007507324,32019540,19.691744470596312
2023-08-14,20.304744913589797,20.538670538010365,20.164388111168748,20.407670974731445,55076635,19.704205417633055
2023-08-15,20.3983141496969,20.66031149686268,20.360886977079453,20.60416984558105,45695084,19.71855928103129
2023-08-16,20.613526033997285,20.650953204706624,20.40767034860804,20.46381378173828,25178833,19.731400442123412
2023-08-17,20.417026846134643,20.71645133978075,20.37024243826897,20.697738647460938,37276997,19.74239691098531
2023-08-18,20.6415958404541,20.838094285794583,20.632238601655907,20.6415958404541,28602655,19.75631783803304
2023-08-21,20.641595534671914,20.72580889789733,20.445098876953125,20.445098876953125,31102219,19.77014592488607
2023-08-22,20.52931329067641,20.679025547468964,20.38895827302225,20.5854549407959,41603369,19.78286158243815
2023-08-23,20.613525711138717,20.76323796105285,20.501240631347702,20.53866958618164,33748678,19.797271903355917
2023-08-24,20.510598085187578,20.57609697212317,20.351528594896507,20.37024307250977,38803475,19.809717241923014
2023-08-25,20.35152868055026,20.772595505066665,20.323456964012227,20.735166549682617,46090226,19.820083999633788
2023-08-28,21.053304787488003,21.10008919535367,20.576096331472986,20.697738647460938,74975981,19.833566776911418
2023-08-29,20.69774035265446,20.84745261181163,20.48252741849398,20.51059913635254,53386187,19.84606261253357
2023-08-30,20.585456210112905,20.716453996706107,20.501242837385565,20.5573844909668,33400727,19.857523981730143
2023-08-31,20.53866978309558,20.735166443725245,20.4918835891046,20.6415958404541,47313602,19.870350297292074
2023-09-01,20.59481218815225,20.641596599152017,20.35152932458956,20.407670974731445,53041577,19.88515345255534
2023-09-04,20.491885428170296,20.501242667808267,20.19246089859912,20.276674270629883,74823274,19.899207305908202
2023-09-05,20.27667287543672,20.510598496157165,20.22988846517697,20.482526779174805,58410844,19.912544552485148
2023-09-06,20.41702821387357,20.538670538010365,20.39831373558932,20.407670974731445,24971636,19.92617212931315
2023-09-07,20.445098876953125,20.51995500151897,20.28602938916186,20.445098876953125,43893255,19.938200855255126
2023-09-08,20.417028853039056,20.482527744373552,20.31410100396432,20.43574333190918,28667854,19.950991519292195
2023-09-11,20.42638523316241,20.64159637698236,20.42638523316241,20.57609748840332,38344647,19.962204122543334
2023-09-12,20.54802544971275,20.660310531741658,20.482526562158736,20.65095329284668,31843404,19.9746613184611
2023-09-13,20.67902479397857,20.894235932187268,20.59481142951241,20.819379806518555,63334136,19.98961745897929
2023-09-14,20.93166602668185,21.33401660860676,20.828738179018483,21.231090545654297,79022797,20.00605214436849
2023-09-15,21.2310909864707,21.324661596770103,20.959736395073527,21.072021484375,49541759,20.025692749023438
2023-09-18,21.015877734852424,21.109448343760388,20.884879953207832,20.969093322753903,39691537,20.04438281059265
2023-09-19,20.94101833824604,21.11880228896898,20.866162219738065,21.081375122070312,29739454,20.06326519648234
2023-09-20,21.0720203080442,21.165590913120088,20.96909246398964,21.109447479248047,28007733,20.086533498764037
2023-09-21,21.11880493860448,21.184303827427836,20.93166551121072,20.94102096557617,36365479,20.1110857963562
2023-09-22,20.99716640698156,21.10009247723718,20.8848813120442,21.03459358215332,44917825,20.13018428484599
2023-09-25,21.137517818827305,21.20301670269915,20.941019382501025,21.043947219848636,34086051,20.146312316258747
2023-09-26,21.090735649747533,21.090735649747533,20.89423719256972,20.969093322753903,25716599,20.162293275197346
2023-09-27,21.015877531952864,21.02523477122441,20.75388197119313,20.781951904296875,39799705,20.17877550125122
2023-09-28,20.82873683152877,20.941020126523952,20.80066511542458,20.810022354125977,34407402,20.19242312113444
2023-10-09,20.81938020975256,21.25915973348513,20.81938020975256,21.109447479248047,54393412,20.206829690933226
2023-10-10,21.240446196614748,21.240446196614748,20.99716334696444,21.156232833862305,36118046,20.224631547927856
2023-10-11,21.212376696986,21.418230613715085,21.14687780460452,21.17494773864746,40765737,20.241623210906983
2023-10-12,21.41823052246852,21.41823052246852,21.090736061956303,21.16559219360352,29530565,20.258470821380616
2023-10-13,21.100090023572648,21.315302948450224,21.100090023572648,21.27787399291992,35919404,20.274340391159058
2023-10-16,21.315303802490234,21.52115771202235,21.23109043388371,21.315303802490234,47498027,20.29302077293396
2023-10-17,21.34337339163452,21.51180012613361,21.26851726349168,21.48372840881348,41697326,20.311563046773276
2023-10-18,21.567941685019942,21.689584008182877,21.390159496875462,21.47437286376953,49801308,20.330833800633748
2023-10-19,21.39016101169745,21.51180155876393,21.08137923945533,21.1000919342041,48766564,20.350326617558796
2023-10-20,21.100089938511672,21.221732258783945,20.91295051574707,20.91295051574707,62885148,20.36805051167806
2023-10-23,20.91295317894526,21.17494876112217,20.772598147820336,20.8568115234375,53843591,20.383839877446494
2023-10-24,20.92230701130375,21.21237426634596,20.75388028750158,21.146875381469727,53307701,20.39968646367391
2023-10-25,21.14687691030833,21.16559138868617,20.49188444477104,20.50124168395996,100522854,20.418175236384073
2023-10-26,20.4451007302034,20.912951997326083,20.417029011680096,20.894237518310547,66648935,20.430233669281005
2023-10-27,20.88487847902636,21.025233490125736,20.781950638021783,20.810022354125977,54844060,20.44549206097921
2023-10-30,20.828737255452214,21.12816176114789,20.81002277766853,21.006521224975582,72835649,20.45472331047058
2023-10-31,20.941020958670943,21.193661059515616,20.83809489828712,21.118804931640625,63752699,20.465667072931925
2023-11-01,21.12816206099032,21.27787431596281,20.959735327968545,21.20301818847656,59046355,20.47244618733724
2023-11-02,21.30594613677528,21.380802264626,21.17494657450337,21.29658889770508,43439733,20.48337729771932
2023-11-03,21.296587828744794,21.493084485223413,21.21237446605088,21.249801635742188,54743002,20.493288056055704
2023-11-06,21.27787358093109,21.30594529703528,20.753880706628387,20.810022354125977,100246599,20.49973373413086
2023-11-07,20.810022994335903,20.903593599517738,20.74452410612188,20.83809471130371,35299090,20.505214754740397
2023-11-08,20.85680929295684,21.006521548107617,20.85680929295684,20.931665420532227,32313709,20.50785452524821
2023-11-09,20.931665504308576,21.193661059515616,20.884879308942416,21.118804931640625,52544027,20.510448996225993
2023-11-10,21.118804931640625,21.203018298588848,20.922308265235344,21.118804931640625,43730248,20.51392788887024
2023-11-13,21.062660646265652,21.10008781316432,20.903591171347376,21.081375122070312,32429337,20.517706823349
2023-11-14,21.081377675683008,21.165591042294174,20.922308181496444,20.931665420532227,47746930,20.521773878733317
2023-11-15,20.93166424981618,21.16558985849458,20.93166424981618,21.146875381469727,48039581,20.523093255360923
2023-11-16,21.10944662615592,21.268516112943228,21.07201945646461,21.249801635742188,71263004,20.528156169255574
2023-11-17,21.193662127526878,21.30594721735317,21.043949864232445,21.16559219360352,40668574,20.531001615524293
2023-11-20,21.203019883205165,21.27787601667456,21.13752098950832,21.193662643432617,34358561,20.53457040786743
2023-11-21,21.1655918675528,21.324661367941573,21.156234628152177,21.240447998046875,47189784,20.541448307037353
2023-11-22,21.240447998046875,21.315304128540948,21.14687738875155,21.240447998046875,33804688,20.548191038767495
2023-11-23,21.212376606616417,21.268518259174087,21.025235385142903,21.16559219360352,40390383,20.555983845392863
2023-11-24,21.128160586905864,21.380800668812142,21.10944611016227,21.22173118591309,55393394,20.56067768732707
2023-11-27,21.2217317194007,21.259158889118023,21.043947755288784,21.156232833862305,52688942,20.56688944498698
2023-11-28,21.156232510635164,21.16558974909923,21.006520264631643,21.05330467224121,38065817,20.57435547510783
2023-11-29,21.090734681477933,21.090734681477933,20.95973512113657,21.01587677001953,53049106,20.581938854853313
2023-11-30,21.08137722354631,21.36208724975586,21.02523379053574,21.36208724975586,93251429,20.58958535194397
2023-12-01,21.408873472870912,21.418230712498705,21.16559238139221,21.268518447875977,57668131,20.59921687444051
2023-12-04,21.268517931537826,21.296589649739698,21.1655918675528,21.240447998046875,36736002,20.609043725331624
2023-12-05,21.231090230167094,21.352730769925525,21.081377972905557,21.128162384033203,65955134,20.618486642837524
2023-12-06,21.10008907985078,21.128160795242973,20.95037683384726,21.05330467224121,60731004,20.624593687057494
2023-12-07,21.015875827006504,21.193659789321103,20.98780589617998,21.146875381469727,46134177,20.62857681910197
2023-12-08,21.10009151679012,21.193662127526878,21.00652269076432,21.16559219360352,65214067,20.63693995475769
2023-12-11,21.072019773961227,21.39015875232932,20.91295028477718,21.35272979736328,91325635,20.64605909983317
2023-12-12,21.26851768542273,21.530515031475662,21.25916044613038,21.502443313598636,54746391,20.65711275736491
2023-12-13,21.493084381531823,21.56794050526408,21.43694273491032,21.511798858642575,45780951,20.669189008076987
2023-12-14,21.51179928594524,21.59601264990566,21.3433725580244,21.53051376342773,46382391,20.68194325764974
2023-12-15,21.52115771202235,21.661512731462924,21.305946563232744,21.315303802490234,66077881,20.695003461837768
2023-12-18,21.31530377120913,21.58665657043457,21.31530377120913,21.58665657043457,46320284,20.70694530804952
2023-12-19,21.586658052770677,21.642799707377527,21.493087438618566,21.567943572998047,56328793,20.721073404947916
2023-12-20,21.5773000435888,21.97029518124737,21.55858734919436,21.801868438720703,70038502,20.733995501200358
2023-12-21,21.783154698511986,21.85801082662876,21.605370724968065,21.66151237487793,69287699,20.749767049153647
2023-12-22,21.670868347593743,21.801866117965226,21.62408393952129,21.68958282470703,55368791,20.761668761571247
2023-12-25,21.68958523099747,21.91415362713873,21.624086338545137,21.89543914794922,44247999,20.776429573694866
2023-12-26,21.895437983455427,22.176149802235766,21.876723505261232,22.01708030700684,61519717,20.793430900573732
2023-12-27,21.979651350618443,22.073221956878555,21.839296333583707,22.01708030700684,56278543,20.810995880762736
2023-12-28,22.03579376684858,22.26036394356728,21.68958483176988,21.78315544128418,90728328,20.829085890452067
2023-12-29,21.801867384541374,21.858010819142887,21.62408519576922,21.839296340942383,62846850,20.845076497395834
2024-01-02,21.839295485398857,22.24164782739335,21.820581007931484,22.157434463500977,68880298,20.862059990564983
2024-01-03,22.14807880539061,22.269719348187945,22.082579914291205,22.23229217529297,60752512,20.88169463475545
2024-01-04,22.26972007751465,22.43814682283529,22.091937877197072,22.26972007751465,61342335,20.901953093210857
2024-01-05,22.25100431683352,22.41007380052798,22.138719240521244,22.21357536315918,70563121,20.92252345085144
2024-01-08,22.21357643381016,22.288432560056016,22.017079771681345,22.082578659057617,65439403,20.941575860977174
2024-01-09,22.082579409814787,22.15743553860558,21.801867588316146,22.02643775939941,80150503,20.957436498006185
2024-01-10,21.998365836224917,22.120006375106435,21.71765401734999,21.839296340942383,67243039,20.972454277674355
2024-01-11,21.876722241707604,21.88607948026425,21.62408393952129,21.68958282470703,60919882,20.98613754908244
2024-01-12,21.605370710288863,22.073221956878555,21.605370710288863,22.01708030700684,62005621,20.998798211415608
2024-01-15,21.970293472179502,22.129362962779464,21.89543734629192,21.9890079498291,40987662,21.013512992858885
2024-01-16,21.91415466074477,22.0545096918642,21.801869565022606,22.035795211791992,57834255,21.02874388694763
2024-01-17,22.03579257712309,22.08257877170969,21.820581436157227,21.820581436157227,66509131,21.043949063618978
2024-01-18,21.801866958322588,21.914152040619594,21.408871847349307,21.820581436157227,122738921,21.057672691345214
2024-01-19,21.80186674275474,22.007722427478704,21.6334417980408,21.9890079498291,94494749,21.07318975130717
2024-01-22,21.670869291283307,21.970293799291717,21.58665592531709,21.73636817932129,110790646,21.08964254061381
2024-01-23,21.67086971648787,21.84865369087273,21.455658570223022,21.755083084106445,85306405,21.10523756345113
2024-01-24,21.811223351111447,22.33521800188892,21.78315342015925,22.316503524780277,108649042,21.120130809148154
2024-01-25,22.325862559219622,22.55043094845528,22.1855057543253,22.400718688964844,82891286,21.138766892751057
2024-01-26,22.316505187482587,22.634644183189597,22.279076230476637,22.578500747680664,71370324,21.1560774008433
2024-01-29,22.541072629096533,22.92471049874769,22.513000912520532,22.70949935913086,69416961,21.175883086522422
2024-01-30,22.70014255302264,22.79371315868228,22.46621693122897,22.55043029785156,79784398,21.196234623591106
2024-01-31,22.53171600537985,22.887282168162372,22.48493159452008,22.83114051818848,88550152,21.216196266810098
2024-02-01,22.737570674464056,22.868570241745218,22.59721565246582,22.59721565246582,66074108,21.235534111658733
2024-02-02,22.662715280478896,22.943427118311785,22.59721638706452,22.71885871887207,101817510,21.251519028345744
2024-02-05,22.784357548489997,23.280278759930827,22.72821589496501,23.16799545288086,114937132,21.26843965848287
2024-02-06,23.1118529492978,23.635845860584062,22.99956786166671,23.130565643310547,126603040,21.289259052276613
2024-02-07,23.19606410001552,23.20541955377153,22.681426692607992,23.11185073852539,135642238,21.312417682011922
2024-02-08,23.027638000069555,23.149278534007088,22.83113955637256,23.055707931518555,87497217,21.334952513376873
2024-02-19,22.999567935352072,23.66391765448336,22.9247118049285,23.57970428466797,87245684,21.355381997426353
2024-02-20,23.560987059876293,24.066265435168027,23.49548817647836,23.89784049987793,68608378,21.381347751617433
2024-02-21,23.87912675295757,24.047553478105065,23.75748443603516,23.75748443603516,79877592,21.40801526705424
2024-02-22,23.86041544517966,24.0288421926994,23.72941765698032,23.90719985961914,66689215,21.43398100535075
2024-02-23,23.86041449083036,24.08498288363757,23.69198775004722,24.038198471069336,61030579,21.462831846872966
2024-02-26,23.851053972422797,23.89784016326998,23.32706112790917,23.345775604248047,80588451,21.491604709625243
2024-02-27,23.30834812928618,23.42999044849012,23.22413476513293,23.327062606811523,54655099,21.514997259775797
2024-02-28,23.22413630443549,23.80427265319715,23.00892515276218,23.67327308654785,120223309,21.539637422561647
2024-02-29,23.579705031436557,23.691988338272463,23.3925638070954,23.439348220825195,76228710,21.56412164370219
2024-03-01,23.43934536689572,23.532915967673325,23.2989903580847,23.392560958862305,57112914,21.58696839014689
2024-03-04,23.36449059756545,23.832341843862235,23.27092177607479,23.813629150390625,86329895,21.610984738667806
2024-03-05,23.720058719309144,24.32826498704304,23.701344240988497,24.272123336791992,98844338,21.63812011082967
2024-03-06,24.234694704780388,24.60897535265245,24.150481335920308,24.197267532348636,87775400,21.668374506632485
2024-03-07,24.18791102144405,24.440551135632152,24.14112482360684,24.234695434570312,76693945,21.699954477945962
2024-03-08,24.25340854180337,24.412478036030176,24.10369628661472,24.1691951751709,61448903,21.732937987645467
2024-03-11,24.11305406236654,24.318907971655168,23.925912846859863,24.10369682312012,76887209,21.76366022427877
2024-03-12,24.047555793281315,24.09434020601055,23.16799491322633,23.23349380493164,159072692,21.794460439682005
2024-03-13,23.233491151435874,23.327061750918595,22.93406666085976,23.28963279724121,129403361,21.817697064081827
2024-03-14,23.16799408283914,23.280277383249224,23.00892458666579,23.102495193481445,99913194,21.84147947629293
2024-03-15,23.102495497077637,23.327063885559795,23.074423779250772,23.12120819091797,73946991,21.862532790501913
2024-03-18,23.10249476665584,23.270921498870116,23.027638639528483,23.08378028869629,80008345,21.88311824798584
2024-03-19,23.083781231212296,23.37384851258547,23.01828234039038,23.130565643310547,79130509,21.90198825200399
2024-03-20,23.13056363362717,23.598414852804417,23.074421987044914,23.392560958862305,104635892,21.917817211151124
2024-03-21,23.439348032875166,23.486134230940788,23.317707487326487,23.33642196655273,66811218,21.937155040105186
2024-03-22,23.32706608938605,23.47677836251824,23.17735381625387,23.40192222595215,77408692,21.956882778803507
2024-03-25,23.47677772301571,23.486134962920467,23.33642269386641,23.37384986877441,67464484,21.976220671335856
2024-03-26,23.392561601447987,23.41127607905974,23.111851576114937,23.242849349975582,76837709,21.995090691248574
2024-03-27,23.19606663169044,23.41127778578243,23.17735215271437,23.23349380493164,72631540,22.014272594451903
2024-03-28,23.261564041259994,23.4112762941076,23.06506559395324,23.252206802368164,81593841,22.032596762975057
2024-03-29,23.23349200389561,23.36448977715141,23.22413476513293,23.327062606811523,34268867,22.05099892616272
2024-04-01,23.34577686982013,23.383204039816118,23.08377954100513,23.13992118835449,87831553,22.070648670196533
2024-04-02,23.13056405656722,23.242849136495614,22.97149456774996,23.055707931518555,92854480,22.090298414230347
2024-04-03,23.01828258974813,23.03699706867453,22.700143586843044,22.86857032775879,115308126,22.10901246070862
2024-04-08,22.840497807575503,23.77620030451743,22.821783329306054,23.729415893554688,179639804,22.12367181777954
2024-04-09,23.57970512868745,23.7387746346202,23.383206663847712,23.53291893005371,104343345,22.145115009943645
2024-04-10,23.532918866654512,24.07562627636691,23.52356162695297,23.9820556640625,112399910,22.16476476987203
2024-04-11,23.935269042761725,24.010125168759217,23.64520177761029,23.963340759277344,68916555,22.18823529879252
2024-04-12,23.90719924580768,23.99141261740539,23.72005980814352,23.785558700561523,62788587,22.210614188512167
2024-04-15,23.794913800662524,24.262765029823136,23.785556561914014,24.2253360748291,78534769,22.231199645996092
2024-04-16,24.15048080017324,24.47797702906281,24.028840261579845,24.26276588439941,83440594,22.254046376546224
2024-04-17,24.18790879789239,24.421834411441232,23.8884842981036,24.30954933166504,81773935,22.277282985051475
2024-04-18,24.25340716631353,24.506047251882915,24.14112208893466,24.281478881835938,84898080,22.304028463363647
2024-04-19,24.23469363244476,24.412477601584005,24.075624141048767,24.328264236450195,77485367,22.332099533081056
2024-04-22,24.26276642263738,24.50604928993195,24.150481335920308,24.197267532348636,64125192,22.361028305689494
2024-04-23,24.178553166105736,24.375049837884863,23.9539847763392,24.11305427551269,57550366,22.386448240280153
2024-04-24,24.234694817369643,24.27212377468619,24.01948366693224,24.11305427551269,56309187,22.416546678543092
2024-04-25,24.094337997028457,24.18790859861927,23.916554032477,24.028839111328125,42847022,22.443370151519776
2024-04-26,23.96334181405731,24.19726744118489,23.90719837855484,23.925912857055664,69028833,22.47019362449646
2024-04-29,23.9259129691571,24.01012633809447,23.67327286234498,23.841699600219727,77653000,22.49452188809713
2024-04-30,23.766842100355863,24.346978410176835,23.72941493004753,24.13176727294922,88274253,22.517212677001954
2024-05-06,24.131768448433192,24.131768448433192,23.7949149756957,23.83234214782715,110588987,22.54161891937256
2024-05-07,23.83234174034755,23.869770696549946,23.69198672401032,23.72005844116211,63482761,22.56275019645691
2024-05-08,23.72005949680857,23.907198932016456,23.68263053894043,23.68263053894043,60627239,22.58333566983541
2024-05-09,23.72005865441996,23.76684306538271,23.542274680281952,23.729415893554688,68681549,22.607274071375528
2024-05-10,23.7294162981105,23.87912855739674,23.63584568987888,23.841699600219727,79808793,22.631368414560953
2024-05-13,23.860413129318008,24.04755433833425,23.729415353833144,23.97269821166992,92647353,22.655618699391685
2024-05-14,23.972699266783188,23.972699266783188,23.74812909219533,23.93527030944824,60506173,22.679401143391928
2024-05-15,23.907198490568597,24.03819805597723,23.813629667047877,23.841699600219727,44384153,22.70287168820699
2024-05-16,23.85105759297953,23.897843790928796,23.766844221381817,23.785558700561523,57841400,22.725874392191567
2024-05-17,23.81362996616008,24.18791061907684,23.80427272674829,24.122411727905277,94950720,22.749656836191814
2024-05-20,24.084983057455005,24.477978193881537,24.010126925979044,24.31890869140625,91014753,22.77445297241211
2024-05-21,24.375048751119,24.56218995993618,24.30954986344624,24.42183494567871,64932506,22.800028864542643
2024-05-22,24.477976058973933,24.524760467799386,24.262764922839587,24.30954933166504,56950230,22.827164220809937
2024-05-23,24.375051592326223,24.64640619826972,24.290838217013487,24.4686222076416,77312597,22.853129943211872
2024-05-24,24.524762991814303,24.84290200175951,24.449906859163143,24.608976364135746,77715134,22.880031394958497
2024-05-27,24.61833400792992,24.983259222216912,24.61833400792992,24.80547523498535,78000895,22.908102464675903
2024-05-28,24.81482875552221,25.104896007742475,24.77739980183664,24.992610931396484,67259257,22.938434823354086
2024-05-29,24.983258988393523,25.048757881836604,24.71190439017391,24.973901748657227,62051985,22.969858821233114
2024-05-30,24.94582833729491,25.217182917107696,24.889686687396388,24.98325729370117,53980515,23.001672728856406
2024-05-31,25.03939905458911,25.282681918175577,24.87097231943611,24.899044036865234,70818931,23.034422334035238
2024-06-03,25.16103870581063,25.731817780410843,25.03004093185418,25.666318893432617,114876331,23.06678206125895
2024-06-04,25.666321740852464,25.918961862691333,25.54467940750293,25.713106155395508,79276175,23.10265065828959
2024-06-05,25.769245767601078,26.2745241515307,25.722459575295066,26.16223907470703,88722153,23.13968888918559
2024-06-06,26.10610081772732,26.555237613907124,25.97510303168595,26.22774314880371,106120323,23.180703814824422
2024-06-07,26.19966928959111,26.545879990476333,26.10609868518612,26.48973655700684,86811639,23.22320032119751
2024-06-11,26.499093170196463,26.6581626585156,26.1248125461252,26.36809539794922,87333796,23.268503920237222
2024-06-12,26.274526773401835,26.66752190443457,26.199670642953265,26.55523681640625,75624228,23.31201408704122
2024-06-13,26.5645947739252,26.94823267593393,26.499095881100928,26.854663848876957,89282721,23.356927792231243
2024-06-14,26.80787501730665,26.920160097340656,25.94702868608196,26.106098175048828,242643011,23.402777242660523
2024-06-17,25.96574295094811,26.25581021032076,25.81603070193572,26.09674072265625,106730295,23.441141033172606
2024-06-18,26.09674274284635,26.14352893972876,25.816032700395613,26.012529373168945,65893578,23.47934888203939
2024-06-19,25.99381394245649,26.26516671696229,25.937670512108475,26.237096786499023,53659074,23.516699012120565
2024-06-20,26.265168811602724,26.57395056429913,26.20902716148816,26.51780891418457,65568919,23.55771395365397
2024-06-21,26.51780870085429,26.686235434553897,26.22774142876656,26.508451461791992,74296501,23.59880688985189
2024-06-24,26.5739500004959,27.135371843862814,26.527165590511505,27.03244400024414,106929642,23.639977788925172
2024-06-25,27.0137322815775,27.060516693249607,26.480380351076604,26.807876586914062,88021088,23.683565918604533
2024-06-26,26.84530554402047,27.0137322815775,26.55523648057852,26.807876586914062,51424125,23.726452287038168
2024-06-27,26.761091741576703,27.088587972107064,26.74237726332677,26.96694564819336,66550911,23.76910473505656
2024-06-28,26.96694575052799,27.163444203476235,26.7423773648092,27.060516357421875,72366983,23.81136728922526
2024-07-01,27.06051600273165,27.74357839009539,27.06051600273165,27.584508895874023,72351910,23.85339592297872
2024-07-02,27.5751516568362,27.659365023465792,27.35994051309872,27.584508895874023,58289049,23.89979116121928
2024-07-03,27.519012142241163,27.621939994931545,27.13537423548192,27.41608428955078,73251987,23.948135773340862
2024-07-04,27.341226144181643,27.650007894819343,27.32251345074214,27.50029563903809,66193048,23.99460900624593
2024-07-05,27.50029563903809,27.50029563903809,27.50029563903809,27.50029563903809,0,24.039132849375406
2024-07-08,27.34122529053513,28.117858262418974,27.322512597679875,27.996217727661133,100897073,24.08303287823995
2024-07-09,27.9868605759028,28.37985568245825,27.893289972492298,28.361141204833984,85724564,24.13075369199117
2024-07-10,28.3330709687203,28.464068741261176,27.949433105098485,28.164644241333008,76596809,24.18198340733846
2024-07-11,28.192715969669543,28.25821664482558,27.790365387690795,28.248859405517575,74713995,24.232667287190754
2024-07-12,28.220787167098667,28.35178494557284,27.883933697066944,27.958789825439453,68112730,24.284520800908407
2024-07-15,27.874577801348224,28.5389257070478,27.75293547922437,28.473426818847656,78795504,24.33551657994588
2024-07-16,28.53892725260666,28.885137975042245,28.305001619388573,28.819637298583984,68924858,24.392048613230386
2024-07-17,28.772852885824747,28.959994106283595,28.595068904859936,28.819637298583984,74056856,24.448736588160198
2024-07-18,28.772850762988096,29.418485962754666,28.744779046577094,29.343629837036133,99995624,24.50565849939982
2024-07-19,29.30519689507593,29.51657798342461,29.093815806727243,29.382062911987305,112417521,24.566557121276855
2024-07-22,29.382063499668668,29.40128046243848,28.536537296731847,29.189897537231445,97427649,24.629569466908773
2024-07-23,29.209114782293437,29.59344487825181,29.09381666982115,29.46853828430176,90144787,24.690980434417725
2024-07-24,29.46853869219805,29.96816874017492,29.34363209651907,29.82404518127441,88281095,24.753309853871663
2024-07-25,29.852866721519923,30.05464115608074,29.18028954912136,29.62226867675781,97736868,24.82070716222127
2024-07-26,29.506970445517045,29.506970445517045,28.56536125009352,28.968908309936523,114955273,24.886267042160036
2024-07-29,28.78635071743867,29.209114738676817,28.35398004736756,29.016950607299805,75162251,24.941703748703002
2024-07-30,28.988124289398247,29.266762912919237,28.709483833246857,28.93047523498535,60682304,24.996839014689126
2024-07-31,28.872825119505816,28.892042082367112,28.32515450637201,28.690269470214844,94433185,25.049772135416667
2024-08-01,28.48849499381049,29.151465550745748,28.440454419341027,28.94008445739746,68485869,25.099611886342366
2024-08-02,28.82478372501785,29.13224779153051,28.63261776713224,29.055381774902344,57775048,25.152859004338584
2024-08-05,28.911260033326688,29.01695150004558,28.680661969001346,28.728702545166016,63103071,25.204727681477866
2024-08-06,28.728700822245504,28.91125829945782,28.15220477969056,28.30593681335449,93657365,25.2558234055837
2024-08-07,28.21946443491794,28.872824668318096,28.21946443491794,28.584577560424805,67641078,25.302382389704388
2024-08-08,28.58457787615261,28.834392894313638,28.459671283387323,28.6134033203125,46760473,25.34752057393392
2024-08-09,28.546141635692457,28.623009480551985,28.219462458190925,28.38280296325684,59690063,25.393210887908936
2024-08-12,28.402020324679757,28.546143879861127,27.97925814049846,28.03690719604492,51089121,25.4371354897817
2024-08-13,28.132990308762874,28.229071457580023,27.921607383052084,28.113773345947266,46163028,25.478645483652752
2024-08-14,28.142598997745253,28.68066113213779,27.892783977191105,28.392412185668945,67862636,25.516429392496743
2024-08-15,28.3828047692714,28.795958465898817,28.24828786483813,28.632617950439453,59889587,25.553884156545003
2024-08-16,28.651833228346717,28.709482279639943,28.373194619904183,28.45966911315918,50949931,25.59451026916504
2024-08-19,28.43084404991445,28.690267533135124,28.41162708835063,28.565359115600582,42798248,25.63244751294454
2024-08-20,28.59418442116337,28.671050434420653,28.27711188739829,28.48849296569824,46130402,25.670173851648965
2024-08-21,28.49810306153073,28.6230114855468,28.08494752962137,28.584577560424805,47190994,25.71302982966105
2024-08-22,28.536536620819827,29.11303082921587,28.52692813966251,29.055381774902344,77938021,25.756842454274494
2024-08-23,29.08420785899027,29.132248433204627,28.632618397801384,28.73830986022949,54611188,25.801693360010784
2024-08-26,28.73831089807678,28.872825976839174,28.325155347443147,28.651836395263672,49639581,25.845851373672485
2024-08-27,28.594185858194525,28.728700929997387,28.421236861516327,28.632617950439453,35060495,25.88967866897583
2024-08-28,28.6230127827463,28.92086838541896,28.536538279933197,28.651836395263672,49690215,25.929836908976238
2024-08-29,28.671052140309428,28.69987758423235,28.113773052879207,28.209856033325195,67603577,25.966334517796835
2024-08-30,28.1041659728345,28.42123854127408,27.58531895213491,28.22907257080078,89849336,25.99977275530497
2024-09-02,27.892784232614883,28.64222746850978,27.88317575104822,28.546144485473636,73329606,26.033059231440227
2024-09-03,28.48849544503861,28.62301235441853,27.91199937912166,27.969650268554688,66710788,26.069533809026083
2024-09-04,27.96964934376973,28.190638914731476,27.777483383941007,28.008081436157227,40153496,26.101750087738036
2024-09-05,28.01768967567407,28.132989617102574,27.787091625447456,27.979257583618164,37487408,26.14153831799825
2024-09-06,27.960039138793945,28.325152240803,27.93121369680759,27.960039138793945,40053763,26.18061852455139
2024-09-09,28.084946870881907,28.277112826723744,27.92160635820545,28.20024681091309,63373236,26.221098057428996
2024-09-10,28.16181347096804,28.33476246828781,27.81591730895892,28.008081436157227,58004957,26.26342337926229
2024-09-11,28.008081773101992,28.008081773101992,26.566842554939317,26.71096611022949,143949737,26.304459222157796
2024-09-12,26.614885589717616,26.96078176404873,26.547626218540262,26.768617630004883,66219139,26.334295892715453
2024-09-13,26.768617356956696,27.38354551183331,26.73018343096168,27.19137954711914,80973210,26.362429698308308
2024-09-18,27.14334045041985,27.614145073715,27.114515004353816,27.21059799194336,52623623,26.394554344813027
2024-09-19,27.25863732340544,27.316286376395933,26.74939882953671,27.220203399658203,69799705,26.426293309529623
2024-09-20,27.07608000535282,27.210595073974925,26.749398982158823,27.04725456237793,82295178,26.45834625562032
2024-09-23,27.04725635894056,27.316288346685077,26.883915836493983,27.095298767089844,47904951,26.490049632390342
2024-09-24,27.316289242742,27.74865993448568,26.97039122324263,27.63336181640625,106478651,26.522231340408325
2024-09-25,27.787092949644947,28.47888713329232,27.70061844761021,27.79670143127441,118176242,26.55874096552531
2024-09-26,27.90239223133901,27.98886489868164,27.585317843017467,27.98886489868164,114316343,26.595987955729168
2024-09-27,28.08494718637495,28.08494718637495,26.960780547121693,27.85434913635254,188703666,26.636395819981892
2024-09-30,27.70061835705281,29.305198131318768,27.489237259787,28.872825622558597,396078494,26.676384496688843
2024-10-08,30.75604435556325,31.01546786354312,27.748659223754142,28.075340270996094,462356540,26.726419957478843
2024-10-09,27.844740841514188,28.238679408684007,27.11451276190832,27.43158531188965,266925415,26.76263599395752
2024-10-10,27.47962810541464,28.661443823584484,27.47001962405182,28.03690719604492,262428403,26.79512488047282
2024-10-11,28.05612249307332,28.584576108240768,27.8639565424868,28.06572914123535,142589633,26.828915309906005
2024-10-14,28.075338389826776,28.39241093412455,27.96004028242597,28.20024681091309,144701436,26.863101879755657
2024-10-15,28.152204265720428,28.23867876215644,27.7486572265625,27.7486572265625,117112841,26.89989094734192
2024-10-16,27.671792110942253,28.17142214379012,27.489236463757027,27.585317611694336,127230016,26.929251956939698
2024-10-17,27.60453508841329,27.662185977405816,27.19137954711914,27.19137954711914,112093819,26.956939888000488
2024-10-18,27.21059843041872,27.546887976085863,26.93195977781263,27.3162899017334,149181606,26.980955139795938
2024-10-21,27.249028403444285,27.249028403444285,26.759006879344184,26.864696502685547,139628417,27.00624523162842
2024-10-22,26.864697693025217,27.249029610813203,26.739791102585407,26.97999763488769,104063225,27.02738216718038
2024-10-23,26.97999806013048,27.22020459621876,26.90313204188744,26.96078109741211,90280066,27.050571584701537
2024-10-24,26.96078053931667,27.02803807480827,26.66292495386941,26.90313148498535,78386191,27.074302641550698
2024-10-25,26.903132179394376,26.979998198030284,26.33624460471813,26.461153030395508,150718465,27.097553284962974
2024-10-28,26.461153030395508,26.461153030395508,26.09603806740211,26.461153030395508,117784905,27.117822567621868
2024-10-29,26.46115205786856,26.93195663378882,26.278594583081397,26.62449073791504,131188363,27.138949569066366
2024-10-30,26.634099218970192,26.79743973164705,26.37467756100255,26.62449073791504,101259892,27.162139495213825
2024-10-31,26.883914277756283,26.912739720974542,26.34585216609475,26.499584197998047,121903136,27.182912190755207
2024-11-01,26.432327321622328,26.90313191013402,26.317027378507223,26.88391494750977,121360771,27.205139207839967
2024-11-04,26.88391481509542,26.89352329636022,26.52841017144984,26.807048797607425,90600962,27.231504678726196
2024-11-05,26.720575222021065,26.84548365014852,26.634100720280664,26.768617630004883,130938756,27.25754149754842
2024-11-06,26.73979059136764,26.807048125905567,26.38428412399953,26.422718048095703,138088740,27.282868178685508
2024-11-07,26.326634451599023,26.75900692436489,26.31702597080086,26.739789962768555,133033377,27.30437666575114
2024-11-08,26.74940027443456,26.864698386643507,26.451544679825915,26.53801918029785,119023483,27.327435763676963
2024-11-11,26.38428645422345,26.54762698079745,26.288205300758005,26.40350341796875,93996202,27.349125337600707
2024-11-12,26.403502317974237,26.54762587479861,25.89426562835274,25.913480758666992,201746671,27.370473702748615
2024-11-13,25.8270046102622,26.41310911426856,25.73092346692964,26.317026138305664,155188222,27.38820638656616
2024-11-14,26.278594363998383,26.605275386628577,26.163294424928164,26.34585189819336,98646616,27.406494839986166
2024-11-15,26.297812708001555,26.41311082050078,26.038389205932617,26.038389205932617,93580893,27.423386033376058
2024-11-18,26.09603689073319,26.46115183726357,26.02877935653821,26.34585189819336,119051790,27.436857318878175
2024-11-19,26.326635118673227,26.422718096459157,26.10564555260686,26.29781150817871,95680280,27.453826506932575
2024-11-20,26.297812641793683,26.66292577396262,26.144078771131003,26.53801918029785,99804939,27.46906975110372
2024-11-21,26.48036810766293,26.61488501447978,26.46115297751518,26.5860595703125,67848491,27.48514510790507
2024-11-22,26.586060087196817,26.69175155190124,26.192121505737305,26.192121505737305,97129106,27.499983310699463
2024-11-25,26.31702808136764,26.5091940474816,25.971131908045173,26.06721305847168,101408771,27.509979232152304
2024-11-26,26.03838950181617,26.124864003488455,25.8558320168824,25.942306518554688,88306380,27.51909015973409
2024-11-27,25.92308758622509,26.374677023461604,25.92308758622509,26.317026138305664,102469314,27.52708223660787
2024-11-28,26.297812065763747,26.40350169420184,26.10564610611745,26.35546112060547,69160630,27.538898754119874
2024-11-29,26.36507106688482,26.614886095254363,26.23055415460552,26.249771118164062,109026420,27.54464160601298
2024-12-02,26.31702703702265,26.62449110449944,26.230552538966005,26.528409957885746,88629895,27.54911381403605
2024-12-03,26.53802042986935,26.99921656568196,26.461154407233916,26.855093002319336,134347559,27.55216523806254
2024-12-04,26.855091459825054,27.41237055008078,26.72057455346648,27.33550453186035,137225662,27.557393153508503
2024-12-05,27.287462529476223,27.55649451354997,27.095298397392515,27.19137954711914,98035433,27.564441219965616
2024-12-06,27.210595392462167,27.42197831149145,27.047254878953343,27.076080322265625,90935412,27.5713019212087
2024-12-09,27.028037579890075,27.3931525267736,26.83587345809433,27.297069549560547,80287292,27.575642283757528
2024-12-10,27.287461137638168,27.460410130533305,26.864697136408974,26.922348022460938,167887746,27.579328997929892
2024-12-11,26.99921546920638,27.11451358216185,26.874307042102416,27.06647300720215,63618426,27.58613107999166
2024-12-12,27.04725380695764,27.36432634030428,27.028036845511103,27.28746032714844,77874956,27.594212182362874
2024-12-13,27.325896680448203,27.74865887409129,27.229813697300056,27.594926834106445,154285770,27.60483660697937
2024-12-16,27.652576816078657,28.23867951204989,27.652576816078657,28.13298988342285,143463294,27.6161518573761
2024-12-17,28.18103162569471,28.392412724344595,28.0465165477021,28.12338256835937,107804406,27.629611698786416
2024-12-18,28.229071719763773,28.651835742481424,27.98886518022905,28.267505645751957,98396558,27.643069458007812
2024-12-19,28.113773345947266,28.49810343910719,28.06573093890825,28.113773345947266,91061598,27.653361638387043
2024-12-20,28.065732290109008,28.27711522599665,27.94082569105493,28.05612564086914,78725172,27.664244111378988
2024-12-23,28.046517478412618,28.642228700117283,27.96965145520458,28.411630630493164,108633632,27.674646186828614
2024-12-24,28.31554424788488,28.680659188813443,28.209854624041625,28.64222526550293,92735550,27.686685228347777
2024-12-25,28.651836155000275,28.757527620359006,28.50771259573049,28.62301254272461,68516052,27.69986613591512
2024-12-26,28.623010492387525,28.66144258354559,28.142597440814438,28.17142105102539,89884558,27.70852033297221
2024-12-27,28.152204383511908,28.46927692756049,28.027297795154144,28.450061798095703,85423709,27.71341126759847
2024-12-30,28.4500643033007,28.661445407069717,28.19064079006336,28.25789833068848,77825662,27.722027746836343
2024-12-31,28.24828862874975,28.60379511293885,28.209856535465512,28.392412185668945,96537038,27.728341102600098
2025-01-02,28.35398124832928,28.565362351586387,27.94082569105493,28.05612564086914,104122008,27.735775407155355
2025-01-03,28.065730970665506,28.27711389661548,27.719834802745403,27.86395835876465,94632286,27.736274639765423
2025-01-06,27.96004089025801,27.96004089025801,27.393153324094254,27.75826644897461,79467426,27.73213144938151
2025-01-07,27.74865937762795,27.75826785938017,27.42198016120497,27.57571220397949,65496030,27.728744967778525
2025-01-08,27.546885802470133,28.01769039620257,27.50845187679543,27.86395835876465,90630929,27.723135407765707
2025-01-09,27.806309224558596,27.92160733599704,27.518060280701597,27.662185668945312,58177058,27.722345145543418
2025-01-10,27.6621857999811,27.91199898682458,27.393153817632918,27.739051818847656,69490983,27.715584802627564
2025-01-13,27.671791817854217,27.777483278622327,27.31628717593852,27.681400299072266,90627806,27.70657992362976
2025-01-14,27.67179213364916,27.84474113228691,27.594926115657984,27.71022605895996,81985665,27.697094615300497
2025-01-15,27.60453544527848,27.979258898052404,27.48923733106379,27.67179298400879,72279278,27.683482917149863
2025-01-16,27.604534596985683,27.84474113228691,27.594926115657984,27.71022605895996,72060240,27.66923066775004
2025-01-17,27.739052503000227,27.89278454452497,27.63336103721553,27.87356758117676,59637230,27.656900072097777
2025-01-20,27.911998616724308,27.921607098034027,27.700617525801697,27.835132598876957,66542377,27.643608649571735
2025-01-21,27.825524693657208,28.1618142159382,27.691009617796997,28.017690658569336,78941328,27.627034378051757
2025-01-22,28.01769061600524,28.1522056916611,27.479628480751344,27.566102981567383,107370320,27.613662894566854
2025-01-23,27.59492601240217,27.681400511397477,27.172163831347827,27.383544921875,103468365,27.60197285016378
2025-01-24,27.47066156788453,27.732010807410003,27.296430587768555,27.296430587768555,84000577,27.58836113611857
2025-01-27,27.364186008189176,28.16759145323005,27.31578697762392,27.9739990234375,99524449,27.574744097391765
2025-02-05,27.935282741476865,27.96432031472129,27.364187082035144,27.44162368774414,90286113,27.568775177001953
2025-02-06,27.451303653307303,27.51906045291601,27.228671795148845,27.364187240600582,67609734,27.55628800392151
2025-02-07,27.296430674009347,27.335148054301555,27.00604201376326,27.22867202758789,109147551,27.54219471613566
2025-02-10,27.15123587743376,27.257711905938272,27.00604246798583,27.015722274780277,96900076,27.52969446182251
2025-02-11,27.083477175808,27.083477175808,26.81244998951753,27.00604057312012,90138630,27.518942674001057
2025-02-12,26.957643222266995,27.131876038797092,26.880206620057415,27.093156814575195,71470071,27.505788199106853
2025-02-13,27.025401578183427,27.325468198284504,26.93828516489048,27.267391204833984,94001814,27.493119478225708
2025-02-14,27.26738919002144,27.586815399748104,27.15123336546893,27.30610656738281,92876377,27.48382438023885
2025-02-17,27.160915178312752,27.267391204833984,26.73501476469649,27.267391204833984,109580719,27.477734375
2025-02-18,27.151235019611438,27.644894073125094,27.151235019611438,27.451303482055664,108370674,27.470681190490723
2025-02-19,27.354505883254717,27.499699280789752,27.13187588395204,27.17059326171875,83243097,27.46283861796061
2025-02-20,27.10283656199468,27.218992388174858,26.96732296997966,27.14155578613281,69621175,27.45065507888794
2025-02-21,27.14155619319805,27.14155619319805,26.822128127970377,26.90924453735352,124688160,27.43967080116272
2025-02-24,26.90924694641417,27.02540278473533,26.628539927009182,26.66725730895996,129403179,27.425869846343993
2025-02-25,26.696295273050445,26.76405207244204,26.328471856538503,26.45430564880371,97322862,27.41069288253784
2025-02-26,26.4252656258919,26.812450492833687,26.39622805323526,26.744691848754883,88916962,27.392940616607667
2025-02-27,26.754371910228357,26.831808515108428,26.43494568431877,26.63821792602539,99176939,27.373684867223105
2025-02-28,26.599498931512134,26.851168361116954,26.47366513982688,26.50270271301269,117501775,27.356184101104738
2025-03-03,26.502701388789355,26.551100418737946,26.192954982055262,26.22199440002441,112763438,27.338274653752645
2025-03-04,26.221996172264276,26.32847219911324,26.11552014541531,26.280073165893555,64725189,27.31818612416585
2025-03-05,26.270392715882675,26.71565457942752,26.14455892506187,26.599498748779297,94660546,27.29842143058777
2025-03-06,26.531742451462534,26.599499251356598,26.280073018831533,26.347829818725582,98075923,27.285001786549888
2025-03-07,26.33814996311292,26.493025022026625,26.260713356773227,26.38654899597168,68383213,27.269324763615927
2025-03-10,26.396229122933,26.40590892962224,26.16391930109422,26.23167610168457,88322350,27.25132813453674
2025-03-11,26.17359703939509,26.4155866487997,26.1639172334708,26.318790435791016,91040312,27.236845016479492
2025-03-12,26.289751160631965,26.318790578562364,26.14455776344841,26.251033782958984,78523785,27.22276759147644
2025-03-13,26.23167579548504,26.473665421188343,26.221995988908787,26.37686920166016,87409660,27.208365726470948
2025-03-14,26.4155880625842,26.66725564514836,26.35750922393004,26.57046127319336,111413990,27.1951726436615
2025-03-17,26.628538424583247,26.80277124911728,26.473665213049507,26.493024826049805,76352193,27.181591097513834
2025-03-18,26.49302515754403,26.541422344416024,26.29943271758737,26.32847213745117,77719309,27.16896562576294
2025-03-19,26.36718863434434,26.812450492833687,26.28975203020284,26.744691848754883,131859932,27.165778175989786
2025-03-20,26.812450480822218,26.87052747234376,26.657577272608595,26.754371643066406,60194152,27.16557879447937
2025-03-21,26.78341153747425,26.87052794942042,26.49302472847656,26.522062301635746,74187671,27.161937061945597
2025-03-24,26.54142137217122,26.909244779133843,26.493024187072077,26.812450408935547,99162478,27.156199264526368
2025-03-25,26.822129806590937,27.10283866466749,26.676936397277093,27.03508186340332,77255982,27.152801322937012
2025-03-26,27.035080135723,27.093157126490244,26.72533372331868,26.93828392028809,69088342,27.15269988377889
2025-03-27,26.860849355313427,26.96732538499436,26.7350155580641,26.88020896911621,57299116,27.15139142672221
2025-03-28,26.87052709971976,27.006040693468897,26.754371272053184,26.957643508911133,57222334,27.14511515299479
2025-03-31,27.025400353360656,27.209312978225555,26.86084734084664,26.91892433166504,90484100,27.138123003641763
2025-04-01,26.95764338877803,27.04475979758118,26.773730765056467,27.00604057312012,57988638,27.12920683224996
2025-04-02,27.00604071722225,27.064117707989496,26.822128092519343,26.93828392028809,55353026,27.122137594223023
2025-04-03,26.822128876781186,27.528739977752917,26.822128876781186,27.490020751953125,143798229,27.106016413370767
2025-04-07,27.14155709551445,27.935282766295423,26.88020785867653,27.422264099121094,325872228,27.101138750712078
2025-04-08,27.354507766441724,28.24502967119351,27.10283833181249,28.11919403076172,234119048,27.101061073939004
2025-04-09,28.11919491316413,28.65157321912893,27.838487895960554,28.622533798217773,219801803,27.101746797561646
2025-04-10,28.516056661464592,28.54509608124913,27.925603229053603,28.235349655151367,138562486,27.106386836369833
2025-04-11,28.34182564450942,28.34182564450942,28.070796598910068,28.264389038085938,87332101,27.10667936007182
2025-04-14,28.080476466551143,28.31278628632673,27.8965638335576,28.21599006652832,82637532,27.110977125167846
2025-04-15,28.148233059278606,28.409582296939647,28.061116646724926,28.33214569091797,78307971,27.11623272895813
2025-04-16,28.3127857981933,28.46765900870689,28.119193361934155,28.457979202270508,100760206,27.125739113489786
2025-04-17,28.361181424602982,28.3805410364112,28.070794632416494,28.274065017700195,84085337,27.135253190994263
2025-04-18,28.167592059164843,28.651571297823228,28.12887283387972,28.632211685180664,88117388,27.146997928619385
2025-04-21,28.55477559174175,28.74836802916253,28.36118315432096,28.37086296081543,56583745,27.160766379038492
2025-04-22,28.380542742952315,28.864521989854595,28.29342633081116,28.39022254943848,76894856,27.17251706123352
2025-04-23,28.34182564450942,28.438620017863027,28.14823320533355,28.264389038085938,61610691,27.18490948677063
2025-04-24,28.26438847956356,28.60317247207525,28.22566925399977,28.516056060791016,56927325,27.199936453501383
2025-04-25,28.535417505958662,28.7774071425687,28.361184672201937,28.57413673400879,54457223,27.217060645421345
2025-04-28,28.57413440507593,28.961317422847777,28.46765838285083,28.767724990844727,72347085,27.233307695388795
2025-04-29,28.76772548825277,28.816124520207502,28.40958188295918,28.516056060791016,72305923,27.251167980829873
2025-04-30,28.60317242367566,28.622532036424797,28.380542415763465,28.55477523803711,55350878,27.267971913019817
2025-05-06,28.699969281816845,28.699969281816845,28.196630416509706,28.24502944946289,83099000,27.28189574877421
2025-05-07,28.34182533895077,28.438619711260813,28.12887328890632,28.409582138061523,80888990,27.293878920873006
2025-05-08,28.34182538756633,28.535415978752805,28.283746548599503,28.37086296081543,46996050,27.307553625106813
2025-05-09,28.361182682612085,28.81612434911396,28.341824916179416,28.603172302246094,73292755,27.323788166046143
2025-05-12,28.51605596441734,28.73868781818813,28.370862561512418,28.593494415283203,57235498,27.339316352208456
2025-05-13,28.47734005233238,28.787086486816406,28.41926305742522,28.787086486816406,61698606,27.3564453125
2025-05-14,28.777406016766403,29.135551477281364,28.719329023197663,29.116191864013672,74790567,27.376308504740397
2025-05-15,29.09682985050781,29.38721848686562,29.03875286172992,29.377538681030277,71543285,27.40299776395162
2025-05-16,29.32914204644688,29.522734486491377,29.000036006111834,29.13555145263672,63755987,27.42850203514099
2025-05-19,29.135552584873054,29.600172243554223,29.135552584873054,29.493696212768555,56194236,27.451749531428018
2025-05-20,29.503373738664894,29.94863559515062,29.503373738664894,29.69696617126465,60587616,27.480543756484984
2025-05-21,29.755042897536708,29.958315134579426,29.71632551910216,29.813119888305664,53549849,27.50846970876058
2025-05-22,29.81312138953441,30.05511101719697,29.580811568526467,30.03575325012207,53726373,27.537763945261638
2025-05-23,29.813120506511385,29.813120506511385,29.416257676598043,29.51305389404297,85424773,27.56691172917684
2025-05-26,29.425937786639977,29.580810997656425,29.154910590478345,29.367860794067383,62651237,27.59130334854126
2025-05-27,29.32914172677012,29.609850577151587,29.25170512084322,29.290424346923828,56798057,27.61776784261068
2025-05-28,29.300103644836668,29.571130837759025,29.23234684660608,29.551773071289062,53780908,27.64462793668111
2025-05-29,29.5033745148086,29.571131314130707,29.14523090518194,29.3194637298584,66936874,27.674706824620564
2025-05-30,29.34850147471041,29.51305449384073,29.23234748840332,29.23234748840332,64478998,27.699727137883503
2025-06-03,29.309784156215933,29.377540956076366,28.893561704234035,29.183948516845703,78322252,27.723701190948486
2025-06-04,29.174267293613973,29.19362690584384,28.893560301217867,28.93227767944336,59558198,27.748152669270834
2025-06-05,28.932277847293847,28.9806768781493,28.69996803789042,28.84516143798828,55135038,27.768184900283813
2025-06-06,28.8451610926297,29.05811313337555,28.79676390858795,29.02907371520996,54693654,27.78476880391439
2025-06-09,28.970998641004744,29.1258718556614,28.89356203367642,29.01939582824707,68059358,27.798881880442302
2025-06-10,29.019395766431117,29.31946423464424,29.00003615308168,29.067794799804688,66348841,27.8141153494517
2025-06-11,29.03875317796637,29.30978220560504,29.01939356608485,29.21298599243164,57665617,27.83071297009786
2025-06-12,29.193628274385684,29.358181293585,29.05811467489248,29.2226676940918,63183872,27.846678940455117
2025-06-13,29.222666873154218,29.67760669169696,29.212987066857444,29.63888931274414,104423426,27.86584827105204
2025-06-16,29.571130922292276,29.638889566950844,29.329141301500243,29.4840145111084,51655391,27.887285073598225
2025-06-17,29.47433617799515,29.716325795725048,29.09683111889721,29.687286376953125,78898566,27.905589691797893
2025-06-18,29.619531371395578,29.871200810609015,29.590491950866745,29.72600555419922,62172076,27.923026021321615
2025-06-19,29.81312004467161,29.85183926954349,29.60016984657905,29.73568344116211,55930574,27.93630115191142
2025-06-20,29.735684073209715,29.84216009763633,29.40657803974045,29.42593765258789,56160340,27.94973699251811
2025-06-23,29.4065775578751,29.774402811011942,29.30978318769261,29.66792678833008,58800921,27.959390592575073
2025-06-24,29.6292095544354,29.82280014198161,29.551772950170065,29.600170135498047,78840002,27.972341871261598
2025-06-25,29.50337520459471,29.958316889938462,29.425938596954083,29.89055824279785,78370666,27.98520890871684
2025-06-26,29.89055783785983,30.190626303857197,29.87120007088769,30.113189697265625,70564856,27.997533305486044
2025-06-27,30.161586675513576,30.161586675513576,29.23234740283943,29.25170516967773,147453009,28.009791342417397
2025-06-30,29.261385135601195,29.445297768324263,29.13555134241236,29.17426872253418,75518456,28.01503044764201
2025-07-01,29.232347159721822,29.542093581370462,29.183948127442783,29.396900177001957,59476275,28.023387511571247
2025-07-02,29.425937958006493,29.50337456396568,29.251705133039746,29.280744552612305,57183495,28.031277831395467
2025-07-03,29.29042467856229,29.30978429182179,28.89356183791418,29.125871658325195,93681123,28.0398015499115
2025-07-04,29.09683019055808,29.31946203490452,29.04843300704993,29.193626403808597,67922805,28.045913712183633
2025-07-07,29.271064733883524,29.309783959964133,29.10651171550957,29.290424346923828,50827848,28.05539288520813
2025-07-08,29.30010289104941,29.30010289104941,28.951637256274832,28.96131706237793,107328601,28.067280101776124
2025-07-09,28.990358254395414,29.135551662356733,28.89356203367642,29.01939582824707,67038321,28.077305523554482
2025-07-10,29.038755602358247,29.11619221011516,28.845163159848784,28.94195938110352,94764305,28.08933622042338
2025-07-11,28.961318021655156,29.60985028216996,28.91292083577085,29.42593765258789,164215479,28.098319562276206
2025-07-14,29.44529689118806,29.803442339376485,29.42593727858668,29.629209518432617,77154717,28.113017495473226
2025-07-15,29.62920973633156,29.696966534700408,29.37754030936562,29.503374099731445,56246157,28.128768809636433
2025-07-16,29.61953022352769,29.677607216100284,29.358180987599567,29.367860794067383,38621346,28.14395192464193
2025-07-17,29.34849960651573,29.4259362078693,29.154909026248912,29.193626403808597,61465548,28.15776554743449
2025-07-18,29.305734027132207,29.365257667490432,29.117240291738355,29.26605033874512,60170190,28.170447492599486
2025-07-21,29.46446418921545,29.62319515397141,29.186684054781352,29.27597045898437,77827654,28.18341269493103
2025-07-22,29.22636646188413,29.2759710720481,29.04779554196102,29.127161026000977,94394047,28.19509938557943
2025-07-23,29.17676294141348,29.21644662845313,28.93866649584263,28.94858741760254,107354945,28.205866289138793
2025-07-24,28.958508549550864,28.958508549550864,28.571600166995392,28.71049118041992,166882768,28.213623762130737
2025-07-25,28.63112569971759,28.75017297726312,28.521997451782227,28.521997451782227,100879090,28.22316033045451
2025-07-28,28.52199674498695,28.61128314704469,28.373186705631483,28.41286849975586,84445060,28.2326474348704
2025-07-29,28.38310842800581,28.512076627826584,28.373187506139235,28.4029483795166,71772013,28.241951084136964
2025-07-30,28.412869411806504,28.710491392293395,28.412869411806504,28.472394943237305,97828042,28.24552566210429
2025-07-31,28.19461524549568,28.19461524549568,27.48032588720732,27.61921501159668,257969828,28.25411542256673
2025-08-01,27.569611684439064,27.827548083400146,27.46048343641697,27.76802444458008,98148606,28.2562406539917
2025-08-04,27.678737435264917,27.94659664243417,27.5795301112516,27.91683387756348,82320372,28.260735257466635
2025-08-05,27.916835192747826,27.95651888111161,27.73826237955561,27.877153396606445,78715270,28.26824452082316
2025-08-06,27.86723146531053,27.896994230505523,27.64897686388099,27.74818229675293,114493479,28.275503794352215
2025-08-07,27.718421822902695,27.956518271223967,27.619214496379914,27.83746910095215,105195676,28.28096234003703
2025-08-08,27.83746992612851,27.857311770465707,27.639057159423828,27.639057159423828,82497210,28.285712989171348
2025-08-11,27.639055553889083,27.658895504851365,27.291830867047917,27.47040367126465,124355056,28.288487577438353
2025-08-12,27.47040376846722,27.658895602720907,27.42079916033021,27.53984832763672,74318390,28.290179347991945
2025-08-13,27.54977015023536,27.62913563362778,27.39103918345052,27.41087913513184,93425687,28.29091722170512
2025-08-14,27.400959608333075,27.66881692728442,27.38111776478932,27.44064140319824,101758796,28.29291960398356
2025-08-15,27.490244618524255,27.55969107218721,27.381118261498667,27.41087913513184,107230233,28.295411984125774
2025-08-18,27.420799255371094,27.500164736443075,27.331512852637324,27.420799255371094,114736196,28.29959227244059
2025-08-19,27.43072097903553,27.55969107218721,27.39103918345052,27.41087913513184,114602398,28.305871788660685
2025-08-20,27.38111726915628,27.520006387003825,27.242226259086426,27.47040367126465,102225937,28.313843234380087
2025-08-21,27.47040416793392,27.72834245733029,27.44064140261891,27.629135131835938,117934754,28.319890832901002
2025-08-22,27.65889630932157,27.698579996844977,27.48032539213334,27.64897727966309,103210400,28.328148476282756
2025-08-25,27.8176287492322,28.323582511997092,27.80770782750041,28.12516975402832,218566604,28.337700764338177
2025-08-26,28.12517105448472,28.174773773214863,27.986280036039936,28.085487365722656,113061248,28.353560558954875
2025-08-27,28.02596323837793,28.07556595624716,27.70850130268109,27.738262176513672,127532414,28.368605677286784
2025-08-28,27.72834276248753,27.76802455778857,27.47040447025249,27.64897727966309,109296247,28.378095372517905
2025-08-29,27.67873764121297,27.936675928677893,27.6291349249484,27.867231369018555,106729846,28.388938268025715
2025-09-01,27.87715352034655,27.87715352034655,27.490245125971896,27.56961250305176,124608667,28.401277287801108
2025-09-02,27.480324774932274,28.065645907199794,27.480324774932274,27.986278533935547,175144601,28.4124267578125
2025-09-03,28.02596323837793,28.174773284208023,27.609293974720227,27.738262176513672,127133113,28.426322491963706
2025-09-04,27.718421519440955,28.075565241901657,27.49024410326993,28.00612068176269,175848097,28.438716061909993
2025-09-05,27.93667562326941,28.08548566265865,27.777944662291247,27.847389221191406,106951308,28.452293157577515
2025-09-08,27.797787703382244,27.99620046704416,27.77794585934933,27.926755905151367,90074039,28.46293422381083
2025-09-09,27.936676637197348,27.976360324993315,27.738261982662262,27.787866592407227,76131632,28.474881982803346
2025-09-10,27.787866592407227,27.867232075776784,27.67873834319069,27.787866592407227,59861483,28.487043603261313
2025-09-11,27.77794647216797,27.88707472453409,27.69858098650781,27.77794647216797,105396656,28.49573672612508
2025-09-12,27.777946378987775,27.926756427573583,27.678739049189765,27.7085018157959,92972812,28.504266516367593
2025-09-15,27.678738042130853,27.688658963971932,27.53984892080041,27.579530715942383,72565697,28.51415351231893
2025-09-16,27.569611590409725,27.57953061999394,27.43072057734012,27.510086059570312,57512876,28.520545848210652
2025-09-17,27.500165650613315,27.609293900298344,27.450562932877787,27.48032569885254,61492675,28.524504216512046
2025-09-18,27.470403665528604,27.48032458711883,26.99420889030931,27.093416213989254,144843297,28.529021231333413
2025-09-19,27.103338356661663,27.13310112277324,26.90492559258502,26.98429107666016,73467022,28.530797958374023
2025-09-22,26.885082549510702,27.03389258898727,26.80571706897505,26.904924392700195,69683094,28.5310200214386
2025-09-23,26.904925478342992,27.17278280332022,26.815639072609788,27.10333824157715,87247325,28.530903355280557
2025-09-24,27.0636563510861,27.31167372342743,27.02397266324474,27.03389358520508,87441299,28.531714169184365
2025-09-25,26.994210503394832,27.11325967736922,26.8652422994598,27.07357788085937,63429258,28.53251091639201
2025-09-26,27.083495788879684,27.33151315651493,27.023972150469486,27.252147674560547,79408706,28.529040559132895
2025-09-29,27.212466186016616,27.281910746980625,26.97436973747329,27.08349609375,92703100,28.527622922261557
2025-09-30,27.133100912586087,27.143021834546428,26.99420989736372,27.03389358520508,61882774,28.518992106119793
2025-10-09,26.994209683692137,27.480325394789013,26.93468604462364,27.46048355102539,113249909,28.50575343767802
2025-10-10,27.43072057734012,27.569611590409725,27.291831456492872,27.510086059570312,71260502,28.499296220143638
2025-10-13,27.48032609605933,27.67873886209173,27.182704108677104,27.56961250305176,117498220,28.493010361989338
2025-10-14,27.52000707523704,27.787866288260886,27.331513344714068,27.76802444458008,136669904,28.4876238822937
2025-10-15,27.75810453458369,27.926756427573583,27.549770845008048,27.7085018157959,92632329,28.48292287190755
2025-10-16,27.629135020596465,27.94659694712235,27.619214098864735,27.936676025390625,93973494,28.476677227020264
2025-10-17,27.90691346823472,28.154930836709767,27.83746890781728,27.887073516845703,114702154,28.47386565208435
2025-10-20,27.896995435835063,27.92675631009357,27.52992888479329,27.82754898071289,91423076,28.467656167348228
2025-10-21,27.77794607458629,27.877153403297147,27.6291360276312,27.68865966796875,80163574,28.463128550847372
2025-10-22,27.668816926124038,27.857310655337137,27.62913513126053,27.817628860473636,61918968,28.45728219350179
2025-10-23,27.817628844877618,28.0458043688263,27.817628844877618,28.00612068176269,78558809,28.45355919202169
2025-10-24,27.98628015304721,28.06564753090316,27.857311948476173,27.966440200805664,77060006,28.449309730529784
2025-10-27,27.91683437378097,28.33350362826527,27.7977870966268,28.07556533813477,124842635,28.44424559275309
2025-10-28,28.03588403588789,28.313664174500182,28.03588403588789,28.23429679870605,73263565,28.438477595647175
2025-10-29,28.234297124083064,28.234297124083064,28.03588435897835,28.06564712524414,74054303,28.43612960179647
2025-10-30,28.06564600514456,28.333503321956854,27.96643868044036,28.244216918945312,86717376,28.43205353418986
2025-10-31,28.234297130768457,28.234297130768457,27.708501505505183,27.877153396606445,118470229,28.432046763102214
2025-11-03,27.88707459857964,28.12517105448472,27.88707459857964,28.085487365722656,61378322,28.42760985692342
2025-11-04,28.08548695613688,28.46247442498893,28.055726082221778,28.373188018798828,104942889,28.425231726964316
2025-11-05,28.4029480908138,28.46247362140821,28.17477256686892,28.19461441040039,68579115,28.42331519126892
2025-11-06,28.164852842520062,28.37318842401312,28.13509196817993,28.27398109436035,67392832,28.41999119122823
2025-11-07,28.283900413213736,28.412868609895792,28.20453493243501,28.293821334838867,55141784,28.415715312957765
2025-11-10,28.29382244041397,28.36326700228109,28.164852346470116,28.30374336242676,49334459,28.40886222521464
2025-11-11,28.30374375948073,28.49223560370076,28.24421822656896,28.393030166625977,62517578,28.399913930892943
2025-11-12,28.47239454270589,28.650965457819154,28.38310813903809,28.38310813903809,62970497,28.39372625350952
2025-11-13,28.39302936749201,28.50215572364735,28.035883748963062,28.21445655822754,101232804,28.3844713528951
2025-11-14,28.214456961712763,28.48231428721764,28.115249633789062,28.115249633789062,74762518,28.37211710611979
2025-11-17,28.1450115973122,28.20453523548022,27.80770782732286,27.936676025390625,72559643,28.357968187332155
2025-11-18,27.936676827167823,28.115249639019225,27.857311343258576,27.926755905151367,59013698,28.340475877126057
2025-11-19,27.92675519985784,28.10532800719936,27.88707340501658,28.00612068176269,48159761,28.32725672721863
2025-11-20,27.95651756405773,28.09540668234298,27.827547475173724,27.91683387756348,57611235,28.315908892949423
2025-11-21,27.94659694712235,28.045804272217275,27.84738962202743,27.936676025390625,91994150,28.304462305704753
2025-11-24,27.95651927857367,27.976361123037652,27.698580977209154,27.966440200805664,97179569,28.2910031636556
2025-11-25,27.966439708708368,27.976360630765797,27.609294083530685,27.80770874023437,92985419,28.27972796758016
2025-11-26,27.80770834104785,27.89699474606054,27.67873824837513,27.71842193603516,66273278,28.267855978012086
2025-11-27,27.70850040630512,27.91683408528313,27.55969036528906,27.867231369018555,76869286,28.25564325650533
2025-11-28,27.787867090721527,27.847390731260525,27.72834345018253,27.75810432434082,59018067,28.246767870585124
2025-12-01,27.82754737801356,27.92675470168049,27.76802374070233,27.847389221191406,58252394,28.237709061304727
2025-12-02,27.807707429927238,28.04580387141905,27.79778650833729,28.0358829498291,74877962,28.22786169052124
2025-12-03,28.025963133454624,28.13509138302526,27.986279445529888,28.045804977416992,44559966,28.219665749867758
2025-12-04,28.075566350073103,28.09540819438808,27.946598146470578,28.016042709350582,37996706,28.211149168014526
2025-12-05,28.016041103758496,28.016041103758496,27.797786505469094,27.847389221191406,54497550,28.201174640655516
2025-12-08,27.847390040613018,27.877152806255573,27.639056357782238,27.64897727966309,75426506,28.189713986714683
2025-12-09,27.708500502048626,27.817628748874565,27.678737736853638,27.74818229675293,51230207,28.173131386439007
2025-12-10,27.70850120807942,27.847390331417,27.629135724426177,27.6688175201416,58538954,28.158666117986044
2025-12-11,27.69858080021299,27.718422644550184,27.529928907791675,27.639057159423828,69563624,28.14184554417928
2025-12-12,27.62913513126053,27.827547890022743,27.58945144417468,27.817628860473636,89870832,28.124454307556153
2025-12-15,27.76802425161632,27.92675521551503,27.738261486301926,27.817628860473636,53946613,28.108470519383747
2025-12-16,27.83746870011555,27.857310543578876,27.59937225522268,27.74818229675293,67907746,28.095067946116128
2025-12-17,27.70850071001413,27.77794527043464,27.619214305981373,27.698579788208008,59243613,28.079070075352988
2025-12-18,27.69858028149915,27.867232170762104,27.668817515550725,27.857311248779297,46419794,28.06322348912557
2025-12-19,27.807707939281297,27.8573106559173,27.599372366520928,27.629135131835938,79999314,28.046279764175416
2025-12-22,27.6192143237672,27.63905616739222,27.281910551031203,27.32159423828125,156403393,28.025579309463502
2025-12-23,27.281911329891987,27.520007783522537,27.262069485700504,27.50016593933105,70945112,28.009495051701865
2025-12-24,27.490243814781287,27.490243814781287,27.331512852637324,27.420799255371094,49994280,27.99554419517517
2025-12-25,27.410878333709302,27.46048294201825,27.3513546959609,27.420799255371094,30080576,27.979076687494914
2025-12-26,27.391038382608052,27.45056202035646,27.30175197987429,27.420799255371094,48259339,27.963577143351237
2025-12-29,27.420799366433087,27.420799366433087,27.28191024705016,27.3017520904541,68903336,27.94936820665995
2025-12-30,27.28191105304356,27.28191105304356,27.10333824157715,27.10333824157715,72424700,27.933602587381998
2025-12-31,27.13310001071692,27.15294185397808,26.954527205811104,26.974369049072266,74293024,27.91537686983744
2026-01-05,26.98429037127102,27.09341672638269,26.88508304571485,27.063655853271484,76569131,27.898818969726562
2026-01-06,27.08349629864165,27.222387313842773,27.023972659111102,27.222387313842773,73843681,27.882521136601767
2026-01-07,27.222387011756524,27.232307933605256,27.0041305155292,27.01405143737793,72170195,27.868191369374593
2026-01-08,27.01405094044564,27.083495499886933,26.97436914600305,27.043813705444336,47057275,27.848092317581177
2026-01-09,27.05373603649324,27.07357788085937,26.964449629068053,27.07357788085937,62903453,27.82654735247294
2026-01-12,27.073576663526325,27.2323076268734,27.00413021136743,27.18270301818848,78435554,27.806299050649006
2026-01-13,27.232308944963584,27.35135622712481,27.103338848362743,27.143022537231445,78538492,27.788089402516682
2026-01-14,27.23230733049747,27.321593732936268,26.58746067016786,26.597381591796875,292750088,27.771001036961874
2026-01-15,26.766034587602142,26.7957973537263,26.557700901400235,26.60730361938477,125927447,27.748762130737305
2026-01-16,26.666826569203423,26.81563850375017,26.230317364014837,26.309682846069336,238854630,27.726523240407307
2026-01-19,26.398969631591875,26.70651064247179,26.38904870966383,26.587461471557617,104721813,27.703044255574543
2026-01-20,26.5874607670699,26.726351778159973,26.518016207636027,26.666826248168945,105003377,27.68336820602417
2026-01-21,26.676748399104717,26.686669321227043,26.33944461583516,26.36920738220215,116328162,27.66633766492208
2026-01-22,26.36920617800791,26.50809529693309,26.09142604793522,26.10134696960449,180784966,27.648397747675578
2026-01-23,26.150951688767798,26.21047532681335,25.754122389204543,25.793806076049805,210691513,27.62913506825765
2026-01-26,25.843408487159348,26.07158589938002,25.654916653537565,25.773963928222656,202869796,27.60739221572876
2026-01-27,25.773964135825675,25.93269509816588,25.65491686018169,25.72436141967773,131381483,27.584905290603636
2026-01-28,25.72436294082179,25.734283863082496,25.406900997369085,25.446582794189453,232649760,27.569114844004314
2026-01-29,25.44658277473612,25.99222214532297,25.17872355056925,25.823570251464844,261623032,27.549769496917726
2026-01-30,25.833489463306886,26.359285062352622,25.833489463306886,26.150951385498047,223849239,27.532325633366902
2026-02-02,26.27992008238787,26.339443720876947,25.883092672090104,25.932695388793945,124225665,27.517940616607667
2026-02-03,25.99222072583143,26.02198159874304,25.704519672870305,25.793806076049805,88543815,27.50281155904134
2026-02-04,25.764043297141797,26.18071254768257,25.744203345952105,26.17079162597656,95705181,27.48578103383382
2026-02-05,26.21047671421787,26.47833593793501,26.14103215078508,26.389049530029297,103244750,27.47354548772176
2026-02-06,26.38904832812384,26.557700214017448,26.17079183330719,26.309682846069336,72562680,27.464534203211468
2026-02-09,26.319604765059974,26.35928656147953,26.0715873877149,26.250158309936523,67829125,27.454282824198405
2026-02-10,26.250157108067707,26.389048119733047,26.16087259715602,26.359285354614254,55920101,27.444610150655112
2026-02-11,26.369205873740725,26.379126795295523,26.20055399175375,26.26999855041504,53388246,27.435598850250244
2026-02-12,26.270000457763672,26.299999237060547,26.049999237060547,26.1200008392334,73734237,27.42609151204427
2026-02-13,26.1299991607666,26.18000030517578,25.950000762939453,26.0,71554068,27.415251525243125
2026-02-24,26.1299991607666,26.15999984741211,25.979999542236328,26.049999237060547,73078939,27.403494199117024
2026-02-25,26.07999992370605,26.200000762939453,25.950000762939453,25.96999931335449,95620954,27.391657495498656
2026-02-26,25.979999542236328,26.09000015258789,25.93000030517578,26.040000915527344,61977169,27.377831363677977
2026-02-27,26.049999237060547,26.18000030517578,26.020000457763672,26.040000915527344,91903782,27.36442322731018
2026-03-02,26.1200008392334,26.649999618530277,26.1200008392334,26.56999969482422,181772888,27.34704682032267
2026-03-03,26.56999969482422,27.100000381469727,26.530000686645508,26.96999931335449,214554653,27.33441775639852
2026-03-04,26.799999237060547,27.190000534057617,26.520000457763672,27.09000015258789,175735443,27.328015565872192
2026-03-05,26.979999542236328,27.239999771118164,26.84000015258789,27.07999992370605,132914871,27.323357423146565
2026-03-06,27.059999465942383,27.149999618530277,26.979999542236328,27.13999938964844,87836924,27.316797161102294
2026-03-09,27.15999984741211,27.6299991607666,27.09000015258789,27.200000762939453,207502799,27.313217051823933
2026-03-10,27.01000022888184,27.239999771118164,26.729999542236328,27.149999618530277,119285715,27.306664737065635
2026-03-11,27.149999618530277,27.309999465942383,26.950000762939453,27.299999237060547,89744546,27.301762549082436
2026-03-12,27.31999969482422,27.5,27.15999984741211,27.5,107896209,27.295878203709922
2026-03-13,27.5,27.6299991607666,27.350000381469727,27.420000076293945,94277629,27.292983293533325
2026-03-16,27.420000076293945,27.5,27.239999771118164,27.36000061035156,87203787,27.288760328292845
2026-03-17,27.31999969482422,27.56999969482422,27.280000686645508,27.489999771118164,85028895,27.28519477844238
2026-03-18,27.479999542236328,27.649999618530277,27.239999771118164,27.290000915527344,80028992,27.282712554931642
2026-03-19,27.270000457763672,27.479999542236328,27.200000762939453,27.26000022888184,101525781,27.278646341959636
2026-03-20,27.26000022888184,27.38999938964844,27.020000457763672,27.18000030517578,84555509,27.274908828735352
2026-03-23,27.06999969482422,27.26000022888184,26.65999984741211,26.739999771118164,175727130,27.27157940864563
2026-03-24,26.899999618530277,27.1299991607666,26.71999931335449,27.100000381469727,91076718,27.26516202290853
2026-03-25,27.149999618530277,27.270000457763672,26.920000076293945,27.209999084472656,86054505,27.26199264526367
2026-03-26,27.190000534057617,27.450000762939453,27.100000381469727,27.309999465942383,84501370,27.262964169184368
2026-03-27,27.280000686645508,27.399999618530277,27.18000030517578,27.25,68551722,27.26567840576172
2026-03-30,27.25,27.25,27.01000022888184,27.13999938964844,69278060,27.26855403582255
2026-03-31,27.13999938964844,27.32999992370605,27.040000915527344,27.040000915527344,80258884,27.268859545389812
2026-04-01,27.1200008392334,27.1200008392334,26.84000015258789,26.8799991607666,90608171,27.268910439809165
2026-04-02,26.899999618530277,27.020000457763672,26.76000022888184,27.01000022888184,73984893,27.26729728380839
2026-04-03,27.0,27.0,26.65999984741211,26.700000762939453,65627680,27.265279388427736
2026-04-07,26.709999084472656,26.75,26.399999618530277,26.479999542236328,72627179,27.262083594004313
2026-04-08,26.520000457763672,26.57999992370605,26.38999938964844,26.57999992370605,80619977,27.257467810312907
2026-04-09,26.57999992370605,26.57999992370605,26.309999465942383,26.38999938964844,69128454,27.250130446751914
2026-04-10,26.46999931335449,26.5,26.31999969482422,26.399999618530277,66558904,27.24079639116923
2026-04-13,26.38999938964844,26.43000030517578,26.239999771118164,26.420000076293945,62626392,27.23104961713155
2026-04-14,26.420000076293945,26.5,26.31999969482422,26.420000076293945,70116597,27.219816080729167
2026-04-15,26.40999984741211,26.670000076293945,26.36000061035156,26.549999237060547,97056586,27.209078566233316
2026-04-16,26.559999465942383,26.700000762939453,26.520000457763672,26.549999237060547,71958595,27.197522926330567
2026-04-17,26.549999237060547,26.57999992370605,26.3799991607666,26.3799991607666,83606671,27.18638064066569
2026-04-20,26.40999984741211,26.84000015258789,26.40999984741211,26.84000015258789,95041799,27.17431772549947
2026-04-21,26.86000061035156,27.149999618530277,26.850000381469727,27.1299991607666,90443249,27.167245562871297
2026-04-22,27.1299991607666,27.1299991607666,26.81999969482422,26.86000061035156,74160924,27.161515315373737
2026-04-23,26.86000061035156,27.01000022888184,26.65999984741211,26.950000762939453,84590800,27.151964314778645
2026-04-24,26.90999984741211,26.950000762939453,26.75,26.809999465942383,56446440,27.143493986129762
2026-04-27,26.799999237060547,26.850000381469727,26.6200008392334,26.65999984741211,56259868,27.132947603861492
2026-04-28,26.68000030517578,26.780000686645508,26.61000061035156,26.729999542236328,70060777,27.119828462600708
2026-04-29,26.709999084472656,26.799999237060547,26.600000381469727,26.770000457763672,85596119,27.108698066075643
2026-04-30,27.09000015258789,27.420000076293945,26.940000534057617,27.31999969482422,191463737,27.09641292889913
2026-05-06,27.34000015258789,27.34000015258789,27.040000915527344,27.200000762939453,123774954,27.091769981384278
2026-05-07,27.18000030517578,27.200000762939453,26.899999618530277,27.049999237060547,97328307,27.084390926361085
2026-05-08,27.059999465942383,27.15999984741211,26.979999542236328,27.0,80442310,27.073364353179933
2026-05-11,27.049999237060547,27.200000762939453,26.950000762939453,27.01000022888184,103095275,27.06340923309326
2026-05-12,27.01000022888184,27.170000076293945,26.90999984741211,27.040000915527344,101176233,27.052876059214274
2026-05-13,27.07999992370605,27.290000915527344,26.96999931335449,27.0,139691941,27.04242755572001
2026-05-14,26.979999542236328,27.07999992370605,26.850000381469727,26.940000534057617,110294232,27.03156302769979
2026-05-15,26.899999618530277,27.149999618530277,26.71999931335449,27.030000686645508,118755488,27.019454447428384
2026-05-18,27.040000915527344,27.18000030517578,26.809999465942383,26.88999938964844,91589769,27.00817855199178
2026-05-19,26.88999938964844,27.350000381469727,26.770000457763672,27.25,172564585,26.99714140892029
2026-05-20,27.25,27.280000686645508,26.8700008392334,26.899999618530277,128434436,26.98993099530538
2026-05-21,26.86000061035156,26.96999931335449,26.6299991607666,26.65999984741211,116610037,26.98129202524821
2026-05-22,26.729999542236328,26.76000022888184,26.5,26.559999465942383,91588815,26.97073572476705
2026-05-25,26.600000381469727,26.82999992370605,26.549999237060547,26.670000076293945,84154393,26.958684714635215
2026-05-26,26.65999984741211,27.149999618530277,26.59000015258789,27.13999938964844,162652981,26.94829443295797
2026-05-27,27.059999465942383,27.32999992370605,27.01000022888184,27.239999771118164,111271540,26.94165546099345
2026-05-28,27.25,27.3700008392334,27.11000061035156,27.21999931335449,114657318,26.935601790746052
2026-05-29,27.200000762939453,27.76000022888184,27.07999992370605,27.75,213437057,26.930704212188722
2026-06-01,27.739999771118164,27.8700008392334,27.549999237060547,27.770000457763672,139278066,26.930967362721763
2026-06-02,27.81999969482422,28.149999618530277,27.6200008392334,27.959999084472656,125757446,26.93015710512797
