timestamp,ret,equity,drawdown,benchmark_equity,active_ret
2021-01-04,0.0,100000.0,0.0,100000.0,0.0
2021-01-05,0.0,100000.0,0.0,100897.32775353137,-0.008973277535313795
2021-01-06,0.0,100000.0,0.0,101035.89500895733,-0.00137334911152881
2021-01-07,0.0,100000.0,0.0,101772.96416525268,-0.007295121760736545
2021-01-08,0.0,100000.0,0.0,102424.25194079238,-0.006399418361070663
2021-01-11,0.0,100000.0,0.0,101822.63155899392,0.005873807915592666
2021-01-12,0.0,100000.0,0.0,103056.17144356063,-0.012114594424443181
2021-01-13,0.0,100000.0,0.0,104296.3492538037,-0.012033998477444435
2021-01-14,0.0,100000.0,0.0,103872.11726347974,0.00406756318278792
2021-01-15,0.0,100000.0,0.0,103226.64953304747,0.006214061554122213
2021-01-18,0.0,100000.0,0.0,104010.78938971122,-0.007596292819837314
2021-01-19,0.0,100000.0,0.0,102021.82571846523,0.0191226668205898
2021-01-20,0.0,100000.0,0.0,102079.5009712061,-0.0005653226879122897
2021-01-21,0.0,100000.0,0.0,103216.39443955562,-0.011137333720608544
2021-01-22,0.0,100000.0,0.0,102293.34867152027,0.00894282127415219
2021-01-25,0.0,100000.0,0.0,103418.57096837713,-0.01099995563220929
2021-01-26,0.0,100000.0,0.0,101871.06968320196,0.014963475811789612
2021-01-27,0.0,100000.0,0.0,102170.40150118252,-0.0029383397947172485
2021-01-28,0.0,100000.0,0.0,101445.39363942054,0.00709606550536665
2021-01-29,0.0,100000.0,0.0,101494.21401114395,-0.00048124779225502956
2021-02-01,0.0,100000.0,0.0,100971.95592314441,0.005145693211065117
2021-02-02,0.0,100000.0,0.0,100810.36703014799,0.0016003343851180019
2021-02-03,0.0,100000.0,0.0,99740.26204331339,0.010615029171697987
2021-02-04,0.0,100000.0,0.0,99944.56283520968,-0.0020483282047883133
2021-02-05,0.0,100000.0,0.0,99476.76905090183,0.004680532597647835
2021-02-08,0.0,100000.0,0.0,99490.7888088172,-0.00014093499466397152
2021-02-09,0.0,100000.0,0.0,101253.09757103716,-0.017713285655081457
2021-02-10,0.0,100000.0,0.0,103866.21950826162,-0.025807822179377382
2021-02-18,0.0,100000.0,0.0,101503.33478296649,0.022749309029267084
2021-02-19,0.0,100000.0,0.0,102293.83338911198,-0.0077879077356003135
2021-02-22,0.0,100000.0,0.0,99389.36868927458,0.028393350836596498
2021-02-23,0.0,100000.0,0.0,99422.54230684505,-0.00033377430612518966
2021-02-24,0.0,100000.0,0.0,100855.13989906956,-0.014409182857174685
2021-02-25,0.0,100000.0,0.0,100579.55681314439,0.0027324644653802244
2021-02-26,0.0,100000.0,0.0,100087.164452106,0.00489555111038284
2021-03-01,0.0,100000.0,0.0,100125.49963558541,-0.0003830179792712052
2021-03-02,0.0,100000.0,0.0,99790.2746689905,0.003348047878063004
2021-03-03,0.0,100000.0,0.0,100723.8258754142,-0.009355132146096706
2021-03-04,0.0,100000.0,0.0,99569.47908756018,0.011460513714816878
2021-03-05,0.0,100000.0,0.0,99591.91240229527,-0.00022530312441798594
2021-03-08,0.0,100000.0,0.0,98388.61932266453,0.012082236906648752
2021-03-09,0.0,100000.0,0.0,97798.7997727331,0.005994794458870634
2021-03-10,0.0,100000.0,0.0,97575.19291315533,0.002286396766600307
2021-03-11,0.0,100000.0,0.0,98504.05900650323,-0.009519490206641085
2021-03-12,0.0,100000.0,0.0,99620.122406437,-0.011330125998768148
2021-03-15,0.0,100000.0,0.0,97729.26463717417,0.018980681047031628
2021-03-16,0.0,100000.0,0.0,98052.52770276477,-0.0033077406935448084
2021-03-17,0.0,100000.0,0.0,98065.97174488824,-0.0001371106124284649
2021-03-18,0.0,100000.0,0.0,98793.57383353835,-0.007419516430662826
2021-03-19,0.0,100000.0,0.0,98406.61536912555,0.003916838407575035
2021-03-22,0.0,100000.0,0.0,98830.52352416397,-0.004307720100405199
2021-03-23,0.0,100000.0,0.0,98167.31468638517,0.006710566878831176
2021-03-24,0.0,100000.0,0.0,98385.7737376149,-0.00222537462624553
2021-03-25,0.0,100000.0,0.0,98345.08464468997,0.00041356683369117575
2021-03-26,0.0,100000.0,0.0,98873.26097987522,-0.0053706429466555405
2021-03-29,0.0,100000.0,0.0,98534.15206835423,0.0034297332581152973
2021-03-30,0.0,100000.0,0.0,100326.38002692402,-0.018188901217990994
2021-03-31,0.0,100000.0,0.0,100270.853766169,0.0005534562369350349
2021-04-01,0.0,100000.0,0.0,101555.74284954753,-0.012814183136157231
2021-04-02,0.0,100000.0,0.0,100981.00744584821,0.0056593097305267515
2021-04-06,0.0,100000.0,0.0,100004.46425502968,0.00967056296543875
2021-04-07,0.0,100000.0,0.0,100115.86208219588,-0.0011139285430507295
2021-04-08,0.0,100000.0,0.0,99749.12976080416,0.0036630790942060454
2021-04-09,0.0,100000.0,0.0,98543.6064689889,0.012085551971291186
2021-04-12,0.0,100000.0,0.0,98593.18379601881,-0.0005031003918606336
2021-04-13,0.0,100000.0,0.0,98959.66252228893,-0.0037170797428383306
2021-04-14,0.0,100000.0,0.0,99132.88141711695,-0.0017503990051401797
2021-04-15,0.0,100000.0,0.0,98408.69571744515,0.007305201758684626
2021-04-16,0.0,100000.0,0.0,98538.60637490208,-0.0013201135988016033
2021-04-19,0.0,100000.0,0.0,99662.79777495516,-0.011408639125420228
2021-04-20,0.0,100000.0,0.0,99014.82771170995,0.006501624254101085
2021-04-21,0.0,100000.0,0.0,98649.83696784904,0.0036862230869463275
2021-04-22,0.0,100000.0,0.0,98201.31465881076,0.004546609734230572
2021-04-23,0.0,100000.0,0.0,99281.62648272267,-0.011000991459893666
2021-04-26,0.0,100000.0,0.0,98177.6732430891,0.011119411302409343
2021-04-27,0.0,100000.0,0.0,98460.33170870361,-0.0028790503612227403
2021-04-28,0.0,100000.0,0.0,98935.34598516296,-0.004824422873819789
2021-04-29,0.0,100000.0,0.0,99772.8205166421,-0.008464866859663467
2021-04-30,0.0,100000.0,0.0,97004.90290425888,0.027742200712081944
2021-05-06,0.0,100000.0,0.0,95959.60849186844,0.010775686394141643
2021-05-07,0.0,100000.0,0.0,94649.64868706706,0.013651158288253945
2021-05-10,0.0,100000.0,0.0,95585.30794979642,-0.009885501697136423
2021-05-11,0.0,100000.0,0.0,95903.70917781608,-0.00333106870552613
2021-05-12,0.0,100000.0,0.0,95484.91005719164,0.004366870939766732
2021-05-13,0.0,100000.0,0.0,94570.71130270376,0.009574274657014409
2021-05-14,0.0,100000.0,0.0,95021.63590559542,-0.004768121088233546
2021-05-17,0.0,100000.0,0.0,95446.5229737581,-0.0044714770916467195
2021-05-18,0.0,100000.0,0.0,95402.01745208899,0.00046628751139887736
2021-05-19,0.0,100000.0,0.0,94778.69760355382,0.00653361286461468
2021-05-20,0.0,100000.0,0.0,95611.74653715492,-0.008789411066668501
2021-05-21,0.0,100000.0,0.0,95873.75359307359,-0.0027403228725337847
2021-05-24,0.0,100000.0,0.0,94771.93988522716,0.011492339316586775
2021-05-25,0.0,100000.0,0.0,95778.84021423601,-0.010624456249690162
2021-05-26,0.0,100000.0,0.0,95457.78616082162,0.0033520353002424452
2021-05-27,0.0,100000.0,0.0,95474.67743058439,-0.0001769501519165162
2021-05-28,0.0,100000.0,0.0,94856.67416258011,0.006472954762833383
2021-05-31,0.0,100000.0,0.0,94780.51236530907,0.0008029144806456501
2021-06-01,0.0,100000.0,0.0,94640.30785843653,0.0014792545785379252
2021-06-02,0.0,100000.0,0.0,94390.21998500629,0.002642509086131728
2021-06-03,0.0,100000.0,0.0,94096.70432112628,0.003109598260568114
2021-06-04,0.0,100000.0,0.0,93924.11781061579,0.0018341398007043763
2021-06-07,0.0,100000.0,0.0,94002.31808736965,-0.000832589952151852
2021-06-08,0.0,100000.0,0.0,93902.56506854802,0.0010611761587509538
2021-06-09,0.0,100000.0,0.0,94418.30445473654,-0.005492282194975551
2021-06-10,0.0,100000.0,0.0,94396.61970687666,0.00022966677896951726
2021-06-11,0.0,100000.0,0.0,94275.41223147765,0.0012840234721898103
2021-06-15,0.0,100000.0,0.0,93831.44699317044,0.004709236775513881
2021-06-16,0.0,100000.0,0.0,93930.80574443642,-0.0010589067359606241
2021-06-17,0.0,100000.0,0.0,93696.41537076555,0.0024953514644450725
2021-06-18,0.0,100000.0,0.0,93512.6523677631,0.0019612596946775307
2021-06-21,0.0,100000.0,0.0,92573.56316259751,0.010042375885910976
2021-06-22,0.0,100000.0,0.0,92455.00601908535,0.001280680352595931
2021-06-23,0.0,100000.0,0.0,93674.9345323378,-0.013194834609611128
2021-06-24,0.0,100000.0,0.0,94039.83261360241,-0.0038953652125441884
2021-06-25,0.0,100000.0,0.0,94195.45121756558,-0.0016548158332287954
2021-06-28,0.0,100000.0,0.0,94528.80825085344,-0.003538992902299587
2021-06-29,0.0,100000.0,0.0,93114.88653145063,0.014957574791916006
2021-06-30,0.0,100000.0,0.0,93244.54450308779,-0.0013924515882148825
2021-07-01,0.0,100000.0,0.0,93931.05514361434,-0.007362475136589136
2021-07-02,0.0,100000.0,0.0,91951.66059433926,0.021072844824842174
2021-07-05,0.0,100000.0,0.0,91244.02739136506,0.007695708793080319
2021-07-06,0.0,100000.0,0.0,91614.65860529755,-0.004061977803136274
2021-07-07,0.0,100000.0,0.0,92104.24586488036,-0.00534398388899851
2021-07-08,0.0,100000.0,0.0,91749.2458840755,0.0038543280765325205
2021-07-09,0.0,100000.0,0.0,91334.57481568558,0.004519612825089031
2021-07-12,0.0,100000.0,0.0,91531.57231197756,-0.0021568775755461123
2021-07-13,0.0,100000.0,0.0,92551.22356985365,-0.011139885747845524
2021-07-14,0.0,100000.0,0.0,91551.17589315916,0.010805342578098981
2021-07-15,0.0,100000.0,0.0,91582.90245027025,-0.00034654450695542627
2021-07-16,0.0,100000.0,0.0,90264.25751572498,0.014398374579374207
2021-07-19,0.0,100000.0,0.0,90672.87056131488,-0.004526853228906391
2021-07-20,0.0,100000.0,0.0,90686.80210107066,-0.00015364617519583734
2021-07-21,0.0,100000.0,0.0,89926.80866252077,0.008380419431957387
2021-07-22,0.0,100000.0,0.0,89713.66228512018,0.002370220633543002
2021-07-23,0.0,100000.0,0.0,89309.87291678808,0.004500868184923845
2021-07-26,0.0,100000.0,0.0,88343.22914334784,0.010823481680920954
2021-07-27,0.0,100000.0,0.0,86450.5465110439,0.021424195726792356
2021-07-28,0.0,100000.0,0.0,87082.82327203675,-0.007313739316987172
2021-07-29,0.0,100000.0,0.0,86872.63015941624,0.0024137149523033863
2021-07-30,0.0,100000.0,0.0,87878.19624414579,-0.011575177163213268
2021-08-02,0.0,100000.0,0.0,89806.84549624565,-0.021946846140783682
2021-08-03,0.0,100000.0,0.0,91465.57312405434,-0.01846994645723346
2021-08-04,0.0,100000.0,0.0,91538.35689229475,-0.0007957504201245302
2021-08-05,0.0,100000.0,0.0,91501.7060735606,0.00040038755313545615
2021-08-06,0.0,100000.0,0.0,91490.90850190536,0.0001180040473406363
2021-08-09,0.0,100000.0,0.0,92927.06671470682,-0.01569727786418862
2021-08-10,0.0,100000.0,0.0,93501.43306171395,-0.00618082941077297
2021-08-11,0.0,100000.0,0.0,92536.97208072801,0.010314932610170358
2021-08-12,0.0,100000.0,0.0,92295.0755240917,0.00261405307735027
2021-08-13,0.0,100000.0,0.0,92590.83526079172,-0.003204501811397392
2021-08-16,0.0,100000.0,0.0,94724.85367212666,-0.02304783627153001
2021-08-17,0.0,100000.0,0.0,93572.53946313258,0.012164856046994937
2021-08-18,0.0,100000.0,0.0,94442.24731658796,-0.00929447740165329
2021-08-19,0.0,100000.0,0.0,93135.77250286384,0.01383358455400338
2021-08-20,0.0,100000.0,0.0,93132.31910295774,3.707919968132245e-05
2021-08-23,0.0,100000.0,0.0,93172.3385169686,-0.0004297049015455634
2021-08-24,0.0,100000.0,0.0,92980.70388825527,0.002056775989135673
2021-08-25,0.0,100000.0,0.0,92260.01958343688,0.007750901796619081
2021-08-26,0.0,100000.0,0.0,91025.87945128635,0.013376759919657533
2021-08-27,0.0,100000.0,0.0,91056.27274292351,-0.0003338972588935729
2021-08-30,0.0,100000.0,0.0,89543.5436454458,0.01661312342257354
2021-08-31,0.0,100000.0,0.0,89785.1431433209,-0.0026981230364495623
2021-09-01,0.0,100000.0,0.0,91863.24102646885,-0.023145231052655812
2021-09-02,0.0,100000.0,0.0,92140.37309639233,-0.003016789597523828
2021-09-03,0.0,100000.0,0.0,93005.69965840758,-0.009391394162361288
2021-09-06,0.0,100000.0,0.0,93746.71825473076,-0.007967453597411744
2021-09-07,0.0,100000.0,0.0,94284.29449469253,-0.005734347292041253
2021-09-08,0.0,100000.0,0.0,94579.22631093598,-0.0031281118220604087
2021-09-09,0.0,100000.0,0.0,94402.00439116322,0.0018737932914583422
2021-09-10,0.0,100000.0,0.0,94576.8575307185,-0.0018522185061955465
2021-09-13,0.0,100000.0,0.0,94031.79940454153,0.0057631236690215415
2021-09-14,0.0,100000.0,0.0,92408.47478527042,0.01726357072342391
2021-09-15,0.0,100000.0,0.0,91055.80204897851,0.014637972755584455
2021-09-16,0.0,100000.0,0.0,90822.02918318138,0.002567358263138503
2021-09-17,0.0,100000.0,0.0,92249.31270148145,-0.015715168788195177
2021-09-22,0.0,100000.0,0.0,92587.30236033948,-0.0036638718377422497
2021-09-23,0.0,100000.0,0.0,93467.35109726629,-0.009505069426277934
2021-09-24,0.0,100000.0,0.0,93031.1440213272,0.004666945952979451
2021-09-27,0.0,100000.0,0.0,94110.27106001858,-0.01159963203767539
2021-09-28,0.0,100000.0,0.0,94738.15168174337,-0.006671754471139102
2021-09-29,0.0,100000.0,0.0,95177.12933051042,-0.004633588907684338
2021-09-30,0.0,100000.0,0.0,94379.04995846504,0.00838520112614416
2021-10-08,-0.005036338228044501,99496.36617719555,-0.005036338228044479,96323.80489084167,-0.025642128742279252
2021-10-11,-0.002887639595749336,99209.0565305891,-0.007909434694108932,95509.98626205737,0.005561140326374336
2021-10-12,-0.002544982122581807,98956.57125532055,-0.010434287446794479,94878.98539268802,0.0040616659784663
2021-10-13,-0.004223104083388662,98538.66735517407,-0.014613326448259321,94159.83829880714,0.003356520539539748
2021-10-14,-0.0015020331665754894,98390.65900861645,-0.016093409913835493,93620.05804028554,0.004230562261303805
2021-10-15,0.0015042926640491672,98538.66735517407,-0.014613326448259321,93846.26497617985,-0.0009119303188180883
2021-10-18,0.001855460705441958,98721.50198041821,-0.012784980195817915,93326.54017654996,0.007393505291039604
2021-10-19,0.0022047393680044713,98939.15716230297,-0.01060842837697026,93811.52475159429,-0.0029919021674779667
2021-10-20,-0.0028158596999504626,98660.55837690258,-0.013394416230974166,92751.1464961407,0.008487423753350043
2021-10-21,0.0007059431227798285,98730.20711957836,-0.012697928804216354,93187.88633681195,-0.00400278401612858
2021-10-22,-0.0006172741382159952,98669.26351606274,-0.013307364839372603,94823.40082371047,-0.018167993992374176
2021-10-25,0.0002646956498753017,98695.38084089184,-0.013046191591081589,93860.36752389156,0.010420767795076197
2021-10-26,0.0011468011395812105,98808.56481611157,-0.011914351838884321,93337.15632440329,0.006721158168974811
2021-10-27,0.0009692467690465278,98904.33469831372,-0.010956653016862838,92145.81417367462,0.013733104139931479
2021-10-28,-0.001232413342654004,98782.4436765852,-0.012175563234147995,92134.20063719552,-0.001106379006930197
2021-10-29,0.0010576660403505134,98886.92251264477,-0.01113077487355229,92876.95078805217,-0.007003945670825462
2021-11-01,0.001144560524235283,99000.10458051586,-0.009998954194841354,94567.16428519948,-0.01705385665899478
2021-11-02,-0.0037815554966809106,98625.73019086743,-0.013742698091325728,93421.5987665537,0.008332221280964058
2021-11-03,0.0019420871615714042,98817.26995527172,-0.01182730044728276,93257.13975349358,0.0037024832073624114
2021-11-04,-0.0009691420831283715,98721.50198041821,-0.012784980195817915,93911.75259612307,-0.007988581499347142
2021-11-05,-0.0035276525426019,98373.2468229475,-0.016267531770524948,93617.22214732376,-0.00039140558035022366
2021-11-08,-0.002743606312224922,98103.34936201,-0.018966506379899946,93083.40901981002,0.0029584762241880447
2021-11-09,-8.875381488415712e-05,98094.64231550122,-0.01905357684498784,92476.40279842823,0.0064323462154403654
2021-11-10,-0.0016863166119296391,97929.22369062329,-0.020707763093767134,92355.04151231243,-0.0003739679214174174
2021-11-11,-0.0001778037751423156,97911.81150495434,-0.02088188495045659,93528.56955330826,-0.012884506319793043
2021-11-12,-0.0014227416003881332,97772.50829755688,-0.0222749170244312,93364.98334060425,0.000326309128018204
2021-11-15,0.001780946216552115,97946.63587629223,-0.020533641237077682,93997.74197449663,-0.004996312357832433
2021-11-16,-0.0015111120992920002,97798.62752973461,-0.022013724702653854,93761.94682927495,0.0009974071509434856
2021-11-17,0.0005341236204050581,97850.86408674145,-0.021491359132585493,93493.50876931193,0.003397098089693712
2021-11-18,-0.00017790717674448508,97833.45571576977,-0.02166544284230229,92618.6850148412,0.009179146227137058
2021-11-19,0.001512801765295002,97981.45834028149,-0.020185416597185105,93320.42598229981,-0.006063865592335599
2021-11-22,-0.001954818319215512,97789.92239057446,-0.022100776094255415,92951.85965089941,0.0019946528444748646
2021-11-23,-8.905778473411452e-05,97781.21343671704,-0.022187865632829634,92526.0508256157,0.0044919030145756655
2021-11-24,-0.0016917024417615334,97615.79671918774,-0.023842032808122603,92493.0710081708,-0.001335264258670199
2021-11-25,0.0,97615.79671918774,-0.023842032808122603,92002.17775553113,0.005307351645793018
2021-11-26,-0.002318948886336547,97389.43067609692,-0.02610569323903081,90680.4790026779,0.012047001845452265
2021-11-29,0.0,97389.43067609692,-0.02610569323903081,90084.01175045289,0.006577680872278946
2021-11-30,0.0,97389.43067609692,-0.02610569323903081,90344.87445793742,-0.0028957714295315407
2021-12-01,-0.0003148864317199518,97358.76406578408,-0.02641235934215918,90653.48595397522,-0.00373081343244297
2021-12-02,0.0,97358.76406578408,-0.02641235934215918,90393.0709614428,0.00287264179410171
2021-12-03,0.0,97358.76406578408,-0.02641235934215918,90300.46221484046,0.0010245115650717729
2021-12-06,0.0,97358.76406578408,-0.02641235934215918,90834.62542477841,-0.005915398402580541
2021-12-07,0.0,97358.76406578408,-0.02641235934215918,91525.29776615054,-0.007603624038105328
2021-12-08,0.0,97358.76406578408,-0.02641235934215918,91870.4542958694,-0.0037711598666494983
2021-12-09,0.0,97358.76406578408,-0.02641235934215918,93019.47685787702,-0.012506986830686406
2021-12-10,0.0,97358.76406578408,-0.02641235934215918,93153.52962357181,-0.001441125775192259
2021-12-13,0.0,97358.76406578408,-0.02641235934215918,95255.84539822394,-0.022568288964975314
2021-12-14,0.0,97358.76406578408,-0.02641235934215918,95551.8468075607,-0.0031074356444928397
2021-12-15,0.0,97358.76406578408,-0.02641235934215918,95282.21037698067,0.002821886123489159
2021-12-16,0.0,97358.76406578408,-0.02641235934215918,95867.68276866466,-0.006144613872490712
2021-12-17,0.0,97358.76406578408,-0.02641235934215918,95348.22252200526,0.005418512596292557
2021-12-20,0.0,97358.76406578408,-0.02641235934215918,95414.82404706374,-0.0006985083024814709
2021-12-21,0.0,97358.76406578408,-0.02641235934215918,96461.17147307769,-0.010966298334290636
2021-12-22,0.0,97358.76406578408,-0.02641235934215918,95977.3463968512,0.005015749537745667
2021-12-23,0.0,97358.76406578408,-0.02641235934215918,96540.28010204999,-0.0058652768213779405
2021-12-24,0.0,97358.76406578408,-0.02641235934215918,96722.17469950071,-0.0018841316521814033
2021-12-27,0.0,97358.76406578408,-0.02641235934215918,97200.63488926379,-0.004946747643439248
2021-12-28,0.0,97358.76406578408,-0.02641235934215918,97870.57612989057,-0.006892354575564336
2021-12-29,0.0,97358.76406578408,-0.02641235934215918,97053.96215926652,0.00834381489223357
2021-12-30,0.0,97358.76406578408,-0.02641235934215918,97342.91586405263,-0.002977247897534868
2021-12-31,0.0,97358.76406578408,-0.02641235934215918,97518.07973412133,-0.001799451644877187
2022-01-04,0.003420650216129806,97691.79434312784,-0.0230820565687216,98425.83566837078,-0.005887940936653513
2022-01-05,0.001975708627657502,97884.8048640629,-0.021151951359371014,98812.16360780275,-0.0019493577617570035
2022-01-06,-0.01101659564588231,96806.44754899942,-0.03193552451000578,97151.31142418027,0.005791579815335179
2022-01-07,0.005342815322198824,97323.66652025186,-0.026763334797481365,97942.12900924587,-0.0027972455114911587
2022-01-10,0.0034933238129379873,97663.64960206949,-0.023363503979305096,98984.1306358888,-0.007145628364062184
2022-01-11,-0.004252136791784156,97248.37040437662,-0.027516295956233807,97868.44581207707,0.007019213642314837
2022-01-12,-0.004475770062776108,96813.10905946695,-0.031868909405330485,97137.61114942873,0.002991750817770533
2022-01-13,-0.005844720723944707,96247.26347459757,-0.037527365254024336,95914.87347038506,0.006742964566799237
2022-01-14,-0.0023169732869161574,96024.26113618814,-0.03975738863811857,95402.94598388964,0.0030203374759812107
2022-01-17,0.004133241889805017,96421.15263475382,-0.035788473652461836,96072.3257407377,-0.0028831007392904895
2022-01-18,0.005974637835507002,96997.23410142862,-0.030027658985713787,97055.2446021983,-0.004256392316850599
2022-01-19,0.0031119899706892884,97299.08852113687,-0.02700911478863127,97607.17919233348,-0.0025748185309780736
2022-01-20,0.008400559585858058,98116.45531190836,-0.018835446880916425,99138.70385543458,-0.007290137305230815
2022-01-21,-0.004724717180849547,97652.88280977213,-0.02347117190227873,98291.45522779584,0.0038213762689316977
2022-01-24,-0.003012749387495517,97358.67914689981,-0.026413208531001875,98054.02001486772,-0.000597125238093632
2022-01-25,-0.007525625862676133,96625.99415315592,-0.03374005846844084,96586.21565787077,0.007443718145600048
2022-01-26,0.0014868105838428125,96769.65870393717,-0.03230341296062834,96824.88657504652,-0.0009842554533769643
2022-01-27,-0.005876381121148633,96201.00330842935,-0.03798996691570646,95807.23069378741,0.00463389074444609
2022-01-28,-0.006800582606977024,95546.7804385563,-0.044532195614436935,94753.27863922415,0.004200174297601805
2022-02-07,0.007301891608869626,96244.45267289512,-0.03755547327104883,96087.71770869743,-0.006781410717313585
2022-02-08,0.006062371029185831,96827.92225449912,-0.03172077745500879,98430.67826220137,-0.01832118817457154
2022-02-09,0.00484532300792484,97297.0848140084,-0.027029151859916018,101897.231419932,-0.03037289573172819
2022-02-10,-0.0014292958002092293,97158.01849931113,-0.028419815006888675,101005.15092877987,0.007325412043380164
2022-02-11,0.0005208408668555542,97208.62236588828,-0.02791377634111719,101187.01527607955,-0.0012797044085819387
2022-02-14,-0.0047824957779973865,96743.72253983848,-0.03256277460161524,99281.38798084165,0.014050229844342205
2022-02-15,-0.0040256125493817185,96354.2697963082,-0.03645730203691797,98169.35293585874,0.007175228490406055
2022-02-16,0.0021229264915172408,96558.82282822959,-0.034411771717704105,98891.06074571621,-0.0052287345745286595
2022-02-17,-0.0005666865873049654,96504.10423844687,-0.03495895761553126,98029.66659994192,0.00814384942352045
2022-02-18,0.0011838399582633219,96618.34965318076,-0.033816503468192385,98718.17275342708,-0.005839606895788801
2022-02-21,-0.001979047182345983,96427.13738053672,-0.035728626194632816,98952.8531602479,-0.0043563238303550855
2022-02-22,-0.00609430913352238,95839.4805964791,-0.04160519403520899,97105.51274142157,0.0125745857980335
2022-02-23,0.0002139211348652914,95859.9826869332,-0.041400173130667975,97628.87287927221,-0.005175681608330984
2022-02-24,-0.004947568934207003,95385.70881455771,-0.046142911854422854,95892.74533318388,0.012835362435237724
2022-02-25,0.0004237567869866954,95426.12915604941,-0.045738708439505865,95668.4258559134,0.0027630315307752007
2022-02-28,0.0010773349132249255,95528.93505662314,-0.04471064943376856,95361.19374058377,0.00428876138523962
2022-03-01,0.000317249279511822,95559.24154244238,-0.044407584575576184,95962.09064693395,-0.005984023625951712
2022-03-02,0.0024599902889452796,95794.31634865576,-0.04205683651344239,95905.96175723214,0.0030448971966983707
2022-03-03,0.0031082766989047883,96092.0715900498,-0.03907928409950197,96803.95910255813,-0.006255034286903494
2022-03-04,0.0,96092.0715900498,-0.03907928409950197,96153.29528694598,0.006721458725906182
2022-03-07,-0.0010600473356926488,95990.20944557959,-0.040097905544204115,94110.4211279274,0.020185965636843828
2022-03-08,-0.005061075664692161,95504.39573250586,-0.04495604267494142,91820.04983816123,0.0192759877796716
2022-03-09,-0.001805021677331653,95332.00822792822,-0.046679917720717785,90772.505683835,0.009603642946272917
2022-03-10,-0.0022192523221982174,95120.44244728857,-0.04879557552711427,90009.5661316322,0.006185710683452028
2022-03-11,-0.0009061267499457237,95034.25126992041,-0.04965748730079591,90029.77130674873,-0.00113060483583044
2022-03-14,-0.0008245085437824651,94955.89471779639,-0.05044105282203615,88863.89026786452,0.01212544147788111
2022-03-15,-0.01114014079786152,93898.07268105322,-0.06101927318946779,85170.53189572906,0.030421829548051588
2022-03-16,0.010264226482723293,94861.86376534277,-0.05138136234657228,88477.31687540149,-0.028561232347577126
2022-03-17,-0.0039648547393315026,94485.75025521094,-0.05514249744789064,89093.59543873213,-0.010930239598351543
2022-03-18,-0.0009951502631042608,94391.72273598486,-0.05608277264015138,89519.4366021884,-0.005774855935091833
2022-03-21,-0.0010791609489838594,94289.85887490088,-0.057101411250991226,89332.36001788673,0.0010106263799178061
2022-03-22,0.003241016797839835,94595.45389138037,-0.0540454610861963,90535.35182331869,-0.010225456103929331
2022-03-23,-0.001242536047752707,94477.9156299668,-0.05522084370033204,90703.59197222163,-0.0031008173214730206
2022-03-24,-0.0026539783230395964,94227.1732898789,-0.05772826710121095,90980.74280763269,-0.005709544584361903
2022-03-25,-0.0021621274233575294,94023.4421344834,-0.059765578655166025,89490.27262496346,0.01422013256566726
2022-03-28,0.0036668865201550105,94368.2154270249,-0.05631784572975099,90626.07804988654,-0.009025056320191627
2022-03-29,0.0004982039525402993,94415.23004494482,-0.05584769955055177,89801.19664493624,0.009600235318128397
2022-03-30,0.0007469156219028772,94485.75025521094,-0.05514249744789064,90915.18709758985,-0.011658157965904498
2022-03-31,0.0008293130818788352,94564.10852394873,-0.05435891476051271,90738.84539789316,0.0027689417107832626
2022-04-01,0.0018229515474172953,94736.4943119126,-0.05263505688087403,92185.22195796,-0.014117041448134082
2022-04-06,0.00115795083762249,94846.19451485449,-0.05153805485145509,91963.94787972004,0.003558271339544977
2022-04-07,0.0025610696990663318,95089.10222969824,-0.04910897770301759,91687.66856081203,0.005565283037855945
2022-04-08,0.004367414278498849,95504.39573250586,-0.04495604267494142,93023.24972414813,-0.010199224663250378
2022-04-11,-0.002133194364711266,95300.66629372412,-0.0469933370627588,91225.40559586103,0.01719363127961379
2022-04-12,0.0008222036127483179,95379.02284584814,-0.04620977154151857,92464.14971805632,-0.012756734338846887
2022-04-13,0.0004107640746680019,95418.20112191016,-0.04581798878089845,92494.52455848538,8.22601028942771e-05
2022-04-14,0.001231786250464495,95535.73595009619,-0.0446426404990381,92911.68178289,-0.003278288550134567
2022-04-15,0.0013122960617526491,95661.10712014014,-0.043388928798598646,91889.58954093159,0.012312982114845217
2022-04-18,-0.003685975368393657,95308.50263558203,-0.0469149736441797,91221.31588174995,0.0035865966663737314
2022-04-19,0.0019731372318896323,95496.55939064795,-0.04503440609352052,91282.7099424142,0.0013001140456879723
2022-04-20,0.0013128164431277511,95621.92884407812,-0.04378071155921876,91454.86973431935,-0.0005731901403067674
2022-04-21,0.001556949130849139,95770.80732308203,-0.0422919267691797,90358.21757931575,0.013548132959434883
2022-04-22,0.0012272869436826817,95888.3455844956,-0.041116544155043955,91179.99916277106,-0.00786742082580083
2022-04-25,-0.006292216788137961,95284.99532662207,-0.04715004673377931,88255.233541968,0.025784616373286662
2022-04-26,0.0022203292690592402,95496.55939064795,-0.04503440609352052,86811.49740754961,0.018578975396621122
2022-04-27,-0.002543627921191227,95253.6516758042,-0.04746348324195802,87468.33092773324,-0.010109832166005028
2022-04-28,0.00106941388498627,95355.51725350195,-0.04644482746498048,88046.47363904065,-0.005540323664310953
2022-04-29,-0.0023830657197460026,95128.27878914648,-0.04871721210853517,89641.32100864136,-0.020496765265954203
2022-05-05,0.002965322136554205,95410.36478005224,-0.045896352199477554,90678.74063904694,-0.008607684806366311
2022-05-06,-0.002956554998569061,95128.27878914648,-0.04871721210853517,88963.70357504947,0.01595677630611128
2022-05-09,-0.0031300391974296016,94830.52354775244,-0.051694764522475595,88162.89790651949,0.005871448334554941
2022-05-10,0.004131399321262164,95222.30630837256,-0.04777693691627442,88723.59078110564,-0.0022283380274428777
2022-05-11,-0.0023863273922867245,94995.07471047217,-0.05004925289527833,88187.819746523,0.0036523262494990993
2022-05-12,-0.0019796835664021017,94807.01452217871,-0.0519298547782129,87800.43682227745,0.0024130197044011925
2022-05-13,0.007603710439494149,95527.89960823828,-0.0447210039176172,89629.69861912282,-0.013230602726260254
2022-05-16,-0.0019686055679769554,95339.84285317236,-0.04660157146827638,89128.88094403913,0.00361902534900177
2022-05-17,8.221178299772092e-05,95347.68091164404,-0.046523190883559586,89829.44829215687,-0.007777949151342001
2022-05-18,-0.0018079884369435195,95175.2934070664,-0.04824706592933595,89841.02827038028,-0.001936899149895449
2022-05-19,0.004116487550878789,95567.08131752783,-0.04432918682472169,89291.0292548327,0.010238401181389994
2022-05-20,0.00016394278927966965,95582.74885140234,-0.044172511485976576,90435.6609443256,-0.012655169041385694
2022-05-23,-0.00327910854482083,95269.32264290625,-0.04730677357093751,89114.56172054623,0.011329058299812178
2022-05-24,-8.225461922595212e-05,95261.48630104834,-0.047385136989516616,87944.36056577721,0.01304917005678427
2022-05-25,0.002632148099132925,95512.22864113623,-0.04487771358863771,88645.39978753582,-0.005339246737881831
2022-05-26,0.004840302936125029,95974.53676186377,-0.040254632381362315,89590.17652547969,-0.005817630134381635
2022-05-27,-0.0006531659724628991,95911.84946022803,-0.04088150539771974,89135.91865567287,0.004417232227697243
2022-05-30,0.00016340716818641354,95927.52214394385,-0.04072477856056154,89066.75933241927,0.0009392933013708527
2022-05-31,0.002287165534916369,96146.9242664414,-0.03853075733558595,90156.07631705404,-0.00994317710693482
2022-06-01,0.0017114195877572236,96311.47199593359,-0.036885280040664076,90038.33714950508,0.003017367809537763
2022-06-02,-0.0025221057243731693,96068.56428108984,-0.039314357189101576,89800.86554649686,0.00011534417226258253
2022-06-06,0.0017128512739950086,96233.11544380957,-0.03766884556190431,90090.36351425548,-0.0015109257575161017
2022-06-07,-0.0037455146429322683,95872.67290077978,-0.04127327099220216,90012.98548691925,-0.0028866211462489078
2022-06-08,0.0008172980866520962,95951.02945290381,-0.04048970547096192,90342.59438355784,-0.0028444946519798064
2022-06-09,-0.000489985549795513,95904.01483498389,-0.040959851650161146,90059.94155590844,0.0026386917876004
2022-06-10,0.0025328390253054334,96146.9242664414,-0.03853075733558595,90871.21725287507,-0.006475335785279035
2022-06-13,-0.006030800811752668,95567.08131752783,-0.04432918682472169,88785.86841557904,0.01691759693550049
2022-06-14,0.005903377405756416,96131.24986611182,-0.038687501338881845,89526.87674623208,-0.0024426391831067207
2022-06-15,-0.0026898325538486922,95872.67290077978,-0.04127327099220216,90964.63071114523,-0.01874930002514813
2022-06-16,-0.003596158134636762,95527.89960823828,-0.0447210039176172,90070.52186835975,0.006233034110695201
2022-06-17,0.003034949307507473,95817.82194100195,-0.041821780589980484,90846.07856428191,-0.005575600291124222
2022-06-20,-0.0038435322096389557,95449.54305611426,-0.04550456943885743,91257.2768544676,-0.008369850755075514
2022-06-21,0.00016419862488614712,95465.21573983008,-0.04534784260169923,91673.03248757773,-0.004391664177958221
2022-06-22,0.00041041118874707294,95504.39573250586,-0.04495604267494142,90138.30594045481,0.01715172000637441
2022-06-23,-0.0008204676668209787,95426.03746376807,-0.04573962536231935,90177.05022926777,-0.0012502992285385317
2022-06-24,0.0022170475653062738,95637.60152779394,-0.04362398472206056,91200.53063117842,-0.00913262953444971
2022-06-27,-0.000491609302017304,95590.58519326025,-0.044094148067397476,91618.7143083331,-0.005076929960356996
2022-06-28,-0.0016394198647410319,95433.8720890122,-0.04566127910987794,91643.42025048265,-0.0019090802975037235
2022-06-29,0.00032843318762787455,95465.21573983008,-0.04534784260169923,91953.22370175025,-0.0030520981197026398
2022-06-30,-0.00024623952062319265,95441.70843087012,-0.04558291569129884,92169.40360229125,-0.0025972163742697396
2022-07-01,0.009851916848393927,96381.9922061997,-0.036180077938002944,92743.8707848994,0.0036191849421859656
2022-07-04,0.00024393293445523767,96405.5029483872,-0.03594497051612794,92992.2661880112,-0.00243436160953564
2022-07-05,-0.0008941017325081457,96319.30662117773,-0.03680693378822267,91821.51718489727,0.011695644179769205
2022-07-06,-0.001464318443452961,96178.26448403174,-0.03821735515968263,91549.91259348374,0.0014936439137428759
2022-07-07,0.00032590905647755797,96209.60985146338,-0.03790390148536622,91324.16763396074,0.002791722000782426
2022-07-08,0.0008144358161830123,96287.9664035874,-0.03712033596412599,91729.3411581499,-0.0036222158904402613
2022-07-11,0.00398751647096196,96671.91625557715,-0.03328083744422853,92340.37408566335,-0.002673742836024312
2022-07-12,0.0017021254555165122,96836.46398506933,-0.03163536014930665,92983.10009622075,-0.005258275310903865
2022-07-13,0.0005664287761095732,96891.31494484717,-0.031086850551528333,92813.35553857853,0.002391970809732552
2022-07-14,-0.000889565565471262,96805.123767479,-0.031948762325209976,91452.29595428493,0.013774914308094466
2022-07-15,-0.004532844040727957,96366.32123909766,-0.03633678760902345,89530.9938195713,0.016475946549658727
2022-07-18,0.005285259574971279,96875.64226113135,-0.031243577388686536,91198.75501018293,-0.013342492887741142
2022-07-19,0.0008088541857258491,96954.00052986914,-0.030459994701308606,91485.59919389134,-0.0023364100635108465
2022-07-20,-0.0008889904170752416,96867.80935250098,-0.031321906474990245,92216.52820988049,-0.008878543116402793
2022-07-21,-0.0009591776412691821,96774.89591561133,-0.03225104084388673,92218.20853981451,-0.0009773992113786267
2022-07-22,0.001004444080190403,96872.1008869248,-0.031278991130751964,92306.76045695378,4.4200777469805e-05
2022-07-25,-0.0002508679063708552,96847.79878578955,-0.031522012142104504,92717.13834293415,-0.0046966732184503535
2022-07-26,0.0,96847.79878578955,-0.031522012142104504,93204.56141722169,-0.0052570979109029525
2022-07-27,-0.0015055496914957445,96701.98961220557,-0.032980103877944346,91858.4894636593,0.012936575598240158
2022-07-28,-0.00016752172533396337,96685.7899280625,-0.03314210071937501,91980.43693747626,-0.001495079739067845
2022-07-29,-0.00016756754812563557,96669.58852730566,-0.03330411472694337,91233.83553850291,0.007949391055591837
2022-08-01,-0.0006005481977091609,96611.5337801423,-0.03388466219857699,91281.85334256181,-0.0011268639420321525
2022-08-02,-0.003525506510896892,96270.92918877267,-0.03729070811227328,90331.11211139683,0.00688993967419585
2022-08-03,-0.0042907520226910245,95857.8545046296,-0.04142145495370394,88888.46848604796,0.011679865316435611
2022-08-04,0.0059593920857279326,96429.10904411935,-0.035708909558806484,90666.99945481149,-0.014049175944023717
2022-08-05,0.005004900967751302,96911.72718529367,-0.030882728147063318,91833.77165993892,-0.007863862883962514
2022-08-08,0.000960169861461857,97004.7789049592,-0.029952210950408044,91259.44040968484,0.007214200811871185
2022-08-09,0.000150527616867846,97019.38080315256,-0.02980619196847445,91764.36766068294,-0.005382349296812139
2022-08-10,-0.0030014058210964256,96728.1862688508,-0.03271813731149203,90969.93385034906,0.005655917610493777
2022-08-11,0.0045972302072445625,97172.86800865793,-0.028271319913420738,92344.11779062472,-0.010508683165587895
2022-08-12,-0.00021720206677688925,97151.76186089181,-0.028482381391081873,93025.45480026412,-0.007595441481919929
2022-08-15,-0.003511845171570882,96810.57991509103,-0.031894200849089685,92395.93970404245,0.0032552821439935375
2022-08-16,-0.0021447209956981794,96602.94823174142,-0.03397051768258578,91636.39753689666,0.006075793559148279
2022-08-17,-0.000243823190002046,96579.39419273996,-0.03420605807260042,92115.97700531167,-0.005477327357621853
2022-08-18,-0.0019555916597608913,96390.52433495187,-0.036094756650481286,91681.4799963822,0.002761255765137055
2022-08-19,0.00021341055198953462,96411.09508995675,-0.03588904910043246,91984.88639974398,-0.0030959426933306056
2022-08-22,-0.0009242117917229731,96321.9908190217,-0.03678009180978305,92636.72383578627,-0.008010565447795909
2022-08-23,-0.00333298324265352,96000.95123772287,-0.039990487622771326,91694.35895249514,0.006839709014486606
2022-08-24,-0.001670900318709534,95840.54321770334,-0.04159456782296664,90883.52958991079,0.007171839538432839
2022-08-25,0.0027068415365691934,96099.96838097238,-0.039000316190276205,91902.80852679795,-0.008508380203677751
2022-08-26,-0.0009150056544945384,96012.03636650705,-0.039879636334929525,91799.72404010835,0.0002066628596894271
2022-08-29,-0.0026110534447119083,95761.34380821847,-0.04238656191781527,90963.74763025028,0.006495470769814438
2022-08-30,-0.0007880171201467556,95685.88222984933,-0.043141177701506675,90954.25563179939,-0.0006836678744508717
2022-08-31,0.007319546595987658,96386.2595034089,-0.036137404965910974,92240.72606922395,-0.006824601234020927
2022-09-01,-0.0007424239620020812,96314.70003474582,-0.03685299965254177,92968.10694291939,-0.00862810423244531
2022-09-02,-0.00036387172437069015,96279.65383876194,-0.03720346161238063,92390.79865482842,0.005845873822512698
2022-09-05,0.0035661763003589364,96623.0040584885,-0.03376995941511501,92836.0928859782,-0.0012535052873431374
2022-09-06,0.00020632164534251096,96642.93947566379,-0.03357060524336208,92804.58865773499,0.0005456748781621223
2022-09-07,0.0003050658452850019,96672.42193568576,-0.03327578064314235,92589.5692983573,0.002621970240720667
2022-09-08,0.005578289715316487,97211.68871272434,-0.02788311287275661,93345.46086656915,-0.0025856057854402037
2022-09-09,0.004647053253257427,97663.43660701145,-0.023365633929885516,94782.94481657191,-0.010752559504105696
2022-09-13,-0.0027777369902076687,97392.15326655735,-0.026078467334426533,94952.6011049628,-0.00456768230915941
2022-09-14,-0.005126598494460399,96892.86280024875,-0.03107137199751247,94077.5312481507,0.004089261277983064
2022-09-15,0.0013996245779395178,97028.4764324509,-0.029715235675490986,94394.65808786458,-0.001971284878404478
2022-09-16,-0.00932600403110806,96123.5884701096,-0.03876411529890407,92648.28927388696,0.009174712528001366
2022-09-19,-0.00023413159887397672,96101.08290065159,-0.03898917099348415,92338.77114801579,0.0031066545969311854
2022-09-20,-0.0027451716932874737,95837.26892817844,-0.04162731071821559,91284.42886476721,0.008673025345077967
2022-09-21,-0.0011535210619407765,95726.7186199509,-0.04273281380049099,90899.8892274503,0.0030590225459792286
2022-09-22,0.0007399044860321169,95797.54724849094,-0.042024527515090594,90312.55059277386,0.00720128347854998
2022-09-23,0.01361871040352014,97102.18630183567,-0.028978136981643327,91539.4199082971,3.4005869426229074e-05
2022-09-26,-0.012465476232016437,95891.7613064133,-0.04108238693586696,90027.40046635014,0.004052210284477525
2022-09-27,0.0058404472500095395,96451.81208003391,-0.03548187919966091,90899.90987367778,-0.003851151116798429
2022-09-28,-0.007330810628944251,95744.74211085666,-0.042552578891433365,89838.91148581658,0.004341350425292795
2022-09-29,-0.0017889382678283328,95573.4606777512,-0.044265393222488056,89149.8052951323,0.005881526336955739
2022-09-30,0.008102074512888136,96347.80397761692,-0.03652196022383083,89609.30475793229,0.00294783484541139
2022-10-10,0.012980223433784577,97598.42000060086,-0.024015799993991387,89917.65913936259,0.009539125634139056
2022-10-11,-0.0006837486517253799,97531.68721251492,-0.02468312787485076,89818.12836920818,0.00042316150482277215
2022-10-12,0.0006482174412187902,97594.90895323758,-0.024050910467624198,89984.18858380802,-0.0012006322021096139
2022-10-13,-0.001979305765920425,97401.73878722196,-0.025982612127780448,89189.84321390506,0.006848304755489448
2022-10-14,-0.006202101384494285,96797.64332823758,-0.0320235667176242,89250.013074805,-0.006876728211179323
2022-10-17,0.0014876262821132968,96941.6420464993,-0.03058357953500701,89251.21996226018,0.0014741037355771036
2022-10-18,-0.0011955611206537764,96825.74238829617,-0.03174257611703826,88779.01241664324,0.00409520740684205
2022-10-19,0.004570368230179422,97268.27168517117,-0.02731728314828826,87707.75456428739,0.01663693467640645
2022-10-20,-0.00382740903046741,96895.98622374539,-0.031040137762546074,87200.98743166584,0.0019504966420589853
2022-10-21,-0.004675902372558438,96442.91005187039,-0.035570899481296075,86598.94375949304,0.002228189999613217
2022-10-24,-0.002403519014921751,96211.10768370633,-0.0378889231629367,84575.75041372766,0.020959275702116392
2022-10-25,-0.0025553459164097125,95965.25502257352,-0.040347449774264826,84574.81147404207,-0.0025442441563781892
2022-10-26,-0.0007685581911406336,95891.50013976102,-0.04108499860238982,84527.57878516009,-0.00021008589828225288
2022-10-27,0.006482934611401925,96513.15846495633,-0.0348684153504367,84401.47335539488,0.007974819645583942
2022-10-28,-0.0038938440718201406,96137.35127501492,-0.03862648724985076,82579.51676719093,0.017692942458932825
2022-10-31,0.0008037511621414861,96214.62178282742,-0.03785378217172576,81734.80924336167,0.011032771104346667
2022-11-01,0.008030818763550052,96987.30397276883,-0.0301269602723117,84083.51843531989,-0.020704908568547065
2022-11-02,-0.001738250780568884,96818.71571593289,-0.031812842840671075,84571.0728109213,-0.007536704326211591
2022-11-03,-0.006420785661974904,96197.0634942532,-0.03802936505746795,83207.61617029466,0.009701235678288483
2022-11-04,0.0025556555334131925,96442.91005187039,-0.035570899481296075,84491.09086938259,-0.012869311052111199
2022-11-07,-0.006227325155786612,95842.32869200711,-0.041576713079928884,83944.03366330067,0.00024740727402233764
2022-11-08,0.001722351282232637,96007.40284972196,-0.03992597150278045,84042.59508824979,0.0005482187007027906
2022-11-09,-0.0012438450725290595,95887.98451476102,-0.041120154852389824,83835.4867964461,0.0012204802090285405
2022-11-10,-0.0010988023057293406,95782.62257628446,-0.042173774237155445,83533.0008084284,0.0025092877713538964
2022-11-11,0.0025668091588828545,96028.47828917508,-0.0397152171082492,86050.20327087156,-0.027567418488655238
2022-11-14,-0.006473687142300455,95406.81996397977,-0.04593180036020232,86475.27071291133,-0.011413448187393205
2022-11-15,0.001178009462648344,95519.21010069852,-0.04480789899301482,88298.14387273902,-0.019901695114160012
2022-11-16,0.00011030444908977088,95529.74629454617,-0.04470253705453826,87929.55971604072,0.00428461820623427
2022-11-17,-0.00154415585830181,95382.23347716336,-0.04617766522836639,87829.45848830986,-0.0004057306455050036
2022-11-18,0.005265582736772911,95884.47651915555,-0.04115523480844451,87955.25992513275,0.0038332451249037947
2022-11-21,-0.0003662861399481576,95849.35536437039,-0.04150644635629607,87339.53257594664,0.00663417465921512
2022-11-22,0.014437235789347191,97233.15510802274,-0.027668448919772635,89132.80495335232,-0.006094959935954325
2022-11-23,-0.005526600199459386,96695.78633360867,-0.033042136663913264,88524.82088288789,0.0012945031056887102
2022-11-24,-0.0016707602997265703,96534.23085265164,-0.034657691473483576,88000.05257879313,0.004257162500467482
2022-11-25,0.014152906353857242,97900.47078185086,-0.020995292181491387,90293.78086825706,-0.011912172271069499
2022-11-28,0.0010762927596730254,98005.84034972196,-0.019941596502780448,89150.25499413843,0.013740795930573396
2022-11-29,-0.004121246739568929,97601.93409972196,-0.023980659002780447,90577.01205254551,-0.02012520610570742
2022-11-30,0.009571948868366764,98536.1748223782,-0.014638251776217949,91106.85189658492,0.0037223427483058236
2022-12-01,-0.0001624489284072217,98520.16772636896,-0.014798322736310364,91435.89793634349,-0.0037740986880989147
2022-12-02,-0.006039341415061905,97925.17079720026,-0.020748292027997377,90901.5686165126,-0.00019558276129019725
2022-12-05,0.02072148218522618,99954.32547935969,-0.0004567452064031386,93841.96693860275,-0.01162557592215191
2022-12-06,-0.00022101101804972156,99932.23447212702,-0.0006776552787297988,93847.39752210582,-0.0002788804732649919
2022-12-07,-0.01159675058228038,98773.3452738238,-0.012266547261762026,93017.67076928656,-0.0027555171040283544
2022-12-08,-0.005867073717512827,98193.83477577692,-0.018061652242230775,92700.98231841753,-0.0024624684607922054
2022-12-09,0.004003373091970186,98586.94133171564,-0.014130586682843569,94266.30970998951,-0.012882396102958604
2022-12-12,0.0030638320747926606,98888.99516472346,-0.011110048352765443,94330.42395643334,0.0023836925144228582
2022-12-13,-0.0014022482042878037,98750.3282488299,-0.01249671751170099,93939.9997036817,0.002736652442781845
2022-12-14,-0.004852905559875609,98271.10223183161,-0.0172889776816839,93892.45972201279,-0.004346838050626467
2022-12-15,-0.0005029379511648502,98221.67796501642,-0.017783220349835756,93201.45583670012,0.006856586843036111
2022-12-16,-0.002469863595844113,97979.08381828791,-0.020209161817120912,93564.66534284213,-0.0063669004273115
2022-12-19,-0.009974696364665525,97001.77220711237,-0.029982277928876283,91921.21860092862,0.007590126166271027
2022-12-20,-0.0005017188913686299,96953.10458549982,-0.03046895414500177,90816.5682399885,0.011515640949517486
2022-12-21,0.0009741547427897235,97047.55191215998,-0.02952448087840021,91100.75064313549,-0.0021550364241349484
2022-12-22,0.0009810681901534224,97142.76217827326,-0.028572378217267397,91250.69282007376,-0.0006648257885430997
2022-12-23,-0.0021079166767299373,96937.99332985407,-0.03062006670145929,91085.73060287532,-0.00030012528249143133
2022-12-26,0.005834541658515935,97503.58209023005,-0.024964179097699525,91166.32854525358,0.004949683603968913
2022-12-27,0.003905047218872193,97884.33818230158,-0.021156618176984193,92393.71209937299,-0.009558076433301255
2022-12-28,-0.004267258878011493,97466.64037117487,-0.025333596288251284,91727.28842980815,0.002945609340207489
2022-12-29,-0.009542691199974418,96536.54631981379,-0.034634536801862126,90769.89431598714,0.0008947056773313811
2022-12-30,-0.002317504581695329,96312.82243141657,-0.03687177568583429,90921.29403120597,-0.003985455352815304
2023-01-03,0.017216601187917346,97971.00188450096,-0.020289981154990384,92618.52579365773,-0.0014504424407097982
2023-01-04,0.010676309348456314,99016.97060779808,-0.00983029392201919,93921.00084635233,-0.0033864825339834925
2023-01-05,0.007458732798204304,99755.5117340493,-0.002444882659506984,94910.09890173798,-0.003072437509528625
2023-01-06,-0.0059382625568129566,99163.13731388329,-0.00836862686116714,94213.28662324013,0.0014035512918827708
2023-01-09,0.0018998051246379433,99351.52795032738,-0.006484720496726222,94420.83018479309,-0.00030310668315147726
2023-01-10,-0.004322740972614647,98922.05702976463,-0.010779429702353663,93621.16467416553,0.004146423183880504
2023-01-11,0.006348491983834581,99550.06291584251,-0.004499370841574855,94568.65352074233,-0.003771963683154772
2023-01-12,0.005926416810198898,100140.03808216332,0.0,94954.04692527436,0.00185114038207973
2023-01-13,0.003027041506705741,100443.16613392113,0.0,95876.35648195828,-0.006686178588165392
2023-01-16,-0.00012547011251762274,100430.56351856468,-0.00012547011251758247,96328.79984387965,-0.004844499688975212
2023-01-17,-0.00024187943096065645,100406.27143100975,-0.000367319194838852,96047.68610307848,0.0026763936219244833
2023-01-18,0.0029378172952512216,100701.24671177147,0.0,96286.95895587595,0.0004466291937421374
2023-01-19,-0.00035646711348069626,100665.35002903221,-0.0003564671134807477,95888.79845788346,0.003778677482527859
2023-01-20,0.010706959484151124,101743.16985325096,0.0,97537.0811197293,-0.006482563049805795
2023-01-30,-0.009774056709627055,100748.72634128807,-0.009774056709627036,96357.66746110386,0.0023178948341933403
2023-01-31,-0.0012355979576358367,100624.24142078636,-0.010997577862754656,95878.2218503983,0.0037400892226197857
2023-02-01,0.004973580080822826,101124.70414356468,-0.006078695116127421,96465.02859855827,-0.0011467539933278648
2023-02-02,-0.005938905000763217,100524.13413242577,-0.011981499324067344,95768.21941554396,0.0012845333077879384
2023-02-03,-0.00045719554762257975,100478.17494587181,-0.012433216983545067,95344.21715903115,0.003970184005849531
2023-02-06,-0.003891844922708443,100087.12947086571,-0.016276673753863186,94580.52880103796,0.004117957672024636
2023-02-07,-0.005735912859566428,99513.03841785667,-0.021919225031133905,94436.69429239022,-0.004215150494721626
2023-02-08,-0.0032686483851331882,99187.76528553246,-0.025116227176765656,94104.33049489526,0.000250786512343365
2023-02-09,0.005860240047818266,99769.02939991234,-0.019403174249298702,94868.33954351216,-0.0022585048027000676
2023-02-10,0.0033281722143867487,100101.07791141747,-0.016139579140319334,95463.32473499536,-0.0029435217390032797
2023-02-13,0.0005851190993477751,100159.64896396874,-0.015563903616981999,95468.44365035974,0.0005314972987390809
2023-02-14,-0.0032621707852064086,99832.91108326195,-0.01877530229050531,95224.70009504686,-0.0007090386088242362
2023-02-15,0.005891273337042202,100421.05405048607,-0.012994639391242119,95801.87579382092,-0.0001699240014419734
2023-02-16,0.003606799812456929,100783.25268940208,-0.009434708641704512,95841.39270711942,0.0031943140132900394
2023-02-17,-0.00952425413461222,99823.36737827538,-0.01886910421352715,94618.78598899684,0.00323230838591293
2023-02-20,0.025445393665072036,102363.4122581887,0.0,98003.88782954687,-0.010330819326539231
2023-02-21,-0.0023245334698963616,102125.46508030174,-0.002324533469896398,97925.61143279322,-0.001525826413602771
2023-02-22,-0.010327735475539224,101070.74029163597,-0.012628261778654466,96537.15055231864,0.0038509952993764085
2023-02-23,0.000872006912197909,101158.87467579124,-0.011767266798016518,96638.44118057258,-0.00017723296772823027
2023-02-24,-0.0032501838685008444,100830.08973316429,-0.014979204885794082,96092.83486135965,0.0023956679534821446
2023-02-27,-0.000926029894903202,100736.71805576561,-0.015891363589171148,95688.26152447783,0.0032842042756833223
2023-02-28,0.008725989632563103,101615.74561313866,-0.007304041830534408,96796.42325167709,-0.0028549682565693346
2023-03-01,0.024941521401557365,104150.19690708397,0.0,100007.14239729913,-0.008228290434092456
2023-03-02,0.0067199876660786195,104850.08494571922,0.0,101090.00205253498,-0.004107835520128861
2023-03-03,0.023597085123780115,107324.24132541893,0.0,104523.07633407411,-0.010363486761014395
2023-03-06,0.0009831325417215542,107429.75527958153,0.0,103888.22597482995,0.007056914346756232
2023-03-07,-0.020989822972129146,105174.82373432396,-0.020989822972129105,101030.67269891346,0.006516212953528389
2023-03-08,0.006807738103159933,105890.82638935326,-0.014324978086595025,101339.80659419579,0.003747935698363597
2023-03-09,0.01645748931212343,107633.52353290794,0.0,103324.63600076451,-0.003128391826536514
2023-03-10,-0.012065184470648194,106334.90521625755,-0.01206518447064822,101462.84810200696,0.005953634378554229
2023-03-13,0.04299528456936952,110906.80472568749,0.0,106459.72144089676,-0.006253020917443897
2023-03-14,-0.0005341538330976281,110847.56343082665,-0.0005341538330976618,106457.5873807599,-0.0005141081284126825
2023-03-15,0.006148861052677201,111529.14969639061,0.0,107011.7153584572,0.000943708547056471
2023-03-16,0.005590474110776622,112152.65052036522,0.0,107888.0928019335,-0.002599072618202497
2023-03-17,0.02133086800811146,114544.96390537499,0.0,111020.14978231807,-0.007699740458890936
2023-03-20,-0.010048400156824844,113393.97027210472,-0.010048400156824823,110878.88823110981,-0.008776004546791477
2023-03-21,-0.001210922128604297,113256.65900425194,-0.011247154455322095,111147.79956655263,-0.003636192978022701
2023-03-22,0.02080431497714752,115612.88621143578,0.0,113892.50559670807,-0.0038898853656310073
2023-03-23,0.016029995617498294,117466.16027073143,0.0,115854.99760516491,-0.0012010943315278466
2023-03-24,0.0029361951021316113,117811.06383518456,0.0,116263.4709477613,-0.0005895340510332636
2023-03-27,-0.009603718825999863,116679.63950351952,-0.00960371882599991,114505.8513950761,0.005513837344974376
2023-03-28,-0.016071275566799215,114804.44886402367,-0.02552065038108039,112139.01523642278,0.004598726269937403
2023-03-29,-0.0022368743863547813,114547.64573292015,-0.027700438278274647,112672.8378976065,-0.00699723954613668
2023-03-30,0.009292338951371715,115612.06128315208,-0.018665501188486283,115509.66212153743,-0.015885195198508784
2023-03-31,0.014178616617759765,117251.28037647484,-0.004751535556056461,116996.34423058733,0.0013079867349915508
2023-04-03,0.01626972728838383,119158.92673241391,0.0,119079.45109947489,-0.0015351612539623027
2023-04-04,0.00996207591747389,120345.99700676693,0.0,120135.15879371621,0.0010965018449211605
2023-04-06,0.018856685290197905,122615.32359825863,0.0,122443.85861521338,-0.00036083474872297683
2023-04-07,-0.009670296602781625,121429.59705101742,-0.009670296602781632,121418.55797943278,-0.0012966578807067364
2023-04-10,-0.007961943302919883,120462.78148400082,-0.017555245552427694,120435.7801239021,0.00013218886176238898
2023-04-11,-0.006643086793873154,119662.53677117123,-0.024081711326408288,120055.94786642658,-0.003489271066646843
2023-04-12,0.022230336941165163,122322.67528282895,-0.002386718942148954,122737.48974873952,-0.00010543175641269942
2023-04-13,-0.021040183701730886,119748.98372399106,-0.023376685638892572,119682.729243337,0.0038483854848806176
2023-04-14,0.014883703663526537,121531.2921117474,-0.00884091363705071,121358.51794475471,0.0008817778049466929
2023-04-17,0.015173791290191474,123375.38257347836,0.0,123476.63096043757,-0.0022795614002811826
2023-04-18,0.026751112767630314,126675.81134545102,0.0,127207.20375505017,-0.003461671348644224
2023-04-19,-0.03791515879143992,121872.87784325375,-0.03791515879143995,122160.34498963495,0.0017591569425451647
2023-04-20,0.02776773298170232,125257.01137291684,-0.01120024381501725,126121.25832571446,-0.0046561549535813485
2023-04-21,-0.007589164359172118,124306.41532646908,-0.018704407683014377,125130.39532069517,0.0002672669686882012
2023-04-24,-0.007095283747131531,123424.426038139,-0.025666978350312893,124267.7196742048,-0.00020107036053251814
2023-04-25,0.007824339771183686,124390.14068352475,-0.018043465738641577,125439.42983822929,-0.0016045784313583056
2023-04-26,-0.03778255334777292,119690.36355721249,-0.055144290879565586,120441.22802813908,0.0020629865796329694
2023-04-27,0.006019064218008019,120410.78754174008,-0.04945714368961819,121346.39919219661,-0.0014963952212304066
2023-04-28,0.004156366812575696,120911.25894295468,-0.04550633890771875,121640.85716209438,0.0017297767212505477
2023-05-04,0.003912733303829574,121384.35245262875,-0.04177165977166867,121900.8396737089,0.0017754373517952504
2023-05-05,-0.02008122852348404,118946.80553185238,-0.061014062049472594,118848.6610403161,0.004956979921696109
2023-05-08,0.01706301142751898,120976.39623390927,-0.04499213425994304,120473.48347878961,0.0033916547268968422
2023-05-09,-0.007938406118845331,120016.03646981015,-0.052573374544879314,119852.75511128241,-0.0027859995511669844
2023-05-10,-0.005363735408273618,119372.30220543637,-0.05765512028257414,119294.8484061519,-0.0007088010714491333
2023-05-11,-0.007001776625741862,118536.48401009335,-0.06425320863476713,118698.78341830567,-0.002005207236451395
2023-05-12,-0.010806230907594916,117255.55139290585,-0.07436510453330088,117703.56428144379,-0.002421822001274193
2023-05-15,0.015038976748644073,119018.95490395321,-0.06044450286264351,120018.10740594141,-0.0046251951787519285
2023-05-16,-0.01546646001110663,117178.15299736752,-0.07497610038733382,117803.99806189259,0.0029816674581923663
2023-05-17,-0.0005341864875043623,117115.5580114056,-0.0754702356551255,118078.73047533468,-0.0028663009994223942
2023-05-18,0.0164816147272151,119045.8115171124,-0.0602324922753504,120269.27380814814,-0.0020699340910629027
2023-05-19,-0.0010363171567880913,118922.44230019345,-0.06120638946699744,120249.53053727078,-0.000872158263562739
2023-05-22,-0.0002057117938272235,118897.97855126156,-0.0613995103846537,120323.79820265932,-0.0008233247280042821
2023-05-23,-0.014242229096209535,117204.60630165829,-0.07476727358756988,118409.40743452126,0.0016680961822002627
2023-05-24,-0.018402930516756233,115047.69807564511,-0.09179426716356673,115419.00767652971,0.006851817587993886
2023-05-25,0.025524189212734916,117984.19728981747,-0.06861305219455904,118997.25458929277,-0.005478043303345559
2023-05-26,0.012562083050520423,119466.32457482113,-0.05691289200405645,120583.82388558202,-0.000770739641609175
2023-05-29,0.01785270659996896,121599.12181603207,-0.04007623456679168,122786.3600485179,-0.0004128956339245482
2023-05-30,0.0038596670419444035,122068.4539388348,-0.03637124844656985,122831.58456266801,0.0034913483285935465
2023-05-31,-0.004159771146401203,121560.67710625424,-0.040379723523124404,121935.78366905337,0.003133148641323358
2023-06-01,0.004429854609944384,122099.17323212133,-0.03612874521757725,122349.21207722276,0.0010393125087719834
2023-06-02,-0.00030815214447676986,122061.54811005102,-0.036425764211737925,124087.11790758211,-0.014512623107987677
2023-06-05,0.01009726558728774,123294.03597931372,-0.02669629923991594,126890.00811204212,-0.012490818105231949
2023-06-06,-0.007839278871030864,122327.49964813696,-0.03432629837638065,125945.35623287136,-0.0003946274502772129
2023-06-07,-0.003734664333673643,121870.64749817358,-0.03793276550780104,126085.75069188306,-0.004849389506645541
2023-06-08,0.0035991604247458397,122309.27950958716,-0.03447013119147206,127503.54282990126,-0.0076455054493770325
2023-06-09,0.04168392381116859,127407.61019806372,0.0,132439.15916582162,0.0029742830719712288
2023-06-12,0.009012308247552614,128555.84685425268,0.0,134436.0188832342,-0.00606525438565933
2023-06-13,0.001174846614798275,128706.88025574194,0.0,134169.09559851096,0.003160350849010257
2023-06-14,0.006157376199614761,129499.37693695532,0.0,135194.45992513554,-0.0014849524756332388
2023-06-15,0.0002812726802428056,129535.80157379614,0.0,135796.98693863666,-0.004175470693966343
2023-06-16,0.01263223727116558,131172.12855438696,0.0,137509.66800890764,2.0167527343378788e-05
2023-06-19,0.02934731568472304,135021.67842010962,0.0,140093.9230383869,0.010554055058773076
2023-06-20,-0.00971506445350423,133709.93411163794,-0.009715064453504183,139310.10379384775,-0.004120109101126895
2023-06-21,-0.02374876886057553,130534.48779205786,-0.03323311249390789,136902.42175275626,-0.006465872821287605
2023-06-26,-0.013895593786821925,128720.63357452856,-0.046666912449242676,135330.48845595767,-0.002413449960049552
2023-06-27,0.0019410125544405687,128970.48194031225,-0.04481648095774316,136445.41083579647,-0.006297503337724025
2023-06-28,-0.0001582899713142849,128950.06720642553,-0.044967676929572216,136597.04457390425,-0.0012696042850676714
2023-06-29,0.00869072782521152,130070.73714355932,-0.03666775094548757,137175.55681046893,0.0044555539356938845
2023-06-30,0.014377818109074791,131940.8705435227,-0.02281713508997582,138694.179321806,0.0033071685950705754
2023-07-03,-0.005125598247223029,131264.59464872774,-0.02782578186957503,138286.30232516857,-0.0021847610856931543
2023-07-04,0.002675514257553413,131615.79494322237,-0.025224715888141323,138523.37585915282,0.0009611468184211602
2023-07-05,-0.01036149311134893,130252.05879057346,-0.03532484327957954,137353.20989559495,-0.0019140671350452998
2023-07-06,-0.002208980855049947,129964.33448637424,-0.037455792232117265,136797.4145024272,0.001837487324253817
2023-07-07,-0.00677636970142248,129083.64810789523,-0.043978347637915256,135748.82220831138,0.0008889235201626766
2023-07-10,-0.0011823542842742674,128931.02550352512,-0.0451087039344445,135222.2602020199,0.0026965891770799055
2023-07-11,0.00640841704947781,129757.26928556857,-0.03898936227233997,135992.370047105,0.0007132759984808668
2023-07-12,-0.025445165959823823,126455.57403410373,-0.06344243743847641,133176.06077181821,-0.004735847677399069
2023-07-13,0.0347913668266,130855.1362975925,-0.030858319725172122,137706.09441821367,0.0007759918399711796
2023-07-14,0.03896172872961223,135953.47862089574,0.0,142314.29950515827,0.005497668141636575
2023-07-17,-0.01439901941993249,133995.88184202608,-0.014399019419932517,140535.41742595748,-0.0018993473182098985
2023-07-18,-0.008302560864147712,132883.3728774875,-0.02258203154896225,139405.46755930837,-0.0002622398735729614
2023-07-19,-0.0012555685006574446,132716.5287002414,-0.023809246762125983,139849.85834313507,-0.004443325707078893
2023-07-20,-0.02538115943341057,129348.02932585178,-0.048586099907477594,136564.03794394978,-0.0018858163696856278
2023-07-21,-0.002630013572892609,129007.84225309787,-0.05108833137815966,136142.40612463787,0.00045741578010399797
2023-07-24,0.011319616720998571,130468.16158140598,-0.040347014987277274,137409.09028127833,0.0020155049993298146
2023-07-25,0.003849350432841181,130970.37925566135,-0.03665297435404127,138499.97786725324,-0.004089626411717312
2023-07-26,-0.011794434834598522,129425.6576522678,-0.04801510807112686,136954.2122951135,-0.0006336707973558509
2023-07-27,-0.009638879734693684,128178.13930357395,-0.05719117595367464,135655.4859891523,-0.00015595632403830884
2023-07-28,0.0076807818323665344,129162.64762724338,-0.0499496670665448,137070.75687926167,-0.002752050130083672
2023-07-31,-0.0026030861892962776,128826.42612303195,-0.05242272996734026,136658.05278464354,0.0004077974157433162
2023-08-01,0.005765294768383278,129569.1484435886,-0.046959667689781985,137172.70634731872,0.0019992996280440156
2023-08-02,-0.00786911387075806,128549.55406034885,-0.05445925058815614,136140.11026269742,-0.00034140582943087416
2023-08-03,0.0028619186703886523,128917.4524291843,-0.0517531898638011,136425.58697471893,0.0007649855074094714
2023-08-04,0.0238404456369834,131990.90194548067,-0.02914656333630605,139321.2585971586,0.002615163146710703
2023-08-07,0.016337318550784463,134147.27935636934,-0.013285421475407453,141472.64166510716,0.0008954320102013968
2023-08-08,-0.008777871784339641,132969.75173796114,-0.021946675533435062,140246.8694773565,-0.00011349559595749681
2023-08-09,-0.023586737229303045,129833.42914427219,-0.0450157622938742,137620.17895894262,-0.004857688030540125
2023-08-10,-0.008550838384319248,128723.24447477756,-0.053181678170071536,136156.61642679674,0.0020839576406335436
2023-08-11,-0.003992241447513201,128209.35020292697,-0.05696160551774591,135107.51599424856,0.003712859193792939
2023-08-14,0.004264353891807016,128756.08024443088,-0.05294015607011202,135750.7509732337,-0.0004965579956745236
2023-08-15,0.0011141352734682641,128899.53193510471,-0.0518850032919044,135890.27693090553,8.632543321657193e-05
2023-08-16,-0.01603696563407475,126832.3745712131,-0.06708989091126308,133850.35350265753,-0.0010254175357127249
2023-08-17,0.0033247668922040674,127254.06265104709,-0.06398818226716244,134579.00813291376,-0.0021190336745369187
2023-08-18,-0.018452494026628186,124905.90782011447,-0.08125993474273102,131881.19725865038,0.0015938037704172903
2023-08-21,0.009687964185245201,126115.99178160129,-0.07235921389496869,132859.32500661898,0.002271230273964142
2023-08-22,0.03619161901750667,130680.333708176,-0.03878639197915507,137455.26362607063,0.0015991008090729952
2023-08-23,-0.018887940121328328,128212.05139006076,-0.05694173705125877,134843.07981718067,0.00011594332395081786
2023-08-24,0.011552188900948668,129693.1812270969,-0.04604734985307429,136708.57311405975,-0.0022823608542801854
2023-08-25,-0.02353478267535969,126640.88039244113,-0.06849841815686561,134096.64500160635,-0.004428972023132305
2023-08-28,0.008883156955951321,127765.85121000705,-0.06022374340063607,135505.84481398226,-0.001625680251415157
2023-08-29,0.008937252307125831,128907.72685850559,-0.051824725883161296,136555.14113893444,0.0011937020094050232
2023-08-30,0.005551738596313971,129623.38886106906,-0.04656070461777618,137541.66769466273,-0.0016726437850463904
2023-08-31,0.0065302248813881025,130469.85874021945,-0.0403345316081781,138302.73745100875,0.0009968489299233552
2023-09-01,-0.011157314486195169,129014.16549528537,-0.0510418210405674,137261.27040076672,-0.0036269714905551587
2023-09-04,-0.0007892289058980539,128912.34378660617,-0.051790766265890596,137175.394750665,-0.00016359248383246427
2023-09-05,-0.010337770357863318,127579.67758024631,-0.06159313557543937,135806.8684063506,-0.0003612993821327515
2023-09-06,-0.005823162949440963,126836.7603286594,-0.06705763165985754,134850.7220409658,0.0012173231217340597
2023-09-07,-0.013177371288832007,125165.38524473606,-0.07935135963855784,132943.52682315474,0.0009656395081860392
2023-09-08,0.0012806694609437397,125325.68073118625,-0.07817231304058754,132902.03422279342,0.001592776423598008
2023-09-11,0.009306314729527143,126492.00095976291,-0.06959349445935119,134268.05921146375,-0.0009721207862181669
2023-09-12,0.002817054630414928,126848.33583677707,-0.06697248850474966,134864.13299304232,-0.0016223763487710763
2023-09-13,-0.0035343460925011394,126400.00991667209,-0.07027013064419892,134358.8916175015,0.0002119529740333692
2023-09-14,0.004539285677888527,126973.7756713718,-0.06604982116392703,134863.71761933315,0.0007819906023320278
2023-09-15,-0.007245178142827768,126053.82804716525,-0.07281645658612027,133523.26989113577,0.0026940979787228037
2023-09-18,-0.0061022831906226704,125284.6118911594,-0.07847439313771676,132961.73583113242,-0.0018967685978388826
2023-09-19,0.008112143209135336,126300.9386047214,-0.07099884544396466,133989.78462496022,0.000380228554129336
2023-09-20,-0.0003377326035376438,126258.28265989719,-0.07131259942258233,134231.99591075128,-0.0021454173197197335
2023-09-21,-0.004037825567350994,125748.47373808322,-0.0750624771527106,133457.18862418723,0.0017343249643240743
2023-09-22,0.021869416738171665,128498.51951445041,-0.05483463300879097,136836.06794355006,-0.0034486598240259514
2023-09-25,-0.010817175190552586,127108.52851713596,-0.06505865236757782,135261.63147492995,0.0006888297121140363
2023-09-26,-0.00232551571241868,126812.93563688693,-0.06723287316168697,134844.55023580993,0.0007579990624074218
2023-09-27,-0.00027016461826312455,126778.67526853977,-0.06748487383643764,134801.95289762388,4.5734972128480544e-05
2023-09-28,-0.0037745587186767127,126300.14171446262,-0.07100470693619622,134102.43710226833,0.0014146524189897758
2023-10-09,0.0056427290904110805,127012.81919823785,-0.0657626381711702,134770.46830946114,0.0006612297110722698
2023-10-10,-0.0004525636438919012,126955.3378139605,-0.06618544003589945,133441.73476123263,0.009406670095486763
2023-10-11,-0.0011801416895506067,126805.51252709527,-0.06728747352842243,133860.75723330732,-0.004320257282505541
2023-10-12,0.0011544673362235969,126951.9053493609,-0.0662106873825244,133570.8582640492,0.0033201428878182615
2023-10-13,0.0040929960525681874,127471.51899682183,-0.062388691412050765,132378.71018735418,0.013018206927071369
2023-10-16,0.0007261933524842501,127564.0879665484,-0.06170780431254013,131682.81231246138,0.005983064898580415
2023-10-17,0.011813854860159845,129071.11158715386,-0.05062295649626776,133330.12362124864,-0.0006958362670198004
2023-10-18,-0.0024156782813118394,128759.317306148,-0.05291634600103573,132112.33034206566,0.006717991185929889
2023-10-19,-0.009494943232266517,127536.75489770074,-0.06190885153196343,129357.83292925367,0.01135471860989501
2023-10-20,-0.0075089473566472,126579.08811913629,-0.06895292858154664,127096.90887990575,0.009969113292254
2023-10-23,0.0002207043388460228,126607.02467309136,-0.06874744245321461,123954.00322627519,0.024949123631877762
2023-10-24,-0.005212443365640862,125947.09272729058,-0.07360154366853543,121798.72851832965,0.012175254101549016
2023-10-25,-0.018083893651265615,123669.47889672418,-0.09035443483153022,118646.61785641633,0.007795774390087912
2023-10-26,0.006510503734882045,124474.62950097222,-0.08443218398208195,120195.1358206171,-0.006541010013910609
2023-10-27,-0.0005762807297345907,124402.89717064996,-0.08495980807121828,121325.2547893163,-0.009978649311320309
2023-10-30,-0.003172527648757084,124008.22553979058,-0.08786279837983636,122621.51427186378,-0.013856696289477943
2023-10-31,0.004544910305374739,124571.83180199761,-0.08371721661227718,122542.01793523024,0.0051932169023500285
2023-11-01,-0.00063796322234555,124492.35955476773,-0.08430177132934695,122705.70357056818,-0.001973714323037057
2023-11-02,0.0009019417053046652,124604.64440584194,-0.08347586490743536,123146.30502128878,-0.0026887752532366305
2023-11-03,-0.0004505828384101518,124548.49969148648,-0.08388883495369676,123171.69719341985,-0.0006567779989282707
2023-11-06,-0.004237185829188528,124020.76455354702,-0.0877705682001923,122363.56269878586,0.0023238546780714464
2023-11-07,0.0002716040327293001,124054.44909334194,-0.08752280300774107,123236.70577400236,-0.006864042036729023
2023-11-08,0.0009051255468455199,124166.73394441616,-0.08669689658582946,123164.76593645429,0.0014888788782595752
2023-11-09,0.001808595637464494,124391.30135774624,-0.08504510057731186,123561.75375413294,-0.0014146298902279475
2023-11-10,0.0,124391.30135774624,-0.08504510057731186,123352.33315057163,0.0016948659046877868
2023-11-13,-0.00036104770476264036,124346.39016389858,-0.08537544294370979,123806.76512919171,-0.004045063783042702
2023-11-14,-0.0014448044631261148,124166.73394441616,-0.08669689658582946,124029.84373466257,-0.0032466333473399056
2023-11-15,0.002079898808153846,124424.98818635952,-0.08479731854955504,124513.08082829983,-0.0018162368240981497
2023-11-16,0.0009926583633019792,124548.49969148648,-0.08388883495369676,124024.05257926177,0.004920183453717503
2023-11-17,-0.0008113595879122304,124447.44607210171,-0.08463213053105048,124364.20176371987,-0.003553966182231638
2023-11-20,0.0002706728089494348,124481.13061189663,-0.08438436533859923,124108.15154208454,0.0023295468096993233
2023-11-21,0.0004510115329217079,124537.27303743374,-0.08397141212764343,123681.47024497122,0.003888991164490374
2023-11-22,0.0,124537.27303743374,-0.08397141212764343,123239.39394186974,0.003574313130543294
2023-11-23,-0.0007212857897171965,124447.44607210171,-0.08463213053105048,123856.72873762941,-0.005730518438579912
2023-11-24,0.0005413272260521573,124514.8128628732,-0.08413661698145358,123313.02307352124,0.004931122351837541
2023-11-27,-0.0006312343138442644,124436.21484041226,-0.08471474137560835,121361.77497246128,0.01519230202016153
2023-11-28,-0.0009925871990217328,124312.70104646694,-0.08562324180677222,121876.12292470333,-0.005230725215368048
2023-11-29,-0.00036129439942933494,124267.78756380093,-0.08595360100847574,121214.80537167692,0.005064850912355645
2023-11-30,0.0033432040903624838,124683.24013948452,-0.08289775734858619,122665.63991319228,-0.008625915829161446
2023-12-01,-0.0009005609009566928,124570.9552884103,-0.0837236637704978,122541.1407220458,0.00011438665269064563
2023-12-04,-0.00027038606951823585,124537.27303743374,-0.08397141212764343,121315.08454704203,0.009734875573873786
2023-12-05,-0.0010819654417377755,124402.52801179898,-0.08496252340336519,119104.94908053246,0.017136176801344605
2023-12-06,-0.0007220670413025099,124312.70104646694,-0.08562324180677222,118915.58709588312,0.0008678079900137636
2023-12-07,0.0009032636162462637,124424.98818635952,-0.08479731854955504,119935.09668758763,-0.007670125428896002
2023-12-08,0.00018049337250936048,124447.44607210171,-0.08463213053105048,123282.5201777884,-0.02772979796548225
2023-12-11,0.0018044976542275215,124672.01119661343,-0.08298035135783847,123931.2108074728,-0.003457323962891362
2023-12-12,0.001441030891842221,124851.66741609585,-0.0816588977157188,123447.020906273,0.005347955532092802
2023-12-13,8.993826917569336e-05,124862.89635896694,-0.08157630370646651,122902.15272510039,0.004503719802116057
2023-12-14,0.00017984203136922616,124885.35195589077,-0.08141113252326755,123059.87509678362,-0.0011034745598058615
2023-12-15,-0.0020679122817879314,124627.10000276577,-0.0833106937242364,121846.81506185404,0.007789565909015972
2023-12-18,0.0026127626552139294,124952.72103548062,-0.08091560213836507,123453.13876269938,-0.010570377995856195
2023-12-19,-0.0001797127484518546,124930.26543855679,-0.08108077332156403,124073.5872156656,-0.0052054938600915035
2023-12-20,0.002246932221602105,125210.97527742398,-0.07901602410209065,122977.47197155088,0.011081328556169473
2023-12-21,-0.0013451295896369508,125042.550289631,-0.08025486689965244,122898.61002872691,-0.0007038581310545577
2023-12-22,0.0002693846192107774,125076.23482942593,-0.0800071017072012,123475.47633220279,-0.004424454500215058
2023-12-25,0.001975016182950373,125323.26241731655,-0.07819010084487345,123783.6511195536,-0.0005208218288154098
2023-12-26,0.0011647429858878677,125469.2318081857,-0.07711642923051061,123778.59957133597,0.001205552480291694
2023-12-27,0.0,125469.2318081857,-0.07711642923051061,125113.3748030445,-0.010783570312889679
2023-12-28,-0.0022372802863440677,125188.5219693185,-0.07918117844998401,126523.66105182865,-0.013509346530294758
2023-12-29,0.0005381410254716723,125255.89104890835,-0.07868564806508153,128241.11129138451,-0.01303600174970726
2024-01-02,0.0028550489817922298,125613.50275311102,-0.0760552504626791,126474.59631652807,0.016629999596830536
2024-01-03,-0.0011013936521035994,125475.15283856024,-0.077072877344714,125539.32360121871,0.006293551598155589
2024-01-04,0.0031842947124098853,125874.7027042829,-0.07413400538810305,125539.74905151121,0.003180905732126066
2024-01-05,-0.0025881937311935665,125548.91458782782,-0.07653032595128285,124965.92270638284,0.001982680031609091
2024-01-08,-0.0009455244165089693,125430.20502361884,-0.07740348907600146,123972.28776023796,0.00700572280854056
2024-01-09,-0.0016987190499354599,125217.1343449079,-0.07897072134451208,124082.9867337946,-0.002591652265548333
2024-01-10,-0.004713461534860963,124626.92819866767,-0.08331195742193541,122767.42717675456,0.005888794194705171
2024-01-11,-0.004022436168259369,124125.62433514227,-0.08699927655941235,122633.31340350723,-0.0029300146983996522
2024-01-12,0.0030332476124796948,124502.12808880438,-0.08422991929484405,122400.82784297422,0.0049290257993419295
2024-01-15,-0.00027055392796893063,124468.44354900946,-0.08447768448729528,122518.29365592133,-0.0012302354515106029
2024-01-16,0.003631537909927429,124920.45542034735,-0.08115293049112636,124073.84715646078,-0.009064961968760443
2024-01-17,-0.003937955162654827,124428.5242680036,-0.08477130905218909,122646.02697356102,0.007569870343063778
2024-01-18,0.005059520304713683,125058.07291302313,-0.08014069090688206,125885.23151558018,-0.021351482333940408
2024-01-19,0.00157223709419263,125254.69385418524,-0.0786944539796874,127101.46003161585,-0.008089170375079446
2024-01-22,-0.005054252484886779,124621.625006529,-0.08335096482500054,126342.6612373645,0.0009157717309058455
2024-01-23,-0.0035258215875425547,124182.23139080634,-0.08658290578142064,126635.51345309652,-0.0058437418597917234
2024-01-24,0.009454227673911575,125356.27847942938,-0.07794725261143548,128512.08646169983,-0.00536446699895643
2024-01-25,0.008284450173654312,126394.78632244696,-0.07030855256821378,130574.84039958523,-0.007766599923490797
2024-01-26,0.0036236531393738503,126852.79718670477,-0.06693967323607863,130344.61156640432,0.005386847583850052
2024-01-29,0.004381623743064056,127408.61841473212,-0.06285135395461881,129813.9463635392,0.008452871464683626
2024-01-30,-0.005058431450479128,126764.13065228095,-0.06759185613954867,128591.1656939055,0.004361054697868572
2024-01-31,0.005324795981888952,127439.12378582587,-0.06262697300163994,128946.18739500803,0.0025639399060710943
2024-02-01,-0.004515403387665651,126863.68473456221,-0.06685959034325473,131459.17782497092,-0.02400407909596486
2024-02-02,0.002159276649479347,127137.61852667647,-0.06484468204599728,130210.90228326559,0.011654814065416186
2024-02-05,0.010289992071822684,128445.86361334639,-0.05522194123832773,134027.26200548894,-0.019019072340626275
2024-02-06,-0.0036562221952536333,127976.23699591475,-0.058676259746360815,135318.55934394978,-0.013290809361616696
2024-02-07,0.002184698259952711,128255.82645819502,-0.056619751408976494,135428.09033638687,0.0013752675878548337
2024-02-08,-0.0026944637351848932,127910.24578497725,-0.059161655277294715,135709.90918496408,-0.004775411992501366
2024-02-19,0.011486102673387233,129379.4360010417,-0.04835508945074997,140970.12512009498,-0.027274633124921677
2024-02-20,0.00962119906619363,130624.22130987959,-0.039199124326025535,145269.97738274964,-0.02088066974460273
2024-02-21,-0.0030574239808216497,130224.8476831706,-0.042136699964105614,142925.03012905206,0.013084571054527289
2024-02-22,0.003962459354523329,130740.85834906416,-0.038341205570523805,144781.66893898597,-0.009027839183510716
2024-02-23,-0.006710426842920558,129863.53138373213,-0.044794346558393955,143224.3204622498,0.004046103926126338
2024-02-26,-0.008190560344374487,128799.8762934001,-0.05261801610419512,141096.0849598519,0.006668895755882143
2024-02-27,0.003889973153171189,129300.90435431318,-0.04893272562104246,145431.85352961795,-0.026839218028850448
2024-02-28,-0.000952127616808518,129177.79339239912,-0.049838263038421496,143133.67416559203,0.014850320803185657
2024-02-29,0.0003851793795803804,129227.55001471358,-0.04947228033007758,144353.21380496083,-0.008135105217864425
2024-03-01,0.010236017957763188,130550.32553730192,-0.039742661522184586,147884.7346908594,-0.01422842445271258
2024-03-04,0.0230596925037847,133560.7759004611,-0.017599422572383408,153072.62756596348,-0.01202095923453661
2024-03-05,0.01224084570910522,135195.67275104704,-0.005574008679555973,155702.97620578724,-0.004942818553078154
2024-03-06,-0.005726218805003236,134421.51274738493,-0.011268309491239087,154218.29512309402,0.003809122900546247
2024-03-07,0.006916653370986792,135351.25975666227,-0.004429595111080197,156052.45866888904,-0.004976640769835089
2024-03-08,0.022042657302857593,138334.76119098844,0.0,161149.0634092792,-0.010616903359394275
2024-03-11,0.0014111219239101302,138529.9684053439,0.0,161566.53269957565,-0.0011794565223088305
2024-03-12,-0.02523658670982165,135033.9448457736,-0.02523658670982163,156159.31001391725,0.00823088081151735
2024-03-13,-0.004352139303695157,134446.2583070773,-0.029478892872605817,155216.23552008503,0.0016870426941515693
2024-03-14,-0.00983329211472328,133124.20897541227,-0.039022310422494176,153063.5979462275,0.004035344543321301
2024-03-15,-0.0005362844320004889,133052.81653461637,-0.03953766779691443,152949.21967204605,0.00021097537187300675
2024-03-18,0.012159727341423121,134670.7025056857,-0.027858707715617503,155479.0859373136,-0.004380836060548482
2024-03-19,0.004527447297090426,135280.41701374235,-0.023457389249474544,156503.39002821772,-0.002060603338331357
2024-03-20,-0.0010032245022909558,135144.70038471403,-0.02443708072411062,156049.40008775223,0.0018976068495642762
2024-03-21,-0.005965850303139231,134338.44733295622,-0.030257143061804118,154578.64545703196,0.003459079429965789
2024-03-22,0.0063697008672913835,135194.14305744352,-0.0240801711449153,156162.1940084045,-0.0038745896470326613
2024-03-25,-0.006161951054557524,134361.0833650607,-0.03009374136349247,154944.03378678384,0.0016386579811679125
2024-03-26,-0.0027855668093647035,133986.81159076872,-0.03279548004574539,154328.19053307088,0.001189050597074942
2024-03-27,-0.00483540256714432,133338.93141803922,-0.03747230326448583,153233.12576005526,0.0022602859731873925
2024-03-28,0.01103623307076429,134810.49094257536,-0.02684962326624679,155873.04456970253,-0.006191887784650907
2024-03-29,-0.00552035420205732,134066.2892824191,-0.03222175803768258,154530.06276291443,0.003095515273614291
2024-04-01,0.00380924297442764,134576.98035297575,-0.02853525556868368,155912.068082917,-0.005134035086119454
2024-04-02,-0.0038878159113125976,134053.76982746305,-0.032312131659362926,155046.3840438657,0.0016645704414288975
2024-04-03,-0.007412398580237234,133060.10985431852,-0.03948501984076383,153394.636404178,0.0032408498000691954
2024-04-08,0.007639410906883359,134076.6107088107,-0.032147251225110446,154556.66374906088,6.400037022605276e-05
2024-04-09,-0.004848637499184405,133426.52182636442,-0.036840018356509074,153566.88203772315,0.0015553679142914223
2024-04-10,-0.0014789820738695392,133229.18639240446,-0.03826451470362835,152961.4852240417,0.0024632534240987547
2024-04-11,-0.0027297542488242676,132865.5034547824,-0.04088981623086122,152538.41462490108,3.610931821010355e-05
2024-04-12,0.0011632133986567705,133020.05438862028,-0.03977416641431272,153233.2853109334,-0.0033921681931937397
2024-04-15,0.015648153075750404,135101.57256183805,-0.024748405583073865,156495.1577001703,-0.005638817197177182
2024-04-16,0.001006602465619455,135237.56613788786,-0.023766714923534535,156793.94593071638,-0.0009026465804025663
2024-04-17,0.0076300029002185354,136269.42915973844,-0.016318052127111193,158599.93221845318,-0.003888211511802464
2024-04-18,0.003458649081400811,136740.73729572477,-0.01291584146171017,159725.003840627,-0.0036351220598386247
2024-04-19,-0.0022515826518733073,136432.85422382536,-0.015138343029013906,158931.18615799237,0.0027183197650750557
2024-04-22,-0.01087794522839658,134948.74510822477,-0.025851614191092186,156291.07029702506,0.005733746440114734
2024-04-23,-0.008708957105892923,133773.48227558317,-0.034335430697876757,154257.40770163486,0.004303063296330345
2024-04-24,0.01109832426060442,135258.14375934782,-0.02361817218078482,157141.5023763246,-0.007598312209964209
2024-04-25,-0.0015315207222789118,135050.9931093234,-0.025113521182946456,156906.61869316382,-3.67934884875909e-05
2024-04-26,0.013644302065204394,136893.66965351286,-0.01181187558668304,160497.05467660064,-0.009238327191232881
2024-04-29,-0.0020608789111252745,136611.5483766574,-0.013848411652510842,160100.1159479308,0.00041230497047092807
2024-04-30,0.005316034950022974,137337.78014240446,-0.008605995342834882,161434.96826494476,-0.003021574983052333
2024-05-06,-0.001710233587616572,137102.90045795622,-0.01030151066816128,161437.6509138989,-0.0017268511084855553
2024-05-07,0.003713733728978541,137612.0641237277,-0.0066260340068106304,162337.38856945318,-0.0018595489003268018
2024-05-08,-0.007542982906312723,136574.05867634,-0.014119036851873384,160566.29542361497,0.0033669692707268273
2024-05-09,-0.0005333574282134768,136501.21588764372,-0.014644863786902693,160585.80030792794,-0.0006548330110032474
2024-05-10,0.0011766908790760144,136661.8356233615,-0.01348540538547006,160735.55421025006,0.000244143281250081
2024-05-13,0.0025343697598918524,137008.18724689665,-0.01098521262918704,161392.2613142235,-0.0015512670937592732
2024-05-14,-0.006913575271953132,136060.97083149137,-0.01782284080674991,159659.68298994444,0.003821625475409818
2024-05-15,0.006228958626266268,136908.48898945036,-0.011704899918471394,161384.26470743166,-0.004572651931834454
2024-05-16,0.005239129778198182,137625.7703310031,-0.006527093629986998,162715.794690116,-0.003011550578391836
2024-05-17,-0.00039938721336996164,137570.8043581027,-0.006923874005620652,162413.9549862035,0.001455624492699259
2024-05-20,0.001984421255792679,137843.80278644743,-0.004953192632577074,162632.81222431903,0.0006368939565890852
2024-05-21,-0.000912175664842696,137718.06502399626,-0.005860850115637047,162365.77893307997,0.0007297641601339555
2024-05-22,-0.006008504062836484,136890.5854707736,-0.011834139236742019,160886.54223363998,0.0031020160797710084
2024-05-23,0.0029349635239002136,137292.35434589567,-0.00893390847983836,161559.2692837364,-0.0012464120017137148
2024-05-24,-0.007572592979453341,136252.69522724333,-0.016438848606658153,159919.64268045314,0.0025761692088904775
2024-05-27,0.013279509028916392,138062.0641237277,-0.003377639416238841,162921.8861750952,-0.005493941463598051
2024-05-28,-0.0057678349491773195,137265.7449251193,-0.00912599269874547,161443.83485069012,0.0033043121951086274
2024-05-29,-0.0018849029313293686,137007.01232013883,-0.0109936940196857,160873.93430052674,0.0016451206876613722
2024-05-30,-0.002054691258706609,136725.50520954313,-0.013025796631389202,160256.93359129684,0.0017806143917244999
2024-05-31,-0.00908306962495331,135483.61792621794,-0.02199055203861911,158076.117334833,0.004525179376151323
2024-06-03,0.013742106812468347,137345.44827509968,-0.008550641741130545,161775.08831088504,-0.009657828854074901
2024-06-04,-0.0008476963182774133,137229.02104426472,-0.009391089711885079,161585.13249674998,0.00032650062464137375
2024-06-05,0.0017307724359167942,137466.53325129597,-0.007676571115184902,161497.0841811813,0.002275676005992766
2024-06-06,0.020737685711764264,140317.27101374714,0.0,167213.69528253135,-0.014659926141937507
2024-06-07,-0.00939010126315798,138999.67762995808,-0.009390101263157943,164980.09311253362,0.003967669260504875
2024-06-11,-0.0035621204245982474,138504.54403925984,-0.012918773016257623,163979.84091476607,0.0025007455787885713
2024-06-12,0.0030460776741421114,138926.43963862507,-0.009912046928177558,164569.27527662335,-0.0005484761354548062
2024-06-13,0.01050023360992558,140385.19970942585,0.0,167206.13552280676,-0.005522564337936436
2024-06-14,0.006014028730501275,141229.4803338155,0.0,169156.54022494104,-0.005650643119224197
2024-06-17,-0.0003718580469279642,141176.96301508992,-0.0003718580469279782,168009.03986391576,0.006411801393607808
2024-06-18,0.007369719707706501,142217.39766169636,0.0,170220.1976756855,-0.005791225760232055
2024-06-19,-0.000785066294876291,142105.74757624714,-0.00078506629487631,170443.31172570627,-0.0020958041101729608
2024-06-20,0.004245556805208883,142709.06559992878,0.0,171446.87188407418,-0.0016423841659389815
2024-06-21,-0.0020454620322448713,142417.159624587,-0.0020454620322448705,171319.69067043584,-0.001303650809673762
2024-06-24,0.00014108393602607627,142437.2523980245,-0.0019046666780532303,171384.24726569143,-0.00023573553523828505
2024-06-25,-0.008468997507076081,141230.95166255085,-0.010357533567781047,169530.98913026322,0.002344470854197478
2024-06-26,0.002811847536886347,141628.0715661153,-0.007574809836145518,170133.663803315,-0.0007431053135843746
2024-06-27,-0.001365485209597228,141434.680529128,-0.008929951754945953,170605.66399795035,-0.0041397756356297555
2024-06-28,0.005556580935959898,142220.57377863972,-0.003422990818666717,173061.45148067386,-0.008837943988798558
2024-07-01,0.008028056467739741,143362.328575809,0.0,174555.52502269964,-0.0006051401756654584
2024-07-02,-0.0035365814926429096,142855.3160178256,-0.003536581492642914,173408.78299523605,0.003032915676320691
2024-07-03,0.0013147545143326056,143043.13568945645,-0.0022264767147929807,173709.85807217745,-0.00042146133206819036
2024-07-04,0.0010148221698107474,143188.29903479337,-0.0012139140229129259,174332.82786280633,-0.0025714440187786236
2024-07-05,-0.001191161962758036,143017.7385794711,-0.0024036300174607853,173928.02937513698,0.0011308246225104623
2024-07-08,0.003072005451539628,143457.0898520541,0.0,174477.70171926336,-8.833820382864177e-05
2024-07-09,0.015055909863971317,145616.96686621426,0.0,178007.39072747744,-0.00517411938007134
2024-07-10,-0.004865071572279445,144908.52990027188,-0.004865071572279485,176921.9084112798,0.0012328904941354135
2024-07-11,-0.0010683524642497444,144753.71651526212,-0.005928226425326251,176678.21159025293,0.0003090734476411394
2024-07-12,-0.008700187926507397,143494.33197851895,-0.014576837667862464,174973.8657534671,0.0009464222663696231
2024-07-15,0.0047265673624115045,144172.56760473966,-0.00991916871061909,175780.19361727577,0.0001182913759579518
2024-07-16,0.007385023952054759,145237.2854697299,-0.0026073980570767395,177199.29070868288,-0.0006881102401676276
2024-07-17,-0.016282802751115932,142872.41539831876,-0.01884774505993568,173025.0544284869,0.007273929691219011
2024-07-18,0.009629124227632069,144248.15163489102,-0.009400108110896463,175001.80828234303,-0.0017955440690230196
2024-07-19,-0.0029463221612339163,143823.15010901212,-0.012318734525285226,174015.33485397443,0.00269061061135234
2024-07-22,-0.005774336365321875,142992.6668631625,-0.01802193837386296,173035.59369126082,-0.00014413622499648282
2024-07-23,-0.0010892452932884655,142836.91277380704,-0.01909155335560178,172258.47139803675,0.0034018670648467697
2024-07-24,-0.001178928240219701,142668.5183035922,-0.020247974024420936,171164.87236844728,0.005169665362834308
2024-07-25,-0.012338113636882309,140908.25791235684,-0.032336265856873346,168071.86549966072,0.005732223027340333
2024-07-26,-0.006533267588495151,139987.66655798673,-0.038658271967712834,168236.3269787899,-0.007511786382465913
2024-07-29,0.003730941844645841,140509.95240088223,-0.035071561887593125,169107.84390122522,-0.0014493716945648272
2024-07-30,-0.008697290090625032,139287.89658423184,-0.04346382443055047,166495.0138934802,0.006753382967871008
2024-07-31,0.005042416332796895,139990.2441489291,-0.03864057079594793,168807.56972117728,-0.008847223804874599
2024-08-01,0.002456465646420991,140334.12537451505,-0.03627902438424524,169245.87520679607,-0.00014001439498223522
2024-08-02,-0.008156253330653507,139189.5246970248,-0.04413937680143188,166759.44477467434,0.006534978754522358
2024-08-05,-0.02091672059053329,136278.13629980801,-0.06413284638036933,161384.18773337203,0.011316878223407018
2024-08-06,-0.006553452890099898,135385.0439536166,-0.07026600768300748,160069.12767462747,0.0015951772651495166
2024-08-07,9.226726454580891e-05,135397.53556128262,-0.07018022367078113,159984.9128565598,0.0006183825704207946
2024-08-08,0.0013620576602357826,135581.9548117709,-0.06891375552179325,160353.41318737692,-0.000941286600404101
2024-08-09,-0.004855678341296743,134923.6124503207,-0.07343481083298545,159586.39959811646,-7.240884915207801e-05
2024-08-12,-0.006150381541719985,134093.78075476407,-0.07913354026963859,158665.1243622773,-0.0003774883743874746
2024-08-13,0.0028095481614442974,134470.52368994473,-0.07654632160076742,159251.82456575191,-0.0008881781399891764
2024-08-14,0.010470246495546398,135878.46321936368,-0.06687753396070835,161391.02076162034,-0.0029625427469101018
2024-08-15,0.005419488953562146,136614.85504980801,-0.06182048706368777,162302.970719276,-0.00023107297579494368
2024-08-16,0.0027121419188782525,136985.37392493009,-0.05927601107922035,163304.76786453952,-0.0034602475378512076
2024-08-19,0.0003006998584134113,137026.56540747403,-0.0589931355089457,163339.14765469174,9.017452837076223e-05
2024-08-20,0.00028319610353588764,137065.37079687833,-0.05872664603152135,163503.3012113063,-0.0007217898962782743
2024-08-21,0.0006532155651135518,137154.9040305209,-0.05811179162568252,163716.8255296214,-0.0006527172003608916
2024-08-22,0.005494964629684906,137908.56537695645,-0.05293614923554831,164656.03986197902,-0.00024185765061099374
2024-08-23,0.0005804341758151033,137988.61222143887,-0.052386441009885536,165231.97461043592,-0.002917370999990593
2024-08-26,-0.0003861289836177839,137935.33081885098,-0.05275234207028081,165155.68045144857,7.56106958071101e-05
2024-08-27,-0.00016421121274468042,137912.68029089688,-0.052907890756959,164793.96297415777,0.0020259494665734734
2024-08-28,-0.0018150591454162424,137662.36061926602,-0.05462691895139215,164213.04858361077,0.0017100359494695294
2024-08-29,-0.012426696684359695,135951.67221899747,-0.06637478348314174,161322.5024813051,0.005175717540560676
2024-08-30,0.007897198854658116,137025.3096091342,-0.0590017594925849,163943.00081544011,-0.008346649919251686
2024-09-02,0.0034114147794392924,137492.75977549204,-0.05579162418749146,162780.31486695513,0.010503428117623143
2024-09-03,-0.0028951997246555727,137094.6907752479,-0.05852529601716133,162513.90251667882,-0.0012585623309139815
2024-09-04,-0.0015393358676905056,136883.65600046763,-0.059974541797525385,161019.75163848474,0.007654652185366956
2024-09-05,-0.006529704983508133,135989.84610972056,-0.06611263071657462,159292.64845108555,0.00419632812624865
2024-09-06,-0.0008537761622462448,135873.74122080454,-0.06690996149069167,157905.52618024757,0.00785423569094304
2024-09-09,-0.0053860627287720675,135141.91672739634,-0.07193564296969521,156916.38922822423,0.0008780432588438858
2024-09-10,0.0011094785476335467,135291.85378489146,-0.07090597547474682,157544.24841232918,-0.002891755403727242
2024-09-11,-0.014904919620207124,133275.33957895884,-0.08475404722991042,155260.36262178994,-0.000408130219417574
2024-09-12,0.0008256211762398546,133385.3745215858,-0.08399840078983557,155696.46173680437,-0.001983203353409929
2024-09-13,0.009228535700326113,134616.32621225962,-0.07554504732996872,158417.01339741598,-0.00824489709489401
2024-09-18,0.004827911394385209,135266.24190745005,-0.07108186073037734,158683.09197959228,0.003148302768581801
2024-09-19,-0.0015305914513192853,135059.20455393443,-0.07250365489331881,158615.7302097137,-0.0011060864266300985
2024-09-20,0.0032551201756472192,135498.83849558482,-0.06948454282752291,159445.97018215808,-0.0019791650452870013
2024-09-23,0.0029137752065733213,135893.65165171275,-0.06677322995908042,159991.41122204132,-0.0005070766296950968
2024-09-24,0.012313929582719041,137567.03650889048,-0.05528154122808825,166286.56801349518,-0.02703291249692996
2024-09-25,0.005096270256148339,138268.1153052772,-0.05046700064621474,168671.1379010163,-0.00924385303828179
2024-09-26,0.010902022026163305,139775.51734385142,-0.04011517097269088,172636.45920969616,-0.012607164892388611
2024-09-27,-0.0036099743262723027,139270.93131479868,-0.04358033056165775,174507.27572066375,-0.014446714835964658
2024-09-30,0.02618780514911001,142918.1313270057,-0.01853379861763024,184348.3528729015,-0.030205701147960062
2024-10-08,0.0022349603423368336,143237.54768272245,-0.016340260580196744,190373.28813199812,-0.03044737809575329
2024-10-09,-0.03088912514836084,138813.06514640653,-0.046724649374539066,181749.57225875644,0.01440985538541184
2024-10-10,0.015500904440024499,140964.79320426786,-0.03194801925946305,185324.65040146624,-0.00416944800306121
2024-10-11,-0.009170086719303083,139672.1338262161,-0.04082513987164686,182196.12184474914,0.0077112539439050665
2024-10-14,0.013070475256000913,141497.71499534452,-0.028288268596161,185728.933397004,-0.006319682539263238
2024-10-15,-0.018978855371355463,138812.2503270706,-0.04673024500912392,180864.42737325604,0.0072125728287402435
2024-10-16,-0.00937067349266596,137511.4860524734,-0.05566302463357713,177948.35022493696,0.0067523264287118745
2024-10-17,-0.010040305914903236,136130.8286656936,-0.06514445675301048,175773.8614330242,0.0021794690319512366
2024-10-18,0.020101882061205556,138867.31452842557,-0.046352100878395176,182136.06444748346,-0.016093505367792027
2024-10-21,-0.006872090122879038,137913.00582786405,-0.05290565518665306,180688.14475923075,0.0010775693399241448
2024-10-22,0.002286421508874925,138228.33309074247,-0.05074019830573804,181645.21822356276,-0.003010403391327049
2024-10-23,-0.00368684325723867,137718.70689292753,-0.05423997040498222,180404.54243117216,0.003143371182337651
2024-10-24,-0.007764832131427535,136649.34425254667,-0.06158363827140151,178492.6593350357,0.0028329226167150834
2024-10-25,-0.003712042076119193,136142.09613700712,-0.06506707929105676,177960.3744527294,-0.0007299313031086663
2024-10-28,-0.0020812322063806787,135858.7528218826,-0.06701289179644175,177187.54901289518,0.0022614504959390935
2024-10-29,-0.001477051929863693,135658.08238883817,-0.06839096220515174,176580.4202896883,0.0019494231615813096
2024-10-30,-0.0038653713004316304,135133.71353050077,-0.07199197704306666,175414.99986242672,0.0027345701050177085
2024-10-31,-0.005888385042299493,134337.9941930374,-0.07745644560458015,173567.6281724651,0.004643050076763661
2024-11-01,-0.0005303655312934863,134266.7459513743,-0.07794573090694848,173998.33889153486,-0.0030118807977336237
2024-11-04,0.003312893571392861,134711.55739088845,-0.07489106324639468,175179.2107756476,-0.0034737912420112482
2024-11-05,0.002804836230310581,135089.40124769998,-0.07229628418360409,176059.58260157256,-0.0022207134455151656
2024-11-06,-0.008324771475617054,133964.81285353494,-0.08001920561485637,173032.16004162826,0.008870671767000654
2024-11-07,0.005669852848503298,134724.37362929177,-0.07480304988724337,175206.04128164423,-0.0068935991681216
2024-11-08,0.007697522912932131,135761.41758223367,-0.06768132516477555,177527.90437497568,-0.005554663349292888
2024-11-11,0.0014979821997476161,135964.78576918435,-0.06628472838538015,178130.84354476127,-0.0018983242677251821
2024-11-12,-0.007342646582944701,134966.44439955545,-0.07314066963394449,175149.4740134052,0.009394317504955535
2024-11-13,0.014824552258567714,136967.26150770974,-0.05940039505459173,179534.0360375757,-0.010208706041910542
2024-11-14,-0.010353554949023236,135549.16343947244,-0.06913894474942354,176431.48717513937,0.00692756305462347
2024-11-15,-0.004795140641657314,134899.18613692117,-0.07360255442719163,173982.25294470572,0.009086929218142414
2024-11-18,-0.006737781507723195,133990.26489516092,-0.07984441800477408,172387.85050036613,0.0024263856263024852
2024-11-19,0.0008737273643733001,134107.33585615945,-0.07904045289330397,172949.47689155512,-0.002384195914784004
2024-11-20,0.0021087039107057226,134390.12851973367,-0.07709842189471824,174010.96671372384,-0.0040288678313255555
2024-11-21,-0.004807163980328877,133744.09313460183,-0.08153496111837466,172567.37753049884,0.0034888027077933925
2024-11-22,-0.0043339712819577825,133164.45007582498,-0.08551556222036989,170496.89701153015,0.007664127945126803
2024-11-25,-0.0030955351267879516,132752.23484297586,-0.0883463809204177,169054.95655472716,0.005361747569127967
2024-11-26,0.004071288166888731,133292.7074458201,-0.08463477632875772,169641.29143415022,0.000602978858647657
2024-11-27,0.004740956508448857,133924.64237471414,-0.08029506961398572,171506.13057212916,-0.0062518809205375225
2024-11-28,-0.0054601829714938654,133193.38932295633,-0.08531682681367835,169861.58261409908,0.004128675179197461
2024-11-29,0.002327125216821102,133503.34701796365,-0.0831882445359545,170447.90707101833,-0.001124652683136912
2024-12-02,-0.002887468141203775,133117.8603567052,-0.08583550927133805,171215.85795762803,-0.007392955476344498
2024-12-03,0.0027264233173160957,133480.79599513294,-0.08334310988795313,171600.03533498573,0.0004826044214474301
2024-12-04,0.005947737166889455,134274.7046865392,-0.07789107563334835,173137.5395179028,-0.003012075573916001
2024-12-05,-0.0009046541435508981,134153.23251857044,-0.07872526529258189,174093.96533385158,-0.006428735279345815
2024-12-06,0.001901609912112301,134408.33963526966,-0.07697336012528365,174617.85432400106,-0.0011076212760270099
2024-12-09,0.0007418785241684045,134508.0542959142,-0.07628858648392532,174262.57524246967,0.002776487659109317
2024-12-10,0.0006670357411469041,134597.7759756017,-0.07567243795660479,173948.8233534139,0.0024674905354089005
2024-12-11,0.001977649960763106,134863.96326197864,-0.0738444415897974,175166.70564354607,-0.0050237327830440215
2024-12-12,0.003356857571592542,135316.68237818958,-0.07073546929107569,176272.27475118497,-0.002954667804061284
2024-12-13,-0.0009615911463658477,135186.5630544591,-0.07162904183643722,174352.1196671747,0.009931529094583252
2024-12-16,0.005504596571149545,135930.7105459142,-0.06651873424337518,175496.7485145587,-0.001060444620027301
2024-12-17,-0.000898802299453938,135808.5357107091,-0.06735774935153442,176536.03351239246,-0.0068207638550411565
2024-12-18,0.006615095129000714,136706.92209376575,-0.06118823214216943,177702.41876401502,8.028977031893092e-06
2024-12-19,0.000433614522085346,136766.2002004552,-0.06078114972612162,179232.48009533653,-0.008176630301612975
2024-12-20,-0.0060640728320230375,135936.8400014806,-0.0664766412393914,177568.21810429986,0.003221420456645613
2024-12-23,0.006456557479094904,136814.5240224767,-0.06044929401547574,179533.43255353387,-0.004610819725083037
2024-12-24,0.005592689360135461,137579.6851552892,-0.055194678778808355,183228.05405461212,-0.014986327308398384
2024-12-25,-4.408622279905572e-06,137579.07861842396,-0.05519884406859764,182492.23586395517,0.0040114512549289105
2024-12-26,-0.001619069511073934,137356.32852687122,-0.05672854281419358,182785.5089300761,-0.0032261135846617106
2024-12-27,-0.0006985448393416194,137260.37897242786,-0.057387460222708984,181578.3212840636,0.005905849858458656
2024-12-30,0.003478857565716309,137737.8882802892,-0.054108245457165624,181587.43484613448,0.003428666760963428
2024-12-31,0.0035502652798433676,138226.89432276966,-0.05075007880252198,180524.49497035175,0.009403863446938027
2025-01-02,-0.00852801398929659,137048.09343428805,-0.05884529540983281,177184.6841296975,0.00997258251536487
2025-01-03,-0.004498442387097401,136431.59048171237,-0.06307902562577733,175814.184196499,0.0032364244267594766
2025-01-06,-0.005433091171613613,135690.34521193698,-0.06816940270014951,175181.2916925785,-0.0018333104894524832
2025-01-07,0.00011087305476809028,135705.38961501315,-0.06806608779530059,176473.23100996448,-0.007263997314684106
2025-01-08,0.006744847772228502,136620.70180983737,-0.06178033542370256,176863.70447841036,0.004532197920399966
2025-01-09,-0.0027868632822440897,136239.9585923691,-0.06439502535758966,176282.83434165322,0.0004974179017909752
2025-01-10,-0.005998880671850615,135422.6713380356,-0.07000760795645933,173088.86160559463,0.012119575092641777
2025-01-13,-0.006638747934835543,134523.63435836032,-0.07618159302855113,171403.98999501648,0.0030953943718908805
2025-01-14,0.0007408471090826207,134623.295803978,-0.07549718483242904,173456.47530986363,-0.011233700944943498
2025-01-15,-0.0018394469297695615,134375.6633958359,-0.07719775869735236,172044.93977494782,0.006298246012475528
2025-01-16,0.0027539139455379225,134745.7224092026,-0.07465644073605537,174114.06458785722,-0.0092727391813488
2025-01-17,0.001234141161116531,134912.01765151217,-0.07351443616139372,174071.75369273074,0.0014771479235320129
2025-01-20,-0.00039699148190275313,134858.4587296982,-0.07388224303834352,174320.20096018494,-0.0018242607670318767
2025-01-21,-0.0025856212303362325,134509.76583571627,-0.07627683277253498,174721.93708642595,-0.004890208558874232
2025-01-22,-0.0035866880702027926,134027.32126326754,-0.07958993963659963,178018.30399024455,-0.022453047720210756
2025-01-23,0.0022818154690151804,134333.14687819674,-0.07748973372302517,177849.37276740104,0.0032307697004450298
2025-01-24,-0.00296631271100245,133934.672757103,-0.08022618765191279,177812.07608511797,-0.0027566033277038604
2025-01-27,0.010988106597107139,135406.3612184067,-0.07011961495660438,176740.55005297106,0.017014277910882003
2025-02-05,-0.01271276180339076,133684.9724015732,-0.08194096279730638,170850.89497762604,0.02061097218736474
2025-02-06,-0.00030773685820439933,133643.8326081772,-0.08222348340106125,171806.73191158441,-0.005902304765405403
2025-02-07,0.0011458535000705705,133796.96886153414,-0.08117184596723373,174454.14799190647,-0.014263415105798066
2025-02-10,0.001650193310923198,134017.75972457125,-0.0796556018935609,174951.894885162,-0.0012029741200892674
2025-02-11,0.0009481198304688299,134144.82462020114,-0.07878300511885522,175366.7673045079,-0.0014232315608276036
2025-02-12,0.0016874011018972457,134371.18074507907,-0.07722854254660638,176394.98763107034,-0.004175855331273237
2025-02-13,-0.0014800750546021257,134172.30131240084,-0.07859431356188197,175232.0038467929,0.005112990881658008
2025-02-14,0.005371935310384934,134893.06623549655,-0.0736445818197155,176937.95464068075,-0.004363448389155256
2025-02-17,-1.3251734789276881e-05,134891.27866835787,-0.0736568576360379,178421.77913939135,-0.008399380656217703
2025-02-18,-0.0016678700021939274,134666.29755110934,-0.0752018775749248,177726.73631763086,0.0022276343757637873
2025-02-19,-0.002804584919834374,134288.61448378756,-0.07779555244296936,178095.34918234596,-0.004878627758590687
2025-02-20,-0.004149503979013702,133731.38334365084,-0.08162224346757142,176074.897344731,0.0071952719901009765
2025-02-21,0.0059537543402965465,134527.58714766696,-0.07615444791358474,178078.45681632863,-0.0054252639173426875
2025-02-24,-0.007459579631506119,133524.06789870455,-0.08304594737658609,176708.37604224097,0.00023411223095634592
2025-02-25,-0.011143456308026822,132036.14828200534,-0.09326398479846322,173890.89379915665,0.004800792098233225
2025-02-26,0.001931207823550718,132291.13752455905,-0.09151288911201082,174031.10806299298,0.0011248731111749288
2025-02-27,0.002825742474781734,132664.95821089938,-0.08894573849498293,173491.73519011145,0.005925032474626474
2025-02-28,0.00012867436705987778,132682.0287904282,-0.08882850916452659,172058.93771363015,0.00838726648334287
2025-03-03,-0.005066824114197899,132009.75228743214,-0.09344525484646142,169875.0336687174,0.0076259431080871465
2025-03-04,0.002088756563771721,132285.4885240044,-0.09155168267210348,170716.70196229537,-0.002865875529013323
2025-03-05,-0.00047274561050481,132222.9511399712,-0.09198114762649069,171736.38809775567,-0.006445717930960604
2025-03-06,-0.00131144529924343,132049.5479722466,-0.09317196468206035,171374.10801966005,0.0007980673212815981
2025-03-07,-0.0007534320107345227,131950.05761580128,-0.09385519795210037,170568.00844959234,0.003950309875264096
2025-03-10,0.0006032104864934773,132029.65127424855,-0.09330860190522355,170047.56526629592,0.0036544461081500224
2025-03-11,-0.0003014320892974487,131989.85330061574,-0.0935819077876993,169911.71110505293,0.0004974865016875718
2025-03-12,-0.0017875831715548074,131753.91046003957,-0.09520220551573084,168870.87292402246,0.004338175755014745
2025-03-13,-0.00019418331897524954,131728.32604841847,-0.09537790215446525,168586.41769522653,0.0014902707486240674
2025-03-14,0.004013849232294309,132257.06368879933,-0.09174688544151148,171505.35494424953,-0.013300340658731702
2025-03-17,2.1493841788622348e-05,132259.90640120168,-0.09172736359276322,171701.39282895596,-0.0011215485126040425
2025-03-18,0.0066628439093496805,133141.13351301808,-0.08567568478924828,173297.57881537356,-0.0026334463543389586
2025-03-19,0.0032666698835110974,133576.0616441216,-0.08268888908498734,173775.6412844266,0.0005080481397975178
2025-03-20,-0.0028517002192518515,133195.14275984425,-0.08530478538110586,172346.56268474544,0.0053719989661943635
2025-03-21,0.00023476709268721585,133226.41259627003,-0.08509004504487491,172257.93272678557,0.0007490213753327812
2025-03-24,0.0016642870240604068,133448.13958601613,-0.08356737227865939,173230.4140982388,-0.00398120840282179
2025-03-25,0.0017041429282913523,133675.55428938527,-0.08200564009687264,173441.6924229933,0.0004845053383547293
2025-03-26,-0.00014886032769556579,133655.65530256886,-0.08214229303811052,173262.82625254898,0.0008824151859687657
2025-03-27,-0.0006167817640263529,133573.21893171925,-0.08270841093373561,172625.15728592794,0.003063574723357554
2025-03-28,0.00078741884720257,133678.3970017876,-0.08198611824812438,172401.40198731882,0.0020836105618232126
2025-03-31,0.0034661939813711573,134141.75225691457,-0.07880410405638076,173383.44305772727,-0.002230053607617022
2025-04-01,-0.006590564155786072,133257.68243269582,-0.08487530470864398,172010.32170468153,0.001329000301061256
2025-04-02,0.0012159322836571285,133419.71475081105,-0.08376257504806739,172449.84588132237,-0.001339287497836461
2025-04-03,-0.005539614455764563,132680.62097029347,-0.08883817713224362,170341.92660489588,0.006683761364919716
2025-04-07,-0.013240591809037694,130923.85102705617,-0.1009024989008143,162191.10860556888,0.03460915464964029
2025-04-08,0.006622299727901071,131790.8680100884,-0.09494840576392868,162197.29162958998,0.006584177884637027
2025-04-09,-0.0012079129376328934,131631.67611555714,-0.09604162929383168,165300.50340095308,-0.020340240858680497
2025-04-10,0.0030665741452944317,132035.33441023488,-0.0932695739258017,169084.77563118836,-0.01982671506058381
2025-04-11,-0.0012917788718005419,131864.7739549126,-0.09444086913262308,167971.80575965944,0.005290539775009817
2025-04-14,-0.001228759011502767,131702.74392561574,-0.09555358307512499,168076.75359124065,-0.001853553339971059
2025-04-15,0.003367099690504638,132146.20019392628,-0.09250822182461925,170123.12130656774,-0.008808098078389781
2025-04-16,-0.0010325526295413834,132009.75228743214,-0.09344525484646142,169480.49226917597,0.0027448823978452885
2025-04-17,-0.00010768788353698877,131995.53643660207,-0.09354287980827744,169023.894170877,0.0025864162707852356
2025-04-18,-6.459194468877438e-05,131987.0105882134,-0.09360142963644756,170125.8508721947,-0.00658412403051134
2025-04-21,0.001012260172394086,132120.6157823052,-0.09268391846335365,169924.7422236981,0.0021943771020998537
2025-04-22,0.0007100119833951535,132214.42300276418,-0.0920397131727355,170082.30832310527,-0.00021725792059421045
2025-04-23,0.000279510059425947,132251.37826399464,-0.09178592913900802,170291.45737246756,-0.000950183089875517
2025-04-24,0.002364372318136132,132564.06976179738,-0.0896385729309226,170429.44990169365,0.0015540408349528634
2025-04-25,-0.0004288467494421022,132507.22009138722,-0.09002897846973859,171349.2795454845,-0.005825975264035194
2025-04-28,0.0010297221357573605,132643.665709063,-0.0890919611659711,171864.2751235982,-0.0019758089028309445
2025-04-29,0.0020787915044162553,132919.40423445363,-0.08719837327353848,172612.98490007228,-0.0022776099404778205
2025-04-30,-0.001240396333769267,132754.5314927544,-0.08833060906478865,171919.45339269566,0.0027774445475415577
2025-05-06,-0.0008401677497705817,132642.9954167583,-0.08909656428550543,173799.2897228905,-0.011774569256393252
2025-05-07,0.004468198318224426,133235.6706258037,-0.08502646708598108,174295.077488769,0.0016155527943617909
2025-05-08,-0.0008162812666576702,133126.91284382128,-0.08577334284038642,175206.99699229488,-0.006048325204241811
2025-05-09,0.004531146208703651,133730.13035022997,-0.0816308481889019,175474.30378914814,0.0030054834130278374
2025-05-12,0.0009695163599614531,133859.7838994243,-0.08074047427173704,177160.62916369885,-0.008640582316235879
2025-05-13,0.0018472970634060282,134107.06268512987,-0.07904232884935124,177248.1320054199,0.0013533789613192626
2025-05-14,0.0033023340942022195,134549.9290105083,-0.07600101893259338,179018.0389467001,-0.006683141754006333
2025-05-15,-0.0002033910899479352,134522.56275379442,-0.07618895209246349,177917.48283924055,0.0059443475063127305
2025-05-16,-0.0011085380735816885,134373.43937122606,-0.07721303181186435,177943.48207599713,-0.0012546689447117954
2025-05-19,0.005498836063144497,135112.33688556933,-0.07213877755259164,178853.67920021256,0.0003837449477154531
2025-05-20,0.006306783183641196,135964.4610997417,-0.06628695799810763,180302.74584529406,-0.0017951840309073375
2025-05-21,-1.6455181951147146e-05,135962.2237797954,-0.06630232241610395,180145.5642092859,0.0008553098889093336
2025-05-22,0.002285132105991572,136272.91542255663,-0.06416869987576716,180925.28636401455,-0.0020431573978388906
2025-05-23,-0.005761540673366206,135487.77347767138,-0.0695605299748421,179004.77610994776,0.004853394876343509
2025-05-26,-0.0014166150084260476,135295.83946430468,-0.07087860449251174,178518.21442927417,0.0013015341451738938
2025-05-27,0.0026882473863845124,135659.5481511333,-0.06838089632940482,178336.64622908732,0.0037053323979466257
2025-05-28,0.001269053282961563,135831.70734607958,-0.06719862204742186,179073.2682617375,-0.0028614608218283932
2025-05-29,-0.002060310827879941,135551.85180866503,-0.06912048282667892,181263.15769353524,-0.014289324421337957
2025-05-30,0.0035974481781142487,136039.49257099413,-0.06577169200357984,180148.32766019105,0.009747788090150089
2025-06-03,-0.0051062552021478025,135344.84020435595,-0.07054210016128028,178273.93841382657,0.005298444473444408
2025-06-04,-0.0025148578899031326,135004.46716511034,-0.07287955469402249,179183.194508519,-0.007615188890510688
2025-06-05,8.667553087704505e-05,135016.16874897265,-0.07279919603723865,181705.8512972894,-0.013991970603822096
2025-06-06,0.0035881026001456373,135500.62061512255,-0.06947230442168267,181970.0304214213,0.00213421918227108
2025-06-09,-0.00564789947679345,134735.3267308452,-0.0747278313066813,181149.97335441466,-0.0011413493316543288
2025-06-10,-0.002612577853949971,134383.3202000835,-0.07714517688348572,180016.66726004676,0.0036435980282878977
2025-06-11,0.0020122172843595187,134653.72863971972,-0.0752881924574561,181060.9316826044,-0.0037887145874052064
2025-06-12,-0.003214910349722211,134220.8289738872,-0.07826105801803496,181098.0744322034,-0.00342004985305866
2025-06-13,0.002458665487286238,134550.83309376024,-0.07599481029309615,182052.5906393659,-0.0028120487936644234
2025-06-16,0.0003067516441259688,134592.10678303026,-0.0757113701819727,182712.21533022853,-0.003316512867222343
2025-06-17,0.0027825526297038383,134966.61640369677,-0.07313948842446717,182140.6901226494,0.005910560281223831
2025-06-18,4.2451123920761447e-05,134972.34588825487,-0.07310014215403311,183406.73380343104,-0.006908459624957536
2025-06-19,-0.001766325059828544,134733.9408513286,-0.07473734860089795,182149.17055017242,0.005090365679816994
2025-06-20,0.0032782333667837893,135175.6301518657,-0.0717041217040425,182425.37436788616,0.0017618728097772707
2025-06-23,-0.003292344246902834,134730.58544361376,-0.07476039129837377,180885.13930584557,0.00515075237481194
2025-06-24,0.00232850963299458,135044.3069096782,-0.0726059619566839,181736.66726293828,-0.002379052084681643
2025-06-25,0.0030345451748723384,135454.10495960497,-0.06979174285333407,184013.00219856465,-0.009490912510190963
2025-06-26,0.0023636212503357346,135774.2671605327,-0.06759308284950441,184636.7598675755,-0.0010261265476910475
2025-06-27,-0.00992890633307697,134426.1771794536,-0.07685086379420476,183022.1991666982,-0.0011843816672666707
2025-06-30,0.00013280734138043648,134444.02996265673,-0.07672826281172773,183069.72525637964,-0.0001268665664724833
2025-07-01,0.0020493978479902974,134719.55926833735,-0.07483611170042372,183408.81339884835,0.0001971629031143063
2025-07-02,-0.0029348771838707544,134324.17390761958,-0.07755135408753534,182688.47182835825,0.0009926416585503695
2025-07-03,0.012177593888519134,135959.9191468774,-0.06631814909459895,186986.77704804327,-0.011350465526874048
2025-07-04,0.006652063283657972,136864.33313308345,-0.06010723833557327,188828.23576221438,-0.0031960058859494267
2025-07-07,0.00045107241594344316,136926.06885848628,-0.059683278636841516,188871.99522675032,0.0002193302489984228
2025-07-08,0.011885134595352342,138553.4536164819,-0.048507487841179864,192730.4170281789,-0.008543631441647187
2025-07-09,0.004189333499853065,139133.90024123774,-0.04452136838513361,193624.3754140665,-0.0004490541489264033
2025-07-10,-0.005894035575470968,138313.84008346187,-0.05015299343147392,192136.0227391831,0.0017927686902655948
2025-07-11,0.004620786801949883,138952.95885024653,-0.045763952919650464,193335.42126659214,-0.0016216580572173123
2025-07-14,0.0030272540291449435,139373.60475478755,-0.04287523800137116,194114.0669907281,-0.0010001803594159586
2025-07-15,0.006201712934102543,140237.95984206782,-0.03693942498533437,196145.20410021624,-0.0042619136385412815
2025-07-16,-0.0036972241565296216,139719.4686692773,-0.04050007580747992,195001.07993785053,0.002135822680451066
2025-07-17,0.0006644142904166372,139812.3002809106,-0.03986257034619264,195428.6778135067,-0.001528383184307286
2025-07-18,-0.0017030019791254292,139574.19965682612,-0.04149768628912549,194960.93932310588,0.0006903954261786027
2025-07-21,-0.0019822354757108585,139297.5307267724,-0.04339766357891413,194444.9827028871,0.0006642260258090948
2025-07-22,0.0007664884128257832,139404.30067000972,-0.04266443897236536,194671.67023171906,-0.0003993299368218184
2025-07-23,-0.00338774071337955,138932.03504500972,-0.04590764362882476,193788.81681731992,0.0011473486159936652
2025-07-24,0.009493679489547047,140251.01125655757,-0.03684979659401005,196640.0918025283,-0.005219630762489991
2025-07-25,-0.0029940424980609004,139831.09376845942,-0.039733509235023536,195859.76279311784,0.0009742683497294402
2025-07-28,0.0013760465418097834,140023.507861477,-0.0384121378511905,196275.69760978894,-0.0007475893226452368
2025-07-29,0.008226062429810499,141175.34997878657,-0.030502056065406388,198388.60899670547,-0.00253895541318902
2025-07-30,0.015920072323242662,143422.87176070796,-0.01506757868073253,202579.79859160274,-0.0052060881760573885
2025-07-31,0.0010089462117046644,143567.57772384273,-0.014073834845457383,202331.1065951154,0.0022365710697425656
2025-08-01,-0.01100355632974126,141987.8237952339,-0.024922528940701204,200459.35313560697,-0.0017526136990860253
2025-08-04,-0.00018910968465668532,141960.9725226509,-0.025106925533769083,200807.1031304731,-0.0019238753088422489
2025-08-05,0.013115124728446004,143822.80838385696,-0.012321081265246319,204655.32609939165,-0.0060486543855738095
2025-08-06,-0.004667804458553304,143151.47163764114,-0.016931373325735476,203177.9061193783,0.002551259946815959
2025-08-07,0.008441455864965253,144359.87846747512,-0.00863284290143259,204982.97121423497,-0.00044270447181923855
2025-08-08,0.005828524618634923,145201.28357306594,-0.0028546350201775024,207062.30722911103,-0.004315420522558511
2025-08-11,-0.0014795141028739467,144986.45622626418,-0.004329925650280591,206061.72622529804,0.003352756034567722
2025-08-12,0.0207438883155473,147994.0390814888,0.0,211255.43324364675,-0.0044607293176671114
2025-08-13,0.024011823843174795,151547.64587775344,0.0,216139.78781985072,0.0008912133991787752
2025-08-14,-0.0027169926845778125,151135.8920325386,-0.0027169926845778043,215810.27668838354,-0.001192464809396443
2025-08-15,0.009713022352700884,152603.87833014602,0.0,217538.6269823884,0.0017043662287827
2025-08-18,-0.0023462341685651644,152245.83389655227,-0.0023462341685651666,216657.0785424698,0.0017061424237997669
2025-08-19,0.026163330415643227,156229.0919531929,0.0,222096.3476336486,0.0010579005456813062
2025-08-20,-0.005729499583087216,155333.97743598098,-0.0057294995830872225,221088.33102883847,-0.0011908540107930798
2025-08-21,-0.015097791256888482,152988.77746955032,-0.02074078805126381,218838.12211272313,-0.004919918432737286
2025-08-22,0.003159474264841533,153472.14157477493,-0.017646843772502797,219919.99669659176,-0.0017842465705589783
2025-08-25,0.012656346132133622,155414.53812018508,-0.00521384220329372,224836.7972963103,-0.009700877738244462
2025-08-26,-0.014514014488708038,153158.84926215286,-0.01965218291072127,221780.61704366212,-0.0009211316092190558
2025-08-27,0.0014026664542352574,153373.68004218215,-0.01827708191420737,220154.07502376134,0.008736679866149372
2025-08-28,0.018792423724859786,156255.9432257759,0.0,224537.19298236424,-0.0011168964098225154
2025-08-29,0.028012467214573622,160633.05771247024,0.0,231022.55589251532,-0.0008707784696301291
2025-09-01,0.008002862154100843,161918.58193073486,0.0,232572.9513533495,0.0012918487864039263
2025-09-02,-0.0056977403509897995,160996.01189289306,-0.0056977403509898055,233800.19496094965,-0.010974551779226932
2025-09-03,0.0010017311444061594,161157.28661213134,-0.00470171681054606,232982.03941653128,0.004501110366716354
2025-09-04,-0.006220759687807109,160154.76586017822,-0.010893228247954651,231982.2939883645,-0.0019296760031140836
2025-09-05,0.016263046095509548,162759.37019977783,0.0,234970.12798377028,0.003383468331028844
2025-09-08,-0.022879813511840874,159035.46616230224,-0.022879813511840864,231966.35369865314,-0.010096170284968203
2025-09-09,-0.014408971350122202,156743.9286867163,-0.036959110284574784,228250.73679578037,0.001608941780933626
2025-09-10,0.027563806790118273,161064.38805256103,-0.010414037269475197,234623.81885988734,-0.00035760171691806564
2025-09-11,0.02984375258360461,165871.15379963134,0.0,240379.8280739668,0.005310824758758215
2025-09-12,0.012828042898777037,167998.95607624267,0.0,241704.14180159333,0.00731878807387118
2025-09-15,-0.011365913445089304,166089.49448261474,-0.011365913445089278,238948.7799124579,3.381627653550878e-05
2025-09-16,-0.002190472948400801,165725.679937937,-0.013531489667554762,237847.6483668969,0.002417759602376085
2025-09-17,0.007309770135987437,166937.09656391357,-0.006320631610634531,238934.74593479396,0.0027392075285314343
2025-09-18,0.016283627197757777,169655.43800983642,0.0,239762.84893139184,0.012817814833975871
2025-09-19,0.010252134043868377,171394.76830158447,0.0,241923.38697483877,0.0012409880173830101
2025-09-22,0.02108342483500536,175008.35701618408,0.0,244620.92885370436,0.009933027543543138
2025-09-23,0.0023523482537994855,175420.03761921142,0.0,246311.49748887867,-0.004558624748781603
2025-09-24,-0.01046147120517038,173584.88594684814,-0.010461471205170358,244887.75594741353,-0.004681223202214618
2025-09-25,-0.003040345495774588,173057.1279207251,-0.01347001021408714,243486.08995297246,0.0026833624495996855
2025-09-26,-0.016226200712571304,170249.06822834228,-0.029477643837324277,241717.2071798549,-0.008961380067337626
2025-09-29,0.00816770478034523,171639.61235676025,-0.021550703749462382,242256.400130418,0.005937028045105791
2025-09-30,-0.004830852493948767,170810.4467073462,-0.026277447972456753,240402.89390588994,0.002820157855128791
2025-10-09,0.012734177004836145,172985.57716999267,-0.013877892641337207,243984.36301291554,-0.0021636016734338237
2025-10-10,-0.010211322929196132,171219.1655794165,-0.023947503927195923,243109.92105234074,-0.006627314717454563
2025-10-13,-0.01709352073781978,168292.42722187255,-0.0406316775100171,239913.99924427684,-0.003947525731816559
2025-10-14,-0.0185993968115431,165162.2895875952,-0.05847534962843273,237817.41845519404,-0.009860512062479093
2025-10-15,0.020413285519253588,168533.79456196044,-0.03925573811698247,241330.52980518187,0.005640980896622794
2025-10-16,0.001575199325144272,168799.26888141845,-0.037742374404028084,242630.99748922713,-0.0038135415237450787
2025-10-17,-0.019655183979236046,165481.48819599365,-0.056655725070539696,238860.92453230324,-0.004116885097654482
2025-10-20,0.011214867053990885,167337.3410860083,-0.04607624444106227,240747.8204851519,0.0033153081096249093
2025-10-21,0.03184526777298191,172666.24352131103,-0.0156982870102794,245314.2047265799,0.012877767954184466
2025-10-22,-0.011492989327125724,170681.79222736572,-0.027010856092341794,244171.20010727507,-0.006833639818283388
2025-10-23,-0.005945253222253366,169667.045752146,-0.032795522935376346,244330.18052204346,-0.006596355459939529
2025-10-24,0.01670690449753942,172501.65688190673,-0.016636530107465193,247230.19574162195,0.004837657671861756
2025-10-27,0.02905805458127686,177514.2194429419,0.0,252660.80044132512,0.007092272111167058
2025-10-28,0.00541301507570191,178475.10658893798,0.0,253665.5725691227,0.0014362520557060776
2025-10-29,0.0341378128458536,184567.85637531494,0.0,258704.81272641182,0.014272128644991389
2025-10-30,-0.01227133145253001,182302.96303425048,-0.012271331452530062,257920.2821135185,-0.009238799492164246
2025-10-31,-0.02751430083543327,177287.02446613525,-0.03944799518272708,252693.36178936085,-0.007248657973515316
2025-11-03,0.012893251952856177,179572.8307405493,-0.027063356170796842,255361.67192416824,0.002333773397849098
2025-11-04,-0.007360314410848279,178251.11824665283,-0.03422447577121529,255250.1644228819,-0.006923649423318412
2025-11-05,0.010092232457706851,180050.06996784423,-0.024477644678734728,256757.67111892105,0.0041862354941099855
2025-11-06,0.0066766477241984035,181252.2008577368,-0.017964425565174295,258683.79433263437,-0.0008250686035730093
2025-11-07,-0.01874856005806369,177853.9830842993,-0.03637617851162069,255268.9514051021,-0.005547721805547384
2025-11-10,-0.00414549321686708,177116.69060383056,-0.040370874527212275,255297.0703196279,-0.004255647289154452
2025-11-11,-0.01770502312259914,173980.8355012915,-0.05736113038282759,252353.93909955476,-0.006176762275780928
2025-11-12,0.006804696134139476,175164.7222200415,-0.05094675931085399,255168.98570186016,-0.004350456079255827
2025-11-13,-0.0029299900658728006,174651.4913240454,-0.05372747587805759,253570.76557745165,0.003333389161083361
2025-11-14,-0.01969703697486036,171211.3744417212,-0.07236624077398189,249513.8626452762,-0.003697941326208848
2025-11-17,0.0020926056708245877,171569.6523347876,-0.07042506910897726,248798.58247584346,0.004959300778861919
2025-11-18,-0.0020570191365592017,171216.73027668212,-0.07233722253068581,248833.1161954902,-0.002195821051357627
2025-11-19,0.0017774841365143512,171521.06529865478,-0.07068831665969927,249382.86855890768,-0.000431837403250368
2025-11-20,0.005536965775351899,172470.77156696533,-0.06554274967440937,250924.65915250615,-0.0006454580715943292
2025-11-21,-0.025942127838072926,167996.51276264404,-0.08978455912156996,246486.43016993793,-0.008254631529187734
2025-11-24,-0.025541549614970793,163705.6214967749,-0.11303287196507887,241735.54641938454,-0.006267126486371261
2025-11-25,0.003920001629957648,164347.34779987548,-0.10955595937746314,242190.70718845597,0.0020371144178231715
2025-11-26,0.014643792580216308,166754.01627216552,-0.09651648154229703,245496.6976884165,0.000993431927080124
2025-11-27,0.007192948027437307,167953.46924457763,-0.09001777155038465,246816.249548917,0.0018179190640119358
2025-11-28,0.0025054718458112912,168374.27193317626,-0.08773783669681547,246768.21074569487,0.0027001057214573743
2025-12-01,-0.004588313922568199,167601.71791706298,-0.09192358188173166,245777.90197707055,-0.0005752007033583417
2025-12-02,0.008934138818917914,169099.09493122314,-0.08381070110407735,248745.58724288578,-0.0031405238824184223
2025-12-03,0.004893495480119858,169926.58058796142,-0.07932733291099607,249555.893369947,0.0016359256231317787
2025-12-04,-0.001969274668141008,169591.94847736572,-0.08114039027194431,248683.80124025262,0.0015253017087894505
2025-12-05,-0.0008764255684489131,169443.31375751708,-0.08194570232772497,247909.16781972765,0.002238507598334355
2025-12-08,0.011353729967199966,171367.12738666747,-0.07152236173672652,248909.02080684336,0.00732058752269471
2025-12-09,0.02110451584075501,174983.74764118408,-0.051927290712212484,252646.36454391357,0.006089617124125424
2025-12-10,-0.014443719850089631,172456.33141193603,-0.06562098732268076,249648.31778537575,-0.0025771459377754713
2025-12-11,-0.016443477819192975,169620.54955158447,-0.0809854278923597,245963.37624339116,-0.0016829475874108046
2025-12-12,-0.0028670588826478216,169134.23744831298,-0.08362029678460374,245862.7871604774,-0.002458099286914206
2025-12-15,-0.011879607478437415,167124.9890962622,-0.09450652796000958,243196.53826095405,-0.001035148541334907
2025-12-16,-0.0018254192119517842,166819.91593036865,-0.09615943314016834,242615.615792693,0.000563276253925743
2025-12-17,0.014599840739210723,169255.46013508056,-0.0829635048103768,245117.29048768873,0.004288572493668957
2025-12-18,-0.018163490055149945,166181.1902681372,-0.09962008807096306,241527.0732350266,-0.003516554110651715
2025-12-19,-0.0005782881702798282,166085.08965168212,-0.10014076712278917,240919.85129130262,0.0019358065669716762
2025-12-22,0.011979815042808983,168074.75830707763,-0.08936061994835617,241836.8274973433,0.00817366872018016
2025-12-23,0.012804157876131317,170226.81404743408,-0.07770064955795253,244738.6777936603,0.0008049502850175361
2025-12-24,0.010491073213039881,172012.67601642822,-0.06802473954812596,246449.48767776293,0.0035007196672672547
2025-12-25,0.007855710227728796,173363.95775470947,-0.060703411962603995,247166.76161132724,0.004945280425975113
2025-12-26,-0.01438551417803835,170870.02808246826,-0.07421567634719899,244922.52253445706,-0.0053056562625178605
2025-12-29,0.0065263594673588,171985.18730793212,-0.06817367506179524,245484.47618435166,0.0042319455274748286
2025-12-30,-0.004489125352364454,171213.12424335693,-0.07235676024107597,244292.4047932398,0.00036686965652835135
2025-12-31,-0.012623757262090196,169051.7713228247,-0.08406710332561156,241812.77730882767,-0.0024735133913861007
2026-01-05,0.009518297681336163,170660.8564058325,-0.07534898135893621,243719.9959709063,0.0016311269399703066
2026-01-06,0.002274369392147202,171049.00223407958,-0.07324598338372117,244613.37356427519,-0.0013912206625790735
2026-01-07,-0.0037802119729478667,170402.40074787353,-0.07674931001331155,243478.46026485937,0.0008594088412329226
2026-01-08,-0.010158946403358016,168671.29189167236,-0.08612856428974958,241421.25403091926,-0.001709713433417831
2026-01-09,0.002112170865032459,169027.55448017333,-0.084198311668857,242200.42968979315,-0.0011152817550839633
2026-01-12,-0.004953685023200927,168190.24521503662,-0.08873490477656513,241199.23253823447,-0.000819930376931316
2026-01-13,-0.012299614815881377,166121.56998310302,-0.09994311444297088,237638.49795523347,0.0024630133464473014
2026-01-14,0.004786956631697592,166916.78673420165,-0.09563458116574858,237072.71521809444,0.007167811341718566
2026-01-15,0.004362304109217341,167644.92851886962,-0.09168946418293382,236773.88588417397,0.005622800635127462
2026-01-16,0.013797015786740419,169957.92824421142,-0.0791574893810032,238167.66352350166,0.007910481323182506
2026-01-19,-0.010573187664010608,168160.93117389892,-0.08889373005477655,237186.39138840168,-0.006453097973483868
2026-01-20,-0.004121075212756731,167467.92732868408,-0.09264846752003504,237723.86994961373,-0.006387135074226169
2026-01-21,0.007971690693227673,168802.92984638427,-0.08541534175307866,237304.62113750548,0.009735286465907628
2026-01-22,0.005829273758905407,169786.92833576415,-0.0800839774044624,237695.48141967403,0.004182191286195874
2026-01-23,-0.015248518843014147,167197.92915973876,-0.09411133420900107,233413.65154116045,0.0027654116403911244
2026-01-26,-0.005346969044306427,166303.9270082495,-0.09895509286257356,231861.95611612644,0.0013008658821797026
2026-01-27,0.008803175220151616,167767.92961750244,-0.09102303666381753,232903.06341072932,0.004312972031831203
2026-01-28,-0.0028611128274529385,167287.92664203857,-0.09362372231347796,232314.93745126732,-0.0003359165039300005
2026-01-29,-0.012069011214366543,165268.92677936767,-0.10456278777331243,232953.18854685008,-0.014816364021659395
2026-01-30,1.8163034859686178e-05,165271.928564646,-0.10454652391601207,233215.4452356105,-0.0011076283329096992
2026-02-02,-0.004931501606987854,164456.88978333946,-0.10896245417230312,228632.7117159441,0.01471871287617632
2026-02-03,0.00010946063992944843,164474.89133973594,-0.10886492063233569,228078.55118276598,0.0025332631177948095
2026-02-04,0.0034655634322198203,165044.88950868126,-0.10577663548811082,229680.3820205382,-0.003557590781385289
2026-02-05,0.0011633187641622023,165236.8893255758,-0.10473636866882187,231385.08814776494,-0.00625876105053591
2026-02-06,-0.0016521662379914703,164963.89051576133,-0.1062154930146089,230963.42090377057,0.00017019512232696599
2026-02-09,-0.0006910553313757006,164849.89133973594,-0.10683314756326213,231217.53782388562,-0.001791302803987177
2026-02-10,0.0018744303152269381,165158.890973525,-0.10515896853849892,232543.38335901298,-0.0038597607310303095
2026-02-11,-0.0009082163189388925,165008.890973525,-0.10597167776612834,231267.75685333146,0.004577325721671022
2026-02-12,0.00019999033331341565,165041.89115663047,-0.10579288074397317,230625.48196866753,0.002977181989438832
2026-02-13,-0.001363290243605264,164816.89115663047,-0.1070119445854173,228794.06182613046,0.0065778103100007645
2026-02-24,0.0008554831753171399,164957.88923402305,-0.10624800832825093,231174.620042551,-0.00954932452563434
2026-02-25,0.00032735682908824337,165011.8893255758,-0.105955432510266,232956.95106343238,-0.007382533731360719
2026-02-26,-0.0008181173188454016,164876.89024110313,-0.106686865854749,233192.6998444557,-0.0018301016358924227
2026-02-27,-0.0011099201521684865,164693.89005799766,-0.10767837210453358,230691.38133587767,0.009616481275691369
2026-03-02,-0.0021676622751224395,164336.8893255758,-0.10961262403459839,231593.10489353913,-0.006076449644810078
2026-03-03,-0.0016247101791343477,164069.88950868126,-0.11105924546770206,231151.9786184454,0.0002800368352317284
2026-03-04,-0.0007313844685619131,163949.89133973594,-0.11170940292903866,229190.60724017114,0.007753818167370585
2026-03-05,0.00020126816808141434,163982.88923402305,-0.11153061830784217,231408.6664452891,-0.009476524616828269
2026-03-06,0.0004573647918408863,164057.88923402305,-0.11112426369402746,230918.01848259056,0.002577630943647019
2026-03-09,-0.0020297584946500358,163724.89133973594,-0.1129284667704828,228330.34524361463,0.009176267158870072
2026-03-10,0.002180477511282808,164081.88978333946,-0.11099422724137667,230937.77177324487,-0.009239058191903016
2026-03-11,0.0014444023954816032,164318.89005799766,-0.10971014517360714,232073.16753165444,-0.0034720551839410307
2026-03-12,1.8261082874060364e-05,164321.8906988668,-0.10969388751678612,230962.1975531324,0.004805415023755533
2026-03-13,-0.0009858715352483172,164159.8904242086,-0.11057161497074094,231204.57723416603,-0.0020353059604547863
2026-03-16,-0.0004020492828082922,164093.89005799766,-0.11092920901505127,231031.70777323793,0.00034564119545169025
2026-03-17,-7.313053919288937e-05,164081.88978333946,-0.11099422724137667,229326.88678554533,0.007306034009795903
2026-03-18,0.0008410417842212858,164219.88950868126,-0.11024653624007263,230584.10937612623,-0.004641187570580074
2026-03-19,-0.0019364235874809177,163901.89024110313,-0.11196947583434023,228433.63891370792,0.0073897631486158355
2026-03-20,-0.001610714651533618,163637.89106507774,-0.11339983961062289,226068.26231583583,0.008744050124444097
2026-03-23,-0.003208303386110112,163112.89106507774,-0.11624432190732586,219053.16777987446,0.027822565184731918
2026-03-24,0.0015817277311487299,163370.8912481832,-0.11484646104372657,222217.1188857661,-0.01286203100541089
2026-03-25,0.0010466975306360204,163541.89115663047,-0.11391997302026738,224523.54288280846,-0.009332448813296174
2026-03-26,-0.0008805145034195272,163397.8901495504,-0.11470017933521344,223745.6462154488,0.0025841407277057415
2026-03-27,0.0008445624678230512,163535.8898748922,-0.1139524883339094,223464.65166681094,0.002100428462941728
2026-03-30,-0.00491635256436862,162731.88978333946,-0.11830861029004144,220931.76113346277,0.0064182836497057305
2026-03-31,0.007834973229263964,164006.88978333946,-0.11140058185519137,226669.6835290387,-0.018136495816826304
2026-04-01,3.266729995776707e-05,164012.24744560313,-0.11137155371145664,228782.51994263357,-0.00928854575641544
2026-04-02,0.0,164012.24744560313,-0.11137155371145664,227690.32251616687,0.0047739548753135685
2026-04-03,0.0,164012.24744560313,-0.11137155371145664,226324.95156332952,0.005996613899742764
2026-04-07,0.0,164012.24744560313,-0.11137155371145664,226341.00994231098,-7.095275563093195e-05
2026-04-08,0.0,164012.24744560313,-0.11137155371145664,231714.77901787113,-0.023741915249604062
2026-04-09,0.0,164012.24744560313,-0.11137155371145664,229299.38961388162,0.010423976468946883
2026-04-10,0.0,164012.24744560313,-0.11137155371145664,231021.93419800157,-0.007512207455155351
2026-04-13,0.0,164012.24744560313,-0.11137155371145664,229542.66725380518,0.0064031450058268935
2026-04-14,0.0,164012.24744560313,-0.11137155371145664,233375.8133975547,-0.016699057258540956
2026-04-15,0.0,164012.24744560313,-0.11137155371145664,233389.86767093127,-6.022163638974565e-05
2026-04-16,0.0,164012.24744560313,-0.11137155371145664,235181.14197192196,-0.007675030278162354
2026-04-17,0.0,164012.24744560313,-0.11137155371145664,236886.87178687338,-0.007252834137335323
2026-04-20,0.0,164012.24744560313,-0.11137155371145664,239036.62339659067,-0.009075013712247448
2026-04-21,0.0,164012.24744560313,-0.11137155371145664,241677.17559410393,-0.01104664281143325
2026-04-22,0.0,164012.24744560313,-0.11137155371145664,245790.4162325865,-0.017019565990752522
2026-04-23,0.0,164012.24744560313,-0.11137155371145664,247387.91959807888,-0.006499453436706493
2026-04-24,0.0,164012.24744560313,-0.11137155371145664,244005.12536770687,0.01367404777027062
2026-04-27,0.0,164012.24744560313,-0.11137155371145664,245681.52292041408,-0.006870337457792947
2026-04-28,0.0,164012.24744560313,-0.11137155371145664,247785.2548754188,-0.008562841560072032
2026-04-29,0.0,164012.24744560313,-0.11137155371145664,247113.49069707893,0.002711074065636282
2026-04-30,0.0,164012.24744560313,-0.11137155371145664,245122.99179801095,0.008054998913466949
2026-05-06,-0.0004920069991628528,163931.55227191147,-0.11180876512668582,244651.50460212323,0.001431464938044219
2026-05-07,-0.00014642453354196672,163907.54867083725,-0.11193881811394817,244415.17069760468,0.0008195777189390907
2026-05-08,-0.0009029384524683604,163759.55024249252,-0.11274068270321758,244317.08255798102,-0.0005016207300713449
2026-05-11,0.005269916483400694,164622.54939562973,-0.10806490020194436,247657.20801514233,-0.008401356201220567
2026-05-12,-0.003498906319903572,164046.55051715072,-0.11118569755957157,245721.00028515008,0.004319189286963954
2026-05-13,0.012039251693836572,166021.54822833237,-0.10048503846340955,252323.64339413875,-0.014831235978468721
2026-05-14,-0.001861196232731066,165712.54954821762,-0.10215921232110665,251723.47374623633,0.0005173745576603217
2026-05-15,0.00019915263233882818,165745.55163867172,-0.10198040496481926,251261.65124633277,0.0020337948015038687
2026-05-18,0.002003066712774171,166077.55103594955,-0.10018161180658526,253923.44901195535,-0.008590661985653364
2026-05-19,-0.001679947805656501,165798.5494185179,-0.10169325973332011,253395.47696882873,0.0003993089356212898
2026-05-20,-0.0021592422291191182,165440.55018908676,-0.10363292158160624,251439.95423592016,0.005558033376195287
2026-05-21,-0.006401092143270115,164381.5499830931,-0.10937064984475622,246907.0607395193,0.011626645374323202
2026-05-22,0.00013383687407397815,164403.55029589828,-0.10925145079657289,246824.63412157248,0.0004676734913823255
2026-05-25,0.005608152137900113,165325.5504179686,-0.10425599741602626,250015.40544322017,-0.007319128532456781
2026-05-26,0.0020747003915893014,165668.5514021605,-0.10239759698310143,250997.50242916675,-0.0018534454928836042
2026-05-27,0.0017142582446159071,165952.55008227524,-0.10085887466334255,251948.79610713944,-0.002075794121507213
2026-05-28,0.006809165615514257,167082.54848010238,-0.09473647382920533,255861.87855740206,-0.008722095143511577
2026-05-29,0.004027959095426192,167755.5501509398,-0.09109010937520816,257881.5306859287,-0.003865565879508731
2026-06-01,0.002247814637959422,168132.633532168,-0.08904704841847572,258783.1008633541,-0.0012482487483069515
2026-06-02,0.017634876602774296,171097.63177740725,-0.0729825055264025,266424.202907342,-0.011892175273857386
