trade_date,open,high,low,close,volume
2021-01-04,16.063548215387495,16.080358663768948,15.811372250239808,15.887024879455566,55780608
2021-01-05,15.844993838296741,15.88702235750689,15.7273110985949,15.878616333007812,48757746
2021-01-06,15.786152661484895,16.147602081298828,15.744122540609895,16.147602081298828,52294118
2021-01-07,16.23166195472826,16.450213790050952,15.996299673061742,16.16441535949707,62097458
2021-01-08,16.214853188724277,16.349346393124147,16.055141907267387,16.256881713867188,57476307
2021-01-11,16.26528534294756,16.324125910791967,16.013109419390524,16.055139541625977,56735041
2021-01-12,16.055142914878246,16.10557746887207,15.828185016977683,16.10557746887207,48818342
2021-01-13,16.071952857120433,16.349345272594284,15.929053636828728,16.324127197265625,56515430
2021-01-14,16.240069995160802,16.48383993518241,16.105576788005948,16.12238883972168,44384843
2021-01-15,16.05514345623881,16.24007122930876,15.996302874047718,16.139202117919922,35074136
2021-01-18,16.139198182811654,16.18122670176188,15.954268851546116,16.055139541625977,39875611
2021-01-19,16.097168117009076,16.37456051159463,16.07195164686463,16.307313919067383,49734502
2021-01-20,16.19803875065606,16.19803875065606,16.013109419390524,16.055139541625977,36650589
2021-01-21,16.01311000315738,16.130792746421612,15.979487507428518,16.08035659790039,37561108
2021-01-22,16.004706334859232,16.004706334859232,15.887023586056936,15.895429611206055,28348939
2021-01-25,15.861808405240641,15.987895586171739,15.550791862544141,15.887024879455566,46984145
2021-01-26,15.777748306717559,16.013110595379995,15.702095684423105,15.962676048278809,34066460
2021-01-27,16.00470836088442,16.17282407529236,15.95427220360503,16.10557746887207,39582942
2021-01-28,16.433401486905495,17.030216413249946,16.273691827748554,16.811664581298828,109097282
2021-01-29,16.643546007509336,16.93775043559506,16.30731306253357,16.54267692565918,70772821
2021-02-01,16.626737342264512,16.626737342264512,16.240068211693778,16.33253288269043,132064711
2021-02-02,16.542679497680517,16.61833212247302,16.231662973168515,16.3997802734375,134633414
2021-02-03,16.475432005165143,16.57630109723052,16.24847414309008,16.374561309814453,92892049
2021-02-04,16.265286737579633,16.458620506584023,16.223256611740396,16.408185958862305,96214207
2021-02-05,16.416591528752356,16.52586664633314,16.25688026156323,16.33253288269043,54269017
2021-02-08,16.357748582511423,16.836882361475055,16.33253211218219,16.391372680664062,76477062
2021-02-09,16.416593439286924,16.492246069218446,15.996301763349797,16.20644760131836,68625730
2021-02-10,16.21485341018926,16.635145080500617,16.164417255386347,16.55108642578125,72887266
2021-02-18,16.693983864607926,16.769636485400465,16.408185431232855,16.500648498535156,70000872
2021-02-19,16.517458921936527,16.895721988653495,16.45861835673281,16.794851303100586,90788463
2021-02-22,16.719201122080868,16.719201122080868,16.391374152090386,16.441808700561523,84434854
2021-02-23,16.47543214227076,16.736012502774347,16.44180804244561,16.584707260131836,68130716
2021-02-24,16.6939848601487,16.70239088554753,16.39137435893246,16.48383903503418,60547590
2021-02-25,16.525865920756814,16.74441774960807,16.47543137664814,16.64354705810547,65349837
2021-02-26,16.593112606368994,16.803258411824455,16.48383749297767,16.601518630981445,68862551
2021-03-01,16.643550188266072,16.66876826670581,16.43340434445824,16.53427505493164,47855230
2021-03-02,16.559490111204457,16.878911030051242,16.49224351759012,16.601518630981445,57678248
2021-03-03,16.584707600907638,16.853693991894538,16.551085103676954,16.836883544921875,56249843
2021-03-04,16.76963741138164,17.299204182885564,16.76963741138164,17.038623809814453,92043597
2021-03-05,16.937753883110805,17.080653114221903,16.593114843952062,16.97978401184082,64137470
2021-03-08,16.920941831618798,17.24877042257101,16.836884780729722,16.97978401184082,78175468
2021-03-09,17.105869175886188,17.719494553472032,16.89572336685389,17.02181053161621,126622763
2021-03-10,16.820072405189954,17.038624260519086,16.651955100079718,16.72760772705078,89849617
2021-03-11,16.7780426005077,17.10587119145991,16.73601407506316,16.97978401184082,77301894
2021-03-12,17.030218172286574,18.467614872878165,16.98818804452091,17.921236038208008,207504593
2021-03-15,17.92123520984703,18.257468200003704,17.4421029984631,17.60181427001953,122706239
2021-03-16,17.601815290701207,17.736308494562774,17.36645138230074,17.576597213745117,76341021
2021-03-17,17.62703117083128,17.652249246938226,17.105870424237693,17.164710998535156,80167137
2021-03-18,17.13108465526653,17.341230452134933,17.00499749780253,17.173114776611328,70928273
2021-03-19,17.03862184036479,17.38326082393159,16.946157175359236,17.206737518310547,67477930
2021-03-22,17.19833225620653,17.938046402467087,17.189927834729165,17.82876968383789,101953321
2021-03-23,17.778336577699243,18.022106505693422,17.475727678174067,17.627031326293945,88793104
2021-03-24,17.610220619734868,17.677467219005536,17.299204096054655,17.467321395874023,65449875
2021-03-25,17.484132545239643,17.71109042812284,17.349639341298218,17.70268440246582,50522985
2021-03-26,17.568190396625965,17.786742243876365,17.45050924937013,17.509349822998047,61999526
2021-03-29,17.425290320350054,17.94645263878092,17.400073849050134,17.870800018310547,70832609
2021-03-30,17.845580957534803,18.04732073321206,17.711087773749966,18.022104263305664,49654596
2021-03-31,18.022104263305664,18.072538806403674,17.862393006329214,18.022104263305664,35827789
2021-04-01,17.996888351977063,18.265874751858533,17.929641752006695,18.18181610107422,30377733
2021-04-02,18.156600031141085,18.156600031141085,17.70268426880197,17.75312042236328,54592043
2021-04-06,17.753119173914754,17.828770192365837,17.517755283703085,17.610219955444336,41859407
2021-04-07,17.753119778436186,17.811960352171383,17.610220555099826,17.761524200439453,37909913
2021-04-08,17.6606540444703,17.73630666424606,17.433696185143013,17.53456687927246,34768000
2021-04-09,17.534567218794987,17.6438423365396,17.4421025476597,17.526161193847656,23521115
2021-04-12,17.48413164964733,17.946453417389172,17.47572722770627,17.811960220336914,65645637
2021-04-13,17.74471620287187,17.853991340139448,17.526164325051102,17.669063568115234,37492201
2021-04-14,17.694276421652003,17.719494495836557,17.40847799403486,17.45050811767578,53201843
2021-04-15,17.45051128298845,17.46732333549432,17.047031642560935,17.08065414428711,57600278
2021-04-16,17.14789695086527,17.324420256486313,17.080650359029924,17.206737518310547,24951468
2021-04-19,17.15630352405403,17.34963728135439,17.147897499395068,17.2403621673584,32216369
2021-04-20,17.181523606963516,17.341233284301914,17.156305530038026,17.32442283630371,23126559
2021-04-21,17.27398702184397,17.358045676628358,17.206740418673558,17.316017150878906,23863841
2021-04-22,17.316016935159954,17.358045460385824,17.080653025352877,17.147899627685547,37710976
2021-04-23,17.1394923745876,17.147898399687893,16.828477462303493,17.131086349487305,49810967
2021-04-26,17.11427473945394,17.18992735692974,16.946157455444336,16.946157455444336,31879803
2021-04-27,16.90413440854069,17.03022161072408,16.870510299539376,16.912540435791016,22683243
2021-04-28,16.937756914256237,16.979787050507877,16.78645163032186,16.912540435791016,28506691
2021-04-29,16.887319805876377,16.971378462410105,16.7864490973788,16.920942306518555,34505740
2021-04-30,16.92094072156645,16.937752771955545,16.64354830328783,16.786447525024414,48161564
2021-05-06,16.727606159073453,16.870505374036732,16.702389687970417,16.719200134277344,51696523
2021-05-07,16.727607372869063,16.78644794742615,16.55108564919779,16.609926223754883,43386527
2021-05-10,16.601521660818726,16.67717429285239,16.44181037060482,16.53427505493164,38721977
2021-05-11,16.509054324230476,16.769636283054002,16.408185233247746,16.719200134277344,34332839
2021-05-12,16.68558042283388,16.786449530649442,16.55949323642165,16.61833381652832,24864161
2021-05-13,16.559491674603862,16.710795322056917,16.500649496761362,16.609926223754883,29963882
2021-05-14,16.601520428674913,16.618332479720305,16.43340312479188,16.5174617767334,42437336
2021-05-17,16.52586757297958,16.727607372869063,16.492245074640703,16.609926223754883,62956889
2021-05-18,16.60152108395996,16.63514518737793,16.525868454555024,16.63514518737793,27127892
2021-05-19,16.635144285642298,16.64354870775572,16.467026984236522,16.48383903503418,28453636
2021-05-20,16.45862005014066,16.49224414987956,16.231662186759056,16.33253288269043,60053208
2021-05-21,16.35774870115817,16.50905393737201,16.324126206046905,16.475431442260742,33774281
2021-05-24,16.48383984264092,16.517462342598126,16.256881955609202,16.290504455566406,35296840
2021-05-25,16.256881078798376,16.677172726950797,16.122387879652436,16.651954650878906,62591307
2021-05-26,16.601519612739477,16.60992563784903,16.31572117215607,16.324127197265625,79505692
2021-05-27,16.340938568115234,16.408185162910552,16.298908444314858,16.340938568115234,55929770
2021-05-28,16.349347289563546,16.5510871072248,16.29050510653749,16.53427505493164,50076336
2021-05-31,16.593112387270708,16.69398307800293,16.43340112831354,16.69398307800293,47957240
2021-06-01,16.69398611175594,16.8705078485096,16.57630335063464,16.752826690673828,44219888
2021-06-02,16.79485160995951,16.853692176238305,16.567893765782582,16.660358428955078,37983807
2021-06-03,16.660361125663773,16.836884456358067,16.584708498692713,16.72760772705078,35400694
2021-06-04,16.727607143363198,16.828477843566677,16.618332021154362,16.702390670776367,31669907
2021-06-07,16.702391584376798,16.702391584376798,16.52586825018644,16.593114852905273,34970285
2021-06-08,16.618329911123134,16.727605019457297,16.567893765782582,16.660358428955078,37369707
2021-06-09,16.702392582618405,17.089060170540048,16.668768477606662,17.08065414428711,71481128
2021-06-10,17.089060170540048,17.316018069512612,17.030219590055065,17.08065414428711,57558070
2021-06-11,17.10587175540638,17.509351384803583,17.08065367733698,17.39167022705078,71395916
2021-06-15,17.39166659774869,17.44210114007725,17.114274210013807,17.173114776611328,42807518
2021-06-16,17.173117704792347,17.30761090945769,16.99659437161567,17.147899627685547,41239615
2021-06-17,17.181523730494614,17.416886037016226,17.097465076757413,17.147899627685547,42176995
2021-06-18,17.206738933800818,17.248769059208723,16.862099921882734,16.8789119720459,51320376
2021-06-21,16.912535710409525,16.92934615692756,16.643547723411864,16.76123046875,50894810
2021-06-22,16.744419897414947,17.080652906743467,16.744419897414947,16.937753677368164,35805943
2021-06-23,17.02181175909105,17.131086882222355,16.853694458427842,17.038623809814453,40278201
2021-06-24,17.06384097394834,17.189929756196882,17.00500039731794,17.147899627685547,25744638
2021-06-25,17.181524183952245,17.416886496685578,17.06384142430007,17.349639892578125,49038854
2021-06-28,17.500944151218008,18.030512531136537,17.46732165273095,17.627031326293945,65612385
2021-06-29,17.62703198004885,17.62703198004885,17.114277235284824,17.231958389282227,43255849
2021-06-30,17.240364762135577,17.408480470761457,17.139494054331642,17.349639892578125,22981375
2021-07-01,17.358044143849995,17.610220085935104,17.156304352153114,17.559783935546875,28521680
2021-07-02,17.42529195257431,17.442104003872576,17.02181234112866,17.063840866088867,41188859
2021-07-05,17.063841541640233,17.14790019817396,16.845291279252272,16.920942306518555,36482454
2021-07-06,16.895724585236348,17.41688533137857,16.76963741138164,17.038623809814453,39685027
2021-07-07,17.05543610383587,17.17311725400761,16.904130851737673,17.072246551513672,30192904
2021-07-08,17.139493152081158,17.18992930497084,16.845290276651802,17.072246551513672,35703604
2021-07-09,17.03021802739103,17.14789917756277,16.97137745230516,17.072246551513672,27799423
2021-07-12,17.131086888493257,17.16471098995237,16.736013316061122,16.77804183959961,55671169
2021-07-13,16.73601252976771,16.988186865721744,16.660359908324434,16.971376419067383,33766332
2021-07-14,16.98818588256836,17.030216004985185,16.75282361017508,16.98818588256836,37805654
2021-07-15,16.904130273510724,17.09746404311834,16.786447524079044,17.047029495239258,33177823
2021-07-16,17.073147059267434,17.073147059267434,16.698773871235986,16.794544219970703,53981418
2021-07-19,16.77713041886605,16.916431832631723,16.672653528239874,16.89031219482422,30581683
2021-07-20,16.881606361798,16.925139093315558,16.716186963843008,16.794544219970703,25392895
2021-07-21,16.733600411140838,16.79454624260537,16.542061351207494,16.55076789855957,56025125
2021-07-22,16.53335251565201,16.611709770372002,16.359226574521717,16.40275764465332,52133231
2021-07-23,16.45499682969584,16.507234450954698,16.219925043124917,16.359228134155273,41983289
2021-07-26,16.272162773654628,16.472408353226214,16.254749681360437,16.40275764465332,42187908
2021-07-27,16.40275842328538,16.411464969845774,15.83684618169152,15.958734512329102,54495540
2021-07-28,15.845552032870936,16.385344611094858,15.845552032870936,16.333106994628906,57849096
2021-07-29,16.272162447191647,16.428876953487514,16.150272464181608,16.18509864807129,38512311
2021-07-30,16.19380540430288,16.54205894470215,16.089328511881163,16.54205894470215,44409713
2021-08-02,16.515942188988454,16.576888022223645,16.176395135413184,16.454998016357422,55085576
2021-08-03,16.376639754408295,16.533354280577452,16.298282491323715,16.437583923339844,36380490
2021-08-04,16.402760252528957,16.777133493356335,16.263458813235626,16.59429931640625,42254412
2021-08-05,16.559473318924855,16.716187839388496,16.454996418414428,16.67265510559082,34706394
2021-08-06,16.629125006244536,16.646538100783363,16.4375842875256,16.58559226989746,34953841
2021-08-09,16.559471409458396,16.890311845151665,16.542058317947223,16.84678077697754,41614432
2021-08-10,16.84678240557957,17.03832144890741,16.742305507016408,17.02090835571289,37597080
2021-08-11,16.977376379051094,17.107971249846095,16.933845308987383,17.038320541381836,26019006
2021-08-12,17.012204491844045,17.290807357279498,16.97737830336258,17.142799377441406,32114698
2021-08-13,17.142797026292033,17.2211542790245,17.012202158605874,17.06443977355957,20331596
2021-08-16,17.09926847074785,17.212451934814453,17.020911198887664,17.212451934814453,21945635
2021-08-17,17.247273522710177,17.36916351402461,16.925139602802794,17.090559005737305,29365833
2021-08-18,16.97737830336258,17.229863188041,16.968671756242212,17.142799377441406,29307686
2021-08-19,17.04702833325002,17.36916392131514,17.0296152397105,17.34304428100586,35463186
2021-08-20,17.386579758682675,17.473643587831603,17.029619553716053,17.2821044921875,41924218
2021-08-23,17.299513144644333,17.656473257882134,17.282100051168346,17.412694931030273,47135688
2021-08-24,17.473643587831603,17.54329431902986,17.238571747310825,17.2821044921875,35559914
2021-08-25,17.34304482135064,17.351751368391664,17.125386127137208,17.177623748779297,29716902
2021-08-26,17.17762252371661,17.229861802237185,16.968670391446114,16.97737693786621,21795879
2021-08-27,17.003498077392578,17.19503713372291,16.907727718925376,17.003498077392578,20067554
2021-08-30,16.90772796760732,16.95996559090135,16.524648188708174,16.620418548583984,38315539
2021-08-31,16.60300574531152,16.907728264315036,16.454997759544334,16.838077545166016,37974541
2021-09-01,16.89031289648737,17.403987503813973,16.838075279306132,17.255979537963867,53595980
2021-09-02,17.168915617643883,17.412693930488118,17.090558362108375,17.395280838012695,36644236
2021-09-03,17.412693871392023,17.543288743306686,17.2733924532692,17.46493148803711,43772080
2021-09-06,17.47363818751798,17.647765792000847,17.38657438527655,17.43010711669922,34986498
2021-09-07,17.447520709742285,17.551995946945702,17.308217625797806,17.438814163208008,35907515
2021-09-08,17.456226247387544,17.804481479344656,17.456226247387544,17.70000457763672,55497445
2021-09-09,17.848011483754515,17.85671803009223,17.343043420394398,17.752241134643555,57850588
2021-09-10,17.752243540983077,17.874133545629533,17.612942101904963,17.760950088500977,41591535
2021-09-13,17.734831109059247,17.9786077834327,17.647767299381275,17.7435359954834,36884240
2021-09-14,17.752242393805414,17.79577512858176,17.421401912525358,17.491052627563477,37538216
2021-09-15,17.412696458853716,17.482347178264966,17.10797393870295,17.16021156311035,38454156
2021-09-16,17.16021024678672,17.604234171699844,17.090559532718228,17.20374298095703,38912370
2021-09-17,17.21245046164902,17.83060037496896,17.21245046164902,17.682592391967773,56124933
2021-09-22,17.64776592450524,18.884067275925137,17.630352831805432,18.596757888793945,114253703
2021-09-23,18.675114606538095,19.09301885565295,18.32685940500518,18.48357391357422,101364862
2021-09-24,18.7447664551738,18.762177887826677,18.15273456927269,18.36168670654297,73281349
2021-09-27,18.68382075356332,18.857948366086863,18.379099922553095,18.788297653198242,101965330
2021-09-28,18.709940853240788,19.206202402338587,18.387806920944055,18.971132278442383,90481725
2021-09-29,18.83182942460119,19.34550407393622,18.588052750750016,19.258441925048828,112240070
2021-09-30,19.32809261509167,19.397743330472373,18.657703441674876,19.15396499633789,98750701
2021-10-08,19.589282030551985,19.597988577393604,18.884068342421237,19.11043357849121,79536810
2021-10-11,19.241028211257714,19.301972377757433,18.631583225052502,18.823123931884766,58759102
2021-10-12,18.640289368337537,18.788297338320856,18.352979974911566,18.57063865661621,60442307
2021-10-13,18.500988322178163,18.500988322178163,18.02213987690456,18.152734756469727,39810551
2021-10-14,18.152734379842872,18.23979818461461,17.891542965527666,18.00472640991211,34687929
2021-10-15,17.961194049877093,18.204972376174993,17.84801226374835,18.152734756469727,40582444
2021-10-18,18.152736861244357,18.49228391960441,18.056966496843653,18.335569381713867,44454572
2021-10-19,18.19626447768989,18.631581817637514,18.074376153897795,18.553224563598633,41116416
2021-10-20,18.54452212375864,18.614172847148556,18.19626850680906,18.274625778198242,66022066
2021-10-21,18.283330352063793,18.352981067933207,18.117909279147412,18.344274520874023,33962198
2021-10-22,18.326861993396182,18.387807824694825,18.144029481312568,18.2833309173584,29844048
2021-10-25,18.231090986752726,18.58805107902052,18.178851709393612,18.3094482421875,46293766
2021-10-26,18.335568405370267,18.50098948218008,18.265917687861517,18.422632217407227,32898560
2021-10-27,18.4052186486961,18.518402099609375,18.265917217267493,18.518402099609375,36028733
2021-10-28,18.42263071754667,18.500987975940145,18.27462274731499,18.39651107788086,42075088
2021-10-29,18.370395023139324,18.50098991394043,18.161442865736728,18.50098991394043,40708901
2021-11-01,18.379101839176162,18.648998172189597,18.335569101203568,18.614171981811523,38304468
2021-11-02,18.62287566374954,18.657701848768617,17.98731273258647,18.239797592163086,56946001
2021-11-03,18.135321414618986,18.535814255150804,18.08308379562926,18.431337356567383,40879018
2021-11-04,18.422633198386855,18.51840356278756,18.30074485140718,18.335569381713867,28026835
2021-11-05,18.30944981996818,18.396511968527985,17.978607677266375,17.987314224243164,37251180
2021-11-08,18.048257223983928,18.05696377039703,17.68259057765325,17.717416763305664,34285318
2021-11-09,17.89154220449704,17.926368389165958,17.517170682929482,17.708709716796875,36674196
2021-11-10,17.760949794450454,17.760949794450454,17.33433893676119,17.543291091918945,39771645
2021-11-11,17.499760923378094,17.621649271724852,17.377870914427138,17.52587890625,40208209
2021-11-12,17.534583675663974,17.578116410375593,17.2385677220411,17.38657569885254,41982477
2021-11-15,17.47363946896156,17.647767086214216,17.343044586324087,17.56070327758789,44991245
2021-11-16,17.49975873780622,17.61294052419216,17.351750764468306,17.412694931030273,32493739
2021-11-17,17.421400417600186,17.57811492813934,17.377867686559373,17.46493148803711,28935528
2021-11-18,17.412696926123175,17.525878725477135,17.37787073518092,17.44752311706543,25736457
2021-11-19,17.430106351247204,17.64776501699024,17.395280167638475,17.59552574157715,30307444
2021-11-22,17.604235401227218,17.656474685880127,17.403989791870117,17.403989791870117,29310350
2021-11-23,17.386574291774984,17.430107022963544,17.3256301287149,17.395280838012695,32949381
2021-11-24,17.447522828459565,17.447522828459565,17.16891828734258,17.2298641204834,38276235
2021-11-25,17.238569007470787,17.33433937037363,17.134093757580555,17.2298641204834,36655019
2021-11-26,17.19503713372291,17.19503713372291,16.968671888639385,17.003498077392578,45569503
2021-11-29,17.003498077392578,17.003498077392578,17.003498077392578,17.003498077392578,0
2021-11-30,17.003498077392578,17.003498077392578,17.003498077392578,17.003498077392578,0
2021-12-01,17.003498077392578,17.003498077392578,17.003498077392578,17.003498077392578,0
2021-12-02,17.003498077392578,17.003498077392578,17.003498077392578,17.003498077392578,0
2021-12-03,17.003498077392578,17.003498077392578,17.003498077392578,17.003498077392578,0
2021-12-06,17.003498077392578,17.003498077392578,17.003498077392578,17.003498077392578,0
2021-12-07,17.003498077392578,17.003498077392578,17.003498077392578,17.003498077392578,0
2021-12-08,17.003498077392578,17.003498077392578,17.003498077392578,17.003498077392578,0
2021-12-09,17.003498077392578,17.003498077392578,17.003498077392578,17.003498077392578,0
2021-12-10,17.003498077392578,17.003498077392578,17.003498077392578,17.003498077392578,0
2021-12-13,18.692527882572517,18.701234429530324,17.865425848829187,18.161441802978516,240466334
2021-12-14,17.891544159682297,18.953719659704284,17.717418199120903,18.875362396240234,152816972
2021-12-15,18.744766887321862,19.049487723322006,18.71864724683442,19.005956649780273,81044609
2021-12-16,18.96242504576474,19.171377182006836,18.849241600756127,19.171377182006836,58378768
2021-12-17,19.127844920000296,19.310679081590923,18.997250039209277,19.075607299804688,56888435
2021-12-20,18.823124211802398,19.101727068860782,18.744766950679224,18.93630599975586,48784938
2021-12-21,19.005957920706873,19.275854248042375,18.91889410719745,19.136552810668945,36284002
2021-12-22,19.145258948396588,19.310680024464283,19.0930213256504,19.16267204284668,30735728
2021-12-23,19.171378050640126,19.380330196349604,19.075607694463432,19.328092575073242,32436286
2021-12-24,19.30197140964177,20.050717784750272,19.21490760732154,19.476099014282227,50644778
2021-12-27,19.45868682861328,19.772114206728624,19.20620195617738,19.45868682861328,33915757
2021-12-28,19.537043177725216,19.632811865733952,19.258440338783608,19.476099014282227,39586585
2021-12-29,19.476098980294022,19.510923504798996,19.26714519084856,19.37162208557129,29148289
2021-12-30,19.30197316899964,19.676346390677683,19.241029000001646,19.615402221679688,33339376
2021-12-31,19.563159526699735,19.86788197914007,19.563159526699735,19.76340675354004,31889449
2022-01-04,19.84176479894107,19.937533482815308,19.63281101815185,19.885295867919922,47207944
2022-01-05,19.806940171020287,19.9636546886195,19.632812560220277,19.841766357421875,44243779
2022-01-06,19.728584327641954,19.833061233738416,19.11913930672145,19.16267204284668,62904384
2022-01-07,19.29326629638672,19.484805347234957,19.05819451084295,19.29326629638672,35547313
2022-01-10,19.25844157701427,19.580575507525793,19.25844157701427,19.50221824645996,32650652
2022-01-11,19.54575191376692,20.01589384200084,19.484806082892142,19.589282989501953,45618790
2022-01-12,19.56316405578419,19.6937606089244,19.17137937817602,19.3890380859375,35022982
2022-01-13,19.415154593591655,19.589282210818318,19.24102863696902,19.46739387512207,34248577
2022-01-14,19.519633835108753,19.72858600445731,19.18008676749287,19.545753479003906,40524229
2022-01-17,19.545751935701944,19.97236278867959,19.53704538842435,19.69375991821289,42897062
2022-01-18,19.728582355055124,20.007185195983787,19.597987480945303,19.9027099609375,36599162
2022-01-19,19.885299204272922,20.059426830611105,19.806941938481152,19.981069564819336,34865674
2022-01-20,19.998479372583954,20.47732947576919,19.91141722709935,20.094249725341797,59563610
2022-01-21,20.085544152868277,20.224845585124868,19.8591789103003,20.007186889648438,35471714
2022-01-24,20.00718661118401,20.181314229383233,19.772114824796272,19.894004821777344,26991917
2022-01-25,19.7459966687636,19.894004644734558,19.537044525146484,19.537044525146484,30261535
2022-01-26,19.554456236437815,19.82435421214368,19.493512067924893,19.650226593017578,22026011
2022-01-27,19.65893176034801,19.67634485315936,19.26714547511231,19.484804153442383,32410924
2022-01-28,19.571867399571612,19.67634429286072,19.066899346649343,19.084312438964844,35244949
2022-02-07,19.241027990124913,19.65893226469498,19.145257637809447,19.493511199951172,31043747
2022-02-08,19.545751326289576,20.21613883972168,19.493512044252753,20.21613883972168,38321462
2022-02-09,20.242258008105047,20.407679076151155,19.989773132634458,20.311908721923828,38855076
2022-02-10,20.416384010505766,20.7123999360078,20.190018793321627,20.703693389892578,34539084
2022-02-11,20.69498865919163,20.842996634926266,20.56439377721496,20.668869018554688,28605749
2022-02-14,20.668869694594445,20.668869694594445,20.1726081304889,20.364147186279297,31333357
2022-02-15,20.355440494799907,20.433797758114096,20.024600007943157,20.111663818359375,24917520
2022-02-16,20.163900939446716,20.364146536006583,20.085543678079116,20.102956771850586,22036550
2022-02-17,20.102956147369444,20.381558996642354,20.059425074897042,20.233551025390625,31402561
2022-02-18,20.233550525281913,20.29449468947852,20.033304939891938,20.224843978881836,18501627
2022-02-21,20.11166322739503,20.19872703525295,19.946242158525383,20.068130493164062,18515111
2022-02-22,19.981066212397995,20.024597281376845,19.763407546296072,19.885295867919922,23565507
2022-02-23,19.937535303092407,20.007186016179908,19.745996257252774,19.85047149658203,26258735
2022-02-24,19.885296895591146,20.050717955346634,19.6241071470121,19.72858238220215,41480293
2022-02-25,19.772115796491004,19.93753687584943,19.711171625307404,19.806941986083984,38662399
2022-02-28,19.859178869081497,20.216138996073624,19.772115058950817,20.18131446838379,39821079
2022-03-01,20.198724191480697,20.355437030836583,20.076834213398854,20.259668350219727,27721136
2022-03-02,20.259672795835442,20.59921984651961,20.181315528661536,20.520862579345703,33156974
2022-03-03,20.63404306137495,20.92135244605012,20.555685805499547,20.851701736450195,38573408
2022-03-04,20.808169005072802,20.938763877997168,20.45991545707319,20.851701736450195,40590487
2022-03-07,20.78205431419121,21.02583100605,20.660164307657645,20.738521575927734,56662099
2022-03-08,20.72981467431415,20.773347411834305,20.085545104453104,20.198728561401367,68797615
2022-03-09,20.242258679307955,20.512154996729592,19.51092532965883,20.007186889648438,72997469
2022-03-10,20.24225734845774,20.285788420449403,19.74599582109541,19.772113800048828,46414984
2022-03-11,19.676345825195312,19.72858344560603,19.241028447029947,19.676345825195312,44014302
2022-03-14,19.519632271963445,19.937536577194503,19.44127500715711,19.589282989501953,45009506
2022-03-15,19.49351209331597,19.50221864034402,18.30944992776993,18.413925170898438,76119235
2022-03-16,18.63158253293344,19.624107235329245,18.361686236773252,19.484804153442383,75780925
2022-03-17,19.676345228486873,19.70246320759817,19.00595608789759,19.0669002532959,61437709
2022-03-18,19.04948737743625,19.31938534242722,18.910185951907224,18.962425231933594,99662949
2022-03-21,19.15396567741492,19.15396567741492,18.70994172834781,18.8492431640625,41267879
2022-03-22,18.892777196031233,19.284561888115952,18.831831360698565,19.188793182373047,31552597
2022-03-23,19.24102928443658,19.3542110770197,18.979837849807396,19.058195114135742,32225242
2022-03-24,18.90148085557768,19.040783952399643,18.76217941935983,18.779592514038086,34064522
2022-03-25,18.736058709890646,18.892773217968408,18.535813132059666,18.553224563598633,25319503
2022-03-28,18.45745754676226,19.02336980773761,18.204972669675588,18.93630599975586,45018266
2022-03-29,18.875362671128322,19.084314823207475,18.81441850101408,18.988544464111328,29555632
2022-03-30,19.049487160152392,19.15396405840946,18.857948117385725,19.0669002532959,40088137
2022-03-31,19.066901186961,19.267146786105016,18.9188932092015,19.15396499633789,29652360
2022-04-01,19.101728078236434,19.406450591972728,18.99725117101675,19.345504760742188,29641444
2022-04-06,19.171377922199163,19.56316257005311,19.171377922199163,19.46739387512207,36117220
2022-04-07,19.49351298987429,19.806942054883347,19.380331194512202,19.73729133605957,36059049
2022-04-08,19.763411149824652,20.233553090813352,19.711171864800463,20.198728561401367,41276598
2022-04-11,20.268378479325225,20.311909554519822,19.84176763212268,19.972362518310547,45370869
2022-04-12,20.172607140369347,20.28578892673479,19.841766667405448,20.059425354003906,41289587
2022-04-13,19.98977332294004,20.259671294585793,19.937535702229646,20.102956771850586,28301179
2022-04-14,20.102956147369444,20.459916255575855,20.050718528281767,20.233551025390625,26045020
2022-04-15,20.22484435509285,20.512153749224026,20.198726376010715,20.372852325439453,21012568
2022-04-18,20.224846248967854,20.381560780551396,19.894005751650244,19.981069564819336,25614560
2022-04-19,20.05072007947925,20.43379819656385,20.03330698490156,20.190021514892578,44550874
2022-04-20,20.268376743298695,20.477328875422938,20.059424611174453,20.329320907592773,41543383
2022-04-21,20.25096312832461,20.60792321907524,20.216136943566553,20.494741439819336,57129450
2022-04-22,20.381561158780116,20.62533950805664,20.050720655322966,20.62533950805664,95057064
2022-04-25,20.451211919115266,20.660164078651327,19.946243785085414,19.9549503326416,77673245
2022-04-26,19.954949719906054,20.364147478857184,19.90271209677708,20.190021514892578,43810129
2022-04-27,20.268379312239457,20.320616936740457,19.737291537899505,19.920124053955078,61346691
2022-04-28,19.74599859608277,20.07683910728407,19.55445786695196,20.033308029174805,49160008
2022-04-29,20.015892626703863,20.102956433491805,19.632812873199313,19.780820846557617,59442955
2022-05-05,19.894004133760834,20.224844604172688,19.78082068766448,20.094249725341797,45670665
2022-05-06,20.00718607996467,20.242257860110914,19.676345606895282,19.780820846557617,34163073
2022-05-09,19.789528732235095,19.824354921548174,19.389037518759345,19.449981689453125,28366766
2022-05-10,19.449978535716077,19.894002413836457,19.24973296144723,19.885295867919922,46298689
2022-05-11,19.80694395879653,19.93753886156884,19.563165589178414,19.632816314697266,55381648
2022-05-12,19.667638874511148,19.833059939786413,19.24973459859846,19.423860549926758,40474973
2022-05-13,19.502217233714763,20.224843978881836,19.397741998121703,20.224843978881836,56449983
2022-05-16,20.250963801933004,20.28578832724554,19.963654410537817,20.015892028808594,33705730
2022-05-17,20.155195874345182,20.259672784051002,19.937537168011858,20.024600982666016,34034819
2022-05-18,20.09424905992563,20.09424905992563,19.685051343644933,19.833059310913086,38373622
2022-05-19,19.780822516494386,20.28579064577008,19.754704534675867,20.26837921142578,48520217
2022-05-20,20.372851383387932,20.712400041190385,20.198725442010872,20.28578758239746,56244260
2022-05-23,20.459917442620245,20.459917442620245,19.78082171266475,19.937536239624023,52352823
2022-05-24,19.859178478501356,20.137781336956863,19.806940857691956,19.928829193115234,37889562
2022-05-25,20.05942547957923,20.277084167540266,19.972361672274012,20.20743179321289,40391345
2022-05-26,20.329322821028143,20.755933671844073,20.20743282036353,20.721107482910156,58599755
2022-05-27,20.88652669808314,20.912646337456234,20.616630400310257,20.65145492553711,45612956
2022-05-30,20.790757353652378,20.92135389623307,20.512154495941076,20.668869018554688,40461216
2022-05-31,20.63404627290106,20.930062249924255,20.55568900482997,20.912649154663086,44294751
2022-06-01,20.91264746158225,21.182543773862978,20.76463948505333,21.09547996520996,47790683
2022-06-02,20.938764286855903,21.069360822934257,20.75593179331251,20.82558250427246,39928315
2022-06-06,20.90394188277766,21.112894036859654,20.50344900866742,21.0084171295166,54285780
2022-06-07,20.91264792172748,20.930061015962035,20.55568779293947,20.607925415039062,51553384
2022-06-08,20.72110623024985,20.755932417078405,20.52086063779762,20.694988250732422,38133672
2022-06-09,20.62533835287849,20.9300608572563,20.573099070570944,20.642749786376953,49443257
2022-06-10,20.616633177639894,20.947473684581258,20.599220082378725,20.912649154663086,85995632
2022-06-13,20.668870431614998,20.816878417468434,20.190021944761956,20.26837921142578,91321874
2022-06-14,20.172606407468265,20.912646247137065,20.172606407468265,20.895233154296875,76571228
2022-06-15,20.877821733258376,20.964885543827076,20.581805773687233,20.607925415039062,52500243
2022-06-16,20.66886788166217,20.694987520862398,20.224843978881836,20.224843978881836,60401944
2022-06-17,20.320614675718684,20.59921752286346,20.277083603578795,20.546979904174805,51834727
2022-06-20,20.45991673305554,20.477329826692465,20.094250069700177,20.137781143188477,63154059
2022-06-21,20.137782141705713,20.242259048103662,20.024600348661686,20.155195236206055,42543068
2022-06-22,20.190022013897337,20.277085828333508,20.085545104453104,20.198728561401367,48432642
2022-06-23,20.198727628775593,20.22484560947761,20.050719649249242,20.111663818359375,49104658
2022-06-24,20.12036976453061,20.36414643369032,20.050719050398694,20.34673500061035,57315889
2022-06-27,20.32932081440261,20.45120914243203,20.20743082576927,20.29449462890625,49160797
2022-06-28,20.285788359070494,20.285788359070494,20.085542771548415,20.12036895751953,57584123
2022-06-29,20.111664160559297,20.190021425206734,19.96365617851459,20.155195236206055,59053459
2022-06-30,20.12907600402832,20.19002017038771,19.981068031182378,20.12907600402832,39114256
2022-07-01,20.895232914563643,21.347963359590796,20.782051133608814,21.17383575439453,129709278
2022-07-04,21.19995880126953,21.391497869292383,20.93876735148835,21.19995880126953,66012991
2022-07-05,21.18254236087057,21.339256873871474,20.938764045024286,21.104185104370117,53458761
2022-07-06,21.139012326426297,21.156423759366113,20.877820905081087,20.947471618652344,38844812
2022-07-07,21.03453742969153,21.287022328318635,20.9822998046875,20.9822998046875,39257808
2022-07-08,20.982298829019797,21.156424791137837,20.79946465910116,21.06936264038086,41570046
2022-07-11,21.31313941628693,21.757163361701753,21.31313941628693,21.495973587036133,67338550
2022-07-12,21.495971901771792,21.83551891433774,21.47855880866483,21.678804397583008,52240262
2022-07-13,21.7658695497244,21.922584076179064,21.59174192908498,21.739749908447266,46203331
2022-07-14,21.765870275744604,21.783283370510187,21.469854307146147,21.64398193359375,58877214
2022-07-15,21.513383680137206,21.61786057985465,21.156423568725586,21.156423568725586,62175737
2022-07-18,21.217367770122813,21.879048662094146,21.217367770122813,21.722335815429688,60676110
2022-07-19,21.879051274395504,21.896464368527475,21.574330430106308,21.80940055847168,45416380
2022-07-20,21.939997833044977,22.000942003928326,21.64398186537946,21.713632583618164,37060174
2022-07-21,22.024421338175262,22.024421338175262,21.55639242559042,21.610395431518555,34386825
2022-07-22,21.6193957326781,21.871410899161138,21.484387362530107,21.718400955200195,32832204
2022-07-25,21.754402407315794,21.81740619402612,21.565389330460388,21.69139862060547,24171943
2022-07-26,21.67339704819554,21.826406980231084,21.610393261485214,21.69139862060547,26651307
2022-07-27,21.691399149928344,21.745402151751506,21.511386854885163,21.529388427734375,25884416
2022-07-28,21.556392714834338,21.78140724539952,21.421382623115527,21.511388778686523,29332577
2022-07-29,21.592394165173804,21.80840790869096,21.448385002829035,21.49338722229004,35680122
2022-08-01,21.493385780540873,21.601393503416745,21.259372194971434,21.40338134765625,36812879
2022-08-02,21.286375264783917,21.439385221545162,21.15136688334157,21.259374618530273,39520497
2022-08-03,21.304375471000327,21.439383843766503,21.07036015706747,21.097362518310547,32041251
2022-08-04,21.196368325365142,21.511389014961424,21.070360736216493,21.466386795043945,31461870
2022-08-05,21.529387918272004,21.691398636632215,21.42138020045705,21.673397064208984,24037130
2022-08-08,21.66439984362075,21.87141281038572,21.610396834187434,21.72740364074707,18678932
2022-08-09,21.72740221258094,21.85341151527557,21.60139462661092,21.62839698791504,21361122
2022-08-10,21.691399174824372,21.718399817404705,21.421380731949693,21.50238609313965,17513592
2022-08-11,21.520389286032394,21.691400807720736,21.394381699906567,21.601394653320312,25841078
2022-08-12,21.601395773038263,21.81740952476168,21.54739276428858,21.808408737182617,21329101
2022-08-15,21.70940237299064,21.871411390775044,21.55639242559042,21.610395431518555,28233868
2022-08-16,21.62839729594621,21.826409464822706,21.457385772033778,21.511388778686523,33441208
2022-08-17,21.484387284911175,21.484387284911175,21.043357311710082,21.205368041992188,56331823
2022-08-18,21.133363985562653,21.277373145652806,21.043357831325157,21.061359405517578,28085193
2022-08-19,20.917347824233158,21.259370827401373,20.818340894359558,21.23236846923828,38374597
2022-08-22,21.115362149785472,21.41238297010699,21.08836150555594,21.133363723754883,30810909
2022-08-23,21.106363878555342,21.133364523807046,20.890348416193827,20.908349990844727,37674728
2022-08-24,20.908350246128425,21.079361773950676,20.836345663370317,20.845346450805664,27668510
2022-08-25,20.890345466070066,21.286371468840063,20.890345466070066,21.23236846923828,28182405
2022-08-26,21.223370148770396,21.223370148770396,20.944352615568377,21.052358627319336,27953268
2022-08-29,20.926349408271673,21.10636170277455,20.836343261020232,20.971351623535156,26674263
2022-08-30,20.971353739722986,21.034359250863915,20.809344718391674,20.953353881835938,23044041
2022-08-31,20.998355667924734,21.583393096923828,20.95335344904965,21.583393096923828,81005310
2022-09-01,21.358378820269884,21.673399506273864,21.259373594235498,21.520389556884766,37780591
2022-09-02,21.51138712868946,21.7544032150736,21.358377190972536,21.439382553100586,29159665
2022-09-05,21.340375617894196,21.51138712868946,21.160365037284254,21.439382553100586,31153878
2022-09-06,21.466383247397605,21.583390029880682,21.358375534031072,21.37637710571289,34337064
2022-09-07,21.24137118080126,21.277372611557805,21.07936045058541,21.21436882019043,42395172
2022-09-08,21.25937249487126,21.466385440185395,21.17836713075277,21.286373138427734,25944649
2022-09-09,21.376380394721455,21.65539793182229,21.295375026414014,21.520389556884766,35435266
2022-09-13,21.46638704106795,21.520390048932775,21.29537551331723,21.412384033203125,27334621
2022-09-14,21.331375122070312,21.538388048458888,21.277370406445513,21.331375122070312,21875898
2022-09-15,21.349376678466797,21.583391981315508,21.250371458714106,21.349376678466797,40583136
2022-09-16,21.35837826597393,21.457385206163497,21.1153621673584,21.1153621673584,39881492
2022-09-19,21.178367658678408,21.26837209507629,21.07035993158653,21.133363723754883,28128675
2022-09-20,21.133363967721127,21.187368690252793,21.06135938773684,21.079360961914062,23548580
2022-09-21,21.079359046492936,21.22336819337581,20.989352900510028,21.088359832763672,24972842
2022-09-22,21.034358743195607,21.151365541898347,20.935351801945487,21.079360961914062,23391977
2022-09-23,20.962354433384668,21.160366601712386,20.962354433384668,20.998355865478516,27506334
2022-09-26,20.953354478453274,21.079362070873735,20.746339797973633,20.746339797973633,40268596
2022-09-27,20.71933851668752,20.755339949107434,20.278310240014633,20.431320190429688,60400730
2022-09-28,20.413317295054153,20.42231808175791,20.143298844114963,20.215303421020508,62473767
2022-09-29,20.188304929517795,20.41331947092263,19.972291175776117,20.16130256652832,55438353
2022-09-30,20.161299619606915,20.566326421623856,20.053293616885373,20.46731948852539,42332479
2022-10-10,20.692334063690847,21.097360867012387,20.61132870302654,21.02535629272461,64409084
2022-10-11,20.98935480775255,21.124363180632514,20.899348653591044,21.079360961914062,37252236
2022-10-12,21.061358037369466,21.142363399248634,20.70133516053121,20.89034652709961,44907495
2022-10-13,20.62933129464707,20.91734960602319,20.305309835986655,20.73733901977539,56502513
2022-10-14,20.728336388983426,20.881346317880958,20.56632567406552,20.66533088684082,36385221
2022-10-17,20.737339843092503,20.737339843092503,20.485322952270508,20.485322952270508,29153462
2022-10-18,20.485321602297837,20.620329967627963,20.260307087839458,20.296308517456055,41531945
2022-10-19,20.26930860211064,20.38631539847086,20.10729787120836,20.134300231933594,33876956
2022-10-20,20.098295203923925,20.242304347536034,20.017289846051565,20.107295989990234,36815463
2022-10-21,20.062295429133417,20.341312953277047,19.990289134671013,20.17030143737793,61041603
2022-10-24,20.152299788247984,20.33231209028036,19.540260021407345,19.64826774597168,71872808
2022-10-25,19.801277152312053,20.071293881335603,19.720271790260092,19.810277938842773,51341475
2022-10-26,19.810277938842773,19.810277938842773,19.810277938842773,19.810277938842773,0
2022-10-27,19.819280015786987,19.97228996332252,18.79321260189739,18.89221954345703,107502338
2022-10-28,18.89221866206098,19.12623396600492,18.532195777810497,18.613201141357422,99698686
2022-10-31,18.262180355804816,18.631204053263716,18.010163460361685,18.235177993774414,98338956
2022-11-01,18.226176961781313,18.370186123894452,17.96515928249835,18.289180755615234,96142880
2022-11-02,18.27117678511672,18.469190644598534,18.046162284232402,18.415185928344727,76192004
2022-11-03,18.31618420641144,18.33418578192716,17.90215655317352,17.98316192626953,74645183
2022-11-04,17.875153499018293,18.244177163763073,17.776146563741815,18.127168655395508,84883320
2022-11-07,18.046163293210117,18.208174017580898,17.97415871757027,18.127168655395508,69465783
2022-11-08,18.154171282372516,18.307181222450996,17.956159125628112,18.04616355895996,78815126
2022-11-09,18.06416507310472,18.18117358281183,18.046163499807548,18.109169006347656,48328720
2022-11-10,18.118166450451827,18.136168022133642,17.902152740443125,18.00115966796875,42333812
2022-11-11,18.22617665685167,18.49619340211519,18.028164491440066,18.40618896484375,97716231
2022-11-14,18.487195167155228,18.541198175303265,18.091169101712044,18.154172897338867,73575498
2022-11-15,18.154170318914748,19.09022976633979,18.055163387434668,18.910219192504883,101353082
2022-11-16,18.81121393373549,19.05423003258249,18.73020856745316,18.94622230529785,55194522
2022-11-17,18.88321795437163,19.153236406232647,18.81121337722027,19.135234832763672,50039275
2022-11-18,19.15323697286636,19.243241409424876,18.865216939015518,18.94622230529785,31691846
2022-11-21,18.883216580590258,19.03622651049578,18.640200506612477,18.982223510742188,24479450
2022-11-22,18.98222651165411,19.261244057336206,18.838217345061757,19.21624183654785,39772057
2022-11-23,19.171235987765797,19.522259798473566,19.153236131279755,19.22524070739746,42562401
2022-11-24,19.35124807781983,19.513258801519356,19.225240500153305,19.243240356445312,24066726
2022-11-25,19.207237644925584,19.657266639948727,19.18023528720342,19.630264282226562,32868081
2022-11-28,19.396250002617137,19.531260081490725,19.099230919199282,19.351247787475586,42766501
2022-11-29,19.441254427253067,19.441254427253067,19.126233763104096,19.234241485595703,63394494
2022-11-30,19.171236297250793,19.306246381784938,19.099231719970703,19.099231719970703,54158729
2022-12-01,19.189237879348642,19.288244816924824,19.072231084987777,19.09023094177246,49977367
2022-12-02,19.04522840041652,19.27924370187791,19.04522840041652,19.234241485595703,36981589
2022-12-05,19.27924487895461,19.48625783325096,19.189238724170448,19.396251678466797,49875326
2022-12-06,19.306246338661378,19.351248555589212,19.126234037500964,19.144235610961914,36275370
2022-12-07,19.189238909303423,19.21624127101657,18.739209847765448,18.82921600341797,62281175
2022-12-08,18.784211897396098,18.946220901230003,18.631201963171474,18.81121253967285,43771186
2022-12-09,18.802213641704824,18.90122058459506,18.73020906052773,18.82921600341797,44792004
2022-12-12,18.77521186845127,18.901219448757807,18.532195777810497,18.613201141357422,34592179
2022-12-13,18.613203086462775,18.676206883200027,18.39718933333875,18.577199935913086,33409532
2022-12-14,18.568197233344346,18.658203383711562,18.415187292737432,18.586198806762695,34451088
2022-12-15,18.50519393595381,18.640202306738054,18.406188712965136,18.469192504882812,38225567
2022-12-16,18.460190675701124,18.775211334228516,18.424187529938234,18.775211334228516,39903558
2022-12-19,18.685206497179333,18.811214082739028,18.31618281084771,18.40618896484375,46247419
2022-12-20,18.40618902717386,18.541197400262806,18.28017972446285,18.343183517456055,31332782
2022-12-21,18.379184500899925,18.487192216683134,18.27117678511672,18.415185928344727,27517508
2022-12-22,18.514195249537643,18.61320219206714,18.23517771308363,18.325183868408203,36090866
2022-12-23,18.2801777998774,18.41518615875231,18.208173227362487,18.37018394470215,35590613
2022-12-26,18.379186865884314,18.451191446763673,18.298181497804453,18.334184646606445,29202135
2022-12-27,18.42418855269669,18.541197066196958,18.36118476083866,18.487194061279297,38336910
2022-12-28,18.43318884929038,18.64920257993935,18.415187275888503,18.60420036315918,50317228
2022-12-29,18.81121472947819,18.96422468151464,18.47819417998541,18.721208572387695,53996393
2022-12-30,18.70320815535403,18.94622254049318,18.64020264556651,18.901220321655273,45920545
2023-01-03,18.85621646319048,18.964222465699727,18.721206384967235,18.820213317871094,36799242
2023-01-04,18.883217362973742,18.883217362973742,18.68520521119011,18.74820899963379,27346567
2023-01-05,18.811214949017533,18.87421874469878,18.64020342022224,18.6942081451416,43991625
2023-01-06,18.685206868013445,18.820215243324636,18.514195343699466,18.802213668823242,48849112
2023-01-09,18.847218089603942,18.856218877086032,18.631204340207795,18.703208923339844,35134351
2023-01-10,18.649202614098513,18.766211124700522,18.541196606938463,18.56819725036621,40813046
2023-01-11,18.70320679233379,19.009226664958874,18.694206005877234,18.739208221435547,64529304
2023-01-12,18.76621108175444,18.811213298514055,18.595199567963764,18.613201141357422,47777789
2023-01-13,18.631203825421988,18.892219788291957,18.586199889255006,18.83821678161621,51529502
2023-01-16,18.82921386535798,18.991224583791247,18.76621007857269,18.874216079711914,60545144
2023-01-17,18.82921487190771,18.94622166551742,18.604200354660595,18.613201141357422,67700842
2023-01-18,18.65820334109523,18.739208704568256,18.595199550999443,18.631202697753906,42253375
2023-01-19,18.631205451960398,18.631205451960398,18.35218617354011,18.379188537597656,80667736
2023-01-20,18.478193601608318,18.92822265625,18.406189021534633,18.92822265625,123271384
2023-01-30,19.009226397348964,19.045227825943893,18.811212531541244,18.820213317871094,65850507
2023-01-31,18.50519313675458,18.811213012902304,18.50519313675458,18.712207794189453,67178890
2023-02-01,18.766210796825963,18.793211439781967,18.550197069555423,18.712207794189453,51426955
2023-02-02,18.721206352673704,18.919220218139852,18.5861979914078,18.856216430664062,58870814
2023-02-03,18.77521299671631,18.874218222881915,18.703208415539216,18.82921600341797,45238723
2023-02-06,18.739207711969378,18.910219216545716,18.66720313899899,18.883216857910156,38557113
2023-02-07,18.91022009286624,19.24324061451517,18.89221851960832,19.171236038208008,62851237
2023-02-08,19.171235979386303,19.324245918160116,19.14423533630678,19.234241485595703,38867157
2023-02-09,19.234243658929277,19.34224967690029,19.135236711851928,19.16223907470703,36975075
2023-02-10,19.17123630583942,19.198238666103254,18.982224934166208,19.09023094177246,28584682
2023-02-13,19.02722761868997,19.099232197771382,18.937223182381643,19.000226974487305,33515674
2023-02-14,19.009227527394767,19.081232105589557,18.946222019340336,19.045228958129883,25568128
2023-02-15,19.03622845858095,19.090231463860977,18.865216939015518,18.94622230529785,34634852
2023-02-16,18.919220218139852,19.036227006777114,18.739207925302345,18.856216430664062,49790837
2023-02-17,18.847216184446264,18.955222189864283,18.65820309987797,18.685205459594727,44943465
2023-02-20,18.658203689596096,19.117233518942218,18.658203689596096,19.063230514526367,51260603
2023-02-21,19.06323024711218,19.189237827889748,19.00922724345387,19.144235610961914,36978759
2023-02-22,19.144235914359374,19.19823891887352,19.0272274017334,19.0272274017334,24314623
2023-02-23,19.045227296575447,19.09923029632904,18.946220366423518,18.982223510742188,35605674
2023-02-24,18.93722154309633,19.018225185416895,18.90121839830992,18.919219970703125,41600147
2023-02-27,18.87421628656825,19.018225434148473,18.81121249909246,18.856216430664062,30654965
2023-02-28,18.901219801740304,19.081232105589557,18.84721679727535,19.045228958129883,37009183
2023-03-01,19.036227903904923,19.306246355886447,19.009227260413944,19.12623405456543,70093378
2023-03-02,19.045228699151522,19.144235636594765,18.94622176170828,19.117233276367188,56860764
2023-03-03,19.126233796590434,19.270242949015035,19.081231580229435,19.198238372802734,62429629
2023-03-06,19.24324084012845,19.3242462040143,19.081231829081283,19.135234832763672,62327407
2023-03-07,19.144234003105552,19.2432392153766,18.991224074987326,19.018224716186523,64587484
2023-03-08,18.955223363432847,19.00922808620994,18.76621198388686,18.865217208862305,68185012
2023-03-09,18.883219311805657,18.883219311805657,18.71220950173084,18.721208572387695,53323480
2023-03-10,18.640201535091332,18.76621083043486,18.640201535091332,18.676204681396484,48071143
2023-03-13,18.676204145868994,18.89221786733235,18.640201000596207,18.84721565246582,57281864
2023-03-14,18.82921549025731,19.036228440909056,18.79321234228766,18.964223861694336,72088673
2023-03-15,18.991224551584143,19.045227552062173,18.802211474824393,18.910219192504883,54304126
2023-03-16,18.865216423080803,19.17123630583942,18.820214206032286,19.09023094177246,81140240
2023-03-17,19.171234589613977,19.351246875142262,19.08123016357422,19.08123016357422,63824085
2023-03-20,19.063229365720076,19.22524008592894,18.8292140717211,18.856216430664062,49795580
2023-03-21,18.874216294695955,18.99122480010806,18.829214079829427,18.84721565246582,38445197
2023-03-22,19.036226798145186,19.099230584930474,18.82921386535798,18.874216079711914,49053426
2023-03-23,18.856218365131113,18.883219010119628,18.73020906052773,18.82921600341797,53213263
2023-03-24,18.82921651463976,18.892220310289716,18.65820498592939,18.703208923339844,62181759
2023-03-27,18.712209171456635,18.739209816399956,18.253179323449263,18.289180755615234,123232225
2023-03-28,18.343184274846813,18.343184274846813,18.019164509399474,18.16317367553711,129854130
2023-03-29,18.253179904103582,18.712209766713215,18.199175179049732,18.64920425415039,176296890
2023-03-30,18.586198892259485,19.13523486697302,18.586198892259485,19.099231719970703,159621891
2023-03-31,19.099231694349918,19.207239418487436,19.02722711716642,19.12623405456543,72290018
2023-04-03,19.08123234936357,19.126234567538535,18.973224622329244,18.991226196289062,41684038
2023-04-04,18.98222488326245,19.171236254428802,18.95522252307103,19.144235610961914,52356977
2023-04-06,19.117231590645243,19.153234734440655,19.00022480675893,19.08123016357422,24502746
2023-04-07,19.090229518179402,19.135233448596434,18.910218946684516,18.973222732543945,29018013
2023-04-10,19.063230272636574,19.162237210079816,18.98222490867838,19.117233276367188,32278514
2023-04-11,19.162239084131585,19.18923973027527,18.991227552747883,19.15323829650879,40730152
2023-04-12,19.1712376629972,19.34224918999187,19.09923308058755,19.26124382019043,41829940
2023-04-13,19.23424398478966,19.306248570231784,18.991227865150723,19.036230087280273,46973874
2023-04-14,19.09023094177246,19.2342418131217,19.063230298233165,19.09023094177246,38191401
2023-04-17,19.081231605367442,19.171236038208008,19.018226098964725,19.171236038208008,42052138
2023-04-18,19.171236262977086,19.225240983384012,19.05422946887782,19.135234832763672,41355933
2023-04-19,19.153235020763244,19.207238020539272,18.946220374293727,18.973222732543945,72376937
2023-04-20,18.982223289012794,19.054227860084644,18.883216360017357,19.018224716186523,47577894
2023-04-21,19.027229577338236,19.288247276330175,18.93722513176492,18.955224990844727,70033486
2023-04-24,19.036228667998227,19.1172340351717,18.892219507850857,18.92822265625,47108007
2023-04-25,18.91022247293721,19.099233865761093,18.88322010965177,19.054231643676758,48418881
2023-04-26,19.063230514526367,19.24324110148739,19.027227367099428,19.063230514526367,45345100
2023-04-27,19.16223889686853,19.72927477776564,19.099233384124684,19.702272415161133,94561177
2023-04-28,19.639264824216383,19.765272391906063,19.459254258477465,19.693267822265625,66015641
2023-05-04,19.693267692046785,20.305307388305664,19.549258553718147,20.305307388305664,85629994
2023-05-05,20.179301333517277,20.179301333517277,19.855279889636215,19.89128303527832,61381674
2023-05-08,19.89128227457207,20.17029977572998,19.81027691669971,20.107295989990234,68970395
2023-05-09,20.044292822560475,20.782340135520315,19.999288890840692,20.476320266723633,97493818
2023-05-10,20.476319401424742,20.89034525540387,20.152297973632812,20.152297973632812,68545226
2023-05-11,20.278309773478643,20.72833882708401,20.17930283233359,20.521324157714844,53842282
2023-05-12,20.557327018598976,20.8363445472502,20.43131943470318,20.620330810546875,68203507
2023-05-15,20.521323603710144,20.71033669381849,20.440318238910073,20.701335906982422,53032288
2023-05-16,20.70133403092231,20.818340815738352,20.44031638650471,20.66533088684082,56416956
2023-05-17,20.683334628874473,20.81834299989567,20.530324683923897,20.59332847595215,45011722
2023-05-18,20.629331071092256,20.944351739517796,20.620330284368723,20.773340225219727,46870802
2023-05-19,20.710335311787052,20.773339098710647,20.53032302052726,20.539323806762695,36188627
2023-05-22,20.647334025305252,20.98935536004913,20.5753294434263,20.908349990844727,58294305
2023-05-23,20.91734960602319,20.998354970688293,20.73733901977539,20.73733901977539,33097802
2023-05-24,20.737338214122367,20.77333964328344,20.36831283569336,20.36831283569336,47676819
2023-05-25,20.35931560886523,20.521324629841782,20.269309452728496,20.431320190429688,36926960
2023-05-26,20.449316526634302,20.54832345300687,20.287307533557843,20.305307388305664,27560741
2023-05-29,20.35931675795601,20.63833431267561,20.350315970161862,20.602331161499023,40164380
2023-05-30,20.593327055746148,20.64733177380989,20.233304185610184,20.476320266723633,45108675
2023-05-31,20.35031537795786,20.37731602382983,19.927286947566984,20.26030921936035,72571854
2023-06-01,20.197303823699254,20.341312979359625,20.089296098591703,20.143299102783203,38815383
2023-06-02,20.233303569390646,20.242304355460476,20.03529142602758,20.098295211791992,39196216
2023-06-05,20.15229792716521,20.341310998516136,20.116296500118224,20.206302642822266,31618493
2023-06-06,20.20630485428083,20.31431086396678,20.04429412302733,20.089296340942383,28642997
2023-06-07,20.161298989663674,20.251305133602344,20.062293776383104,20.107295989990234,32193766
2023-06-08,20.15230097065179,20.413318652241077,20.116299538167713,20.39531707763672,28975656
2023-06-09,20.386315732182748,20.629331832514197,20.368314158071247,20.575328826904297,37542101
2023-06-12,20.55732671285018,20.593328143403,20.13430003268841,20.143299102783203,48973114
2023-06-13,20.15230206528958,20.233307438684623,19.990291318499484,20.07129669189453,41725257
2023-06-14,20.14329959898798,20.269308900838297,20.02629280090332,20.02629280090332,36401569
2023-06-15,20.089294656117218,20.143297656431134,19.837279510169324,20.053293228149414,44324254
2023-06-16,20.071293339339856,20.24230484535659,19.864280404896917,19.98128890991211,58476997
2023-06-19,19.909286254659357,19.990289905604403,19.702271583545432,19.963289260864258,47313924
2023-06-20,19.90928461632281,20.04429297908753,19.873281470665834,19.882282257080078,31614674
2023-06-21,19.98128918265911,20.161299760696224,19.882282248867792,19.89128303527832,40552640
2023-06-26,19.891284437523687,20.03529359679516,19.71127213007205,20.017292022705078,56234619
2023-06-27,20.017290595063074,20.04429295427238,19.720271510658623,19.909284591674805,38132365
2023-06-28,19.9272869751454,20.25130845985498,19.89128554169138,20.233306884765625,56781300
2023-06-29,20.233306054105054,20.24230684128021,19.88228393789704,19.918285369873047,49900268
2023-06-30,19.918283710738798,20.0082898582685,19.819278493508158,19.85527992248535,41402656
2023-07-03,19.8822822324655,20.008289808659974,19.8732814460624,19.909284591674805,37126695
2023-07-04,19.909286562694998,19.99929100218751,19.792278044595307,19.846281051635742,34503954
2023-07-05,19.873281487105285,20.008289849981683,19.81927848529962,19.864280700683594,30686839
2023-07-06,19.864282863079016,19.94528823296787,19.747276060308817,19.801279067993164,34855630
2023-07-07,19.765275918387157,19.873283650480516,19.747276060308817,19.801279067993164,50686848
2023-07-10,19.84628128827601,19.909286800086523,19.756276847710318,19.801279067993164,33673155
2023-07-11,19.84628128827601,19.84628128827601,19.675271477821465,19.801279067993164,48549340
2023-07-12,19.756276341994205,19.963289296755697,19.702271618967593,19.92728614807129,50524580
2023-07-13,19.92728533523892,20.29630901057856,19.873282331139702,20.179302215576172,64738173
2023-07-14,20.143298835643513,20.296308776094012,20.080295045468226,20.22430419921875,38716992
2023-07-17,20.233303291684816,20.28730800736258,20.08929414999288,20.197301864624023,19692852
2023-07-18,20.224304441500188,20.27830916234699,20.143299076954527,20.17030143737793,26852118
2023-07-19,20.089293914777226,20.26930619814666,20.089293914777226,20.251304626464844,33067242
2023-07-20,20.323313311015756,20.35031567400523,20.16130256652832,20.16130256652832,43441048
2023-07-21,20.21117401123047,20.445099632229176,20.173745055209466,20.21117401123047,55037050
2023-07-24,20.117604456755515,20.28603119822629,20.0895327382734,20.17374610900879,27695910
2023-07-25,20.248601515816286,20.248601515816286,19.883678112159433,19.958534240722656,76403811
2023-07-26,19.958533492241575,20.024032379189208,19.855605650060543,20.01467514038086,48259584
2023-07-27,19.99596501426467,20.108248324956527,19.836895503525334,19.864965438842773,41365168
2023-07-28,19.855606606715885,20.01467610470027,19.780750477353287,19.967891693115234,58936112
2023-07-31,19.958534856379394,20.257959379868577,19.958534856379394,20.080175399780273,66832972
2023-08-01,20.11760380977973,20.323457717895508,20.070819398525064,20.323457717895508,48913543
2023-08-02,20.30474440209759,20.32345709519958,20.13631767120384,20.20181655883789,32253850
2023-08-03,20.248600433570395,20.304743865525225,20.15503161640059,20.267314910888672,34163438
2023-08-04,20.26731641438992,20.41702867462074,20.098889675452515,20.155033111572266,40381332
2023-08-07,20.16439029676061,20.53867276417021,20.136320361002642,20.510601043701172,55382078
2023-08-08,20.435742785352257,20.688382889209215,20.435742785352257,20.679025650024414,38844748
2023-08-09,20.669668623854523,20.735167514112252,20.40767127811271,20.688383102416992,41577714
2023-08-10,20.6883826758084,20.735167086538933,20.557383113283336,20.669668197631836,23060030
2023-08-11,20.660309903018895,20.68838161884957,20.35152816772461,20.35152816772461,32019540
2023-08-14,20.304743015860872,20.538668618418207,20.1643862265579,20.407669067382812,55076635
2023-08-15,20.398316037989265,20.660313409408403,20.360888861907146,20.604171752929688,45695084
2023-08-16,20.613526033997285,20.650953204706624,20.407670348608036,20.46381378173828,25178833
2023-08-17,20.417026846134643,20.71645133978075,20.370242438268974,20.697738647460938,37276997
2023-08-18,20.6415958404541,20.838094285794586,20.632238601655907,20.6415958404541,28602655
2023-08-21,20.641595534671914,20.725808897897334,20.445098876953125,20.445098876953125,31102219
2023-08-22,20.52931329067641,20.679025547468964,20.38895827302225,20.5854549407959,41603369
2023-08-23,20.613525711138713,20.763237961052855,20.501240631347706,20.53866958618164,33748678
2023-08-24,20.510598085187578,20.57609697212317,20.351528594896507,20.370243072509766,38803475
2023-08-25,20.351530552609514,20.772597415858243,20.32345883348927,20.73516845703125,46090226
2023-08-28,21.053304787488003,21.10008919535367,20.576096331472982,20.697738647460938,74975981
2023-08-29,20.697742277405972,20.847454550485384,20.48252932323213,20.510601043701172,53386187
2023-08-30,20.585456210112905,20.716453996706107,20.501242837385565,20.557384490966797,33400727
2023-08-31,20.53866978309558,20.735166443725245,20.4918835891046,20.6415958404541,47313602
2023-09-01,20.594810263312965,20.641594669940147,20.351527422488054,20.407669067382812,53041577
2023-09-04,20.491885428170296,20.501242667808267,20.19246089859912,20.276674270629883,74823274
2023-09-05,20.276672875436716,20.510598496157165,20.22988846517697,20.482526779174805,58410844
2023-09-06,20.417026305650392,20.538668618418207,20.398311829115233,20.407669067382812,24971636
2023-09-07,20.445098876953125,20.519955001518966,20.28602938916186,20.445098876953125,43893255
2023-09-08,20.417028853039056,20.482527744373552,20.314101003964318,20.43574333190918,28667854
2023-09-11,20.42638523316241,20.64159637698236,20.42638523316241,20.57609748840332,38344647
2023-09-12,20.54802544971275,20.660310531741658,20.482526562158736,20.65095329284668,31843404
2023-09-13,20.679026688468706,20.894237846393775,20.59481331628742,20.819381713867188,63334136
2023-09-14,20.931664146232777,21.3340146920115,20.82873630781619,21.231088638305664,79022797
2023-09-15,21.2310909864707,21.324661596770103,20.959736395073527,21.072021484375,49541759
2023-09-18,21.015877734852424,21.109448343760388,20.884879953207832,20.969093322753906,39691537
2023-09-19,20.9410221275456,21.118806110438733,20.866165995492327,21.081378936767578,29739454
2023-09-20,21.07201840407731,21.165589000698606,20.969090569322812,21.109445571899414,28007733
2023-09-21,21.118804938604477,21.184303827427833,20.93166551121072,20.941020965576172,36365479
2023-09-22,20.997166406981556,21.10009247723718,20.884881312044197,21.03459358215332,44917825
2023-09-25,21.13751973465684,21.203018624465276,20.941021280520644,21.043949127197266,34086051
2023-09-26,21.090735649747533,21.090735649747533,20.89423719256972,20.969093322753906,25716599
2023-09-27,21.015877531952864,21.02523477122441,20.753881971193135,20.781951904296875,39799705
2023-09-28,20.828738740592684,20.941022045879222,20.800667021915572,20.81002426147461,34407402
2023-10-09,20.819378328613013,21.259157812609214,20.819378328613013,21.109445571899414,54393412
2023-10-10,21.240446196614748,21.240446196614748,20.997163346964438,21.156232833862305,36118046
2023-10-11,21.21237478626593,21.418228684452572,21.146875899784305,21.174945831298828,40765737
2023-10-12,21.418230522468516,21.418230522468516,21.090736061956303,21.165592193603516,29530565
2023-10-13,21.100090023572648,21.315302948450224,21.100090023572648,21.277873992919922,35919404
2023-10-16,21.315303802490234,21.52115771202235,21.23109043388371,21.315303802490234,47498027
2023-10-17,21.343371496746755,21.511798216292746,21.268515375249727,21.483726501464844,41697326
2023-10-18,21.567939769360553,21.689582081719234,21.39015759700664,21.4743709564209,49801308
2023-10-19,21.390159078127947,21.511799614198694,21.081377333798237,21.10009002685547,48766564
2023-10-20,21.100089938511672,21.221732258783945,20.91295051574707,20.91295051574707,62885148
2023-10-23,20.91295317894526,21.17494876112217,20.772598147820336,20.8568115234375,53843591
2023-10-24,20.922308898397375,21.21237617960228,20.753882159403904,21.14687728881836,53307701
2023-10-25,21.146878877724127,21.165593357843083,20.491886351249114,20.501243591308594,100522854
2023-10-26,20.445098863854607,20.91295008826908,20.417027147893858,20.894235610961914,66648935
2023-10-27,20.884880393235953,21.025235417199607,20.781952542797494,20.81002426147461,54844060
2023-10-30,20.828735364246,21.128159842754552,20.81002088816155,21.006519317626953,72835649
2023-10-31,20.941020958670943,21.193661059515616,20.838094898287117,21.118804931640625,63752699
2023-11-01,21.128163961605154,21.277876230045234,20.959737213432312,21.203020095825195,59046355
2023-11-02,21.305948044961955,21.380804179516883,21.174948470957563,21.29659080505371,43439733
2023-11-03,21.296589740292884,21.493086414408733,21.212376370040108,21.24980354309082,54743002
2023-11-06,21.27787553116076,21.30594724983787,20.75388260883134,20.81002426147461,100246599
2023-11-07,20.810022994335906,20.903593599517738,20.744524106121876,20.83809471130371,35299090
2023-11-08,20.856809292956836,21.006521548107617,20.856809292956836,20.931665420532227,32313709
2023-11-09,20.931665504308576,21.193661059515616,20.884879308942416,21.118804931640625,52544027
2023-11-10,21.118804931640625,21.203018298588848,20.922308265235344,21.118804931640625,43730248
2023-11-13,21.06266445757652,21.100091631247672,20.903594953874446,21.081378936767578,32429337
2023-11-14,21.081377675683008,21.165591042294178,20.922308181496444,20.931665420532227,47746930
2023-11-15,20.93166613775378,21.165591767531172,20.93166613775378,21.14687728881836,48039581
2023-11-16,21.109448520906508,21.268518021971644,21.072021347855795,21.24980354309082,71263004
2023-11-17,21.193662127526874,21.30594721735317,21.043949864232445,21.165592193603516,40668574
2023-11-20,21.203019883205165,21.27787601667456,21.13752098950832,21.193662643432617,34358561
2023-11-21,21.165591867552802,21.324661367941573,21.156234628152177,21.240447998046875,47189784
2023-11-22,21.240447998046875,21.315304128540948,21.14687738875155,21.240447998046875,33804688
2023-11-23,21.212376606616417,21.268518259174087,21.025235385142903,21.165592193603516,40390383
2023-11-24,21.128160586905864,21.380800668812146,21.10944611016227,21.221731185913086,55393394
2023-11-27,21.2217317194007,21.259158889118023,21.043947755288784,21.156232833862305,52688942
2023-11-28,21.156232510635164,21.16558974909923,21.006520264631643,21.05330467224121,38065817
2023-11-29,21.090734681477933,21.090734681477933,20.95973512113657,21.01587677001953,53049106
2023-11-30,21.08137722354631,21.36208724975586,21.02523379053574,21.36208724975586,93251429
2023-12-01,21.408871552935324,21.418228791723962,21.165590483273927,21.268516540527344,57668131
2023-12-04,21.268517931537822,21.296589649739698,21.165591867552802,21.240447998046875,36736002
2023-12-05,21.231088313526634,21.35272884230394,21.08137606978039,21.12816047668457,65955134
2023-12-06,21.10008907985078,21.128160795242973,20.95037683384726,21.05330467224121,60731004
2023-12-07,21.015877722539592,21.193661700889468,20.987807789181296,21.14687728881836,46134177
2023-12-08,21.100091516790116,21.193662127526874,21.006522690764317,21.165592193603516,65214067
2023-12-11,21.072019773961227,21.390158752329317,20.91295028477718,21.35272979736328,91325635
2023-12-12,21.268517685422726,21.530515031475666,21.25916044613038,21.502443313598633,54746391
2023-12-13,21.493086287221132,21.567942417590526,21.436944635621817,21.51180076599121,45780951
2023-12-14,21.51179928594524,21.59601264990566,21.3433725580244,21.530513763427734,46382391
2023-12-15,21.52115771202235,21.661512731462924,21.305946563232744,21.315303802490234,66077881
2023-12-18,21.31530188783663,21.586654663085938,21.31530188783663,21.586654663085938,46320284
2023-12-19,21.586656143767037,21.642797793409038,21.493085537889794,21.567941665649414,56328793
2023-12-20,21.57729815588666,21.97029325916383,21.558585463129308,21.80186653137207,70038502
2023-12-21,21.783154698511982,21.85801082662876,21.605370724968065,21.66151237487793,69287699
2023-12-22,21.670868347593743,21.801866117965222,21.62408393952129,21.68958282470703,55368791
2023-12-25,21.68958523099747,21.91415362713873,21.624086338545137,21.89543914794922,44247999
2023-12-26,21.895437983455427,22.176149802235766,21.876723505261232,22.017080307006836,61519717
2023-12-27,21.979651350618443,22.073221956878555,21.839296333583707,22.017080307006836,56278543
2023-12-28,22.03579376684858,22.260363943567278,21.68958483176988,21.78315544128418,90728328
2023-12-29,21.801867384541378,21.858010819142887,21.62408519576922,21.839296340942383,62846850
2024-01-02,21.83929736536156,22.24164974199121,21.820582886283216,22.15743637084961,68880298
2024-01-03,22.14807880539061,22.269719348187945,22.082579914291205,22.23229217529297,60752512
2024-01-04,22.269718170166016,22.438144901061307,22.09193598507506,22.269718170166016,61342335
2024-01-05,22.251006227395955,22.410075724748776,22.13872114144242,22.213577270507812,70563121
2024-01-08,22.21357643381016,22.288432560056016,22.017079771681345,22.082578659057617,65439403
2024-01-09,22.08258132202493,22.15743745729778,21.801869476218435,22.026439666748047,80150503
2024-01-10,21.998365836224913,22.120006375106435,21.71765401734999,21.839296340942383,67243039
2024-01-11,21.876722241707604,21.88607948026425,21.62408393952129,21.68958282470703,60919882
2024-01-12,21.605370710288863,22.073221956878555,21.605370710288863,22.017080307006836,62005621
2024-01-15,21.970295377904822,22.12936488230263,21.895439245524145,21.989009857177734,40987662
2024-01-16,21.91415276392496,22.054507782895694,21.801867677921834,22.03579330444336,57834255
2024-01-17,22.035790650962735,22.082576841459733,21.820579528808594,21.820579528808594,66509131
2024-01-18,21.801865052609795,21.914150125091904,21.408869975988427,21.820579528808594,122738921
2024-01-19,21.801868633870555,22.007724336450647,21.633443674547266,21.989009857177734,94494749
2024-01-22,21.670869291283307,21.970293799291714,21.586655925317086,21.73636817932129,110790646
2024-01-23,21.67086971648787,21.848653690872734,21.455658570223022,21.755083084106445,85306405
2024-01-24,21.811225215274757,22.33521991083704,21.783155281923474,22.316505432128906,108649042
2024-01-25,22.325860658244753,22.550429028359133,22.18550386530135,22.40071678161621,82891286
2024-01-26,22.316505187482587,22.634644183189593,22.279076230476633,22.578500747680664,71370324
2024-01-29,22.541072629096533,22.92471049874769,22.513000912520535,22.70949935913086,69416961
2024-01-30,22.70014255302264,22.79371315868228,22.466216931228974,22.550430297851562,79784398
2024-01-31,22.53171600537985,22.887282168162375,22.484931594520077,22.831140518188477,88550152
2024-02-01,22.737570674464056,22.868570241745218,22.59721565246582,22.59721565246582,66074108
2024-02-02,22.662715280478896,22.943427118311785,22.59721638706452,22.71885871887207,101817510
2024-02-05,22.78435567272507,23.28027684333826,22.72821402382205,23.167993545532227,114937132
2024-02-06,23.111851043492216,23.635843911569978,22.999565965120166,23.130563735961914,126603040
2024-02-07,23.196066014314017,23.205421468842108,22.681428564435077,23.111852645874023,135642238
2024-02-08,23.027639905096024,23.14928044909661,22.83114144514314,23.055709838867188,87497217
2024-02-19,22.999567935352072,23.663917654483356,22.9247118049285,23.57970428466797,87245684
2024-02-20,23.560987059876293,24.066265435168027,23.495488176478357,23.89784049987793,68608378
2024-02-21,23.879130587186733,24.0475573393782,23.757488250732422,23.757488250732422,79877592
2024-02-22,23.860413541563553,24.028840275645976,23.72941576381539,23.907197952270508,66689215
2024-02-23,23.86041259758828,24.084980972576755,23.691985870169223,24.038196563720703,61030579
2024-02-26,23.851053972422793,23.89784016326998,23.32706112790917,23.345775604248047,80588451
2024-02-27,23.308350035104613,23.429992364254694,23.22413666406562,23.327064514160156,54655099
2024-02-28,23.224134433273676,23.804270735293922,23.00892329893987,23.67327117919922,120223309
2024-02-29,23.579703112666557,23.691986410365544,23.39256190355379,23.439346313476562,76228710
2024-03-01,23.439347278058992,23.53291788646602,23.29899225780391,23.392562866210938,57112914
2024-03-04,23.36449059756545,23.832341843862235,23.27092177607479,23.813629150390625,86329895
2024-03-05,23.720058719309144,24.328264987043042,23.701344240988497,24.272123336791992,98844338
2024-03-06,24.234694704780388,24.608975352652454,24.150481335920308,24.197267532348633,87775400
2024-03-07,24.187911021444055,24.440551135632152,24.141124823606837,24.234695434570312,76693945
2024-03-08,24.253408541803374,24.412478036030176,24.103696286614717,24.1691951751709,61448903
2024-03-11,24.11305406236654,24.318907971655168,23.925912846859863,24.103696823120117,76887209
2024-03-12,24.047553819102443,24.09433822799092,23.16799301125482,23.233491897583008,159072692
2024-03-13,23.23349305418668,23.32706366133254,22.934068539088628,23.289634704589844,129403361
2024-03-14,23.16799408283914,23.280277383249224,23.00892458666579,23.102495193481445,99913194
2024-03-15,23.102495497077634,23.327063885559795,23.074423779250775,23.12120819091797,73946991
2024-03-18,23.102492857760883,23.27091957605852,23.02763673681868,23.083778381347656,80008345
2024-03-19,23.083779327721512,23.373846585175713,23.01828044230064,23.130563735961914,79130509
2024-03-20,23.130565519613445,23.598416776937665,23.074423868453593,23.392562866210938,104635892
2024-03-21,23.43934611711411,23.486132311355767,23.317705581507436,23.3364200592041,66811218
2024-03-22,23.327064188138493,23.476776449068538,23.177351927208445,23.401920318603516,77408692
2024-03-25,23.47677772301571,23.486134962920467,23.336422693866414,23.373849868774414,67464484
2024-03-26,23.392561601447987,23.41127607905974,23.111851576114937,23.242849349975586,76837709
2024-03-27,23.196064727414385,23.411275863838664,23.177350249974673,23.233491897583008,72631540
2024-03-28,23.261564041259994,23.4112762941076,23.06506559395324,23.252206802368164,81593841
2024-03-29,23.23349390359339,23.364491687560292,23.22413666406562,23.327064514160156,34268867
2024-04-01,23.345776869820135,23.383204039816114,23.083779541005132,23.139921188354492,87831553
2024-04-02,23.130565970108538,23.24285105932604,22.9714964681318,23.055709838867188,92854480
2024-04-03,23.018280669912777,23.036995147278304,22.70014169354201,22.868568420410156,115308126
2024-04-08,22.840497807575506,23.77620030451743,22.821783329306058,23.729415893554688,179639804
2024-04-09,23.579705128687454,23.7387746346202,23.383206663847712,23.53291893005371,104343345
2024-04-10,23.532918866654512,24.07562627636691,23.523561626952972,23.9820556640625,112399910
2024-04-11,23.935270947876006,24.010127079831634,23.645203659636827,23.963342666625977,68916555
2024-04-12,23.90719732870477,23.99141069354946,23.7200579060472,23.78555679321289,62788587
2024-04-15,23.79491567412245,24.262766940118688,23.78555843463721,24.225337982177734,78534769
2024-04-16,24.15048080017324,24.47797702906281,24.028840261579845,24.262765884399414,83440594
2024-04-17,24.18790879789239,24.421834411441232,23.888484298103602,24.30954933166504,81773935
2024-04-18,24.253409071457085,24.50604917687175,24.141123985258048,24.28148078918457,84898080
2024-04-19,24.23469363244476,24.412477601584005,24.075624141048767,24.328264236450195,77485367
2024-04-22,24.26276642263738,24.50604928993195,24.150481335920308,24.197267532348633,64125192
2024-04-23,24.178553166105736,24.375049837884863,23.9539847763392,24.113054275512695,57550366
2024-04-24,24.234694817369643,24.27212377468619,24.019483666932242,24.113054275512695,56309187
2024-04-25,24.094337997028457,24.18790859861927,23.916554032477,24.028839111328125,42847022
2024-04-26,23.96334181405731,24.197267441184895,23.907198378554842,23.925912857055664,69028833
2024-04-29,23.9259129691571,24.01012633809447,23.67327286234498,23.841699600219727,77653000
2024-04-30,23.766842100355863,24.346978410176835,23.72941493004753,24.13176727294922,88274253
2024-05-06,24.131768448433192,24.131768448433192,23.7949149756957,23.83234214782715,110588987
2024-05-07,23.83234174034755,23.869770696549942,23.691986724010317,23.72005844116211,63482761
2024-05-08,23.72005758644549,23.907197006581562,23.682628631591797,23.682628631591797,60627239
2024-05-09,23.72005865441996,23.76684306538271,23.542274680281952,23.729415893554688,68681549
2024-05-10,23.7294162981105,23.87912855739674,23.635845689878877,23.841699600219727,79808793
2024-05-13,23.860415027732863,24.04755625163869,23.72941724182537,23.972700119018555,92647353
2024-05-14,23.972699266783188,23.972699266783188,23.74812909219533,23.935270309448242,60506173
2024-05-15,23.907198490568593,24.03819805597723,23.813629667047874,23.841699600219727,44384153
2024-05-16,23.85105568037858,23.897841874576088,23.766842315533886,23.78555679321289,57841400
2024-05-17,23.81362996616008,24.187910619076842,23.80427272674829,24.122411727905273,94950720
2024-05-20,24.084983057455005,24.477978193881537,24.010126925979044,24.31890869140625,91014753
2024-05-21,24.375048751119,24.56218995993618,24.309549863446236,24.42183494567871,64932506
2024-05-22,24.477976058973933,24.524760467799382,24.262764922839587,24.30954933166504,56950230
2024-05-23,24.375049692271496,24.64640427706268,24.29083632352326,24.46862030029297,77312597
2024-05-24,24.524761090992737,24.842900076280184,24.449904964143386,24.60897445678711,77715134
2024-05-27,24.618332114970993,24.983257301198073,24.618332114970993,24.80547332763672,78000895
2024-05-28,24.814830649303136,25.104897923660314,24.77740169276111,24.992612838745117,67259257
2024-05-29,24.983258988393523,25.048757881836604,24.71190439017391,24.973901748657227,62051985
2024-05-30,24.94582833729491,25.217182917107696,24.889686687396388,24.983257293701172,53980515
2024-05-31,25.03939905458911,25.282681918175577,24.87097231943611,24.899044036865234,70818931
2024-06-03,25.16104057561023,25.731819692626914,25.030042791918905,25.66632080078125,114876331
2024-06-04,25.666319836974207,25.91895994007272,25.544677512647866,25.713104248046875,79276175
2024-06-05,25.769247646298673,26.274526067065434,25.722461450581736,26.162240982055664,88722153
2024-06-06,26.106098919224824,26.555235682742254,25.975101142709956,26.227741241455078,106120323
2024-06-07,26.19966928959111,26.545879990476333,26.10609868518612,26.489736557006836,86811639
2024-06-11,26.499093170196463,26.658162658515597,26.1248125461252,26.36809539794922,87333796
2024-06-12,26.274526773401835,26.667521904434572,26.199670642953265,26.55523681640625,75624228
2024-06-13,26.5645947739252,26.94823267593393,26.499095881100928,26.854663848876953,89282721
2024-06-14,26.80787501730665,26.920160097340656,25.947028686081957,26.106098175048828,242643011
2024-06-17,25.96574674649674,26.255814048270043,25.81603447560013,26.096744537353516,106730295
2024-06-18,26.09674082932284,26.143527022774684,25.81603080745495,26.012527465820312,65893578
2024-06-19,25.99381394245649,26.265166716962295,25.937670512108475,26.237096786499023,53659074
2024-06-20,26.265168811602724,26.573950564299132,26.20902716148816,26.51780891418457,65568919
2024-06-21,26.51780870085429,26.686235434553897,26.227741428766556,26.508451461791992,74296501
2024-06-24,26.5739500004959,27.135371843862814,26.527165590511505,27.03244400024414,106929642
2024-06-25,27.01373035958248,27.06051476792593,26.480378467028938,26.80787467956543,88021088
2024-06-26,26.84530363400881,27.01373035958248,26.55523459120493,26.80787467956543,51424125
2024-06-27,26.761091741576703,27.088587972107064,26.742377263326766,26.96694564819336,66550911
2024-06-28,26.96694575052799,27.163444203476235,26.7423773648092,27.060516357421875,72366983
2024-07-01,27.06051600273165,27.74357839009539,27.06051600273165,27.584508895874023,72351910
2024-07-02,27.575151656836198,27.659365023465792,27.35994051309872,27.584508895874023,58289049
2024-07-03,27.519010227731794,27.621938073261443,27.135372347662404,27.41608238220215,73251987
2024-07-04,27.341226144181643,27.650007894819343,27.32251345074214,27.500295639038086,66193048
2024-07-05,27.500295639038086,27.500295639038086,27.500295639038086,27.500295639038086,0
2024-07-08,27.341225290535135,28.117858262418974,27.322512597679875,27.996217727661133,100897073
2024-07-09,27.9868605759028,28.37985568245825,27.893289972492298,28.361141204833984,85724564
2024-07-10,28.333072887475026,28.464070668887253,27.949434997872725,28.16464614868164,76596809
2024-07-11,28.19271406611169,28.258214736845154,27.790363511299446,28.248857498168945,74713995
2024-07-12,28.22078909232076,28.3517868797316,27.88393559930889,27.958791732788086,68112730
2024-07-15,27.874577801348224,28.538925707047802,27.75293547922437,28.473426818847656,78795504
2024-07-16,28.53892725260666,28.885137975042245,28.305001619388573,28.819637298583984,68924858
2024-07-17,28.772852885824747,28.959994106283595,28.595068904859936,28.819637298583984,74056856
2024-07-18,28.772852633235843,29.418487874968974,28.744780915000163,29.343631744384766,99995624
2024-07-19,29.30519689507593,29.516577983424614,29.093815806727243,29.382062911987305,112417521
2024-07-22,29.382063499668668,29.40128046243848,28.536537296731847,29.189897537231445,97427649
2024-07-23,29.209114782293433,29.59344487825181,29.09381666982115,29.468538284301758,90144787
2024-07-24,29.46853869219805,29.96816874017492,29.34363209651907,29.824045181274414,88281095
2024-07-25,29.852868643716537,30.05464309126941,29.180291428011387,29.622270584106445,97736868
2024-07-26,29.506970445517045,29.506970445517045,28.565361250093517,28.968908309936523,114955273
2024-07-29,28.78635071743867,29.209114738676817,28.353980047367557,29.016950607299805,75162251
2024-07-30,28.988124289398247,29.266762912919233,28.709483833246857,28.93047523498535,60682304
2024-07-31,28.872825119505816,28.892042082367112,28.32515450637201,28.690269470214844,94433185
2024-08-01,28.488494993810495,29.151465550745748,28.440454419341027,28.94008445739746,68485869
2024-08-02,28.82478372501785,29.13224779153051,28.63261776713224,29.055381774902344,57775048
2024-08-05,28.911260033326688,29.01695150004558,28.680661969001342,28.728702545166016,63103071
2024-08-06,28.728700822245504,28.91125829945782,28.15220477969056,28.305936813354492,93657365
2024-08-07,28.21946443491794,28.872824668318096,28.21946443491794,28.584577560424805,67641078
2024-08-08,28.584577876152615,28.834392894313634,28.459671283387323,28.6134033203125,46760473
2024-08-09,28.546141635692457,28.623009480551982,28.219462458190925,28.382802963256836,59690063
2024-08-12,28.402020324679754,28.546143879861127,27.97925814049846,28.036907196044922,51089121
2024-08-13,28.132990308762874,28.229071457580023,27.921607383052084,28.113773345947266,46163028
2024-08-14,28.142598997745253,28.68066113213779,27.892783977191105,28.392412185668945,67862636
2024-08-15,28.3828047692714,28.795958465898817,28.24828786483813,28.632617950439453,59889587
2024-08-16,28.651833228346714,28.709482279639943,28.373194619904186,28.45966911315918,50949931
2024-08-19,28.430844049914455,28.690267533135124,28.41162708835063,28.565359115600586,42798248
2024-08-20,28.594186335588212,28.67105235399179,28.27711378059464,28.488494873046875,46130402
2024-08-21,28.49810306153073,28.6230114855468,28.084947529621374,28.584577560424805,47190994
2024-08-22,28.536536620819827,29.11303082921587,28.52692813966251,29.055381774902344,77938021
2024-08-23,29.08420785899027,29.132248433204627,28.632618397801384,28.738309860229492,54611188
2024-08-26,28.73831089807678,28.872825976839174,28.325155347443147,28.651836395263672,49639581
2024-08-27,28.594185858194525,28.728700929997387,28.421236861516327,28.632617950439453,35060495
2024-08-28,28.6230127827463,28.920868385418956,28.536538279933193,28.651836395263672,49690215
2024-08-29,28.671052140309428,28.69987758423235,28.113773052879207,28.209856033325195,67603577
2024-08-30,28.1041659728345,28.42123854127408,27.58531895213491,28.22907257080078,89849336
2024-09-02,27.892784232614883,28.64222746850978,27.88317575104822,28.546144485473633,73329606
2024-09-03,28.48849544503861,28.62301235441853,27.91199937912166,27.969650268554688,66710788
2024-09-04,27.96964934376973,28.190638914731473,27.777483383941007,28.008081436157227,40153496
2024-09-05,28.01768967567407,28.132989617102574,27.787091625447456,27.979257583618164,37487408
2024-09-06,27.960039138793945,28.325152240803,27.93121369680759,27.960039138793945,40053763
2024-09-09,28.084946870881907,28.277112826723744,27.921606358205455,28.200246810913086,63373236
2024-09-10,28.161813470968042,28.33476246828781,27.815917308958916,28.008081436157227,58004957
2024-09-11,28.008079773130284,28.008079773130284,26.566840657882103,26.71096420288086,143949737
2024-09-12,26.614885589717616,26.96078176404873,26.547626218540266,26.768617630004883,66219139
2024-09-13,26.768617356956696,27.38354551183331,26.730183430961677,27.19137954711914,80973210
2024-09-18,27.143338547785685,27.614143138079413,27.114513103740197,27.210596084594727,52623623
2024-09-19,27.258639233447173,27.316288290477203,26.749400703895564,27.220205307006836,69799705
2024-09-20,27.07608000535282,27.210595073974925,26.749398982158826,27.04725456237793,82295178
2024-09-23,27.04725635894056,27.316288346685074,26.883915836493983,27.095298767089844,47904951
2024-09-24,27.3162873572788,27.74865801917878,26.970389361654483,27.633359909057617,106478651
2024-09-25,27.787092949644947,28.47888713329232,27.700618447610214,27.796701431274414,118176242
2024-09-26,27.902392231339014,27.98886489868164,27.585317843017467,27.98886489868164,114316343
2024-09-27,28.08494718637495,28.08494718637495,26.960780547121693,27.85434913635254,188703666
2024-09-30,27.700618357052814,29.305198131318768,27.489237259786997,28.872825622558594,396078494
2024-10-08,30.75604435556325,31.01546786354312,27.748659223754146,28.075340270996094,462356540
2024-10-09,27.844740841514188,28.238679408684007,27.11451276190832,27.43158531188965,266925415
2024-10-10,27.479628105414637,28.661443823584484,27.47001962405182,28.036907196044922,262428403
2024-10-11,28.056122493073318,28.584576108240768,27.863956542486797,28.06572914123535,142589633
2024-10-14,28.075338389826776,28.39241093412455,27.96004028242597,28.200246810913086,144701436
2024-10-15,28.152204265720428,28.23867876215644,27.7486572265625,27.7486572265625,117112841
2024-10-16,27.671792110942253,28.17142214379012,27.489236463757027,27.585317611694336,127230016
2024-10-17,27.60453508841329,27.662185977405816,27.19137954711914,27.19137954711914,112093819
2024-10-18,27.210596530449948,27.546886052635813,26.93195789729969,27.316287994384766,149181606
2024-10-21,27.249028403444285,27.249028403444285,26.759006879344184,26.864696502685547,139628417
2024-10-22,26.86469959222273,27.24903153718103,26.73979299295266,26.979999542236328,104063225
2024-10-23,26.979998060130477,27.220204596218757,26.903132041887442,26.96078109741211,90280066
2024-10-24,26.960782450752436,27.02803999101239,26.662926844188146,26.903133392333984,78386191
2024-10-25,26.903132179394376,26.979998198030284,26.33624460471813,26.461153030395508,150718465
2024-10-28,26.461153030395508,26.461153030395508,26.09603806740211,26.461153030395508,117784905
2024-10-29,26.46115395351579,26.931958563163963,26.278596465650413,26.624492645263672,131188363
2024-10-30,26.634101127007167,26.797441651385554,26.37467945045485,26.624492645263672,101259892
2024-10-31,26.883914277756283,26.912739720974542,26.34585216609475,26.499584197998047,121903136
2024-11-01,26.432327321622328,26.90313191013402,26.317027378507223,26.883914947509766,121360771
2024-11-04,26.88391481509542,26.89352329636022,26.52841017144984,26.807048797607422,90600962
2024-11-05,26.720575222021065,26.845483650148516,26.634100720280664,26.768617630004883,130938756
2024-11-06,26.739790591367637,26.807048125905567,26.38428412399953,26.422718048095703,138088740
2024-11-07,26.32663632947728,26.759008833084266,26.317027847993742,26.739791870117188,133033377
2024-11-08,26.749400274434556,26.864698386643507,26.451544679825915,26.53801918029785,119023483
2024-11-11,26.38428645422345,26.547626980797446,26.288205300758005,26.40350341796875,93996202
2024-11-12,26.403502317974233,26.54762587479861,25.89426562835274,25.913480758666992,201746671
2024-11-13,25.827004610262197,26.41310911426856,25.73092346692964,26.317026138305664,155188222
2024-11-14,26.278596266477802,26.605277312758574,26.16329631906027,26.345853805541992,98646616
2024-11-15,26.297812708001555,26.41311082050078,26.038389205932617,26.038389205932617,93580893
2024-11-18,26.09603877999608,26.461153752959525,26.028781240931888,26.345853805541992,119051790
2024-11-19,26.3266370281124,26.42272001286711,26.105647446017926,26.297813415527344,95680280
2024-11-20,26.297812641793683,26.66292577396262,26.144078771131003,26.53801918029785,99804939
2024-11-21,26.480368107662926,26.61488501447978,26.46115297751518,26.5860595703125,67848491
2024-11-22,26.586060087196817,26.69175155190124,26.192121505737305,26.192121505737305,97129106
2024-11-25,26.31702808136764,26.509194047481596,25.971131908045173,26.06721305847168,101408771
2024-11-26,26.03838950181617,26.124864003488458,25.8558320168824,25.942306518554688,88306380
2024-11-27,25.923087586225094,26.374677023461604,25.923087586225094,26.317026138305664,102469314
2024-11-28,26.297812065763747,26.403501694201836,26.105646106117455,26.35546112060547,69160630
2024-11-29,26.365069151158316,26.614884161375915,26.23055224865322,26.24976921081543,109026420
2024-12-02,26.3170251448721,26.62448919024273,26.23055065303283,26.52840805053711,88629895
2024-12-03,26.538018545040387,26.999214648097137,26.46115252786426,26.855091094970703,134347559
2024-12-04,26.855091459825058,27.41237055008078,26.72057455346648,27.33550453186035,137225662
2024-12-05,27.287462529476226,27.556494513549975,27.095298397392515,27.19137954711914,98035433
2024-12-06,27.210595392462167,27.421978311491454,27.047254878953346,27.076080322265625,90935412
2024-12-09,27.028039468440433,27.39315444083591,26.835875333217462,27.29707145690918,80287292
2024-12-10,27.287461137638168,27.460410130533305,26.864697136408978,26.922348022460938,167887746
2024-12-11,26.999213566597323,27.114511671427845,26.874305148295537,27.066471099853516,63618426
2024-12-12,27.04725380695764,27.36432634030428,27.028036845511103,27.287460327148438,77874956
2024-12-13,27.325896680448203,27.74865887409129,27.229813697300056,27.594926834106445,154285770
2024-12-16,27.652576816078657,28.23867951204989,27.652576816078657,28.13298988342285,143463294
2024-12-17,28.18103162569471,28.392412724344595,28.0465165477021,28.123382568359375,107804406
2024-12-18,28.229071719763773,28.651835742481424,27.98886518022905,28.267505645751953,98396558
2024-12-19,28.113773345947266,28.49810343910719,28.06573093890825,28.113773345947266,91061598
2024-12-20,28.065732290109008,28.277115225996646,27.940825691054926,28.05612564086914,78725172
2024-12-23,28.046517478412618,28.642228700117283,27.96965145520458,28.411630630493164,108633632
2024-12-24,28.315544247884876,28.680659188813443,28.209854624041622,28.64222526550293,92735550
2024-12-25,28.651836155000275,28.757527620359006,28.50771259573049,28.62301254272461,68516052
2024-12-26,28.623010492387525,28.66144258354559,28.142597440814434,28.17142105102539,89884558
2024-12-27,28.152206270891586,28.469278836197336,28.027299674159835,28.450063705444336,85423709
2024-12-30,28.450062382981265,28.6614434724825,28.19063888725447,28.257896423339844,77825662
2024-12-31,28.24828862874975,28.603795112938855,28.209856535465512,28.392412185668945,96537038
2025-01-02,28.35398124832928,28.565362351586387,27.940825691054926,28.05612564086914,104122008
2025-01-03,28.065730970665506,28.27711389661548,27.719834802745403,27.86395835876465,94632286
2025-01-06,27.96004281147114,27.96004281147114,27.393155206354937,27.758268356323242,79467426
2025-01-07,27.74865937762795,27.75826785938017,27.421980161204974,27.575712203979492,65496030
2025-01-08,27.546885802470133,28.01769039620257,27.50845187679543,27.86395835876465,90630929
2025-01-09,27.806309224558593,27.92160733599704,27.518060280701594,27.662185668945312,58177058
2025-01-10,27.66218770204439,27.91200090606513,27.393155701197458,27.73905372619629,69490983
2025-01-13,27.671791817854217,27.777483278622327,27.31628717593852,27.681400299072266,90627806
2025-01-14,27.67179213364916,27.84474113228691,27.594926115657984,27.71022605895996,81985665
2025-01-15,27.60453354256574,27.979256969510903,27.489235436298273,27.671791076660156,72279278
2025-01-16,27.604534596985683,27.84474113228691,27.594926115657984,27.71022605895996,72060240
2025-01-17,27.739052503000227,27.892784544524975,27.633361037215526,27.873567581176758,59637230
2025-01-20,27.911998616724308,27.921607098034027,27.700617525801697,27.835132598876953,66542377
2025-01-21,27.825524693657208,28.1618142159382,27.691009617796993,28.017690658569336,78941328
2025-01-22,28.017688677410437,28.152203743758957,27.479626579386036,27.56610107421875,107370320
2025-01-23,27.594924090330192,27.68139858330228,27.172161938722542,27.383543014526367,103468365
2025-01-24,27.470661567884534,27.732010807410003,27.296430587768555,27.296430587768555,84000577
2025-01-27,27.364187873958986,28.167593373778377,27.31578884009374,27.974000930786133,99524449
2025-02-05,27.935282741476865,27.964320314721295,27.364187082035144,27.44162368774414,90286113
2025-02-06,27.451303653307303,27.519060452916012,27.228671795148845,27.364187240600586,67609734
2025-02-07,27.296430674009347,27.335148054301555,27.00604201376326,27.22867202758789,109147551
2025-02-10,27.15123396051767,27.257709981504828,27.006040561320606,27.01572036743164,96900076
2025-02-11,27.08347908862573,27.08347908862573,26.81245188319349,27.00604248046875,90138630
2025-02-12,26.95764512007552,27.131877948871548,26.880208512414434,27.093158721923828,71470071
2025-02-13,27.025399687761922,27.325466286873397,26.93828328056275,27.26738929748535,94001814
2025-02-14,27.26739109466564,27.586817326704423,27.15123526199957,27.306108474731445,92876377
2025-02-17,27.160913278412096,27.26738929748535,26.73501289458749,27.26738929748535,109580719
2025-02-18,27.151233133111905,27.644892152325564,27.151233133111905,27.45130157470703,108370674
2025-02-19,27.35450780351383,27.4997012112413,27.131877788582752,27.170595169067383,83243097
2025-02-20,27.10283846662235,27.218994300965278,26.967324865084233,27.141557693481445,69621175
2025-02-21,27.14155619319805,27.14155619319805,26.822128127970377,26.909244537353516,124688160
2025-02-24,26.90924694641417,27.025402784735334,26.628539927009186,26.66725730895996,129403179
2025-02-25,26.696295273050445,26.76405207244204,26.328471856538506,26.45430564880371,97322862
2025-02-26,26.4252656258919,26.812450492833687,26.39622805323526,26.744691848754883,88916962
2025-02-27,26.754371910228354,26.831808515108428,26.434945684318766,26.63821792602539,99176939
2025-02-28,26.599498931512134,26.851168361116954,26.473665139826878,26.502702713012695,117501775
2025-03-03,26.502703316556197,26.551102350025257,26.19295688729161,26.221996307373047,112763438
2025-03-04,26.221994269130736,26.32847028825191,26.115518250009565,26.280071258544922,64725189
2025-03-05,26.270392715882675,26.715654579427518,26.14455892506187,26.599498748779297,94660546
2025-03-06,26.531742451462538,26.599499251356594,26.280073018831533,26.347829818725586,98075923
2025-03-07,26.33814996311292,26.493025022026625,26.260713356773227,26.38654899597168,68383213
2025-03-10,26.396229122933,26.405908929622242,26.16391930109422,26.23167610168457,88322350
2025-03-11,26.173598936221413,26.415588563163247,26.16391912959562,26.31879234313965,91040312
2025-03-12,26.28975307079373,26.31879249083407,26.144559663060704,26.251035690307617,78523785
2025-03-13,26.23167579548504,26.473665421188343,26.221995988908787,26.376869201660156,87409660
2025-03-14,26.415588062584202,26.66725564514836,26.35750922393004,26.57046127319336,111413990
2025-03-17,26.628538424583247,26.80277124911728,26.473665213049507,26.493024826049805,76352193
2025-03-18,26.49302323827446,26.541420421640357,26.29943081234248,26.32847023010254,77719309
2025-03-19,26.36718863434434,26.812450492833687,26.28975203020284,26.744691848754883,131859932
2025-03-20,26.812450480822218,26.87052747234376,26.657577272608595,26.754371643066406,60194152
2025-03-21,26.78341153747425,26.87052794942042,26.493024728476556,26.522062301635742,74187671
2025-03-24,26.54142137217122,26.909244779133843,26.493024187072074,26.812450408935547,99162478
2025-03-25,26.822129806590937,27.10283866466749,26.676936397277093,27.03508186340332,77255982
2025-03-26,27.035082049925226,27.09315904480458,26.725335615589508,26.93828582763672,69088342
2025-03-27,26.8608474493385,26.967323471464173,26.735013661018005,26.880207061767578,57299116
2025-03-28,26.870527099719762,27.006040693468897,26.754371272053184,26.957643508911133,57222334
2025-03-31,27.025402268253675,27.209314906149764,26.860849244080207,26.918926239013672,90484100
2025-04-01,26.957645292708527,27.044761707664424,26.773732655997815,27.00604248046875,57988638
2025-04-02,27.006042629368363,27.064119624247713,26.822129991643635,26.93828582763672,55353026
2025-04-03,26.822128876781182,27.528739977752913,26.822128876781182,27.490020751953125,143798229
2025-04-07,27.141557095514454,27.935282766295426,26.88020785867653,27.422264099121094,325872228
2025-04-08,27.35450591096241,28.24502775530934,27.10283649340412,28.119192123413086,234119048
2025-04-09,28.119193039356997,28.65157130984517,27.838486040859177,28.62253189086914,219801803
2025-04-10,28.5160547351537,28.54509415297657,27.925601342628898,28.235347747802734,138562486
2025-04-11,28.34182564450942,28.34182564450942,28.070796598910068,28.264389038085938,87332101
2025-04-14,28.080476466551143,28.31278628632673,27.896563833557597,28.21599006652832,82637532
2025-04-15,28.148233059278606,28.409582296939647,28.061116646724926,28.33214569091797,78307971
2025-04-16,28.3127857981933,28.467659008706892,28.119193361934155,28.457979202270508,100760206
2025-04-17,28.361183337828425,28.380542950942633,28.070796526052646,28.274066925048828,84085337
2025-04-18,28.167592059164843,28.651571297823228,28.12887283387972,28.632211685180664,88117388
2025-04-21,28.55477559174175,28.748368029162535,28.361183154320962,28.37086296081543,56583745
2025-04-22,28.380542742952315,28.864521989854595,28.293426330811158,28.390222549438477,76894856
2025-04-23,28.34182564450942,28.438620017863027,28.14823320533355,28.264389038085938,61610691
2025-04-24,28.264388479563557,28.60317247207525,28.22566925399977,28.516056060791016,56927325
2025-04-25,28.535417505958666,28.7774071425687,28.361184672201937,28.57413673400879,54457223
2025-04-28,28.574134405075934,28.961317422847777,28.46765838285083,28.767724990844727,72347085
2025-04-29,28.76772548825277,28.816124520207502,28.40958188295918,28.516056060791016,72305923
2025-04-30,28.60317242367566,28.622532036424793,28.380542415763465,28.55477523803711,55350878
2025-05-06,28.699969281816845,28.699969281816845,28.196630416509706,28.24502944946289,83099000
2025-05-07,28.341825338950766,28.438619711260813,28.12887328890632,28.409582138061523,80888990
2025-05-08,28.34182538756633,28.535415978752805,28.283746548599506,28.37086296081543,46996050
2025-05-09,28.361182682612085,28.81612434911396,28.341824916179416,28.603172302246094,73292755
2025-05-12,28.51605596441734,28.73868781818813,28.370862561512418,28.593494415283203,57235498
2025-05-13,28.477338165506644,28.787084579467773,28.4192611744475,28.787084579467773,61698606
2025-05-14,28.777406016766403,29.135551477281364,28.719329023197663,29.116191864013672,74790567
2025-05-15,29.09683173963131,29.387220394842718,29.03875474708275,29.377540588378906,71543285
2025-05-16,29.32914204644688,29.522734486491377,29.000036006111834,29.13555145263672,63755987
2025-05-19,29.135552584873054,29.600172243554226,29.135552584873054,29.493696212768555,56194236
2025-05-20,29.50337563357966,29.948637518663237,29.50337563357966,29.69696807861328,60587616
2025-05-21,29.755044801169763,29.958317051217186,29.716327420258192,29.813121795654297,53549849
2025-05-22,29.81312138953441,30.055111017196975,29.580811568526467,30.03575325012207,53726373
2025-05-23,29.813120506511382,29.813120506511382,29.416257676598043,29.51305389404297,85424773
2025-05-26,29.425937786639977,29.580810997656425,29.154910590478345,29.367860794067383,62651237
2025-05-27,29.32914172677012,29.609850577151587,29.25170512084322,29.290424346923828,56798057
2025-05-28,29.300103644836668,29.571130837759025,29.232346846606077,29.551773071289062,53780908
2025-05-29,29.5033745148086,29.571131314130707,29.14523090518194,29.3194637298584,66936874
2025-05-30,29.348501474710414,29.513054493840734,29.23234748840332,29.23234748840332,64478998
2025-06-03,29.309784156215933,29.377540956076366,28.893561704234035,29.183948516845703,78322252
2025-06-04,29.174269216915672,29.19362883042181,28.89356220601407,28.932279586791992,59558198
2025-06-05,28.93227976040294,28.98067879445871,28.699969935638332,28.845163345336914,55135038
2025-06-06,28.845162987894394,29.058115042632206,28.796765800672716,29.029075622558594,54693654
2025-06-09,28.9709967368371,29.125869941314452,28.893560134598427,29.019393920898438,68059358
2025-06-10,29.019395766431114,29.31946423464424,29.00003615308168,29.067794799804688,66348841
2025-06-11,29.038755073939146,29.3097841192736,29.019395460793614,29.212987899780273,57665617
2025-06-12,29.193628274385684,29.358181293585,29.058114674892476,29.222667694091797,63183872
2025-06-13,29.222666873154218,29.677606691696962,29.212987066857444,29.63888931274414,104423426
2025-06-16,29.571130922292273,29.638889566950844,29.329141301500243,29.4840145111084,51655391
2025-06-17,29.47433617799515,29.716325795725048,29.09683111889721,29.687286376953125,78898566
2025-06-18,29.61952947087879,29.871198893944033,29.590490052213248,29.726003646850586,62172076
2025-06-19,29.81312004467161,29.85183926954349,29.60016984657905,29.73568344116211,55930574
2025-06-20,29.735684073209715,29.84216009763633,29.406578039740452,29.42593765258789,56160340
2025-06-23,29.4065775578751,29.774402811011942,29.309783187692606,29.667926788330078,58800921
2025-06-24,29.629209554435402,29.82280014198161,29.551772950170065,29.600170135498047,78840002
2025-06-25,29.503373321952644,29.958314978266078,29.42593671925333,29.89055633544922,78370666
2025-06-26,29.89055783785983,30.190626303857194,29.87120007088769,30.113189697265625,70564856
2025-06-27,30.161586675513576,30.161586675513576,29.23234740283943,29.251705169677734,147453009
2025-06-30,29.261383222557086,29.445295843256357,29.13554943759498,29.174266815185547,75518456
2025-07-01,29.232347159721826,29.542093581370462,29.183948127442786,29.396900177001953,59476275
2025-07-02,29.425937958006493,29.503374563965682,29.251705133039742,29.280744552612305,57183495
2025-07-03,29.29042467856229,29.30978429182179,28.89356183791418,29.125871658325195,93681123
2025-07-04,29.096832091582588,29.319463950474553,29.048434904912433,29.193628311157227,67922805
2025-07-07,29.271064733883524,29.309783959964133,29.10651171550957,29.290424346923828,50827848
2025-07-08,29.300104820709965,29.300104820709965,28.951639162985966,28.961318969726562,107328601
2025-07-09,28.990356348955327,29.135549747373563,28.893560134598427,29.019393920898438,67038321
2025-07-10,29.038755602358247,29.116192210115162,28.845163159848784,28.941959381103516,94764305
2025-07-11,28.961318021655153,29.609850282169962,28.912920835770855,29.42593765258789,164215479
2025-07-14,29.445298786697514,29.803444257941166,29.42593917284988,29.62921142578125,77154717
2025-07-15,29.629209736331557,29.696966534700408,29.37754030936562,29.503374099731445,56246157
2025-07-16,29.61953022352769,29.677607216100284,29.358180987599567,29.367860794067383,38621346
2025-07-17,29.348501523982915,29.42593813039576,29.154910931067967,29.193628311157227,61465548
2025-07-18,29.305734027132207,29.365257667490432,29.117240291738355,29.266050338745117,60170190
2025-07-21,29.464464189215455,29.623195153971412,29.186684054781352,29.275970458984375,77827654
2025-07-22,29.226366461884126,29.2759710720481,29.04779554196102,29.127161026000977,94394047
2025-07-23,29.17676294141348,29.21644662845313,28.93866649584263,28.94858741760254,107354945
2025-07-24,28.958508549550864,28.958508549550864,28.571600166995392,28.710491180419922,166882768
2025-07-25,28.63112569971759,28.750172977263116,28.521997451782227,28.521997451782227,100879090
2025-07-28,28.52199674498695,28.611283147044695,28.373186705631483,28.41286849975586,84445060
2025-07-29,28.383108428005812,28.512076627826584,28.373187506139235,28.4029483795166,71772013
2025-07-30,28.412869411806504,28.710491392293395,28.412869411806504,28.472394943237305,97828042
2025-07-31,28.194615245495676,28.194615245495676,27.48032588720732,27.61921501159668,257969828
2025-08-01,27.569611684439064,27.827548083400146,27.46048343641697,27.768024444580078,98148606
2025-08-04,27.678737435264914,27.946596642434166,27.579530111251596,27.916833877563477,82320372
2025-08-05,27.916835192747822,27.956518881111606,27.73826237955561,27.877153396606445,78715270
2025-08-06,27.867231465310535,27.896994230505523,27.64897686388099,27.74818229675293,114493479
2025-08-07,27.718421822902698,27.956518271223967,27.619214496379914,27.83746910095215,105195676
2025-08-08,27.83746992612851,27.857311770465707,27.639057159423828,27.639057159423828,82497210
2025-08-11,27.639055553889083,27.658895504851365,27.291830867047914,27.47040367126465,124355056
2025-08-12,27.47040376846722,27.658895602720907,27.42079916033021,27.53984832763672,74318390
2025-08-13,27.54977015023536,27.62913563362778,27.391039183450516,27.410879135131836,93425687
2025-08-14,27.400959608333075,27.66881692728442,27.381117764789316,27.440641403198242,101758796
2025-08-15,27.490244618524258,27.55969107218721,27.381118261498667,27.410879135131836,107230233
2025-08-18,27.420799255371094,27.500164736443075,27.331512852637324,27.420799255371094,114736196
2025-08-19,27.430720979035534,27.55969107218721,27.391039183450516,27.410879135131836,114602398
2025-08-20,27.38111726915628,27.520006387003825,27.242226259086426,27.47040367126465,102225937
2025-08-21,27.470404167933918,27.72834245733029,27.44064140261891,27.629135131835938,117934754
2025-08-22,27.65889630932157,27.698579996844977,27.48032539213334,27.648977279663086,103210400
2025-08-25,27.8176287492322,28.323582511997095,27.80770782750041,28.12516975402832,218566604
2025-08-26,28.125171054484717,28.174773773214866,27.986280036039936,28.085487365722656,113061248
2025-08-27,28.02596323837793,28.07556595624716,27.70850130268109,27.738262176513672,127532414
2025-08-28,27.728342762487532,27.76802455778857,27.47040447025249,27.648977279663086,109296247
2025-08-29,27.678737641212972,27.936675928677893,27.629134924948396,27.867231369018555,106729846
2025-09-01,27.87715352034655,27.87715352034655,27.490245125971896,27.569612503051758,124608667
2025-09-02,27.480324774932274,28.065645907199794,27.480324774932274,27.986278533935547,175144601
2025-09-03,28.02596323837793,28.174773284208023,27.609293974720227,27.738262176513672,127133113
2025-09-04,27.718421519440955,28.075565241901657,27.49024410326993,28.006120681762695,175848097
2025-09-05,27.936675623269412,28.085485662658655,27.777944662291247,27.847389221191406,106951308
2025-09-08,27.797787703382244,27.996200467044158,27.777945859349334,27.926755905151367,90074039
2025-09-09,27.936676637197348,27.976360324993315,27.738261982662266,27.787866592407227,76131632
2025-09-10,27.787866592407227,27.867232075776784,27.67873834319069,27.787866592407227,59861483
2025-09-11,27.77794647216797,27.88707472453409,27.698580986507814,27.77794647216797,105396656
2025-09-12,27.777946378987778,27.926756427573586,27.678739049189765,27.7085018157959,92972812
2025-09-15,27.678738042130853,27.688658963971935,27.53984892080041,27.579530715942383,72565697
2025-09-16,27.569611590409725,27.57953061999394,27.43072057734012,27.510086059570312,57512876
2025-09-17,27.500165650613315,27.609293900298344,27.450562932877787,27.48032569885254,61492675
2025-09-18,27.470403665528604,27.48032458711883,26.99420889030931,27.093416213989258,144843297
2025-09-19,27.103338356661663,27.13310112277324,26.90492559258502,26.984291076660156,73467022
2025-09-22,26.885082549510702,27.03389258898727,26.805717068975046,26.904924392700195,69683094
2025-09-23,26.904925478342992,27.17278280332022,26.815639072609788,27.10333824157715,87247325
2025-09-24,27.0636563510861,27.31167372342743,27.02397266324474,27.033893585205078,87441299
2025-09-25,26.994210503394832,27.11325967736922,26.865242299459798,27.073577880859375,63429258
2025-09-26,27.083495788879684,27.33151315651493,27.023972150469486,27.252147674560547,79408706
2025-09-29,27.212466186016616,27.281910746980625,26.97436973747329,27.08349609375,92703100
2025-09-30,27.133100912586087,27.143021834546428,26.99420989736372,27.033893585205078,61882774
2025-10-09,26.994209683692137,27.480325394789013,26.93468604462364,27.46048355102539,113249909
2025-10-10,27.43072057734012,27.569611590409725,27.291831456492872,27.510086059570312,71260502
2025-10-13,27.48032609605933,27.67873886209173,27.182704108677104,27.569612503051758,117498220
2025-10-14,27.52000707523704,27.787866288260886,27.331513344714068,27.768024444580078,136669904
2025-10-15,27.75810453458369,27.926756427573586,27.549770845008048,27.7085018157959,92632329
2025-10-16,27.629135020596465,27.94659694712235,27.619214098864738,27.936676025390625,93973494
2025-10-17,27.906913468234716,28.154930836709767,27.83746890781728,27.887073516845703,114702154
2025-10-20,27.896995435835063,27.92675631009357,27.529928884793286,27.82754898071289,91423076
2025-10-21,27.777946074586286,27.877153403297147,27.629136027631198,27.68865966796875,80163574
2025-10-22,27.668816926124034,27.857310655337137,27.62913513126053,27.817628860473633,61918968
2025-10-23,27.817628844877618,28.0458043688263,27.817628844877618,28.006120681762695,78558809
2025-10-24,27.986280153047215,28.06564753090316,27.857311948476173,27.966440200805664,77060006
2025-10-27,27.916834373780972,28.33350362826527,27.797787096626802,28.075565338134766,124842635
2025-10-28,28.035884035887886,28.313664174500186,28.035884035887886,28.234296798706055,73263565
2025-10-29,28.234297124083064,28.234297124083064,28.03588435897835,28.06564712524414,74054303
2025-10-30,28.065646005144558,28.333503321956858,27.96643868044036,28.244216918945312,86717376
2025-10-31,28.234297130768457,28.234297130768457,27.708501505505183,27.877153396606445,118470229
2025-11-03,27.88707459857964,28.125171054484717,27.88707459857964,28.085487365722656,61378322
2025-11-04,28.085486956136876,28.462474424988926,28.055726082221778,28.373188018798828,104942889
2025-11-05,28.402948090813798,28.46247362140821,28.17477256686892,28.19461441040039,68579115
2025-11-06,28.164852842520066,28.37318842401312,28.135091968179932,28.27398109436035,67392832
2025-11-07,28.283900413213736,28.412868609895792,28.20453493243501,28.293821334838867,55141784
2025-11-10,28.29382244041397,28.363267002281095,28.164852346470113,28.303743362426758,49334459
2025-11-11,28.303743759480735,28.49223560370076,28.24421822656896,28.393030166625977,62517578
2025-11-12,28.472394542705892,28.650965457819154,28.383108139038086,28.383108139038086,62970497
2025-11-13,28.393029367492012,28.50215572364735,28.035883748963066,28.21445655822754,101232804
2025-11-14,28.214456961712763,28.48231428721764,28.115249633789062,28.115249633789062,74762518
2025-11-17,28.145011597312198,28.20453523548022,27.80770782732286,27.936676025390625,72559643
2025-11-18,27.936676827167823,28.115249639019222,27.857311343258576,27.926755905151367,59013698
2025-11-19,27.926755199857837,28.105328007199358,27.88707340501658,28.006120681762695,48159761
2025-11-20,27.95651756405773,28.09540668234298,27.827547475173724,27.916833877563477,57611235
2025-11-21,27.94659694712235,28.045804272217275,27.84738962202743,27.936676025390625,91994150
2025-11-24,27.95651927857367,27.976361123037655,27.698580977209154,27.966440200805664,97179569
2025-11-25,27.966439708708368,27.976360630765793,27.609294083530685,27.807708740234375,92985419
2025-11-26,27.80770834104785,27.89699474606054,27.678738248375126,27.718421936035156,66273278
2025-11-27,27.708500406305117,27.91683408528313,27.55969036528906,27.867231369018555,76869286
2025-11-28,27.787867090721527,27.847390731260525,27.72834345018253,27.75810432434082,59018067
2025-12-01,27.82754737801356,27.92675470168049,27.768023740702326,27.847389221191406,58252394
2025-12-02,27.807707429927234,28.04580387141905,27.79778650833729,28.0358829498291,74877962
2025-12-03,28.025963133454624,28.13509138302526,27.986279445529888,28.045804977416992,44559966
2025-12-04,28.075566350073103,28.09540819438808,27.946598146470578,28.016042709350586,37996706
2025-12-05,28.016041103758496,28.016041103758496,27.797786505469098,27.847389221191406,54497550
2025-12-08,27.847390040613018,27.877152806255573,27.639056357782234,27.648977279663086,75426506
2025-12-09,27.708500502048622,27.817628748874565,27.678737736853634,27.74818229675293,51230207
2025-12-10,27.70850120807942,27.847390331416996,27.629135724426177,27.6688175201416,58538954
2025-12-11,27.69858080021299,27.718422644550184,27.529928907791675,27.639057159423828,69563624
2025-12-12,27.62913513126053,27.827547890022746,27.589451444174678,27.817628860473633,89870832
2025-12-15,27.768024251616318,27.92675521551503,27.738261486301926,27.817628860473633,53946613
2025-12-16,27.83746870011555,27.857310543578873,27.599372255222676,27.74818229675293,67907746
2025-12-17,27.708500710014132,27.77794527043464,27.619214305981373,27.698579788208008,59243613
2025-12-18,27.69858028149915,27.867232170762104,27.668817515550725,27.857311248779297,46419794
2025-12-19,27.807707939281297,27.8573106559173,27.599372366520928,27.629135131835938,79999314
2025-12-22,27.619214323767196,27.63905616739222,27.281910551031203,27.32159423828125,156403393
2025-12-23,27.281911329891987,27.520007783522537,27.262069485700504,27.500165939331055,70945112
2025-12-24,27.490243814781287,27.490243814781287,27.331512852637324,27.420799255371094,49994280
2025-12-25,27.410878333709306,27.46048294201825,27.3513546959609,27.420799255371094,30080576
2025-12-26,27.391038382608055,27.45056202035646,27.301751979874286,27.420799255371094,48259339
2025-12-29,27.420799366433087,27.420799366433087,27.28191024705016,27.3017520904541,68903336
2025-12-30,27.28191105304356,27.28191105304356,27.10333824157715,27.10333824157715,72424700
2025-12-31,27.133100010716916,27.152941853978078,26.954527205811104,26.974369049072266,74293024
2026-01-05,26.98429037127102,27.09341672638269,26.88508304571485,27.063655853271484,76569131
2026-01-06,27.083496298641652,27.222387313842773,27.023972659111106,27.222387313842773,73843681
2026-01-07,27.222387011756524,27.232307933605256,27.0041305155292,27.01405143737793,72170195
2026-01-08,27.014050940445642,27.083495499886933,26.97436914600305,27.043813705444336,47057275
2026-01-09,27.05373603649324,27.073577880859375,26.964449629068053,27.073577880859375,62903453
2026-01-12,27.073576663526325,27.2323076268734,27.00413021136743,27.182703018188477,78435554
2026-01-13,27.232308944963584,27.35135622712481,27.103338848362746,27.143022537231445,78538492
2026-01-14,27.23230733049747,27.321593732936268,26.58746067016786,26.597381591796875,292750088
2026-01-15,26.766034587602142,26.7957973537263,26.557700901400235,26.607303619384766,125927447
2026-01-16,26.666826569203423,26.81563850375017,26.230317364014834,26.309682846069336,238854630
2026-01-19,26.398969631591875,26.70651064247179,26.38904870966383,26.587461471557617,104721813
2026-01-20,26.5874607670699,26.726351778159973,26.518016207636027,26.666826248168945,105003377
2026-01-21,26.676748399104714,26.686669321227043,26.33944461583516,26.36920738220215,116328162
2026-01-22,26.36920617800791,26.508095296933092,26.09142604793522,26.101346969604492,180784966
2026-01-23,26.150951688767794,26.21047532681335,25.754122389204543,25.793806076049805,210691513
2026-01-26,25.843408487159348,26.07158589938002,25.654916653537565,25.773963928222656,202869796
2026-01-27,25.773964135825675,25.93269509816588,25.654916860181686,25.724361419677734,131381483
2026-01-28,25.72436294082179,25.734283863082496,25.406900997369085,25.446582794189453,232649760
2026-01-29,25.446582774736118,25.99222214532297,25.178723550569252,25.823570251464844,261623032
2026-01-30,25.833489463306886,26.359285062352626,25.833489463306886,26.150951385498047,223849239
2026-02-02,26.27992008238787,26.339443720876947,25.883092672090104,25.932695388793945,124225665
2026-02-03,25.99222072583143,26.02198159874304,25.704519672870305,25.793806076049805,88543815
2026-02-04,25.764043297141793,26.180712547682575,25.744203345952105,26.170791625976562,95705181
2026-02-05,26.21047671421787,26.47833593793501,26.14103215078508,26.389049530029297,103244750
2026-02-06,26.389048328123838,26.557700214017448,26.17079183330719,26.309682846069336,72562680
2026-02-09,26.319604765059978,26.359286561479532,26.0715873877149,26.250158309936523,67829125
2026-02-10,26.250157108067707,26.389048119733047,26.16087259715602,26.359285354614258,55920101
2026-02-11,26.369205873740725,26.379126795295523,26.20055399175375,26.26999855041504,53388246
2026-02-12,26.270000457763672,26.299999237060547,26.049999237060547,26.1200008392334,73734237
2026-02-13,26.1299991607666,26.18000030517578,25.950000762939453,26.0,71554068
2026-02-24,26.1299991607666,26.15999984741211,25.979999542236328,26.049999237060547,73078939
2026-02-25,26.079999923706055,26.200000762939453,25.950000762939453,25.969999313354492,95620954
2026-02-26,25.979999542236328,26.09000015258789,25.93000030517578,26.040000915527344,61977169
2026-02-27,26.049999237060547,26.18000030517578,26.020000457763672,26.040000915527344,91903782
2026-03-02,26.1200008392334,26.649999618530273,26.1200008392334,26.56999969482422,181772888
2026-03-03,26.56999969482422,27.100000381469727,26.530000686645508,26.969999313354492,214554653
2026-03-04,26.799999237060547,27.190000534057617,26.520000457763672,27.09000015258789,175735443
2026-03-05,26.979999542236328,27.239999771118164,26.84000015258789,27.079999923706055,132914871
2026-03-06,27.059999465942383,27.149999618530273,26.979999542236328,27.139999389648438,87836924
2026-03-09,27.15999984741211,27.6299991607666,27.09000015258789,27.200000762939453,207502799
2026-03-10,27.010000228881836,27.239999771118164,26.729999542236328,27.149999618530273,119285715
2026-03-11,27.149999618530273,27.309999465942383,26.950000762939453,27.299999237060547,89744546
2026-03-12,27.31999969482422,27.5,27.15999984741211,27.5,107896209
2026-03-13,27.5,27.6299991607666,27.350000381469727,27.420000076293945,94277629
2026-03-16,27.420000076293945,27.5,27.239999771118164,27.360000610351562,87203787
2026-03-17,27.31999969482422,27.56999969482422,27.280000686645508,27.489999771118164,85028895
2026-03-18,27.479999542236328,27.649999618530273,27.239999771118164,27.290000915527344,80028992
2026-03-19,27.270000457763672,27.479999542236328,27.200000762939453,27.260000228881836,101525781
2026-03-20,27.260000228881836,27.389999389648438,27.020000457763672,27.18000030517578,84555509
2026-03-23,27.06999969482422,27.260000228881836,26.65999984741211,26.739999771118164,175727130
2026-03-24,26.899999618530273,27.1299991607666,26.719999313354492,27.100000381469727,91076718
2026-03-25,27.149999618530273,27.270000457763672,26.920000076293945,27.209999084472656,86054505
2026-03-26,27.190000534057617,27.450000762939453,27.100000381469727,27.309999465942383,84501370
2026-03-27,27.280000686645508,27.399999618530273,27.18000030517578,27.25,68551722
2026-03-30,27.25,27.25,27.010000228881836,27.139999389648438,69278060
2026-03-31,27.139999389648438,27.329999923706055,27.040000915527344,27.040000915527344,80258884
2026-04-01,27.1200008392334,27.1200008392334,26.84000015258789,26.8799991607666,90608171
2026-04-02,26.899999618530273,27.020000457763672,26.760000228881836,27.010000228881836,73984893
2026-04-03,27.0,27.0,26.65999984741211,26.700000762939453,65627680
2026-04-07,26.709999084472656,26.75,26.399999618530273,26.479999542236328,72627179
2026-04-08,26.520000457763672,26.579999923706055,26.389999389648438,26.579999923706055,80619977
2026-04-09,26.579999923706055,26.579999923706055,26.309999465942383,26.389999389648438,69128454
2026-04-10,26.469999313354492,26.5,26.31999969482422,26.399999618530273,66558904
2026-04-13,26.389999389648438,26.43000030517578,26.239999771118164,26.420000076293945,62626392
2026-04-14,26.420000076293945,26.5,26.31999969482422,26.420000076293945,70116597
2026-04-15,26.40999984741211,26.670000076293945,26.360000610351562,26.549999237060547,97056586
2026-04-16,26.559999465942383,26.700000762939453,26.520000457763672,26.549999237060547,71958595
2026-04-17,26.549999237060547,26.579999923706055,26.3799991607666,26.3799991607666,83606671
2026-04-20,26.40999984741211,26.84000015258789,26.40999984741211,26.84000015258789,95041799
2026-04-21,26.860000610351562,27.149999618530273,26.850000381469727,27.1299991607666,90443249
2026-04-22,27.1299991607666,27.1299991607666,26.81999969482422,26.860000610351562,74160924
2026-04-23,26.860000610351562,27.010000228881836,26.65999984741211,26.950000762939453,84590800
2026-04-24,26.90999984741211,26.950000762939453,26.75,26.809999465942383,56446440
2026-04-27,26.799999237060547,26.850000381469727,26.6200008392334,26.65999984741211,56259868
2026-04-28,26.68000030517578,26.780000686645508,26.610000610351562,26.729999542236328,70060777
2026-04-29,26.709999084472656,26.799999237060547,26.600000381469727,26.770000457763672,85596119
2026-04-30,27.09000015258789,27.420000076293945,26.940000534057617,27.31999969482422,191463737
2026-05-06,27.34000015258789,27.34000015258789,27.040000915527344,27.200000762939453,123774954
2026-05-07,27.18000030517578,27.200000762939453,26.899999618530273,27.049999237060547,97328307
2026-05-08,27.059999465942383,27.15999984741211,26.979999542236328,27.0,80442310
2026-05-11,27.049999237060547,27.200000762939453,26.950000762939453,27.010000228881836,103095275
2026-05-12,27.010000228881836,27.170000076293945,26.90999984741211,27.040000915527344,101176233
2026-05-13,27.079999923706055,27.290000915527344,26.969999313354492,27.0,139691941
2026-05-14,26.979999542236328,27.079999923706055,26.850000381469727,26.940000534057617,110294232
2026-05-15,26.899999618530273,27.149999618530273,26.719999313354492,27.030000686645508,118755488
2026-05-18,27.040000915527344,27.18000030517578,26.809999465942383,26.889999389648438,91589769
2026-05-19,26.889999389648438,27.350000381469727,26.770000457763672,27.25,172564585
2026-05-20,27.25,27.280000686645508,26.8700008392334,26.899999618530273,128434436
2026-05-21,26.860000610351562,26.969999313354492,26.6299991607666,26.65999984741211,116610037
2026-05-22,26.729999542236328,26.760000228881836,26.5,26.559999465942383,91588815
2026-05-25,26.600000381469727,26.829999923706055,26.549999237060547,26.670000076293945,84154393
2026-05-26,26.65999984741211,27.149999618530273,26.59000015258789,27.139999389648438,162652981
2026-05-27,27.059999465942383,27.329999923706055,27.010000228881836,27.239999771118164,111271540
2026-05-28,27.25,27.3700008392334,27.110000610351562,27.219999313354492,114657318
2026-05-29,27.200000762939453,27.760000228881836,27.079999923706055,27.75,213437057
2026-06-01,27.739999771118164,27.8700008392334,27.549999237060547,27.770000457763672,139278066
2026-06-02,27.81999969482422,28.149999618530273,27.6200008392334,27.959999084472656,125757446
