trade_date,open,high,low,close,volume
2021-01-04,11.802514814533744,12.04338222941271,11.630466661048766,11.871334075927734,40722498
2021-01-05,11.871333171772047,12.00036907196045,11.699285031390763,12.00036907196045,39109319
2021-01-06,12.008971895572593,12.094996377473374,11.88853778498955,11.931550025939941,39479589
2021-01-07,11.862732030952346,11.97456354116785,11.587454972200554,11.811117172241211,35954662
2021-01-08,11.940154041843325,12.550925638045934,11.836925143661379,12.24984073638916,69127560
2021-01-11,12.129407108847099,12.55952791667302,12.086394863986438,12.353069305419922,61553829
2021-01-12,12.301455207987667,12.550925242496096,12.138008842391262,12.533720016479492,61627453
2021-01-13,12.456298083399599,13.187503777965185,12.413286659334833,13.058467864990234,114799650
2021-01-14,13.032659234580262,14.280010146071872,12.920828554335209,13.479985237121582,212721908
2021-01-15,13.393960852202193,13.7294553565821,12.938033054242535,13.118683815002441,110761854
2021-01-18,13.127287200673004,13.720853552191935,12.90362418457994,13.660636901855469,91982738
2021-01-19,13.643431828123287,13.643431828123287,12.94663657379625,12.989648818969727,77193137
2021-01-20,13.204707180079128,13.204707180079128,12.9380319576028,13.024056434631348,48921111
2021-01-21,13.0326594237542,13.290732058167116,12.972442776534292,13.067069053649902,58676237
2021-01-22,12.981045616290213,12.981045616290213,12.421888095211232,12.688563346862793,74596081
2021-01-25,12.636948736974691,13.084274762547759,12.47350319402473,13.075672149658203,63012616
2021-01-26,12.920828260331604,12.981044905307261,12.662755635536955,12.748779296875,39408979
2021-01-27,12.860610688723085,13.058466666907572,12.688562547078043,12.783188819885254,36120121
2021-01-28,12.568128692298314,12.602538321324289,12.155213143986627,12.224032402038574,47284438
2021-01-29,12.38747868216618,12.525118026964295,12.060587596892821,12.292852401733398,43492671
2021-02-01,12.086393169432478,12.189622050390815,11.811115333153364,11.957356452941895,40225419
2021-02-02,11.983165786766294,11.983165786766294,11.673478284779884,11.785309791564941,43659094
2021-02-03,11.759501550545917,11.768104162571188,11.40680266141223,11.4154052734375,44436983
2021-02-04,11.355188599945961,11.639068253415338,11.320778969840289,11.63046646118164,42590750
2021-02-05,11.621864107496924,11.630466720312585,11.337984447702608,11.363791465759277,29235345
2021-02-08,11.3121765022076,11.561646528768831,11.286369484395145,11.398200988769531,21804002
2021-02-09,11.44121275888095,11.742296808615283,11.398200517378823,11.716489791870117,27180465
2021-02-10,11.621864344220874,12.172418449392337,11.621864344220874,12.077792167663574,43802084
2021-02-18,12.146611650424479,12.396081688938375,11.888538998764158,12.008973121643066,34461939
2021-02-19,11.948755356484867,12.24123679268383,11.871333486165334,12.206827163696289,29124183
2021-02-22,12.258442679908063,12.29285231075535,12.00037003835825,12.01757526397705,39794492
2021-02-23,11.897141565655321,12.043382707014583,11.819719688419202,11.86273193359375,28901878
2021-02-24,11.879936528597943,12.09499692265345,11.750899799930462,12.086394309997559,32232833
2021-02-25,12.086395109384986,12.241238045480774,11.91434694683947,11.974563598632812,32639579
2021-02-26,11.84552753983937,12.069189738272524,11.768105662524288,11.879937171936035,25927746
2021-03-01,11.93155110064193,12.017575590291132,11.888538855817329,11.914346694946289,25289074
2021-03-02,11.957357304349491,11.974562529262732,11.64767063942366,11.682080268859863,29380270
2021-03-03,11.664875033755052,12.000368691772088,11.656272421910968,11.957356452941895,27597582
2021-03-04,11.87133402278355,11.905743653326505,11.707887662411789,11.725092887878418,24997710
2021-03-05,11.613261066783558,11.879936311511052,11.613261066783558,11.82832145690918,25616604
2021-03-08,11.836924648692785,12.060587662262899,11.776707178645248,11.785309791564941,33497792
2021-03-09,11.768103914713388,12.155212423404702,11.656272421910968,11.957356452941895,47548810
2021-03-10,12.026177579488637,12.06918982501619,11.690683869232476,11.811117172241211,30371119
2021-03-11,11.759501457214355,11.811115488175854,11.66487518685812,11.759501457214355,27261000
2021-03-12,11.776706163126399,11.78530877530428,11.570248393198764,11.639067649841309,24925268
2021-03-15,11.596055452580037,11.62186328920991,11.398200294092547,11.458416938781738,24328784
2021-03-16,11.510031971841933,11.596055634117452,11.432610101520778,11.587453842163086,17115783
2021-03-17,11.570248407082065,11.690682516546156,11.484224746370788,11.656272888183594,15606826
2021-03-18,11.673477883521013,11.73369535149866,11.561646380580001,11.63046646118164,13481361
2021-03-19,11.630466448067939,11.742297130492563,11.570248980158187,11.613261222839355,18676239
2021-03-22,11.596055423256423,11.690682516546156,11.535838778719503,11.656272888183594,18219128
2021-03-23,11.664877067297772,11.79391298589302,11.647671840610212,11.742298126220703,18523876
2021-03-24,11.750899733413505,11.97456273885884,11.725092715982209,11.922947883605957,29265838
2021-03-25,11.957357621292239,12.077791737706328,11.871333955616718,11.888538360595703,24916606
2021-03-26,11.871334378224276,12.129407025218564,11.871334378224276,12.077792167663574,38647565
2021-03-29,12.103599682755835,12.129407522787176,11.725093719923505,11.742298126220703,36934804
2021-03-30,11.819719602162621,12.421888569040844,11.79391258340236,12.353069305419922,68435063
2021-03-31,12.301454799476156,12.516515195199899,12.249839943530723,12.361671447753906,36773008
2021-04-01,12.439093698315075,12.482105942840926,12.29285255916138,12.404684066772461,24187377
2021-04-02,12.361671011960349,12.39608064124747,12.120803606950487,12.172417640686035,26755602
2021-04-06,12.32726187206798,12.34446709758973,12.09499707025651,12.181020736694336,17398098
2021-04-07,12.206827236134442,12.404683219279626,12.129406185745742,12.37027359008789,29192500
2021-04-08,12.33586489970986,12.40468416333078,12.172418533317423,12.353069305419922,20004935
2021-04-09,12.29285161338154,12.301454225702912,12.000369357576968,12.094996452331543,22328052
2021-04-12,12.086393840010171,12.198225339017227,12.00897196989834,12.094996452331543,18028053
2021-04-13,12.094997628948184,12.602539499429547,12.060587996705543,12.464900970458984,39321667
2021-04-14,12.55092402792045,12.611140672370626,12.387477678141044,12.473502159118652,25284207
2021-04-15,12.507912106854834,12.507912106854834,12.267044702512683,12.37027359008789,17286651
2021-04-16,12.292853493269432,12.464901664056084,12.181021977160508,12.387479782104492,20806978
2021-04-19,12.344467146740755,12.67996084184761,12.310057515950556,12.654153823852539,39046248
2021-04-20,12.602538382034538,12.628346219221044,12.310056944099921,12.37027359008789,30087646
2021-04-21,12.327262190703994,12.43049108533184,12.258442927618765,12.404684066772461,15932459
2021-04-22,12.41328637194268,12.456297795011647,12.138008506037515,12.198225975036621,23861192
2021-04-23,12.172418136726872,12.267045236415337,12.094997082968549,12.198225975036621,16440790
2021-04-26,12.224033044965623,12.533719722487461,12.146611170487585,12.344467163085938,38313427
2021-04-27,12.33586480368723,12.421888472348604,12.241237701652294,12.404684066772461,19335434
2021-04-28,12.413286835885305,12.585334995762336,12.344467571934493,12.516515731811523,28748343
2021-04-29,12.602539436333014,12.74017878500481,12.42188866286602,12.645551681518555,39341288
2021-04-30,12.602539047988405,12.662756517548708,11.682080803177152,11.83692455291748,66760523
2021-05-06,11.707886605862626,11.811115488175854,11.53583846867391,11.759501457214355,35018920
2021-05-07,11.75950197322805,11.75950197322805,11.553044199542105,11.5702486038208,21729325
2021-05-10,11.613261235933658,11.707887513626686,11.492827120368654,11.63046646118164,21500414
2021-05-11,11.570249449044042,11.656273937892529,11.492827573158467,11.604659080505371,14472681
2021-05-12,11.544441975722311,11.639068253415338,11.492827120368654,11.63046646118164,19886438
2021-05-13,11.561646690153971,11.673478196089375,11.44981600460888,11.510032653808594,18708092
2021-05-14,11.527236724441146,11.64767083973416,11.501429707017747,11.59605598449707,20464257
2021-05-17,11.578852134495078,11.639068784831803,11.39820136309457,11.441213607788086,36717802
2021-05-18,11.449815643191453,11.535839307848486,11.269164880904304,11.484225273132324,21584679
2021-05-19,11.441213340319603,11.441213340319603,11.346586240127955,11.363791465759277,15419777
2021-05-20,11.355189335405237,11.415406807283084,11.294972683917736,11.372394561767578,16864236
2021-05-21,11.363791670321014,11.415406527753795,11.269165388816292,11.277767181396484,21814640
2021-05-24,11.277766775448494,11.286369388109359,10.666995223162235,10.796031951904297,57530243
2021-05-25,10.804633884086728,10.89926015622575,10.63258492326633,10.873453140258789,42442746
2021-05-26,10.804634094238281,10.925067384686708,10.735814016337415,10.804634094238281,30688608
2021-05-27,10.7788269805991,10.942273343446136,10.727212944198163,10.85624885559082,34481041
2021-05-28,10.804635109897495,10.830442128792322,10.572369478673034,10.623984336853027,46190973
2021-05-31,10.649790657132588,10.684200286865234,10.56376617260583,10.684200286865234,26453683
2021-06-01,10.684199817046771,10.710006833113868,10.598175336302784,10.692802429199219,23087387
2021-06-02,10.684200829210607,10.684200829210607,10.503550058846551,10.512152671813965,34894224
2021-06-03,10.512152563698786,10.615381457075085,10.460537706815476,10.546562194824219,21625613
2021-06-04,10.503550058846551,10.61538156625195,10.460537814399808,10.512152671813965,24962267
2021-06-07,10.520754181749693,10.78742943384297,10.520754181749693,10.744417190551758,49823680
2021-06-08,10.804634672236695,10.89065833853169,10.684200554955332,10.761622428894043,37659240
2021-06-09,10.727213159099444,10.856249073077114,10.68420091431011,10.787429809570312,25691575
2021-06-10,10.761621853196589,10.839043722993583,10.692802595685984,10.804634094238281,29400176
2021-06-11,10.804634186655312,10.864850832394586,10.710007091476145,10.753019332885742,38834802
2021-06-15,10.753019708990276,11.028296751015532,10.727212691397982,10.796031951904297,30118201
2021-06-16,10.753019749418971,10.796031992494708,10.520754129044176,10.598176002502441,24555466
2021-06-17,10.58957436958514,10.735814685619252,10.555164738684706,10.710007667541504,21209989
2021-06-18,10.735814577815454,10.882055712771395,10.615381281068423,10.744417190551758,26943944
2021-06-21,10.666995168698568,10.735814428853503,10.598175908543633,10.64979076385498,23567423
2021-06-22,10.641186935518467,10.72721141107928,10.520752833811372,10.58957290649414,25642801
2021-06-23,10.598175501316206,10.882055143645015,10.563765872560904,10.804634094238281,36559434
2021-06-24,10.847646616041832,10.916465880538327,10.770225558776033,10.899261474609375,28608594
2021-06-25,10.91646597837008,11.019695696430299,10.778827448143593,10.847646713256836,27521329
2021-06-28,10.890658595395838,10.933670839752963,10.753020069765293,10.821839332580566,17796715
2021-06-29,10.821840249171977,10.85624988349405,10.66699648452745,10.675599098205566,19882690
2021-06-30,10.71000873252764,10.744418366849713,10.615382443239538,10.675599098205566,14173023
2021-07-01,10.68420061015599,10.718610240929829,10.580971717834473,10.580971717834473,18279247
2021-07-02,10.57236949406394,10.580972107171519,10.262682805704166,10.29709243774414,45007444
2021-07-05,10.279886558341918,10.512152175146277,10.279886558341918,10.486344337463379,22842664
2021-07-06,10.486344230969502,10.529356472947235,10.400320567404316,10.520753860473633,14351561
2021-07-07,10.48634444465845,10.512152282605165,10.4175251842478,10.451934814453125,15339221
2021-07-08,10.460536788182361,10.555163880759993,10.331500887891362,10.348705291748047,22734279
2021-07-09,10.340103711432784,10.408922969047124,10.24547661692037,10.279886245727539,23385956
2021-07-12,10.322898864746094,10.391718124879844,10.271284009450634,10.322898864746094,30460747
2021-07-13,10.340104935186067,10.426128607189776,10.297092688989032,10.357309341430664,24598569
2021-07-14,10.331501487508294,10.348705892363485,9.987404366111267,10.013212203979492,50578824
2021-07-15,10.030416756710768,10.125043856175406,9.8153563603134,10.10783863067627,32822534
2021-07-16,10.082031285462458,10.12504352742342,9.866970896047928,9.884175300598145,32241238
2021-07-19,9.892778301501155,9.970200175992744,9.72073014729224,9.944393157958984,26118598
2021-07-20,9.901381427297895,10.107839223045133,9.875573587536726,10.082032203674316,21392160
2021-07-21,10.0648264000855,10.176657904800821,10.039019382194367,10.125043869018555,20351126
2021-07-22,10.11644135148298,10.211067631568046,10.06482649482456,10.073429107666016,21113313
2021-07-23,10.064825919303248,10.19386264337563,9.944392627970679,10.116440773010254,20568963
2021-07-26,10.142248098471036,10.176657728526626,9.866971058026317,9.996006965637207,23281277
2021-07-27,10.048757425187732,10.171838778528944,9.88171724789775,9.91688346862793,30750250
2021-07-28,9.916883650016644,10.022382314136848,9.626762114078867,9.670720100402832,46159962
2021-07-29,9.714677927288678,9.82017658967743,9.591595735287381,9.661928176879883,33818529
2021-07-30,9.635554860756791,9.960842651210214,9.42455751101872,9.8641357421875,39428848
2021-08-02,9.864133081183837,10.497124959638617,9.828966865714127,10.382835388183594,58757719
2021-08-03,10.418002764137372,10.479543438457336,10.31250326754771,10.400419235229492,35174923
2021-08-04,10.365253103338736,10.51470974660209,10.312503354598629,10.470751762390137,31902453
2021-08-05,10.532293634087978,10.708125590916811,10.365254281215275,10.418004035949707,36773834
2021-08-06,10.400419235229492,10.479543438457336,10.250962593227746,10.400419235229492,26133843
2021-08-09,10.374044529318114,10.672957806090025,10.312503018058214,10.576250076293945,29411999
2021-08-10,10.593834168499452,10.69054106501275,10.435585757451483,10.672958374023438,28105731
2021-08-11,10.760873477810616,10.813623227498876,10.338878834019845,10.356461524963379,56499345
2021-08-12,10.338878472447563,10.461959820034378,10.26854603427544,10.330086708068848,27161827
2021-08-13,10.321295189727167,10.514709818525482,10.224588294542418,10.409211158752441,26500591
2021-08-16,10.43558557509203,10.813623066687693,10.43558557509203,10.787248611450195,63708828
2021-08-17,10.787248180987731,10.866371543542826,10.549875578036104,10.567459106445312,44617303
2021-08-18,10.558668386865714,10.831206396741825,10.497126869773638,10.769665718078613,44654203
2021-08-19,10.72570828354235,10.72570828354235,10.40042050489526,10.418004035949707,41432791
2021-08-20,10.444377899169922,10.497126812470762,10.33887923413938,10.444377899169922,26624850
2021-08-23,10.514710509023804,10.646583632792973,10.418003607488338,10.585042953491211,28121606
2021-08-24,10.681748091520982,10.725706071663076,10.5322914620951,10.593832969665527,23576501
2021-08-25,10.576250349942615,10.620208333857398,10.426793707689637,10.532292366027832,23301013
2021-08-26,10.514710660267628,10.541085117715058,10.277338027954102,10.277338027954102,33572776
2021-08-27,10.277336439784362,10.418002147434139,10.198213079669104,10.294919967651367,23683080
2021-08-30,10.330086435536671,10.338878199683439,10.039964926123561,10.119089126586914,23104831
2021-08-31,10.136672294068642,10.207004733699133,9.960841194992417,10.092714309692383,21680352
2021-09-01,10.092713589324582,10.330086184956622,10.075130899886332,10.294919967651367,31300822
2021-09-02,10.294920488982786,10.444377129705746,10.26854603427544,10.330086708068848,23352813
2021-09-03,10.374045110541601,10.68174933036562,10.30371266952875,10.54987621307373,41814810
2021-09-06,10.558666753237599,10.681748091520982,10.488334320381743,10.593832969665527,29119745
2021-09-07,10.593834526134096,10.725707647506722,10.514710317938976,10.699333190917969,37591880
2021-09-08,10.69933244026593,10.848789081164604,10.664166221138526,10.716915130615234,33257403
2021-09-09,10.760872111654935,10.769663875224952,10.602624559538263,10.708123207092285,25774652
2021-09-10,10.699331647679283,10.813622060984128,10.664165431156926,10.725706100463867,30203467
2021-09-13,10.743291177518463,10.796040090695971,10.655375204317473,10.699333190917969,25021430
2021-09-14,10.655374024478194,10.752080913548118,10.453168482305964,10.497125625610352,26867676
2021-09-15,10.488335801142947,10.541084714017655,10.312503855750313,10.374045372009277,21692603
2021-09-16,10.374044691533625,10.54987578696393,10.286128724604072,10.330086708068848,25317180
2021-09-17,10.330086708068848,10.391627381862255,10.198213596103319,10.330086708068848,16544991
2021-09-22,10.268547101090881,10.312504250693637,10.215797347767136,10.277338027954102,12004058
2021-09-23,10.54108453384588,10.778457153011368,10.532292769040748,10.620208740234375,37666417
2021-09-24,10.54987527853362,10.620207713316208,10.382835955532157,10.426793098449707,26617467
2021-09-27,10.461960431896815,10.54108463907519,10.347670842004547,10.435585975646973,23531290
2021-09-28,10.38283713696468,10.44437781479479,10.330087385661118,10.374045372009277,13446194
2021-09-29,10.374044938828096,10.541084273861538,10.18942207461807,10.409211158752441,32772190
2021-09-30,10.409211098317456,10.45316908257488,10.180630250921915,10.21579647064209,27282125
2021-10-08,10.321295023850915,10.708124275230713,10.303712333385727,10.655374526977539,50541542
2021-10-11,10.655374685922347,10.769665110151742,10.620208466038594,10.664166450500488,29167722
2021-10-12,10.69933321593428,10.69933321593428,10.382837220842655,10.444377899169922,26626314
2021-10-13,10.444377104660921,10.470751559305024,10.338878447655716,10.453168869018555,15102529
2021-10-14,10.43558486240472,10.488334607706042,10.356460663667116,10.426793098449707,11526536
2021-10-15,10.426792314888743,10.46195852963734,10.294919219188682,10.312501907348633,19555208
2021-10-18,10.391627037754013,10.391627037754013,10.154255276390627,10.18062973022461,23336147
2021-10-19,10.21579678806714,10.259754773690423,10.101506360818139,10.233380317687988,20213939
2021-10-20,10.24217152085222,10.312503964378589,10.163048150706702,10.189422607421875,15197610
2021-10-21,10.198213005246298,10.215795694556235,10.031172845443766,10.101505279541016,23354768
2021-10-22,10.101505959604095,10.163047472403907,10.03996528523309,10.145463943481445,15705498
2021-10-25,10.092714016933714,10.092714016933714,9.952049141752989,10.004798889160156,20384384
2021-10-26,10.03996578819892,10.119089995456223,9.996007802119435,10.048757553100586,12152559
2021-10-27,10.075131881128158,10.083923645917912,9.732260600187276,9.91688346862793,22789999
2021-10-28,9.78500974673675,9.934466385225365,9.78500974673675,9.811384201049805,12105503
2021-10-29,9.855342833649209,9.978425025939941,9.820176612770261,9.978425025939941,15672435
2021-11-01,9.934467167510459,10.136672730547767,9.925675402570874,10.057548522949219,22371415
2021-11-02,10.110298230554557,10.22458865898968,9.89050913858598,10.048757553100586,27080265
2021-11-03,10.004798189804022,10.242169940471522,10.004798189804022,10.083922386169434,23778067
2021-11-04,10.12788134055606,10.224588235179336,10.07513159176139,10.21579647064209,23318986
2021-11-05,10.198214655611812,10.391628461464812,10.145464902288067,10.277338027954102,35390301
2021-11-08,10.268545625949644,10.312502769237678,10.171837898486933,10.242170333862305,16163065
2021-11-09,10.24217152085222,10.277337742615405,10.07513217708431,10.189422607421875,22071261
2021-11-10,10.215796382313682,10.242170837268569,10.004799065816972,10.145463943481445,18231623
2021-11-11,10.127879908740024,10.356459885391551,10.075130167402783,10.312501907348633,24389016
2021-11-12,10.321295536186602,10.35646175729139,10.24217132909362,10.303712844848633,16437939
2021-11-15,10.30371285596891,10.461960431896815,10.286129326183117,10.435585975646973,35970824
2021-11-16,10.435584292173802,10.497124959638617,10.374043624708989,10.382835388183594,27226522
2021-11-17,10.365252767332885,10.409210750119874,10.303712094488375,10.321294784545898,19280319
2021-11-18,10.321295129802614,10.356461349522789,10.189422015459161,10.21579647064209,20881020
2021-11-19,10.198213769447886,10.51470974660209,10.163047549764086,10.470751762390137,34148226
2021-11-22,10.479542843751029,10.514709061142323,10.391626881058412,10.426793098449707,24566958
2021-11-23,10.426792314888743,10.488333819520308,10.294919219188682,10.312501907348633,31019983
2021-11-24,10.321294421023119,10.356460638328375,10.242170222479105,10.294919967651367,25136685
2021-11-25,10.321295290292046,10.347670584313905,10.207004864817133,10.224588394165039,21125714
2021-11-26,10.224588063790236,10.233379828180112,9.802592595793003,9.820176124572754,60330000
2021-11-29,9.74984495100667,9.811385632860912,9.63555451439957,9.65313720703125,48718211
2021-11-30,9.679511248049943,9.82896788896263,9.679511248049943,9.820176124572754,31227645
2021-12-01,9.828967188334063,9.934465838206016,9.767425680420537,9.899299621582031,23002088
2021-12-02,9.85534366070635,9.960842332196602,9.802593905746768,9.846551895141602,21006926
2021-12-03,9.837757954760793,9.916882150493862,9.749842833835283,9.890507698059082,24052496
2021-12-06,9.864134556747079,10.039965660397979,9.793802115286718,9.91688346862793,28014878
2021-12-07,9.952049731459102,10.004799481991942,9.890509054528154,9.978425025939941,22744967
2021-12-08,9.99600761425049,10.189422246307803,9.94325870268957,10.163047790527344,33599531
2021-12-09,10.110297940160788,10.39162770150282,10.092714410862499,10.347670555114746,54227529
2021-12-10,10.330086683298083,10.567459290381393,10.286128699938715,10.453168869018555,64935366
2021-12-13,10.444377236627073,10.593833878880051,10.356461268797506,10.532292366027832,47433856
2021-12-14,10.514708678869503,10.620207327207877,10.47075069912133,10.523500442504883,32928506
2021-12-15,10.488335726575505,10.549876403968089,10.426794210754075,10.435585975646973,25353897
2021-12-16,10.479542556667576,10.65537363880722,10.453168103953812,10.593832969665527,35817363
2021-12-17,10.585042403790382,10.752081741118593,10.549876183382924,10.672958374023438,40884567
2021-12-20,10.593833650638238,10.760872979801022,10.593833650638238,10.637791633605957,36010084
2021-12-21,10.63779124725529,10.857580315682641,10.470751085730399,10.681748390197754,51245973
2021-12-22,10.54987596628589,10.567459495342197,10.382836632395042,10.470751762390137,42847840
2021-12-23,10.444376966390472,10.576250076293945,10.418002512095535,10.576250076293945,25159186
2021-12-24,10.549875894965268,10.593833878880051,10.418002781649726,10.532292366027832,19256184
2021-12-27,10.532292769040748,10.655374961026059,10.514710077859325,10.620208740234375,17615675
2021-12-28,10.620207422379291,10.637790949807622,10.514708773095505,10.593832969665527,21743676
2021-12-29,10.549875805954999,10.593833789498904,10.40921092935754,10.461959838867188,21576162
2021-12-30,10.470751603261728,10.532292277165917,10.426793619717822,10.461959838867188,18585058
2021-12-31,10.479543685913086,10.505918141468884,10.356461495937985,10.479543685913086,22733987
2022-01-04,10.488336051955745,10.637792706056203,10.418003607488338,10.585042953491211,31624344
2022-01-05,10.576251113161344,10.716916001096468,10.558668421383887,10.646583557128906,37645063
2022-01-06,10.664166183028966,10.6993324020307,10.409210885659187,10.453168869018555,40140434
2022-01-07,10.479543438457336,10.505917893390349,10.382836544750418,10.400419235229492,26817673
2022-01-10,10.382837303598517,10.593834635341343,10.321295786351877,10.514710426330566,35414385
2022-01-11,10.488336483309677,10.5410853996152,10.391628739368036,10.418004035949707,27174725
2022-01-12,10.418002604664624,10.444377059193911,10.374044621496616,10.391627311706543,20139875
2022-01-13,10.426792882870567,10.453168174190283,10.083922480001645,10.154254913330078,59598038
2022-01-14,10.083922563454411,10.092713488871661,9.925674167941432,9.969632148742676,47841809
2022-01-17,9.969632241339589,10.101505346539396,9.969632241339589,10.03996467590332,21963759
2022-01-18,10.066340223569687,10.505918406593944,10.031174002464901,10.303712844848633,64850574
2022-01-19,10.303712759313706,10.365253436128999,10.19821409687513,10.233380317687988,23346247
2022-01-20,10.277337276350414,10.435585686319719,10.21579660066405,10.347670555114746,33691175
2022-01-21,10.29492147615319,10.338879463833056,10.16304835154247,10.207005500793457,23088607
2022-01-24,10.154255024328329,10.233379222294923,10.048756373182453,10.101505279541016,39787879
2022-01-25,10.163046389384386,10.163046389384386,9.91688204127512,9.943257331848145,31780788
2022-01-26,9.94325744135737,10.0047981098481,9.811383502326013,9.890507698059082,25167203
2022-01-27,9.890508999883554,9.9080925294403,9.723469661238653,9.78501033782959,25499907
2022-01-28,9.793801784261484,9.855342458852046,9.723469345178323,9.767426490783691,33685874
2022-02-07,9.846550419610137,9.881716638170472,9.741051763929136,9.811384201049805,23121192
2022-02-08,9.80259225656409,9.93446620256219,9.793801330907232,9.925674438476562,26267973
2022-02-09,9.943258805060996,10.048757467697834,9.925675275407102,9.978425025939941,27106831
2022-02-10,9.996007485989026,10.048757235301931,9.94325857510494,10.031173706054688,20191363
2022-02-11,10.031173618410865,10.039965382957671,9.899300503924028,9.960841178894043,18304801
2022-02-14,9.908091385345212,9.934465838206016,9.828967188334063,9.899299621582031,17463488
2022-02-15,9.872924963883062,9.943258240073376,9.828967819103706,9.88171672821045,17206704
2022-02-16,9.934465998391051,9.987214904963189,9.881716253390158,9.90809154510498,15872708
2022-02-17,9.890507698059082,9.925673914115032,9.855341482003132,9.890507698059082,13656029
2022-02-18,9.881716456477196,9.925674438476562,9.828967548820971,9.925674438476562,14007907
2022-02-21,9.908092197951946,10.031173547015971,9.872925140015017,10.022381782531738,24306772
2022-02-22,9.969632215582061,9.969632215582061,9.837758272294208,9.90809154510498,21150212
2022-02-23,9.908091478678184,9.978423912588674,9.890507950986187,9.969632148742676,27850286
2022-02-24,9.943259639496016,9.960842332196602,9.741053223651349,9.846551895141602,36986970
2022-02-25,9.846551895141602,9.91688434280177,9.802593905746768,9.846551895141602,30398266
2022-02-28,9.82896788896263,9.84655057931358,9.670719483660067,9.820176124572754,25787320
2022-03-01,9.811384360182878,9.855342343703457,9.758635450701224,9.820176124572754,15140310
2022-03-02,9.802593114289644,9.872925556271202,9.741052437162992,9.855342864990234,16368091
2022-03-03,9.872926353406937,9.91688434280177,9.802593905746768,9.846551895141602,18553849
2022-03-04,9.785010496431664,9.820176717686316,9.732260745335259,9.793802261352539,26259755
2022-03-07,9.74105204549946,9.74984381000087,9.468514053386212,9.512471199035645,49534677
2022-03-08,9.468514108274741,9.530054783283743,9.29268217094248,9.31905746459961,39697299
2022-03-09,9.345432065574931,9.389390050593544,8.791563466569588,9.14322566986084,43088165
2022-03-10,9.275099050348068,9.28389081449293,9.099267959594727,9.099267959594727,22514019
2022-03-11,8.993769369250263,9.081685342663802,8.791563804199527,9.037727355957031,36551996
2022-03-14,8.923436641184942,9.081685052908785,8.888270420627292,8.949811935424805,17106557
2022-03-15,8.958601914275697,9.002559894930947,8.554190001419137,8.571773529052734,43008572
2022-03-16,8.659690423050746,8.721231099539057,8.281652922499504,8.694856643676758,42242691
2022-03-17,8.791563481649032,8.958602818891679,8.765189025964156,8.888270378112793,39906750
2022-03-18,8.879478750308662,9.011351856743154,8.844312532697547,8.96739387512207,79710152
2022-03-21,8.984978068914792,9.02014428913167,8.835521423385858,8.87947940826416,24298276
2022-03-22,8.905853993395066,8.976186434852119,8.879479537455879,8.958602905273438,21692483
2022-03-23,9.187183611039773,9.239933360496162,9.020144274880717,9.134434700012207,40081113
2022-03-24,9.160809155525989,9.275099580657479,9.1080594060696,9.134434700012207,30916200
2022-03-25,9.134434361929095,9.143225287822439,8.94981150330822,8.984977722167969,27265161
2022-03-28,8.870687501446781,9.02014414458062,8.773979768578528,9.00256061553955,20872259
2022-03-29,9.002560437042552,9.01135220138877,8.853103796872045,8.861895561218262,15010423
2022-03-30,8.897061439899838,8.98497740314201,8.861895222288723,8.96739387512207,24617157
2022-03-31,8.923436164855957,8.993768602216944,8.914645239007426,8.923436164855957,19683014
2022-04-01,8.853104200069641,8.976186391235833,8.809147053194202,8.949811935424805,25710266
2022-04-06,8.923435893500985,9.028935384763095,8.88826967588987,8.96739387512207,23582823
2022-04-07,8.941019558147826,8.976185776296314,8.84431266784668,8.84431266784668,24786303
2022-04-08,8.844312801646439,8.932227929133278,8.73881330717617,8.923436164855957,26106070
2022-04-11,8.888269996157636,8.897061760484396,8.712438901766403,8.730022430419922,26434240
2022-04-12,8.73002287721771,8.897062215831166,8.571774464952137,8.826729774475098,28692916
2022-04-13,8.791563987731934,8.86189643255948,8.7476060001075,8.791563987731934,12991861
2022-04-14,8.905853863819612,8.932228319375064,8.835521423385858,8.87947940826416,15496865
2022-04-15,8.826729774475098,8.861895995153132,8.765189097895746,8.826729774475098,13265136
2022-04-18,8.791562714887297,8.800354478825085,8.721230280242498,8.773979187011719,13166434
2022-04-19,8.773980011263655,8.817937996653377,8.677273114149335,8.694856643676758,15725808
2022-04-20,8.730022340289647,8.800354777320017,8.659689903259277,8.659689903259277,16112353
2022-04-21,8.67727350923997,8.826730163312735,8.57177484255841,8.598149299621582,33462241
2022-04-22,8.589356690941672,8.686063573522336,8.510232496817169,8.545398712158203,22989518
2022-04-25,8.439901525915154,8.492650438835893,8.000323338907673,8.009114265441895,37458548
2022-04-26,8.061863149322852,8.290443983194024,7.9651562604214,8.079445838928223,30992396
2022-04-27,7.991533052146797,8.255280180822636,7.991533052146797,8.237696647644043,22122775
2022-04-28,8.184945558958137,8.281652450561523,8.149779340336108,8.281652450561523,19064750
2022-04-29,8.316819075046427,8.510233706120667,8.20252864934023,8.369568824768066,43129139
2022-05-05,8.40473513123021,8.48385849898021,8.378359836884705,8.439901351928711,33783976
2022-05-06,8.290443983194024,8.308026672799395,8.061863149322852,8.079445838928223,25253699
2022-05-09,8.079447108850536,8.149780393613252,8.044280885683625,8.097030639648438,13369699
2022-05-10,8.009114469906622,8.272861556530081,7.973948247585419,8.211320877075195,23701471
2022-05-11,8.23769505755679,8.395943471902077,8.211320601308858,8.255278587341309,29213807
2022-05-12,8.22011220807777,8.308027340022678,8.184945987614041,8.24648666381836,21373896
2022-05-13,8.290444649005229,8.334401795763267,8.21132044335463,8.24648666381836,15898755
2022-05-16,8.299235487768224,8.308027252398636,8.149779681195295,8.176154136657715,14085709
2022-05-17,8.202528836416597,8.255278587341309,8.167362615276407,8.255278587341309,10605883
2022-05-18,8.264068922036115,8.316818669183553,8.211320013317463,8.281652450561523,16569934
2022-05-19,8.202527366615763,8.255277108088313,8.158569388460087,8.220110893249512,18213640
2022-05-20,8.264068492896458,8.483857557478052,8.25527756751904,8.316818237304688,34700968
2022-05-23,8.360775850914761,8.378358539326559,8.255277205157853,8.290443420410156,27973532
2022-05-24,8.272861300542198,8.30802752177525,7.982739765762312,8.000323295593262,42920614
2022-05-25,8.009113789016148,8.044280008347714,7.965156643673294,8.035489082336426,21523854
2022-05-26,8.026696461164871,8.132195107899143,7.903614287427195,8.105820655822754,37614536
2022-05-27,8.114612738113166,8.184946017728226,8.061863826437913,8.123404502868652,19342173
2022-05-30,8.123403615263125,8.167361595808647,8.01790496501112,8.06186294555664,19265635
2022-05-31,8.061863219368288,8.299234980890168,8.017905237329787,8.272860527038574,41988187
2022-06-01,8.220113952894458,8.299237336911101,8.176155958376983,8.237696647644043,24990989
2022-06-02,8.184945243487286,8.264068603515625,8.140987262296816,8.264068603515625,21933078
2022-06-06,8.255277205157853,8.2992343454017,8.176153011232996,8.290443420410156,30406209
2022-06-07,8.2992343454017,8.325609635662458,8.237693678317349,8.290443420410156,25548082
2022-06-08,8.30802690492085,8.360776652068287,8.211320013317463,8.281652450561523,33557622
2022-06-09,8.264068670989799,8.290443962976681,8.16736178232418,8.20252799987793,33281420
2022-06-10,8.149779821558864,8.554190940377213,8.149779821558864,8.439901351928711,86008561
2022-06-13,8.395943471902077,8.422317928150008,8.193737071524337,8.255278587341309,47162733
2022-06-14,8.184945987614041,8.264069354835808,8.053072032053434,8.24648666381836,41197975
2022-06-15,8.211319153727901,8.606939281418038,8.20252739038555,8.475066184997559,64845289
2022-06-16,8.510234436158662,8.580566882868329,8.39594400064823,8.422318458557129,30143914
2022-06-17,8.378359026082286,8.554190112559018,8.351984572717965,8.519023895263672,32743636
2022-06-20,8.562981876490044,8.562981876490044,8.43990053517071,8.519023895263672,24215662
2022-06-21,8.519023421830896,8.633313831296432,8.466274518033702,8.545398712158203,28814233
2022-06-22,8.536608529067518,8.554191220778701,8.395943641662598,8.395943641662598,28106134
2022-06-23,8.395942352536823,8.50144100189209,8.3871505888167,8.50144100189209,18064710
2022-06-24,8.527815548397484,8.580565292869533,8.510232859192632,8.571773529052734,24394823
2022-06-27,8.571773847811157,8.633314519959772,8.527815865521243,8.589357376098633,22504289
2022-06-28,8.580564379557284,8.712437469057765,8.536606403580906,8.703645706176758,28476679
2022-06-29,8.703647846812812,8.773980290301608,8.624524476709562,8.650898933410645,28934024
2022-06-30,8.64210716836733,8.712439611856126,8.624524476709562,8.650898933410645,19113415
2022-07-01,8.642107287012784,8.67727350923997,8.580566607722425,8.598149299621582,16057011
2022-07-04,8.589358171207584,8.606940862693897,8.501442198489453,8.58056640625,17800981
2022-07-05,8.580565404352095,8.642106075011762,8.448691460672979,8.519023895263672,20567886
2022-07-06,8.510233837138177,8.52781652836353,8.395943409672448,8.448692321777344,16111061
2022-07-07,8.40473402229467,8.475066454411888,8.40473402229467,8.431108474731445,16786906
2022-07-08,8.457484840831555,8.668482184925281,8.44869307522042,8.562983512878418,27910688
2022-07-11,8.580564829819682,8.580564829819682,8.422316443372146,8.475066184997559,17112814
2022-07-12,8.439901711782044,8.519025082905639,8.439901711782044,8.466276168823242,11167200
2022-07-13,8.475066184997559,8.519023324851918,8.4311082067145,8.475066184997559,12764189
2022-07-14,8.492650542146265,8.492650542146265,8.378360111522552,8.395943641662598,17407263
2022-07-15,8.36956751592159,8.431108182282317,8.18494467841071,8.220110893249512,20828267
2022-07-18,8.228902195569432,8.50144100189209,8.228902195569432,8.50144100189209,22785006
2022-07-19,8.46627554996965,8.650898412620531,8.439901094856326,8.615732192993164,22067185
2022-07-20,8.677272726529312,8.941019788657039,8.633314743103224,8.738813400268555,35949523
2022-07-21,8.703647000212,8.923436074342897,8.686064310264493,8.853103637695312,43912558
2022-07-22,8.826730210145707,8.88827088976259,8.738814234896836,8.791563987731934,20967503
2022-07-25,8.791563308017352,8.791563308017352,8.703647339565654,8.747605323791504,15186739
2022-07-26,8.773980457310609,8.800355752942597,8.738814234896836,8.791563987731934,12764841
2022-07-27,8.782771383694643,8.79156314806562,8.730022474326375,8.738813400268555,9561203
2022-07-28,8.782771716944463,8.941020127911372,8.773979952239896,8.888270378112793,23580881
2022-07-29,8.879479684242584,8.914645905552446,8.773980181884154,8.835521697998047,24579527
2022-08-01,8.817937375413733,8.870687121850851,8.738813174972442,8.84431266784668,19509938
2022-08-02,8.791562782565718,8.791562782565718,8.580565477007044,8.712438583374023,25497263
2022-08-03,8.712438025420935,8.782770456103002,8.545398712158203,8.545398712158203,25170707
2022-08-04,8.589357981798724,8.738813790637645,8.56298268750759,8.694856643676758,26253832
2022-08-05,8.713374874271324,8.889309614590271,8.6392973677392,8.880049705505371,33384235
2022-08-08,8.880049487494478,8.981905835707126,8.861529669779353,8.907828330993652,21309090
2022-08-09,8.889309230638546,8.98190566826746,8.824490752917459,8.97264575958252,21265446
2022-08-10,8.972646568977328,8.991166388017826,8.787452793940243,8.861530303955078,24956839
2022-08-11,8.88931038398714,9.093023103045672,8.88931038398714,9.08376407623291,38846972
2022-08-12,9.046724637439175,9.065243572741574,8.9356074933306,8.954127311706543,28015807
2022-08-15,8.944867523933047,8.944867523933047,8.79671250720867,8.85227108001709,28347446
2022-08-16,8.870789845354318,8.870789845354318,8.750413675807202,8.778192520141602,22296553
2022-08-17,8.759674042745594,8.93560791015625,8.731895196959403,8.93560791015625,27179307
2022-08-18,8.907829016625959,8.926348835766547,8.77819293186258,8.898569107055664,18703162
2022-08-19,8.81523323059082,9.018945957958193,8.778193589534592,8.81523323059082,22085759
2022-08-22,8.731895804361601,8.843012078309345,8.667077315586848,8.81523323059082,20613450
2022-08-23,8.778192470301097,8.778192470301097,8.667076210520854,8.741153717041016,16637197
2022-08-24,8.722636869223265,8.759675631346504,8.61152058285355,8.676338195800781,22305673
2022-08-25,8.630038064136562,8.685596639470404,8.53744161601162,8.620779037475586,16072676
2022-08-26,8.66707706451416,8.796713155234649,8.630038307604538,8.66707706451416,23061041
2022-08-29,8.574480474904076,8.685596743833296,8.5281818087485,8.555960655212402,16713834
2022-08-30,8.583739376672444,8.611518219873991,8.491142055235954,8.5189208984375,15775981
2022-08-31,8.500403273117346,8.648558303773864,8.48188345274846,8.602259635925293,19388831
2022-09-01,8.537440299987793,8.620777708605518,8.537440299987793,8.537440299987793,11781321
2022-09-02,8.53744161601162,8.78745299732992,8.528181706277048,8.620779037475586,20925215
2022-09-05,8.611518640792228,8.657817303773482,8.518921314829718,8.639297485351562,13711463
2022-09-06,8.620778431250903,8.768933444291228,8.620778431250903,8.741153717041016,23285226
2022-09-07,8.73189539994389,8.741154426705467,8.630038157904073,8.694856643676758,17514430
2022-09-08,8.731894691031146,8.768933444291228,8.657817184510984,8.741153717041016,20200984
2022-09-09,8.76893424987793,8.824491943335273,8.704115763412874,8.76893424987793,23065770
2022-09-13,8.805972516591687,8.870790116376789,8.778192788335016,8.787452697753906,24680871
2022-09-14,8.759673976314904,8.778192912340728,8.639297801389526,8.685596466064453,21546135
2022-09-15,8.694856375614155,8.815232550539532,8.602259046264301,8.685596466064453,32057055
2022-09-16,8.648557843764834,8.69485650915082,8.435584336218728,8.444844245910645,24180250
2022-09-19,8.444845207312085,8.454105118058193,8.1855738879369,8.23187255859375,29543279
2022-09-20,8.259650458433443,8.32446806005899,8.065196770483215,8.092975616455078,26399855
2022-09-21,8.083715022596879,8.148533501810016,7.954079830317641,8.102234840393066,16882464
2022-09-22,8.055937302784589,8.11149588085009,8.009638634908946,8.037418365478516,12765933
2022-09-23,8.055937499832858,8.092976258424613,7.944821224057593,8.046677589416504,14055885
2022-09-26,7.963340444079463,8.065196801753608,7.917041778564453,7.917041778564453,16842619
2022-09-27,7.907782421523013,8.018898696680816,7.796666146365211,8.009638786315918,16610220
2022-09-28,7.981859170034197,8.009638015381498,7.87074290557143,7.9263014793396,15213004
2022-09-29,8.028158066368466,8.065196822259928,7.741107045904433,7.759626865386963,18480381
2022-09-30,7.787405909480405,7.9355609368121165,7.768886972600751,7.889263153076172,17730146
2022-10-10,7.963340656021048,7.963340656021048,7.55591344833374,7.55591344833374,30098246
2022-10-11,7.629990060118348,7.639249968988098,7.546652646437624,7.574432373046875,15020894
2022-10-12,7.555912968539029,7.704067986263548,7.500355278429114,7.6948089599609375,18450729
2022-10-13,7.639249963737535,7.787404973257653,7.639249963737535,7.731847286224365,12809333
2022-10-14,7.787405271782,7.870742688600123,7.750366517982118,7.815184116363525,13376685
2022-10-17,7.815184756336697,7.907782089955825,7.805925729433679,7.889263153076172,11340055
2022-10-18,7.907781552165568,7.935560397132683,7.842963952884448,7.8707427978515625,10167937
2022-10-19,7.8614832114989746,7.917041786789425,7.7688867634463525,7.778145790100098,9653923
2022-10-20,7.759626534909544,7.91704146151246,7.741106716215761,7.8707427978515625,14712260
2022-10-21,7.870743496633823,7.898522344067206,7.80592589159805,7.8429646492004395,9727723
2022-10-24,7.7781449515351175,7.944819776363591,7.648509761622749,7.676288604736328,22071680
2022-10-25,7.778145801795896,7.833704377169888,7.676289443862773,7.759626865386963,25691536
2022-10-26,7.722588014622226,7.842964190559037,7.66702943993078,7.685549259185791,22081056
2022-10-27,7.694810000952596,7.842965038720256,7.694810000952596,7.768887519836426,29907499
2022-10-28,7.805926345870009,7.805926345870009,7.657771306838451,7.667030334472656,18187954
2022-10-31,7.287382285341656,7.7318482525233,7.222564681344309,7.592952251434326,35687946
2022-11-01,7.676289221993192,7.935560505739652,7.63925046717227,7.9263014793396,40439665
2022-11-02,7.861483079820172,8.065196675041518,7.824444324604797,8.018898010253906,26106871
2022-11-03,8.037419010028444,8.046678037887176,7.8892639674042035,7.991120338439941,14280909
2022-11-04,7.944821224057593,8.111496079257321,7.944821224057593,8.046677589416504,19904362
2022-11-07,8.046677589416504,8.120755989673675,8.009638830824748,8.046677589416504,13816885
2022-11-08,8.01889764308882,8.074456214904785,7.972598980421107,8.074456214904785,13320462
2022-11-09,8.04667734691712,8.102235924667237,7.963340804902396,8.00037956237793,12904927
2022-11-10,7.991119594060352,8.04667728833234,7.935561016714735,7.9818596839904785,12846818
2022-11-11,8.102236150469954,8.222612336388632,8.055937481566822,8.18557357788086,26814006
2022-11-14,8.222611257778329,8.380026181555701,8.222611257778329,8.287428855895996,27669294
2022-11-15,8.296689394520206,8.398545754014565,8.213351971718634,8.380026817321777,20743073
2022-11-16,8.342987477467958,8.380026231337158,8.268909969729554,8.324467658996582,16085073
2022-11-17,8.296688399755652,8.380025812565153,8.278168582209762,8.342987060546875,11476348
2022-11-18,8.380026181555701,8.528181196152394,8.287428855895996,8.287428855895996,19489008
2022-11-21,8.241131450495029,8.38002746017729,8.148534993780535,8.333728790283203,19748486
2022-11-22,8.389287040193635,8.500403313716735,8.29668970405423,8.426325798034668,23376372
2022-11-23,8.43558451047375,8.44484442035695,8.35224797074579,8.380026817321777,12025947
2022-11-24,8.380025489429979,8.426324148435919,8.250389420828045,8.296688079833984,10473706
2022-11-25,8.287429484637007,8.407805663897765,8.287429484637007,8.380026817321777,10459769
2022-11-28,8.24113118349473,8.278169941595264,8.08371624079905,8.111495971679688,23980353
2022-11-29,8.176313711037215,8.454104842862021,8.157794773221516,8.435585021972656,31203645
2022-11-30,8.444844976667303,8.481883735566445,8.389287279855425,8.472623825073242,19056472
2022-12-01,8.528181493506606,8.611518912891377,8.4726229195589,8.509661674499512,20462441
2022-12-02,8.49114249209166,8.574479909057377,8.444843828991424,8.463363647460938,16348929
2022-12-05,8.602259368209248,8.639298124720671,8.500403008571233,8.592999458312988,17832592
2022-12-06,8.537441015647335,8.768933444291228,8.500402262387254,8.741153717041016,24831399
2022-12-07,8.75967402449398,8.815232599024187,8.667076694634833,8.722635269165039,19196630
2022-12-08,8.713375359564408,8.778192960621661,8.657817668107786,8.722635269165039,16785838
2022-12-09,8.704114549806826,8.778192052803808,8.667075798308336,8.759673118591309,18814731
2022-12-12,8.731894275735813,8.805971778732795,8.694855524237322,8.759673118591309,14552620
2022-12-13,8.778193696384289,8.815233337891371,8.68559724183756,8.750414848327637,12584357
2022-12-14,8.778192960621661,8.796712779822924,8.667076694634833,8.722635269165039,19330581
2022-12-15,8.722634367092818,8.7967118700898,8.713374458449822,8.759673118591309,16326536
2022-12-16,8.713376398842037,8.796713829040527,8.70411648813694,8.796713829040527,15968011
2022-12-19,8.815234216068236,8.815234216068236,8.630039522378297,8.676338195800781,23696862
2022-12-20,8.63003848340498,8.833752092094514,8.592999725740851,8.602259635925293,25399785
2022-12-21,8.60225831738477,8.685595730123646,8.574479474162981,8.657816886901855,12030160
2022-12-22,8.768934486950696,8.778193514061499,8.574480788445605,8.602259635925293,10623675
2022-12-23,8.574479958721547,8.63003764830479,8.45410378719312,8.500402450561523,13341200
2022-12-26,8.537440664478524,8.574479416215098,8.454103252302858,8.481882095336914,10370285
2022-12-27,8.537441939809893,8.648558211618273,8.500403182540435,8.528182029724121,9518840
2022-12-28,8.546699960776811,8.620778349669479,8.481882363953444,8.491142272949219,11517555
2022-12-29,8.500402501837373,8.500402501837373,8.370766420238567,8.398545265197754,11528808
2022-12-30,8.435583968616337,8.63003764830479,8.4263249424015,8.500402450561523,14649435
2023-01-03,8.463364104282228,8.685596639470404,8.37076677308369,8.620779037475586,20907149
2023-01-04,8.694855638888745,8.731894390875633,8.620778134914968,8.657816886901855,12385701
2023-01-05,8.750413943151912,8.796712607172797,8.657817498183705,8.787452697753906,17818544
2023-01-06,8.778192912340728,8.778192912340728,8.676336556514752,8.685596466064453,11924018
2023-01-09,8.778192372363922,8.843010852151044,8.722634684630417,8.8059720993042,18114989
2023-01-10,8.787452329066799,8.787452329066799,8.676336069922817,8.70411491394043,16182648
2023-01-11,8.750414488329216,8.759674398325027,8.657818037591971,8.66707706451416,14086078
2023-01-12,8.70411577483633,8.722635594728827,8.565220657937067,8.630038261413574,12365463
2023-01-13,8.657816988261999,8.731894493103027,8.60225841809447,8.731894493103027,11587575
2023-01-16,8.741155247883636,8.861531437828823,8.70411648813694,8.796713829040527,20760968
2023-01-17,8.81523323059082,8.843012078309345,8.759674652080124,8.81523323059082,13097927
2023-01-18,8.824491500854492,8.889309984069396,8.787452746048935,8.824491500854492,12342407
2023-01-19,8.787452746048935,8.852271229263838,8.750413991243377,8.824491500854492,9875676
2023-01-20,8.843011319794057,8.907828919935389,8.787452746048935,8.824491500854492,15075523
2023-01-30,8.954126574748013,9.018944167581994,8.852270231284118,8.926347732543945,21774768
2023-01-31,8.98190595455833,9.000425772518515,8.8059720993042,8.8059720993042,18463042
2023-02-01,8.833752675132967,8.880051346037307,8.7596751549155,8.8707914352417,19524772
2023-02-02,8.889310523162226,8.907829460151302,8.796713188995977,8.843011856079102,15875717
2023-02-03,8.796713155234649,8.815232975226271,8.630038307604538,8.66707706451416,27119107
2023-02-06,8.620778550003187,8.704115083681192,8.574479887021933,8.639297485351562,19979367
2023-02-07,8.6855956266832,8.6855956266832,8.55595955473623,8.583739280700684,19477161
2023-02-08,8.611519769060067,8.694857196730355,8.565221100012833,8.574481010437012,16043500
2023-02-09,8.55596114578375,8.759674758704406,8.518922387350326,8.750414848327637,17415595
2023-02-10,8.722635683283656,9.35229543684319,8.722635683283656,9.055984497070312,74609350
2023-02-13,9.000426664079082,9.009685690902828,8.861530664839568,8.944868087768555,40299969
2023-02-14,8.926348249568722,9.074503260669694,8.90782843164434,8.981905937194824,19342791
2023-02-15,8.991167013823711,9.417113167592625,8.898569678323392,9.305996894836426,72449838
2023-02-16,9.3337755566987,9.463411647207211,9.093023195643015,9.157841682434082,61566829
2023-02-17,9.139322099723685,9.194880677976347,8.972647248039344,8.991167068481445,32260867
2023-02-20,8.991166355933817,9.185620039797262,8.926348755670526,9.176360130310059,25274710
2023-02-21,9.148580551147461,9.287475650020975,9.065243138593951,9.148580551147461,21294457
2023-02-22,9.08376349057028,9.120802244654138,8.926348564945492,9.028204917907715,21778666
2023-02-23,9.102282104482745,9.102282104482745,8.954127093381773,8.981905937194824,17399366
2023-02-24,8.94486708335039,9.028204496921425,8.898568422136089,8.907828330993652,15481494
2023-02-27,8.870790926027869,8.954128352257088,8.796713410062706,8.81523323059082,19585649
2023-02-28,8.898569864076391,9.046725780584305,8.787453589000698,8.889310836791992,25431308
2023-03-01,8.898568412280977,9.398592010079911,8.898568412280977,9.222658157348633,54157136
2023-03-02,9.231919025199852,9.639345342995838,9.222659115390634,9.574527740478516,89972497
2023-03-03,9.518969227528208,10.528276443481445,9.361554292026861,10.528276443481445,159471314
2023-03-06,10.648652512565262,10.972742290090165,10.222706376739707,10.241226196289062,267869070
2023-03-07,10.241225710301748,10.333822154433646,9.667123694545603,9.731942176818848,163615149
2023-03-08,9.657864235209098,9.96343416498186,9.657864235209098,9.78749942779541,89954953
2023-03-09,9.907876788617301,10.556055478886915,9.843059184512429,10.324563026428223,188747254
2023-03-10,10.185668077401434,10.417160533706014,9.991214378782644,10.046772956848145,95951096
2023-03-13,10.074551719259722,10.769029082308265,10.074551719259722,10.750509262084961,147509378
2023-03-14,10.741249280548573,11.046819222490216,10.574574445644567,10.889404296875,132533253
2023-03-15,11.074598189982847,11.426466799193376,10.898664326914364,11.176454544067383,138575466
2023-03-16,11.111638270339093,11.630181778173998,11.06533960093128,11.435728073120117,141421878
2023-03-17,11.620920555827617,12.583929061889648,11.620920555827617,12.583929061889648,143764698
2023-03-20,13.324705019514418,13.843247584958505,13.259886536528732,13.778429985046387,324758408
2023-03-21,13.78769052138532,13.880286970745177,13.148770870356351,13.519159317016602,280570045
2023-03-22,13.889546280224678,14.871073722839355,13.889546280224678,14.871073722839355,283603530
2023-03-23,15.454435207009423,16.019275538361207,15.222942775725897,15.73222541809082,356714933
2023-03-24,15.602589924633264,16.49151999608432,15.4173952766741,16.352624893188477,303439982
2023-03-27,15.81556360066827,16.658195950061266,15.380358444589119,16.324846267700195,378361859
2023-03-28,15.815563663898502,16.15817325726681,15.176644025534456,15.232203483581543,255217996
2023-03-29,15.463696219255946,15.741486450152696,13.750651752333415,14.963671684265137,353292741
2023-03-30,15.009968444273863,15.797043066363294,14.389569538894223,15.63036823272705,295732939
2023-03-31,15.463694218560104,16.185949431905016,15.195162166108389,15.945197105407715,221719153
2023-04-03,15.824823055894425,16.528560272811482,15.204423257174591,16.445222854614258,339814714
2023-04-04,15.96371698161081,16.574856825686915,15.760004288967774,16.121131896972656,217857704
2023-04-06,16.667457781339944,17.593427658081055,16.111875502065804,17.593427658081055,260304293
2023-04-07,17.38971253481258,17.54712746290415,16.389665275803537,17.01006507873535,162645172
2023-04-10,16.72301335444626,16.973025613272917,15.824823323952565,16.17669105529785,161111100
2023-04-11,16.334104940562305,16.435962172715197,15.658147483531561,16.065574645996094,172506941
2023-04-12,16.22299157934859,17.352674117603918,15.926681521192915,17.056364059448242,182304108
2023-04-13,16.89894716190625,17.54712666361627,16.06557477838412,16.352624893188477,162683731
2023-04-14,16.27854813619304,17.010065086526303,16.11187329859067,16.73227310180664,116447599
2023-04-17,16.65819402252944,16.8896864382391,16.102611871596864,16.602636337280273,100760172
2023-04-18,16.556339749520202,18.102709433111492,16.343367112930014,17.76936149597168,184118316
2023-04-19,17.667503798720503,17.880476429874214,15.991498947143555,15.991498947143555,282581868
2023-04-20,15.991500195194307,17.593427658081055,15.935940730963729,17.593427658081055,325560298
2023-04-21,18.05640919863751,18.399018765665076,16.84338938289124,17.398971557617188,248826940
2023-04-24,17.445271083131797,17.686023441825217,16.639676584190457,16.973026275634766,165745031
2023-04-25,16.72301258844704,17.3897119147799,16.435962470802103,17.13043975830078,196127791
2023-04-26,17.389714249413974,17.57490715792155,15.417397499084473,15.417397499084473,241514844
2023-04-27,14.722918821274838,15.59333088963466,14.658101220700189,14.908113479614258,265276404
2023-04-28,14.935891024290122,15.630368324416976,14.732178318732537,14.92663288116455,219569831
2023-05-04,14.79699635031203,14.815516169399096,14.00992258365685,14.241415023803711,211000027
2023-05-05,14.195115333628078,14.222894177178206,13.389521806086243,13.676572799682617,209533291
2023-05-08,13.639535663601775,13.685834333385134,13.287667892625054,13.59323787689209,151113962
2023-05-09,13.593237387365841,14.102520087421247,13.333965199145526,13.611756324768066,194948000
2023-05-10,13.611755766376458,13.92658563696191,13.306185805649076,13.519159317016602,102661904
2023-05-11,13.435822173342352,13.704353383285248,13.287667144832287,13.38952350616455,109398210
2023-05-12,13.278406608585161,13.695092827387601,13.16729034244275,13.29692554473877,80167627
2023-05-15,13.537677919072564,14.241415155567779,13.111731789938467,14.000662803649902,232318960
2023-05-16,13.97288399504975,14.315492704580619,13.43582159815557,13.685832977294922,166670928
2023-05-17,13.750651737311374,14.67662152748524,13.72287200779316,14.39883041381836,214696710
2023-05-18,14.732178344189458,15.732225587454305,14.556244483072343,15.139605522155762,286831554
2023-05-19,15.278501554559968,15.88038156560107,14.963671684265137,14.963671684265137,174480346
2023-05-22,14.824775850305342,15.37109814191797,14.167337295104756,14.269193649291992,176166196
2023-05-23,14.241415029325474,14.47290746956209,14.028441525109525,14.102519035339355,99148662
2023-05-24,14.0191817345646,14.158076837907098,13.454339646005106,13.722870826721191,122492233
2023-05-25,14.815516316958764,15.093306541442871,14.500686453931616,15.093306541442871,306675878
2023-05-26,15.121086296685583,16.010018195647834,14.96367136489785,15.547033309936523,265872270
2023-05-29,16.01001738094726,16.741532544750044,15.83408263880853,16.574857711791992,302922759
2023-05-30,16.130392217489927,16.95450468393546,15.676667277191433,16.695234298706055,251511555
2023-05-31,16.769312201431333,17.20451733420172,16.20447010682632,16.71375274658203,218639655
2023-06-01,16.29706615494751,16.86190643914078,16.23224856218328,16.59337615966797,158582309
2023-06-02,16.8526498618179,16.99154496866012,16.297067668301914,16.510040283203125,107111532
2023-06-05,16.723012011962613,17.843436248899778,16.426701995427926,17.528606414794922,205552569
2023-06-06,17.223039576253907,17.69528441204871,16.76005465090379,16.871170043945312,141931266
2023-06-07,16.852649218086924,17.13043942116044,16.51003965255902,16.695234298706055,96502948
2023-06-08,16.574858420162702,16.741533260244044,16.222990686994326,16.528560638427734,96058604
2023-06-09,16.528561549987813,18.186046600341797,16.32484706036579,18.186046600341797,215513181
2023-06-12,18.80644736129284,19.78797668447791,18.76014957475371,19.76945686340332,250099933
2023-06-13,19.63055767823367,20.908395043631327,19.324987758281168,20.38985252380371,224284836
2023-06-14,20.139842460876338,21.713991773472667,19.982427529616707,21.10285186767578,203255341
2023-06-15,20.926917053314018,22.03807971221428,20.815799904350406,20.96395492553711,151010646
2023-06-16,20.96395437859586,22.538103645319595,20.695424072006002,22.278831481933594,198977068
2023-06-19,22.68625973677723,24.51041957775816,21.945484615096447,24.50115966796875,207593027
2023-06-20,23.95483799409923,24.482640464267405,22.741816360886027,24.10299301147461,217799669
2023-06-21,23.612230028424946,23.612230028424946,22.315872654603613,22.686260223388672,159426735
2023-06-26,22.130676949652408,22.94553132892645,21.065812077010957,21.38064193725586,194682243
2023-06-27,21.67694994030314,21.67694994030314,21.084329913747805,21.306562423706055,100920566
2023-06-28,20.362073984921647,21.704730788945103,19.750934109390897,21.278783798217773,169412176
2023-06-29,21.306565002409,22.547364657791675,21.204707760712044,22.0380802154541,169954821
2023-06-30,21.80658682895766,23.843720978215504,21.58435430168088,23.33443832397461,194981072
2023-07-03,23.51963135083272,23.815941388930277,21.74176935610025,22.56588363647461,155635602
2023-07-04,22.223273548791305,23.427033492891994,22.19549382104236,22.76033592224121,110852632
2023-07-05,22.501064802731253,22.695519373676348,21.862146930269112,22.093639373779297,95980113
2023-07-06,21.852885525645988,22.917750339716537,21.852885525645988,22.11215591430664,97526863
2023-07-07,22.038080565296045,22.48254741220838,21.112110763961805,21.908445358276367,105155637
2023-07-10,22.223274879239984,22.278832571916865,21.195447850908028,22.0380802154541,88859826
2023-07-11,22.223274516334858,22.778856732472665,21.760289630577883,22.445507049560547,118743582
2023-07-12,22.223273563818587,22.223273563818587,20.75098154892384,20.862098693847656,165380326
2023-07-13,21.278785176982193,22.945531845092773,21.084332370416917,22.945531845092773,155773995
2023-07-14,23.806681550227385,25.24193572998047,23.56593096816794,25.24193572998047,208131873
2023-07-17,24.89932785308498,24.89932785308498,23.723347525919188,24.177072525024414,174972477
2023-07-18,24.14929354321785,24.67709607351397,23.214063785651245,23.640010833740234,156616093
2023-07-19,24.001136944689268,24.464121838092883,22.908492313673186,23.232582092285156,127026168
2023-07-20,23.05664691672709,23.102946464909284,21.112110046754335,21.528797149658203,202822969
2023-07-21,21.33434295654297,21.79732781133447,20.92691578980527,21.33434295654297,132628976
2023-07-24,21.10285262015803,22.714039862541938,21.10285262015803,21.908445358276367,145621050
2023-07-25,22.26957201247933,22.852933950084356,21.38990180052557,22.22327423095703,161942914
2023-07-26,21.760289592127645,22.389949318228076,20.565787741234676,21.528797149658203,161281064
2023-07-27,21.417679046847336,21.565835828288588,20.676903970376575,21.000993728637695,142264934
2023-07-28,21.162321326398573,21.465997423341655,20.57395284803719,21.12436294555664,118265878
2023-07-31,21.11487160929915,21.921507515932344,20.69731858526995,21.1907901763916,141099061
2023-08-01,21.067423537605684,21.96895631072089,20.431604848757868,21.513444900512695,163085467
2023-08-02,21.114872593895047,21.693752826244328,20.982015547798426,21.18130111694336,83597396
2023-08-03,20.744768996571658,21.68426195105858,20.545481624991226,21.35211753845215,118495348
2023-08-04,20.972525523041643,22.8040630778426,20.801708286422063,22.557327270507812,186832851
2023-08-07,22.490899738838213,24.673560100648146,22.39600106875048,23.705596923828125,229951559
2023-08-08,23.34498409827233,23.648658393852852,22.652226885224067,22.9464111328125,131525166
2023-08-09,22.11130541289687,22.519368433785623,21.1148738861084,21.1148738861084,218495333
2023-08-10,20.868134819884546,20.87762486657431,19.862213401306626,20.403133392333984,238360505
2023-08-11,20.61190898938485,21.06742218028697,20.289254642098122,20.403133392333984,137658861
2023-08-14,20.01405095496748,20.507522533108343,19.64394817638252,20.30823516845703,129339573
2023-08-15,20.915588482021437,21.095893968560446,20.127930768022257,20.298748016357422,157167034
2023-08-16,19.92864178512498,20.30823459997624,19.634457579870418,19.82425308227539,120135305
2023-08-17,19.292824930777254,20.08997082091605,18.913232080721038,19.84323501586914,134760830
2023-08-18,19.82425387095841,19.96660276597696,19.036598070040657,19.07455825805664,102052491
2023-08-21,19.12200620334557,19.82425337365236,18.84680208729895,19.368741989135742,91872037
2023-08-22,20.118439712566172,21.304668426513672,19.67241655769543,21.304668426513672,199706551
2023-08-23,21.038952800366015,21.08640122548785,19.9855811102804,20.251296997070312,137727726
2023-08-24,21.352118832155025,22.11130455550392,20.782728634622583,21.285690307617188,201651208
2023-08-25,20.118440805672137,20.374664846174912,19.15996773552036,19.283334732055664,195119071
2023-08-28,20.33670675972417,20.33670675972417,19.17894629688588,19.624969482421875,137539391
2023-08-29,19.501599394823902,21.010482468530196,19.245375367434086,20.488542556762695,172764117
2023-08-30,20.77323859146449,21.32364869352574,20.46956430205712,20.687829971313477,133689524
2023-08-31,20.460074721595753,21.09589345833104,20.24180904735389,20.792219161987305,117077489
2023-09-01,20.678341453967562,20.868136977260207,19.83374531167621,20.165889739990234,94026414
2023-09-04,20.30823610379006,20.355686340435952,19.605988891803875,19.919153213500977,96034266
2023-09-05,19.710378826656843,19.729358922494114,19.159968717666924,19.273845672607422,99330896
2023-09-06,19.055581355304486,19.23588865849386,18.54313140155797,19.188438415527344,89908206
2023-09-07,18.960681806287468,18.960681806287468,18.2109861023564,18.220476150512695,127958756
2023-09-08,18.040167471087774,18.239453036950426,17.499247437984614,18.106595993041992,92963254
2023-09-11,18.030677538096988,19.046089088793707,17.42332897918489,18.467208862304688,136592406
2023-09-12,18.210983828097035,18.647515128521114,18.10659512145589,18.2963924407959,81348848
2023-09-13,18.182513688024766,18.277412347699162,17.727002293637337,17.89781951904297,75537956
2023-09-14,18.01169866744325,18.18251591375874,17.603635647921056,17.6415958404541,72853334
2023-09-15,17.679554417855428,17.745984755520624,17.11016600391534,17.205062866210938,95853247
2023-09-18,17.15761459521416,17.84088178434493,17.02475753872692,17.366390228271484,92253885
2023-09-19,17.38536950381139,18.03067827919993,17.205062214207754,17.537206649780273,108272233
2023-09-20,17.546695158169026,18.011696603156228,17.252510939920263,17.461286544799805,104732424
2023-09-21,17.32842895668915,17.793430386929273,17.290468769710525,17.375877380371094,73820046
2023-09-22,17.366388484331406,19.07455900068559,17.309450010132036,18.92272186279297,212826070
2023-09-25,18.7519067312205,19.0176226573256,18.248945024320676,18.305885314941406,104675298
2023-09-26,18.49567874188728,19.349763093228553,18.45772036251552,18.723434448242188,126777167
2023-09-27,18.60006617517171,19.074557649997306,18.524147611601265,18.78986167907715,83030433
2023-09-28,19.008131611716138,19.292825809718,18.5621084087939,18.69496726989746,73482733
2023-10-09,18.47669989970385,18.50517004369373,17.88833140424559,18.277414321899414,105193597
2023-10-10,18.248942206784427,18.362820960401976,17.660573774877676,17.89781951904297,80063139
2023-10-11,18.182515109757077,18.64751658747561,17.888330870800765,18.192005157470703,90225288
2023-10-12,18.41027085788102,18.457721096534517,17.717513663913707,17.793432235717773,82165069
2023-10-13,17.660574371153732,17.660574371153732,16.90138687816743,16.967815399169922,106681657
2023-10-16,16.97730766025899,16.97730766025899,16.417407467312074,16.531286239624023,95159245
2023-10-17,16.626181747096204,16.68312021738287,16.322507492178868,16.398426055908203,58147935
2023-10-18,15.753118927736248,16.25607878375762,15.278627404672152,16.056793212890625,151293797
2023-10-19,15.734138758572525,16.21812032703184,15.639240092396708,15.686690330505371,85945895
2023-10-20,15.715158380518815,15.866995519651056,15.25015691567114,15.34505558013916,80467844
2023-10-23,13.807703971862793,13.807703971862793,13.807703971862793,13.807703971862793,23786500
2023-10-24,12.630964117971367,13.418619934931291,12.574024739808403,13.058006286621094,318967934
2023-10-25,13.114945773208088,13.14341591699993,12.782802240823658,12.849230766296387,193065907
2023-10-26,12.71637242631889,13.304742709958264,12.564535284097408,13.124435424804688,141580469
2023-10-27,13.124436198293814,13.466069788426335,12.963108998920477,13.352191925048828,99990449
2023-10-30,13.352191408723966,14.006990229099786,13.21933435909815,13.85515308380127,120823083
2023-10-31,14.063928139728722,14.310663943413267,13.788723098702341,13.969030380249023,152112193
2023-11-01,14.006989556596142,14.187295931726068,13.750763707441232,13.78872299194336,71660068
2023-11-02,14.120868088073674,14.225255899211211,13.836172988128569,13.85515308380127,82575884
2023-11-03,13.931070944524205,14.158826650832868,13.845662328403273,13.997499465942383,78084421
2023-11-06,14.15882660834763,14.291684555806059,14.025968660889202,14.206275939941406,98469617
2023-11-07,14.206275924765551,14.823114519763529,14.08290802476181,14.604848861694336,142671111
2023-11-08,14.566889983806627,14.709237077385932,14.396072747494859,14.519440650939941,77635676
2023-11-09,14.709236693521254,14.936992399312738,14.623828077594267,14.794645309448242,118059840
2023-11-10,14.614337887028322,14.984441584077617,14.547909366412057,14.623827934265137,90447202
2023-11-13,14.85158426755643,15.895465977329666,14.85158426755643,15.288117408752441,169202189
2023-11-14,15.326075556755201,15.97138430609925,15.193218511904892,15.534852981567383,123923040
2023-11-15,15.639239648132568,15.829036975092627,15.212198377534618,15.572811126708984,110010637
2023-11-16,15.373525802929557,15.534852990356846,15.098319855536511,15.126789093017578,82517451
2023-11-17,15.060360628760975,15.56332138296718,15.060360628760975,15.515872955322266,91955875
2023-11-20,15.458933647562825,15.639239110935916,15.088829053707682,15.297606468200684,79466538
2023-11-21,15.364035685682014,15.420974160385672,15.117299881910867,15.145769119262695,64788050
2023-11-22,15.088829606371617,15.126788890845956,14.747196046102552,14.775665283203125,66849928
2023-11-23,14.927502715232885,15.003422190698217,14.595359195793012,14.918013572692871,62552629
2023-11-24,14.993931666314772,14.993931666314772,14.453010737823021,14.614337921142578,86933752
2023-11-27,14.329644216217952,14.490971404859058,14.05443917177502,14.13035774230957,151459758
2023-11-28,14.016479611009414,14.415051645971369,14.016479611009414,14.377092361450195,84957512
2023-11-29,14.377092335965727,14.415051620419614,14.1493366292424,14.187295913696289,62822390
2023-11-30,14.310664108059285,14.453011201426923,13.988009731070507,14.329644203186035,94817383
2023-12-01,14.282194602657627,14.453010930492542,14.101887322416506,14.377092361450195,77262202
2023-12-04,14.434031533134648,14.443521580383628,14.01647940940748,14.025968551635742,73348787
2023-12-05,13.997500328562715,14.092398997883318,13.39015083595658,13.428110122680664,76948724
2023-12-06,13.418620537760082,13.674845488452487,13.399640442512846,13.523008346557617,56654397
2023-12-07,13.64637683298609,13.731785455202111,13.418621110423901,13.59892749786377,56707169
2023-12-08,13.627395895246009,14.955972671508789,13.570457420632607,14.955972671508789,149291534
2023-12-11,14.965462541302218,15.022401015239726,14.41505156144171,14.794645309448242,157318466
2023-12-12,14.813625076426224,14.965463124558935,14.206276503978424,14.481481552124023,109576923
2023-12-13,14.481481413820879,14.604849317676322,14.272704891525454,14.310664176940918,76646299
2023-12-14,14.40556322066744,14.6617881776842,14.234745979309082,14.234745979309082,71441886
2023-12-15,14.329643728458036,14.377092154661494,13.959540030934326,14.025968551635742,61991246
2023-12-18,14.025969301223196,14.54791016254169,13.9975000629755,14.263215065002441,93305916
2023-12-19,14.19678591865258,14.434031672035799,14.006989496950151,14.396072387695312,65140277
2023-12-20,14.396073371874206,14.396073371874206,13.769744684927243,13.807703971862793,74423794
2023-12-21,13.807703853638715,14.101888098615168,13.712805184601986,13.826683044433594,65923869
2023-12-22,13.769743811337161,13.855152427778789,13.532498056786295,13.589436531066895,66902922
2023-12-25,13.47555824698355,13.883621221381352,13.466068199899716,13.485048294067383,53958991
2023-12-26,13.39964028123097,13.541988278809635,13.048516668570118,13.162394523620605,42290400
2023-12-27,13.238312838313613,13.37117078582032,13.124434985459603,13.21933364868164,50630366
2023-12-28,13.466068368796334,14.26321423342238,13.304742091451265,14.04494857788086,104202294
2023-12-29,14.044948996382324,14.633318365180813,13.969030426538694,14.348623275756836,89669926
2024-01-02,14.234745861573902,14.234745861573902,13.314232042452975,13.47555923461914,128016637
2024-01-03,13.390150198764934,13.513518101002747,13.076985871938465,13.171884536743164,82728790
2024-01-04,13.076984884072344,13.162393494940458,12.668922828287881,12.782800674438477,103153907
2024-01-05,12.763821356130963,12.925148540897899,12.526575602652615,12.621474266052246,63396897
2024-01-08,12.564534929995531,12.621474309234262,12.384228554944222,12.412697792053223,58285996
2024-01-09,12.649943981836453,12.887189744294032,12.393719028993063,12.517086029052734,88639975
2024-01-10,12.412698579216599,12.545556535851802,12.175452809881389,12.251371383666992,69154970
2024-01-11,12.298820546276637,12.517086216597948,12.23239202139985,12.479126930236816,73663267
2024-01-12,12.336779266734185,12.441167073183703,12.165962033434308,12.2039213180542,59607234
2024-01-15,12.146983522518445,12.270351430683194,11.985656327612297,12.071064949035645,59544106
2024-01-16,11.995146423395774,12.3652492443454,11.995146423395774,12.251371383666992,102235691
2024-01-17,12.213411270837739,12.431677834476586,12.03310489654541,12.03310489654541,76542827
2024-01-18,12.033104922425675,13.095965790854523,12.033104922425675,13.010557174682617,222034735
2024-01-19,13.133925659748844,13.73178509453744,13.020047801458745,13.47555923461914,199161081
2024-01-22,13.95954082875984,14.177806497836517,13.475559251649683,13.665355682373047,214606830
2024-01-23,13.33321172464639,14.04494899565932,13.304742487211678,13.76025390625,164723079
2024-01-24,13.87413176100958,14.00698971073946,13.342701772131539,13.76025390625,141635778
2024-01-25,13.712804752881807,14.443522128405414,13.579947706438062,14.310664176940918,165483518
2024-01-26,14.073418651514585,14.14933722361146,13.541988646836456,13.674845695495605,140558459
2024-01-29,13.494539312228222,13.67484569469252,12.80178121060896,12.896679878234863,121927739
2024-01-30,12.858720045602173,13.190863558132857,12.792290619079452,12.811270713806152,75619127
2024-01-31,12.621474231856409,12.858719984691978,12.355759242086375,12.630964279174805,88463999
2024-02-01,12.460147036667607,13.893111599750595,12.317799042077887,13.817193031311035,179836047
2024-02-02,13.798212996005272,14.016479559972819,12.858720028761551,13.209843635559082,159352348
2024-02-05,13.171884287475367,14.434031618380692,13.10545576638163,14.0164794921875,222610970
2024-02-06,13.570458371473128,15.079341629762167,13.570458371473128,14.737707138061523,233467121
2024-02-07,14.49097141322823,14.737706315097643,14.244235606338068,14.519440650939941,173795334
2024-02-08,14.709237119458887,15.71515863501026,14.42454202646521,14.899033546447754,187079316
2024-02-19,15.84801697104815,16.38893699645996,15.487402414079313,16.38893699645996,198838500
2024-02-20,16.98679558624263,18.0211872161629,16.711591453442242,17.546695709228516,305323162
2024-02-21,16.82546887879452,16.94883768772045,16.369957453625343,16.654651641845703,248590873
2024-02-22,17.318939509997012,17.622613776182117,16.42689499554722,17.262001037597656,259307114
2024-02-23,17.85986156880593,17.983230384851847,17.138634198976412,17.243022918701172,223745878
2024-02-26,16.702101370744206,17.091184260803487,16.61669275487349,16.768529891967773,176765115
2024-02-27,16.692611328773456,18.448230263285712,16.502814002324016,18.343841552734375,286375968
2024-02-28,18.078126138137225,18.30588365994576,17.27149200439453,17.27149200439453,219414506
2024-02-29,17.233532386205376,18.087616786196396,17.15761381309599,17.736494064331055,182497975
2024-03-01,18.078125393644925,19.416191276448053,18.078125393644925,18.998640060424805,248116620
2024-03-04,19.738844205771052,20.896604537963867,19.397211582045117,20.896604537963867,268195145
2024-03-05,20.592931679169812,22.946409068205956,20.4316044979029,21.58936309814453,309757066
2024-03-06,20.944053950153773,21.399565343341713,20.59293126333692,20.887115478515625,230257687
2024-03-07,21.323649770616818,22.025897052853367,20.744771305959528,21.45650863647461,270290678
2024-03-08,21.921509179795013,23.60120964050293,21.503956124073156,23.60120964050293,285720842
2024-03-11,22.47191956103788,25.385297318867625,22.206203647767474,24.502742767333984,335970986
2024-03-12,23.971311733238014,24.18008734977538,22.842021412329824,23.534778594970703,312517653
2024-03-13,24.23702887347562,25.603563213421246,22.861002675428022,23.107738494873047,492039964
2024-03-14,21.60834275648874,22.08283424357874,20.868135385013435,21.684261322021484,550613186
2024-03-15,21.342626758869795,22.09232417331433,21.314156618180547,21.90252685546875,358323553
2024-03-18,22.253652976308565,24.009270149458313,22.16824435804229,23.734066009521484,424813590
2024-03-19,23.155185394381792,24.777947304596267,22.898959543815064,24.20855712890625,379137510
2024-03-20,24.009270769950707,24.512232444957075,23.316513568368737,23.800495147705078,298902628
2024-03-21,23.800494601790906,24.4837617398657,23.47784022296743,23.715085983276367,269702591
2024-03-22,23.553757572838794,24.056719210235173,22.879980517309914,23.18365478515625,260364004
2024-03-25,23.582228176336713,23.724575265923967,22.65222526032244,22.690183639526367,233972826
2024-03-26,22.775593074515847,23.060287263930686,21.82661002974435,22.519367218017578,246343859
2024-03-27,22.17773496240306,22.462429157076876,21.219261852273615,21.26671028137207,237632035
2024-03-28,21.27619940911611,22.87998122186204,21.27619940911611,22.253652572631836,275641078
2024-03-29,21.95946775553316,21.99742794731724,21.190791972321264,21.60834503173828,114680866
2024-04-01,21.731713265993868,22.30110350471842,21.42803895468522,22.12079620361328,169946005
2024-04-02,22.054364800188132,22.471917828843665,21.560893203598997,21.73171043395996,153855403
2024-04-03,21.54191564112742,21.579874021345685,20.630890985349616,20.801708221435547,176883711
2024-04-08,20.59293411870881,21.247731158443706,20.47905534960095,20.877628326416016,122388763
2024-04-09,21.019973024857446,21.029463072033913,20.213337115271923,20.773237228393555,137238781
2024-04-10,20.583442539730648,20.754259775668565,19.862215215793604,20.023542404174805,123658936
2024-04-11,20.146909644648517,20.545482596617042,20.023542645010373,20.165889739990234,135552814
2024-04-12,20.68782980060451,21.750691614801482,20.602421181158256,21.12436294555664,254395786
2024-04-15,20.763746563932187,21.3995652255219,20.592931149958204,21.10538101196289,149291715
2024-04-16,20.431604945239577,21.22875082188891,20.30823613978305,20.69731903076172,124388081
2024-04-17,21.35211753845215,21.693751998280643,20.63089023994835,21.35211753845215,204886515
2024-04-18,20.744769050823123,22.29161055123582,20.23231735974023,21.73171043395996,232648390
2024-04-19,21.26671000826033,21.352118627573947,20.346197101264313,20.92507553100586,188598619
2024-04-22,19.340272756179655,20.023541675051238,18.93221158634865,19.776805877685547,172316991
2024-04-23,19.976091633712723,20.108950485922477,19.321294660133386,19.539560317993164,104059777
2024-04-24,19.94762244147415,21.437525413099255,19.852723782572138,21.10538101196289,223752108
2024-04-25,20.554972153085853,21.342627990529436,20.460073488686565,21.057933807373047,119937317
2024-04-26,22.03538448825602,23.164674758911133,22.016406203990968,23.164674758911133,352752382
2024-04-29,23.496819655856413,23.496819655856413,22.93691953250688,23.26906394958496,256688898
2024-04-30,24.009269613146603,24.009269613146603,23.20263549649247,23.250083923339844,230537544
2024-05-06,23.724575856992807,24.009270043260123,23.155185674416682,23.55375862121582,171514799
2024-05-07,23.914372491227752,24.66406812524814,23.41141084609609,24.085187911987305,240914242
2024-05-08,23.47783976887122,23.91437290061805,23.164675443722146,23.21212387084961,141192478
2024-05-09,23.060287851067116,23.25008518887044,22.547837935064646,22.9843692779541,143346770
2024-05-10,22.77559509157546,22.9559023928621,22.320083624153952,22.699676513671875,97463770
2024-05-13,22.70916428121685,23.098247180147762,22.585795473238857,22.775592803955078,101213563
2024-05-14,23.15518460513483,23.240593219079248,22.263140087293955,22.58579444885254,114680668
2024-05-15,22.661712646339904,23.724574374746766,22.538345656009426,23.060285568237305,142504044
2024-05-16,24.417331443582093,25.072130201299796,24.113657182043845,24.27498435974121,241160954
2024-05-17,23.914373003725622,24.48376137187599,23.81947433902007,24.388864517211914,138735923
2024-05-20,24.00927115835393,24.891825710830332,23.734067006852726,24.882335662841797,171532187
2024-05-21,24.6166200590489,24.86335586158856,24.161106833568738,24.4078426361084,111707843
2024-05-22,24.379374738209385,24.54070192697296,23.904883219497865,24.132638931274414,98684188
2024-05-23,24.673559078930804,24.844376316006965,23.193146041006578,24.312946319580078,181848683
2024-05-24,23.914373421524928,24.578660465986363,22.832531521047514,22.917940139770508,205119477
2024-05-27,23.344982869028506,24.028249998106844,23.259574251638526,23.591718673706055,146606162
2024-05-28,23.392430892191218,23.629676645276405,22.870490959420383,22.88947105407715,98564656
2024-05-29,23.487330016705254,23.553758539267076,22.87049140857786,22.974878311157227,90270296
2024-05-30,22.775593108528053,23.04130901307583,22.49089891868806,22.71865463256836,71018550
2024-05-31,22.462428731651286,22.851511635022547,21.741201400756836,21.741201400756836,139113217
2024-06-03,21.74120085353824,22.908449534272773,21.731710806128838,22.652225494384766,155612490
2024-06-04,22.652227780998867,22.680696116059327,22.253654799777603,22.576309204101562,82107356
2024-06-05,22.462429895253244,22.747124099282885,22.263142504399212,22.49090003967285,73281583
2024-06-06,23.610696147463436,24.739986419677734,23.610696147463436,24.739986419677734,297932510
2024-06-07,24.531214265358713,24.806418431756835,22.661716341376906,23.27855682373047,295697836
2024-06-11,23.250084258960758,23.772024201982056,22.813552933530794,22.974878311157227,161039103
2024-06-12,23.297533955564067,24.180088512055043,23.069778232927945,23.126718521118164,193434854
2024-06-13,23.534777407516707,25.233457826959345,23.506309076267964,24.578659057617188,238197880
2024-06-14,24.721006718215552,26.305808419351475,24.52172115467964,25.84080696105957,228452320
2024-06-17,25.688970471522524,26.562034936249226,25.318867667032798,26.106523513793945,204393237
2024-06-18,26.125505136983072,27.43510100565042,26.125505136983072,27.159896850585938,205413036
2024-06-19,27.70081462714099,27.776733195699467,26.846730278347756,27.017545700073242,142246265
2024-06-20,27.01754512675132,27.60591537812518,26.932136512680252,27.15040397644043,104347447
2024-06-21,26.097032830046523,27.273771547723648,26.040094356138027,27.017545700073242,123132060
2024-06-24,26.381725490929956,27.01754414477097,25.926214105801236,26.144479751586914,113412966
2024-06-25,25.394786420668723,25.812339465952842,24.872844661553195,25.09111213684082,131710039
2024-06-26,25.736422266410557,25.983156277637296,25.1006035219995,25.783870697021484,119786129
2024-06-27,25.309376996869155,25.85978707130631,24.977232580733997,25.44223403930664,105659504
2024-06-28,25.33784915537203,26.36275081727238,25.32835910729387,26.00213623046875,115006111
2024-07-01,26.011623558608335,26.75183094092959,25.62254067829677,26.571523666381836,100519731
2024-07-02,26.3342789790108,26.44815773858153,25.869277513343153,25.964176177978516,90173318
2024-07-03,25.764888636637128,26.13499324534642,25.442234264963112,25.983154296875,74022541
2024-07-04,26.334280363038314,26.42917903266118,25.77438020330913,25.878768920898438,79068697
2024-07-05,25.878768920898438,25.878768920898438,25.878768920898438,25.878768920898438,0
2024-07-08,25.499174568477624,26.03060455337994,25.442234283992704,25.58458137512207,63942302
2024-07-09,25.717440421275537,27.69132504714974,25.385295999461206,27.5205078125,159519849
2024-07-10,27.52050712676351,27.691324357156947,26.970097056629896,27.473058700561523,102541972
2024-07-11,27.947550089428553,27.966528373807535,26.448157021003354,27.29275131225586,128407393
2024-07-12,26.239380761439627,26.267850904327748,25.812339478366827,25.869277954101562,129264185
2024-07-15,25.76488865590805,25.926215841865723,25.30937724027749,25.58458137512207,84711831
2024-07-16,25.584580991168767,26.191931346269676,25.01519263519624,26.059072494506836,126827003
2024-07-17,25.67948198652145,25.71744217905662,24.521723264822814,24.62611198425293,136061170
2024-07-18,23.553758766546274,24.16110733301945,23.088757294085063,24.113658905029297,160303630
2024-07-19,23.696106469137845,24.00927080802367,23.297533509643024,23.40192222595215,115732584
2024-07-22,23.240592954440945,23.753044632272196,22.98436711552532,23.6391658782959,104301295
2024-07-23,24.05671970849191,24.151618371669763,23.278553928508146,23.288043975830078,98908835
2024-07-24,23.155184227744567,23.819473034254028,22.927428530951964,23.060285568237305,88393632
2024-07-25,22.301101197831343,22.528856907753156,21.826609682983868,22.016407012939453,134603105
2024-07-26,22.016407493464747,22.45293882783215,21.779161730862935,22.301101684570312,85995527
2024-07-29,22.206201614678147,22.861000384904855,21.987935961283046,22.58579444885254,97698659
2024-07-30,22.29160984628345,22.39599855265649,21.4754839092754,21.684261322021484,128294872
2024-07-31,21.598852950209924,22.661712879511413,21.579872856104906,22.623754501342773,150300024
2024-08-01,23.344982113288584,23.515799342538728,22.73763176372792,22.747121810913086,145251146
2024-08-02,21.760180334605707,21.921507515932344,21.11487160929915,21.1907901763916,181982272
2024-08-05,20.02354365718752,20.422116629303652,19.245377809256407,19.37823486328125,234159896
2024-08-06,19.957114221717987,20.146909745965093,19.45415255288218,19.748336791992188,142961573
2024-08-07,19.549050254603053,19.74833581672709,19.273844314479643,19.3592529296875,110934369
2024-08-08,18.979661590896434,19.539561752631204,18.742415821010226,19.43517303466797,131241616
2024-08-09,19.73884500258692,20.232316580161935,19.55853954196792,19.72935676574707,172681538
2024-08-12,19.463642430749672,19.85272533360863,19.425682240206598,19.58700942993164,92680160
2024-08-13,19.78629814152599,19.97609367688727,19.406705260761797,19.71986961364746,101406585
2024-08-14,20.118441619000297,20.782728675734266,19.957114426214332,20.289257049560547,210949756
2024-08-15,20.230730232184765,20.386801292257424,19.80153388672806,20.152694702148438,126430976
2024-08-16,20.4941018715424,20.933051052317666,20.464837848618497,20.54287338256836,151856291
2024-08-19,20.48434785521958,20.62090957888991,20.220977221986264,20.269750595092773,90504739
2024-08-20,20.591646225314587,20.65992708320303,20.006378805463356,20.142940521240234,90417976
2024-08-21,19.801534134193425,20.611153466131054,19.772271972885225,20.259994506835938,93709853
2024-08-22,20.269749026976843,20.2795037008435,19.7137437796602,19.889324188232422,82223637
2024-08-23,19.70399127943033,20.055150241641364,19.49914684600288,19.957605361938477,82016447
2024-08-26,20.09416876765955,20.19171364653686,19.508901354909504,19.62595558166504,75746267
2024-08-27,19.508900702754154,19.577181557531592,19.177249241966233,19.265039443969727,73099372
2024-08-28,19.11872397481315,19.567427819381138,19.021179094533288,19.284549713134766,67886138
2024-08-29,18.533455362631944,18.855352144509737,18.055487526541505,18.7480525970459,137279810
2024-08-30,18.61149151605389,20.240484827166906,18.601736842273116,19.96735954284668,192325552
2024-09-02,19.8698178779124,19.8698178779124,18.972408294677734,18.972408294677734,131361234
2024-09-03,18.86510732976322,19.167494772939623,18.757807779388397,18.9626522064209,82296888
2024-09-04,18.04573256451995,18.513945719670694,17.948187692068455,18.455419540405273,128753525
2024-09-05,18.396893423278595,18.73829768724144,18.25057518385029,18.416400909423828,81826458
2024-09-06,18.406649266443267,18.47493012357543,17.850644014408918,17.90917205810547,91816708
2024-09-09,17.684817762271724,18.182294956093656,17.655555601791104,18.143278121948242,86590007
2024-09-10,18.14327857947879,18.523701559430318,17.9091719871614,18.35787582397461,101561910
2024-09-11,18.260331056520865,18.61149187739117,18.1920501992436,18.318859100341797,69307085
2024-09-12,18.913878198502857,19.1577394516471,18.338365492241355,18.377384185791016,117994957
2024-09-13,18.396894076334117,19.10896851003923,18.396894076334117,18.77731704711914,159682046
2024-09-18,18.533455912272135,18.631000789176323,18.114014243943775,18.289594650268555,81437493
2024-09-19,18.406649622323904,18.504192642676454,17.996962611096087,18.38714027404785,97736748
2024-09-20,18.53345616819942,18.76756275969397,18.27008555507538,18.396894454956055,90368834
2024-09-23,18.192049837144918,18.679772362862014,18.084752146636532,18.25057601928711,77052617
2024-09-24,18.4359113419373,20.07465934753418,18.416401994129284,20.07465934753418,257830495
2024-09-25,20.796488833779822,21.293966048460135,20.494101379547658,20.552627563476562,245417550
2024-09-26,20.591645466067124,21.157403516943003,20.347784205163492,21.12813949584961,188815516
2024-09-27,21.479300282060095,22.43523597717285,21.313474550416963,22.43523597717285,140687552
2024-09-30,23.703313385658518,24.669005598571733,22.922958109127748,24.571460723876953,279167424
2024-10-08,27.02958106994629,27.02958106994629,24.698268027939598,27.02958106994629,306561540
2024-10-09,27.019829657967563,27.605095221840134,25.039675461289544,25.361572265625,266582661
2024-10-10,25.868802630067908,26.024873685954077,24.43489724590734,25.166481018066406,184542632
2024-10-11,24.776304602625444,25.28353648957627,23.527736093840435,23.986194610595703,145864388
2024-10-14,23.937421410204905,24.551950947153845,23.371661518979238,24.54219627380371,141380396
2024-10-15,24.57146152438756,25.117710235755265,23.995948791503906,23.995948791503906,134091798
2024-10-16,23.03025835411068,23.49847153419466,22.620571356408743,22.95222282409668,135064300
2024-10-17,23.186328027187805,23.625277159566977,23.030256976495608,23.12779998779297,115279782
2024-10-18,23.391172579471398,25.439607620239258,23.391172579471398,25.439607620239258,242853626
2024-10-21,26.151681834028842,26.31750757052867,24.981148865071667,25.55666160583496,250042619
2024-10-22,25.839540525541903,26.122420498133792,25.166482884300752,25.615188598632812,147253825
2024-10-23,25.156730089615728,25.410344179044706,24.62998884115428,24.981149673461914,123814983
2024-10-24,24.542198252883527,25.166482513524805,24.220301448426135,24.7275333404541,92148813
2024-10-25,24.766548072873654,25.410341627106096,24.512932148401223,25.029918670654297,106671706
2024-10-28,24.68851340530609,24.990902706833225,24.278826414685422,24.639741897583008,108666268
2024-10-29,24.581216626077527,25.342062593597095,24.298336661374424,24.434898376464844,138353273
2024-10-30,24.288581036592454,25.0104101403362,23.937422088604045,24.23005485534668,121294360
2024-10-31,23.898402263208762,24.044718639656285,23.22534469893375,23.654541015625,186721176
2024-11-01,23.264365087281163,23.76184229187368,23.069275330789033,23.098539352416992,113029928
2024-11-04,23.196084237839255,23.92766803414038,23.196084237839255,23.73257827758789,109551173
2024-11-05,23.742332992660153,24.3763719117851,23.459453031219628,24.14226531982422,153238285
2024-11-06,24.386126397420774,24.386126397420774,23.439945362985814,23.586261749267578,156516872
2024-11-07,23.371662581288085,24.181283761525638,23.04001297487756,24.03496551513672,154901012
2024-11-08,24.288581415052107,26.337016395710094,24.288581415052107,25.34206199645996,331382048
2024-11-11,24.678759223562338,26.512596974517397,24.590969019499923,26.346771240234375,312967957
2024-11-12,26.34677265631851,26.34677265631851,24.834831618824015,25.08844757080078,231145238
2024-11-13,24.844585146962704,26.473578480667456,24.48367151463777,25.820030212402344,239437201
2024-11-14,25.92732945428796,25.946838801886294,24.23980995782159,24.259319305419922,185087000
2024-11-15,24.191038209801896,24.512935024688698,23.313137974702794,23.3326473236084,151761884
2024-11-18,23.33264495228253,23.498470680099253,22.513270986660324,22.669342041015625,112267255
2024-11-19,22.87418732472092,23.293627136286844,22.357200774864605,23.137556076049805,107477550
2024-11-20,23.118048005443598,23.596015847920626,23.118048005443598,23.410680770874023,114557643
2024-11-21,23.02050292874766,23.20583800417297,22.64007810439953,22.854677200317383,122915439
2024-11-22,22.913206145011266,23.371664691619955,22.27916717529297,22.27916717529297,121144968
2024-11-25,22.279165439272237,22.38646499181474,21.16715866024561,21.56709098815918,128415935
2024-11-26,21.35249097007925,21.869477502344097,21.176910568158593,21.54758071899414,89667297
2024-11-27,21.381754965077857,21.869477476269857,21.186665216395564,21.77193260192871,86857473
2024-11-28,21.77193315758759,21.77193315758759,21.24519379952403,21.313474655151367,90815754
2024-11-29,21.313474874445085,22.142603545265967,21.215929996610782,21.645126342773438,115397302
2024-12-02,21.528070839321668,22.191373736603435,21.528070839321668,22.006038665771484,122331509
2024-12-03,22.123093581525094,22.123093581525094,21.508562170641763,21.693897247314453,88129201
2024-12-04,21.703652690455698,21.77193354730526,21.26470166711736,21.342737197875977,96260800
2024-12-05,21.381755464668803,22.093829901123655,21.381755464668803,21.98653221130371,146716643
2024-12-06,21.986533020181724,22.11334006209368,21.684143705482573,22.045059204101562,110723650
2024-12-09,22.06456713898495,22.06456713898495,21.459790408837137,21.586597442626953,93128359
2024-12-10,22.05481391038124,22.240147136483685,21.586598856797263,21.59635353088379,129917418
2024-12-11,21.557336766988342,21.92800508094399,21.489055908668657,21.781688690185547,93745436
2024-12-12,21.82070689278864,22.093830319885708,21.654881157545216,21.79144287109375,90988819
2024-12-13,21.625616904257093,21.65488092563859,20.776978889331623,20.82575225830078,165159068
2024-12-16,20.679436962366033,20.77697998441794,20.35754015225862,20.54287338256836,98816603
2024-12-17,20.474592307472918,21.62561781650658,20.406311448549545,21.06961441040039,183654590
2024-12-18,21.089121761634875,21.16715728737347,20.659925439815744,20.88427734375,92351552
2024-12-19,20.67943595929281,21.820706750772423,20.591645755293317,21.645126342773438,182462203
2024-12-20,21.489054218639996,21.801196323846302,21.38175467228269,21.479299545288086,124979076
2024-12-23,21.684142490447694,22.084074802432422,21.49880927500074,21.508562088012695,138310381
2024-12-24,21.567090484724915,22.50351683246465,21.264701181984414,22.43523597717285,210029160
2024-12-25,22.46450059309646,22.620571655185874,21.967023384993777,22.162111282348633,162508620
2024-12-26,22.084075862418544,22.80590499334237,21.869478616094323,22.75713348388672,195460093
2024-12-27,22.591307423391815,22.630326118808444,21.99628534188482,22.054813385009766,179613147
2024-12-30,21.99628377901601,22.19137352121014,21.752422531530186,21.898740768432617,97277049
2024-12-31,21.908495151023597,21.947513846463934,20.972068786621094,20.972068786621094,134445513
2025-01-02,20.87452516684526,20.87452516684526,19.938098745995205,20.201467514038086,124729946
2025-01-03,20.133185100207147,20.6404169692933,19.95760469471473,20.045394897460938,103765415
2025-01-06,20.279505023928262,20.53311911895255,19.908834834867065,20.162450790405273,82697727
2025-01-07,20.299012173471034,20.747717890550508,20.123431756375325,20.728208541870117,115191738
2025-01-08,20.386800858030846,20.39655553164184,19.664971755440874,20.123430252075195,116026270
2025-01-09,20.113678155053762,20.318520726636123,19.95760523223515,20.035642623901367,76115469
2025-01-10,19.986868546709978,19.986868546709978,19.265039443969727,19.265039443969727,110387532
2025-01-13,19.001668413949023,19.372338560917786,18.92363288729987,19.235774993896484,64694739
2025-01-14,19.265038660668484,20.172202804144177,19.001668065366445,20.064903259277344,134820567
2025-01-15,19.996622837422674,19.996622837422674,19.596690529515318,19.645462036132812,83278913
2025-01-16,19.850307813087078,20.47459207090348,19.70399142272559,20.328275680541992,157268995
2025-01-17,20.172204049785968,20.484346169931285,19.99662364207578,20.152694702148438,102381225
2025-01-20,20.396556220977715,20.572136630882184,20.181958975824376,20.259994506835938,84717471
2025-01-21,20.445328633143088,21.069614769321234,20.24048605288347,20.689189910888672,125772325
2025-01-22,20.89403354287069,22.75713348388672,20.884278868876798,22.75713348388672,399541198
2025-01-23,23.225345940642473,23.64478760659356,22.43523597717285,22.43523597717285,404504805
2025-01-24,22.15235576072062,22.922958228248774,22.00603937817497,22.776641845703125,231955256
2025-01-27,21.99628599048307,22.035304687050235,20.864769837229332,20.923297882080078,254718757
2025-02-05,20.055150319815404,20.08441434199449,19.313811835903106,19.508901596069336,299566077
2025-02-06,19.81128799460058,20.064903925102087,19.508900556912284,19.977113723754883,204003961
2025-02-07,20.16244888180099,21.372000497975804,20.084413353677252,21.02083969116211,289325724
2025-02-10,21.12814030473379,21.245194533074976,20.90378838263651,21.18666648864746,172621877
2025-02-11,21.264701461467467,21.67438845911658,21.196420605278245,21.23543930053711,153306095
2025-02-12,21.186666038214764,21.63537173338359,21.05010432514824,21.606107711791992,127206650
2025-02-13,21.508563657825363,21.635372562400843,21.225685546989222,21.25494956970215,112709628
2025-02-14,21.274456838810977,22.07432151293064,21.274456838810977,21.557336807250977,154139884
2025-02-17,21.90849589881788,22.5327820235752,21.76217950695005,22.337692260742188,210038514
2025-02-18,22.33769180504316,22.893695199106503,22.035304353283312,22.12309455871582,213604148
2025-02-19,22.045057823594412,23.059519676903882,21.996284456287302,22.669342041015625,197765185
2025-02-20,22.48400931279987,22.542537359676633,22.025550775348762,22.0645694732666,148493316
2025-02-21,22.30843041386866,22.727870247012255,22.035305114146276,22.630327224731445,202636966
2025-02-24,22.805903315611882,23.371661342040692,22.240145289183072,22.640077590942383,236870254
2025-02-25,22.240146052221476,23.020503196474532,22.162110523847545,22.51327133178711,191426045
2025-02-26,22.42548133409308,22.42548133409308,21.79144242771473,22.21088409423828,167579499
2025-02-27,22.337691426749426,22.40597228303751,21.15740380116674,21.420772552490234,193584812
2025-02-28,20.581891343953124,20.86476944671516,20.230730523476563,20.669681549072266,171902150
2025-03-03,20.84526220414878,20.962314572006594,20.338030315394676,20.552627563476562,105909115
2025-03-04,19.889324241323393,20.523365020751953,19.80153403680294,20.523365020751953,112727749
2025-03-05,20.523365020751953,20.620908038651294,20.240485059405206,20.523365020751953,81767743
2025-03-06,20.679437342755197,20.97207013532156,20.591647132882503,20.796489715576172,139775384
2025-03-07,20.61115228918687,20.61115228918687,20.30876485634831,20.3575382232666,103057893
2025-03-10,20.4160659590864,20.55262767583838,20.250240219953053,20.51361083984375,71173791
2025-03-11,20.103924734373347,20.396557529309096,20.055151361541434,20.308767318725586,78743243
2025-03-12,20.40631152849158,20.581891943847452,20.289257298083044,20.396556854248047,90150381
2025-03-13,20.513611630460318,20.630664003469384,20.10392460390074,20.162450790405273,89112088
2025-03-14,20.299009823506644,20.75747016185153,20.172202792792028,20.737960815429688,144783355
2025-03-17,21.06961267513931,21.23543840194487,20.86476825472599,20.9915771484375,116467322
2025-03-18,20.952559374621586,21.128139782536852,20.78673364053648,21.01108741760254,91080758
2025-03-19,20.874523040283623,20.874523040283623,20.46483605776951,20.503854751586914,97197176
2025-03-20,20.591645800166546,20.64041730893308,20.308765839881993,20.338029861450195,63732456
2025-03-21,20.269748495726393,20.39655553164184,20.074658744533966,20.123430252075195,71449932
2025-03-24,20.181959290180504,20.328275680541992,20.00637887754118,20.328275680541992,65146897
2025-03-25,20.279503457272696,20.377046473740105,19.977114152579635,20.006378173828125,73463297
2025-03-26,19.928343377866952,20.045395746141807,19.85030784551243,19.87957000732422,52520747
2025-03-27,19.713742717406035,19.85030628366685,19.411355285888696,19.72349739074707,72460007
2025-03-28,19.703990425048218,19.791780626922776,19.479636653305597,19.489391326904297,57214140
2025-03-31,19.313811206207266,19.460129451818386,19.196758842334905,19.372339248657227,63644398
2025-04-01,19.460131004109922,19.67472826200305,19.304059932821477,19.528411865234375,57477698
2025-04-02,19.4601300862847,19.684482008116174,19.43086606410561,19.508901596069336,47903170
2025-04-03,19.167495116842325,19.39184703482066,18.543210871854335,18.58222770690918,127476448
2025-04-07,16.7288818359375,16.7288818359375,16.7288818359375,16.7288818359375,33166200
2025-04-08,15.890001723188066,16.23140602302431,15.060872077941895,15.060872077941895,214740384
2025-04-09,14.221989137204393,16.09484375801177,14.221989137204393,15.929018020629883,218935510
2025-04-10,17.46046719171163,17.518993377685547,17.070289517695652,17.518993377685547,253856136
2025-04-11,17.216604378952884,17.645800712387636,16.953233774764712,17.3629207611084,157423758
2025-04-14,17.94818790747412,18.2115585080999,17.39218454649551,17.4799747467041,142905610
2025-04-15,17.47997531893263,17.733591254447248,17.382430442117197,17.655555725097656,87402246
2025-04-16,17.55801217215402,17.616538358450637,16.70937409854045,17.070289611816406,118725269
2025-04-17,16.797161688667078,17.21660332282628,16.77765420328641,16.972742080688477,77822578
2025-04-18,16.972743636829193,17.216604901325343,16.923972128135482,17.128814697265625,54420200
2025-04-21,17.119060898069858,17.411695546724783,16.962989829659456,17.372676849365234,51131649
2025-04-22,17.265378774146193,17.39218581675695,17.14832454514762,17.343414306640625,46164465
2025-04-23,17.743346562615052,18.074998039337864,17.675065704556918,17.792118072509766,101451626
2025-04-24,17.811626200711295,17.811626200711295,17.43120324014987,17.4799747467041,53640112
2025-04-25,17.645801682311784,17.928679788626038,17.567766150171934,17.792118072509766,70530373
2025-04-28,17.81162796094274,17.840891984075522,17.47997647416014,17.558012008666992,45880001
2025-04-29,17.548256664649713,17.645801544189453,17.382430927586306,17.645801544189453,36497121
2025-04-30,17.80187217468695,17.80187217468695,17.53850156448334,17.61653709411621,55257454
2025-05-06,17.850642567698163,18.367629082035485,17.753099557136945,18.348119735717773,99564294
2025-05-07,18.62124636012272,18.67977254282877,18.00671492991087,18.17254066467285,99942861
2025-05-08,18.240822563872147,18.679771705256428,18.192049196709192,18.562719345092773,101076326
2025-05-09,18.445666818504243,18.484685515818168,18.19205086750541,18.231069564819336,57976577
2025-05-12,18.640756250846007,18.884617523157385,18.445666488791364,18.79682731628418,106401083
2025-05-13,19.31381143720781,19.31381143720781,18.611491664032293,18.621246337890625,104596236
2025-05-14,19.001669247510637,19.538165144707964,18.826088839719286,19.069950103759766,150481305
2025-05-15,19.07970434132711,19.07970434132711,18.631000518798828,18.631000518798828,80655413
2025-05-16,18.533455362631944,18.81633531121344,18.406648328776814,18.7480525970459,53707921
2025-05-19,18.591982380801344,18.66026323753268,18.27984025830735,18.58222770690918,55325443
2025-05-20,18.582227214183874,18.72854545817275,18.38713932305497,18.591981887817383,39748245
2025-05-21,18.591982557645633,18.591982557645633,18.406649333473087,18.504192352294922,32936626
2025-05-22,18.416401971770018,18.787072137616995,18.357875788930848,18.58222770690918,54431877
2025-05-23,18.60173670301171,18.67977223215988,18.32861328125,18.32861328125,53667134
2025-05-26,18.377386273978026,18.435912460439024,18.192051179585295,18.29935073852539,38188676
2025-05-27,18.299349921653757,18.299349921653757,17.938434423475158,18.016469955444336,43219189
2025-05-28,18.04573422708392,18.2213146415702,17.94818934564556,18.123769760131836,33184465
2025-05-29,18.34812116576416,19.362584927188056,18.34812116576416,19.21626853942871,176932722
2025-05-30,18.845598613809155,18.91387947160336,18.46517562866211,18.46517562866211,93560500
2025-06-03,18.357875441859456,18.49443715274031,18.29934926012677,18.32861328125,49742611
2025-06-04,18.484684837997996,19.011424208823577,18.484684837997996,18.952898025512695,111202578
2025-06-05,18.904125455649325,20.191714566574067,18.904125455649325,20.055150985717773,232144233
2025-06-06,19.996623917701708,19.996623917701708,19.752762650412663,19.811288833618164,84800400
2025-06-09,20.016133023215904,20.142940062044513,19.713743715869423,19.928342819213867,74382813
2025-06-10,19.94785226638517,19.957605079755112,19.469882548650475,19.66497230529785,62518510
2025-06-11,19.752761985793057,20.240484503960786,19.733252638543046,19.899078369140625,85806322
2025-06-12,19.752762378148024,20.386801292257424,19.733253030510493,20.152694702148438,104812227
2025-06-13,20.094168001037463,20.669680717891744,20.02588714658251,20.38680076599121,104334298
2025-06-16,20.338028577133915,21.22568337633015,20.308764557413692,20.698942184448242,123513568
2025-06-17,20.786734751014855,20.8550156109599,20.05515091929411,20.09416961669922,88210748
2025-06-18,20.142939900482244,20.728207302296916,19.772271600290765,20.640417098999023,117888260
2025-06-19,20.58189119165135,21.030595027372136,20.23073037377331,20.29901123046875,80737498
2025-06-20,20.39655564365345,20.48434584612078,20.074658854777816,20.084413528442383,50086357
2025-06-23,19.928342853329102,20.152694770378908,19.48939183256748,19.703990936279297,78429546
2025-06-24,19.908832833041252,20.04539454132524,19.733252430668273,19.791780471801758,71136841
2025-06-25,19.986868282957055,20.552626321450457,19.986868282957055,20.46483612060547,114952281
2025-06-26,20.874523978319957,21.167158613559398,20.503855672966562,20.523365020751953,117964426
2025-06-27,20.523364812747154,21.118385030060576,20.211220832885903,20.82575225830078,116162043
2025-06-30,20.95255968023597,21.020840537529235,20.679436251062928,20.85501480102539,75858487
2025-07-01,20.737961454706554,21.098875072067905,20.48434552494558,20.874523162841797,75057997
2025-07-02,20.679435794026436,20.786733484324248,20.53311754818743,20.640417098999023,53683448
2025-07-03,20.737961290573928,22.70836067199707,20.737961290573928,22.70836067199707,341838829
2025-07-04,22.737624964534827,23.75208877070453,22.708362802000554,23.2253475189209,323605462
2025-07-07,23.215591998197564,23.732578556783956,22.766888157567504,23.391172409057617,164899723
2025-07-08,24.26907124177401,25.73223876953125,24.191035714714175,25.73223876953125,289695438
2025-07-09,26.3370160219434,26.454070245111424,25.849293503018522,25.94683837890625,265386641
2025-07-10,26.239470144705628,26.32726034360296,25.244515797545,25.517641067504883,186420588
2025-07-11,25.459117146441713,25.917575667612255,25.244518036542175,25.361572265625,143914629
2025-07-14,25.36157053087502,25.5761677655821,24.776303146521315,25.28353500366211,108430624
2025-07-15,25.654203773124003,26.736948361425124,25.527396736721432,26.58087730407715,276347142
2025-07-16,26.327262489506186,26.73694949758226,25.995611013420135,26.073646545410156,145623211
2025-07-17,25.976101425664357,26.951546496798056,25.976101425664357,26.824739456176758,157134173
2025-07-18,26.81498517788801,27.302707720651735,26.39554349342899,26.444316864013672,128958666
2025-07-21,26.337017979760645,26.873512046253914,26.09315670217027,26.35652732849121,86503840
2025-07-22,26.337015214360243,27.566076147625363,26.141925468566907,26.297996520996094,141884699
2025-07-23,25.849294485516385,26.102910428258586,25.70297809638038,25.927330017089844,114093401
2025-07-24,26.522352317947817,28.239135886657323,26.385788741228687,27.751413345336914,223942507
2025-07-25,27.751412391836627,28.43422280991647,27.712393696824975,27.956254959106445,107433857
2025-07-28,28.2293806461774,28.843910217285156,27.90748384978499,28.843910217285156,152249569
2025-07-29,28.834154932431197,30.511921596089813,28.590293671830935,30.424131393432617,178836481
2025-07-30,30.238793409376637,33.408989492617735,29.546228388853564,32.462806701660156,206835613
2025-07-31,33.079445381413244,35.705117245875435,33.01977352144098,34.422119140625,302280341
2025-08-01,33.81542945630623,34.113800133887594,32.30368039003974,32.820858001708984,219395147
2025-08-04,32.22411780835402,32.920314816481564,32.03514679701443,32.79102325439453,138180054
2025-08-05,33.31814472493747,35.148156407857776,32.930262453088396,34.8597297668457,244590076
2025-08-06,33.91488499960685,34.50168230811566,33.367871459740094,34.113800048828125,147620736
2025-08-07,36.0034878520671,37.43566939822849,34.53152253668174,35.45647430419922,243591751
2025-08-08,35.53603682700132,37.34615653058407,34.86967578835872,36.3913688659668,180125156
2025-08-11,36.301859053698976,36.98811200969995,34.90945746281077,36.152671813964844,192984769
2025-08-12,36.27202123609814,39.49443054199219,36.27202123609814,39.49443054199219,222850156
2025-08-13,39.50438038869411,43.4428825378418,38.73855989402831,43.4428825378418,242366773
2025-08-14,43.721358996322394,45.53147868894798,42.74667945367699,42.98537826538086,242001501
2025-08-15,42.358796590978656,45.451914289493075,42.26928501213458,44.61647415161133,230671299
2025-08-18,44.55680145746755,45.004359381384106,41.433847623455065,44.21864700317383,263078034
2025-08-19,43.78103552280568,48.64448928833008,43.4428810792933,48.64448928833008,273043827
2025-08-20,46.247572022018076,48.694216857141676,45.55137125428668,47.64991760253906,253058665
2025-08-21,47.162574223934676,48.13725753995712,44.328047236081225,45.04413986206055,231661917
2025-08-22,44.25842924873024,47.0332844874664,43.76114352683439,45.58121109008789,241263010
2025-08-25,46.2475723028183,47.809049171673905,44.45734445634571,47.73942947387695,306073008
2025-08-26,46.625510050550645,46.744857560729216,45.23310852050781,45.23310852050781,221637437
2025-08-27,44.75571670583712,47.63002768279596,44.26837501012946,45.47180938720703,260361155
2025-08-28,44.35788391162455,49.67884329667993,43.97994950286821,48.67432403564453,345929345
2025-08-29,47.73943102831989,53.537784576416016,46.884098948690905,53.537784576416016,343022654
2025-09-01,53.69691313072369,56.65078769547256,52.01608498725846,55.31806182861328,269519213
2025-09-02,56.39220025528323,57.685142342083886,52.22494357862463,53.58750915527344,272311538
2025-09-03,53.58751031475091,55.29817061372086,50.80271103815866,53.945556640625,221915698
2025-09-04,56.193288042809044,57.56579773342822,49.65895378984577,52.841583251953125,333831271
2025-09-05,53.010655863797965,56.88948591475418,50.32531227421204,55.52692413330078,339091254
2025-09-08,54.70143129812066,55.83524217617072,50.10651213139547,51.120975494384766,303251521
2025-09-09,50.126403334764426,51.220430428257814,47.24214456975235,48.525142669677734,262177391
2025-09-10,51.319884293094795,53.37864685058594,50.32531286265506,53.37864685058594,346078651
2025-09-11,55.497084603193336,58.71949768066406,54.35332974399008,58.71949768066406,272279844
2025-09-12,58.56036632665814,62.75745514306907,57.714978342474566,61.56397247314453,315605216
2025-09-15,59.67428854624119,60.94733882115116,58.18243133258517,59.574832916259766,193171858
2025-09-16,59.54498966598247,61.563972222150916,58.55041824910759,59.4057502746582,179496997
2025-09-17,58.58025821826558,62.65799952703245,57.396715799046525,60.788204193115234,241909399
2025-09-18,59.06759872030427,66.86504295442407,59.06759872030427,64.0106201171875,315066851
2025-09-19,65.28367082390263,68.25743740095237,64.64714568877449,65.74117279052734,236867281
2025-09-22,66.18873252023626,71.49974037988726,64.28909742321443,70.1172866821289,239928000
2025-09-23,74.31438154460034,74.31438154460034,68.12814577945507,70.48528289794922,267032716
2025-09-24,68.42652157991232,69.56033247201624,67.13357560710273,68.25743865966797,196384443
2025-09-25,67.51151035915872,69.48076525826761,65.83068969217926,68.08836364746094,188668167
2025-09-26,67.18330457644173,68.13809225921672,64.29904584982131,64.51785278320312,192175650
2025-09-29,64.49795500104467,67.1335707788468,64.49795500104467,66.21856689453125,155035785
2025-09-30,66.43737710424276,69.10282894226874,65.16431925117368,65.65166473388672,165341739
2025-10-09,66.74569277316,70.49522392210088,66.63628930308683,68.07841491699219,221543652
2025-10-10,67.9391715167482,69.61005181188544,65.10464447713446,66.04949188232422,184283841
2025-10-13,60.66885831482322,64.27914993860702,60.66885831482322,63.13539505004883,170867713
2025-10-14,64.63719746157497,65.30356611077038,58.928359370408884,59.395809173583984,194679098
2025-10-15,59.395806982791804,63.5531158615492,58.18242862474629,63.03593826293945,191166300
2025-10-16,61.66342804328586,64.00066936281486,61.36505737606774,63.24479675292969,115939328
2025-10-17,62.65800109730555,62.92653584300125,59.57483113233531,59.68423080444336,137879485
2025-10-20,61.663430730637444,63.47355049050155,60.73847896615876,61.723106384277344,145002286
2025-10-21,62.598326414494835,67.81983038081843,62.08114879928968,67.630859375,252287766
2025-10-22,66.62633784636611,66.6362856852813,64.14985711493497,65.10464477539062,167191686
2025-10-23,64.44823194325122,64.66703128477842,62.3596296559485,63.64262771606445,111025337
2025-10-24,64.82617076722296,67.33248761213527,63.71224795394061,66.88493347167969,179020774
2025-10-27,68.88402068054552,73.18056903659236,68.88402068054552,72.36502075195312,234879242
2025-10-28,70.79359736361914,75.34873650610588,70.66430580450997,73.58834075927734,202804199
2025-10-29,77.69592218793035,80.94816739788841,77.47711526109947,80.36137390136719,199193919
2025-10-30,79.56571651334816,83.42465103257346,77.2781991283982,77.54673767089844,240890950
2025-10-31,77.52684335245996,78.24293602771812,71.11186038123236,71.60914611816406,246298664
2025-11-03,69.97804459693143,75.58742670881018,69.8288573687264,74.48345184326172,214332627
2025-11-04,74.36410711943631,74.79177316452295,72.0765972405831,73.09105682373047,131235753
2025-11-05,69.92831325417757,75.38851574633664,69.49070699457091,74.83155059814453,167250715
2025-11-06,74.831552918514,76.28362630836862,73.69774208550454,75.80623626708984,172482897
2025-11-07,73.66790928846672,74.09557532878284,71.24115244686092,72.30534362792969,158542019
2025-11-10,71.60914793214597,71.81800703639067,67.63086193591565,71.11186218261719,212282559
2025-11-11,71.60914800644355,71.66881986829584,67.63086200608556,67.66069793701172,140935264
2025-11-12,66.08926995800829,69.17244752995455,65.3035651882562,68.22760009765625,136968180
2025-11-13,67.21314029648133,68.49613837533141,65.83068659039793,67.62091064453125,121665589
2025-11-14,65.4428051397029,66.1290542876607,63.911164179891,63.921104431152344,155045196
2025-11-17,64.04045368732152,66.12905217000792,63.97083399083124,64.58747100830078,116268089
2025-11-18,63.30447641910431,66.13900362844188,62.85691849289598,64.36866760253906,114697538
2025-11-19,64.14986003003914,66.25835428517922,63.851485552847684,64.70681762695312,145636642
2025-11-20,67.69053321224862,67.95907176393946,64.64714687960783,65.58204650878906,142175376
2025-11-21,62.707729788006084,63.105559889562386,59.75385513201049,60.34064865112305,190289343
2025-11-24,60.66885876516051,61.46451517049596,54.30359993449888,55.63632583618164,332009071
2025-11-25,56.05404574405061,58.02329669706301,55.85513070158707,56.30268859863281,226214444
2025-11-26,55.009748383374586,60.76831420779954,54.721321751698326,58.6100959777832,281284286
2025-11-27,59.69417864119804,63.105559004325684,59.58477517510531,59.94282150268555,275887464
2025-11-28,59.912987009157256,60.43016083473468,58.69960860194399,60.390380859375,166778785
2025-12-01,59.704124188624064,59.883147356918904,57.68514531661891,59.485321044921875,180788700
2025-12-02,59.50521110069134,62.35963007234376,59.395807635208286,60.62907409667969,209127721
2025-12-03,60.66886015881461,62.429252130176934,60.66886015881461,61.34516906738281,186593118
2025-12-04,60.54951092840365,62.61821757119068,59.35602442980125,61.066688537597656,157077468
2025-12-05,61.65348406111291,61.92201500608998,59.67428526384043,60.788204193115234,130559029
2025-12-08,60.42021686382554,63.9211051030685,60.05222648186897,63.06577682495117,241075371
2025-12-09,63.65257269049221,68.0087929023257,62.83702440641439,67.62091064453125,293803972
2025-12-10,66.47715152603905,66.59650283072416,63.65257227362629,64.85600280761719,219527524
2025-12-11,63.66251965831137,64.52779195017456,61.27554669749089,61.96179962158203,192090669
2025-12-12,60.668858701883536,62.160715883077394,59.53504785121444,61.41478729248047,168514361
2025-12-15,59.17700079390082,60.35059539887881,58.789118538592476,58.81895446777344,137405776
2025-12-16,58.62998580932617,59.9925475887264,58.063080404977576,58.62998580932617,129422100
2025-12-17,58.77917228224479,61.22582097866476,58.361454086507884,61.16614532470703,162252639
2025-12-18,59.23667708619071,59.53504776319053,57.933787117371715,57.963623046875,176150213
2025-12-19,58.86868083290843,58.8985205553443,57.42655531279999,57.98351287841797,99007715
2025-12-22,59.14716536606555,60.6688584710162,58.79906308205157,60.29092025756836,176485282
2025-12-23,60.23124715152406,63.03593827990125,59.99254833902883,62.518760681152344,216493755
2025-12-24,63.831596887274394,65.64171664892253,63.244799571532035,64.78638458251953,217873034
2025-12-25,65.04497691188395,67.78004850720953,65.04497691188395,66.3578109741211,202224528
2025-12-26,66.1390024829592,66.1390024829592,63.45365876620666,63.49344253540039,192929740
2025-12-29,63.39398794042068,66.02960009167585,63.384040100965464,64.8858413696289,188492424
2025-12-30,63.45365875499015,64.94551974757924,62.66794638650343,63.88132858276367,149296167
2025-12-31,63.89126776135867,64.18964223126028,61.52419044432803,61.713157653808594,156410378
2026-01-05,62.94642928136106,63.9310529125669,62.36957600733011,63.324363708496094,159340565
2026-01-06,63.3243628302166,64.61730875918401,62.51876237840132,63.70230484008789,170861519
2026-01-07,63.06577685463523,64.3089949879713,62.26017259690231,62.80718994140625,165700324
2026-01-08,62.96632137544963,63.1254526595065,60.73847960466442,60.9970703125,185971526
2026-01-09,60.17157212250489,61.414786422556645,59.72401421568847,61.1462516784668,156532098
2026-01-12,61.15620073269142,61.36505982869285,59.425644723277614,60.599239349365234,211081625
2026-01-13,60.4500498154425,61.39489342514588,58.769225478088515,59.10737991333008,193031606
2026-01-14,59.77374151422409,60.16162755945115,59.04770482452392,59.674285888671875,156240185
2026-01-15,58.97808596127421,60.668858177477105,58.57031182036548,60.459999084472656,142621511
2026-01-16,61.20000076293945,64.0,61.20000076293945,63.0,262596271
2026-01-19,62.11000061035156,62.18000030517578,60.709999084472656,60.900001525878906,188389009
2026-01-20,60.29999923706055,60.45000076293945,58.79999923706055,59.66999816894531,139511512
2026-01-21,58.709999084472656,61.790000915527344,58.70000076293945,61.560001373291016,173493593
2026-01-22,61.689998626708984,63.0,60.790000915527344,62.75,221856297
2026-01-23,62.0,62.04999923706055,60.08000183105469,60.11000061035156,203299233
2026-01-26,60.09000015258789,60.09000015258789,59.0099983215332,59.2599983215332,117843070
2026-01-27,59.5099983215332,62.0,58.70000076293945,60.970001220703125,212344495
2026-01-28,62.29999923706055,62.63999938964844,60.11000061035156,60.689998626708984,171990122
2026-01-29,60.68000030517578,60.880001068115234,56.880001068115234,57.599998474121094,324554403
2026-01-30,57.0,58.0,55.619998931884766,57.70000076293945,173194449
2026-02-02,56.79999923706055,57.5,55.66999816894531,55.68000030517578,156350348
2026-02-03,56.29999923706055,56.41999816894531,54.029998779296875,55.75,167510256
2026-02-04,54.689998626708984,54.779998779296875,52.599998474121094,53.40999984741211,189065643
2026-02-05,52.27000045776367,54.31999969482422,52.20000076293945,53.880001068115234,144385646
2026-02-06,53.0,55.47999954223633,52.40999984741211,54.400001525878906,137772202
2026-02-09,56.20000076293945,56.5,55.310001373291016,55.52000045776367,140098639
2026-02-10,55.72999954223633,56.9900016784668,55.58000183105469,56.06999969482422,111303019
2026-02-11,55.599998474121094,56.119998931884766,55.0099983215332,55.20000076293945,75077186
2026-02-12,55.349998474121094,55.959999084472656,54.52000045776367,55.33000183105469,83427628
2026-02-13,54.45000076293945,55.75,54.20000076293945,54.75,68764597
2026-02-24,55.40999984741211,56.09000015258789,54.900001525878906,55.380001068115234,107500987
2026-02-25,55.810001373291016,57.58000183105469,55.70000076293945,57.38999938964844,169941169
2026-02-26,57.400001525878906,58.540000915527344,56.29999923706055,57.95000076293945,162725955
2026-02-27,56.29999923706055,56.439998626708984,55.099998474121094,55.70000076293945,170181186
2026-03-02,54.0,56.0,53.84000015258789,55.529998779296875,118412005
2026-03-03,55.84000015258789,57.79999923706055,54.880001068115234,54.880001068115234,193218849
2026-03-04,53.97999954223633,55.15999984741211,53.5099983215332,53.7599983215332,107528229
2026-03-05,54.790000915527344,56.2599983215332,54.33000183105469,55.099998474121094,136238015
2026-03-06,54.79999923706055,54.900001525878906,53.79999923706055,54.33000183105469,86929791
2026-03-09,52.7599983215332,52.939998626708984,51.209999084472656,52.790000915527344,169457850
2026-03-10,53.630001068115234,54.380001068115234,53.400001525878906,54.36000061035156,117385056
2026-03-11,54.70000076293945,54.9900016784668,53.599998474121094,53.88999938964844,122007345
2026-03-12,53.900001525878906,54.779998779296875,52.220001220703125,52.540000915527344,141006096
2026-03-13,52.02000045776367,53.16999816894531,52.0099983215332,52.4900016784668,94179792
2026-03-16,52.18000030517578,52.7400016784668,51.5,52.70000076293945,101004502
2026-03-17,52.9900016784668,53.18000030517578,50.869998931884766,50.900001525878906,131937600
2026-03-18,51.29999923706055,52.13999938964844,50.849998474121094,52.060001373291016,117477631
2026-03-19,51.0,51.290000915527344,50.20000076293945,50.459999084472656,105601848
2026-03-20,50.97999954223633,52.45000076293945,50.209999084472656,50.29999923706055,154452125
2026-03-23,48.95000076293945,49.09000015258789,47.349998474121094,47.599998474121094,137095123
2026-03-24,48.56999969482422,48.880001068115234,47.4900016784668,48.84000015258789,110762899
2026-03-25,49.38999938964844,51.0,49.02000045776367,50.310001373291016,126470338
2026-03-26,50.0,51.5,49.56999969482422,49.7400016784668,107289028
2026-03-27,48.630001068115234,49.900001525878906,48.400001525878906,49.529998779296875,78464489
2026-03-30,48.459999084472656,49.290000915527344,48.33000183105469,49.27000045776367,66262388
2026-03-31,49.0,52.849998474121094,48.529998779296875,51.459999084472656,238674008
2026-04-01,53.0,53.5,51.470001220703125,53.31999969482422,215430014
2026-04-02,52.65999984741211,54.45000076293945,51.75,52.0,157175051
2026-04-03,52.599998474121094,53.18000030517578,52.0,52.18000030517578,104540059
2026-04-07,52.97999954223633,54.0,52.0,52.58000183105469,120586393
2026-04-08,54.15999984741211,56.61000061035156,53.380001068115234,56.61000061035156,251758712
2026-04-09,55.0,55.810001373291016,54.79999923706055,55.02000045776367,155388673
2026-04-10,55.599998474121094,57.27000045776367,55.33000183105469,56.52000045776367,190944086
2026-04-13,56.0,56.54999923706055,55.400001525878906,55.70000076293945,135714872
2026-04-14,56.470001220703125,59.290000915527344,56.130001068115234,58.91999816894531,254950677
2026-04-15,59.36000061035156,59.970001220703125,57.20000076293945,57.81999969482422,197374123
2026-04-16,57.9900016784668,59.9900016784668,57.400001525878906,59.31999969482422,180523624
2026-04-17,59.599998474121094,61.20000076293945,58.97999954223633,60.970001220703125,187817900
2026-04-20,61.88999938964844,63.33000183105469,61.0099983215332,61.5099983215332,213150819
2026-04-21,60.970001220703125,61.5,59.869998931884766,61.40999984741211,139203661
2026-04-22,61.189998626708984,67.55000305175781,61.029998779296875,66.88999938964844,316083151
2026-04-23,66.9800033569336,69.0999984741211,66.66000366210938,67.91999816894531,277745270
2026-04-24,66.56999969482422,67.20999908447266,63.66999816894531,65.01000213623047,264664000
2026-04-27,66.01000213623047,68.0,65.37999725341797,67.25,235836737
2026-04-28,67.25,68.98999786376953,66.91999816894531,68.19999694824219,237139570
2026-04-29,67.7699966430664,67.7699966430664,64.0,66.26000213623047,282303867
2026-04-30,65.9000015258789,66.19999694824219,62.709999084472656,62.880001068115234,292407506
2026-05-06,63.279998779296875,63.880001068115234,61.7400016784668,63.08000183105469,265283791
2026-05-07,64.08999633789062,64.58999633789062,63.0,64.18000030517578,210329965
2026-05-08,63.0,64.19999694824219,62.77000045776367,63.279998779296875,162017135
2026-05-11,64.19999694824219,65.87000274658203,63.0,65.8499984741211,272402949
2026-05-12,65.87000274658203,65.9000015258789,63.22999954223633,64.4000015258789,213525906
2026-05-13,64.0999984741211,70.83999633789062,63.86000061035156,70.83999633789062,407356986
2026-05-14,74.0,74.0,67.27999877929688,68.5999984741211,401745179
2026-05-15,69.5,71.76000213623047,67.37000274658203,67.62000274658203,342567907
2026-05-18,65.87999725341797,70.2300033569336,64.94999694824219,68.9800033569336,251848216
2026-05-19,68.30000305175781,69.04000091552734,66.4000015258789,68.55999755859375,191464050
2026-05-20,68.19999694824219,68.48999786376953,66.5,68.1500015258789,210260712
2026-05-21,69.19999694824219,69.5,65.0,65.5,209655016
2026-05-22,66.11000061035156,67.66000366210938,64.5,67.16000366210938,194745516
2026-05-25,68.0,70.5,67.30000305175781,70.30000305175781,265991665
2026-05-26,69.86000061035156,70.80000305175781,68.0,69.9800033569336,218925269
2026-05-27,69.9000015258789,73.73999786376953,69.69000244140625,70.08000183105469,289236594
2026-05-28,70.0,76.27999877929688,68.88999938964844,75.0,361691276
2026-05-29,78.75,79.62999725341797,73.0999984741211,73.4000015258789,359358419
2026-06-01,75.19999694824219,76.5,72.19000244140625,73.75,301325104
2026-06-02,75.0,81.11000061035156,73.8499984741211,80.01000213623047,377891246
