trade_date,open,high,low,close,volume
2021-01-04,81.04688028411498,83.54630000150188,80.33392773243443,81.13702392578125,33882680
2021-01-05,80.36670462917209,83.53810636891389,79.48985799212882,83.21031188964844,35114801
2021-01-06,84.40676220085363,85.88183433241221,81.6614949719375,82.73501586914062,36020338
2021-01-07,83.5872742106448,86.59477561554868,82.93168524538369,85.8982162475586,45140052
2021-01-08,85.22624165041998,85.7998773145108,82.9726631452406,84.41495513916016,33069048
2021-01-11,84.57066762889275,85.49668768886707,81.9483237691445,82.76780700683594,34189187
2021-01-12,82.20234769528736,85.45569660005957,82.20234769528736,85.30818939208984,35529586
2021-01-13,86.04572395086593,86.62755619113166,83.62005476879592,84.68537902832031,34348739
2021-01-14,84.89844625201754,85.54583863863708,81.44842321863469,81.62051391601562,37381528
2021-01-15,81.15341303767875,82.08762330195458,79.30957600258277,81.69427490234375,35743823
2021-01-18,81.44842290304048,82.17776234480209,79.90779696186667,81.22716522216797,28677180
2021-01-19,81.69427555402409,82.03845696946915,77.4247691800696,77.72797393798828,42307807
2021-01-20,78.67037179906958,80.40767809374309,78.26063027928275,78.89982604980469,32202327
2021-01-21,79.68654339197441,82.76780192719575,79.4816725951249,82.03026580810547,40930171
2021-01-22,81.94831538462064,83.2021236096597,80.38309955973745,82.41542053222656,30775582
2021-01-25,82.76779611577199,84.30023181938618,80.88298241623194,83.57089233398438,37735992
2021-01-26,82.76779392253384,82.76779392253384,79.57180855034063,80.26017761230469,40767026
2021-01-27,79.56361557689375,81.8171942264901,78.98178329398448,80.26837158203125,28326851
2021-01-28,79.10470540186745,79.48166689075687,77.44115565118756,77.98201751708984,31057214
2021-01-29,78.13772249326013,80.13726351791179,76.76918703885508,78.9408187866211,37246508
2021-02-01,78.94081420742309,80.72728774413933,77.57227883240402,80.4732437133789,28606271
2021-02-02,79.81765477748289,82.11220369431575,79.81765477748289,80.7846450805664,31544355
2021-02-03,81.53856704279697,82.27610307050045,78.83427035860412,80.01432800292969,32395536
2021-02-04,78.90802530772855,79.97334954401934,78.0393752570029,78.9981689453125,36486402
2021-02-05,79.47348258487227,80.61256371977007,77.85090311633897,79.69474029541016,37262393
2021-02-08,79.70293130539109,79.899605506803,77.35920904368538,79.21124267578125,37743563
2021-02-09,79.97334906661538,83.50532531738281,79.39971342374157,83.50532531738281,53712247
2021-02-10,84.34120488546493,88.5041808170055,83.17754030487092,87.77484130859375,53679907
2021-02-18,87.78304002877528,87.97971424033166,79.48986804019566,80.5551986694336,94042908
2021-02-19,77.85909871414634,80.57978262276909,77.85909871414634,80.30115509033203,69387709
2021-02-22,79.7193130897724,79.7193130897724,74.06487858253726,74.11405181884766,90398609
2021-02-23,72.97498097345513,75.39245389644427,72.79469367031359,74.5238037109375,60475531
2021-02-24,78.75232227444802,80.80102996240015,76.31026621161851,77.86727905273438,100354633
2021-02-25,77.76894173758261,78.49828114292686,75.47438672497994,76.98223876953125,41637020
2021-02-26,75.39244545696121,77.43295663231116,74.58934926527367,76.2774887084961,60112303
2021-03-01,76.53973967820315,78.09675916217678,75.25315117741593,76.48237609863281,37084402
2021-03-02,77.74436877891277,78.53926218349416,75.96608558976645,76.6380615234375,47339822
2021-03-03,75.99067690822645,76.80196349382021,74.9827098607866,76.61347961425781,33059187
2021-03-04,75.57274003864991,75.86775448432036,73.29457779320849,73.67153930664062,44634820
2021-03-05,71.76213216653754,73.97473395395602,70.50012748888771,73.34373474121094,40948709
2021-03-08,72.52426067151521,73.51583455868571,70.01664416763212,70.06581115722656,48829340
2021-03-09,69.36925081631775,69.57412160653004,66.95177174051636,67.18942260742188,56896333
2021-03-10,68.83658176875731,69.37744362654864,67.2385921928466,68.5579605102539,47316765
2021-03-11,69.31188246101081,70.88528852072115,68.42683920786376,70.4345703125,40811644
2021-03-12,70.45096849385254,72.13910180823189,69.82815953962935,70.4427719116211,32364532
2021-03-15,69.50035654283067,69.5249400343647,66.37812807481738,67.4434585571289,49051385
2021-03-16,67.53360959165849,68.04168514477398,66.82885358040771,67.67292022705078,34926115
2021-03-17,67.20581804817874,69.0660421353636,66.67315272515278,68.89395141601562,37095228
2021-03-18,69.63968585523357,71.29503918654517,69.4921786275198,71.05738830566406,34703588
2021-03-19,69.6560650781738,70.9672368174486,69.15617987567528,69.91010284423828,30529185
2021-03-22,69.6478749123318,70.09039658738206,67.44346937178665,68.32850646972656,31409285
2021-03-23,68.32850771266624,68.37768095667337,66.4355035006501,66.76329803466797,36969597
2021-03-24,66.7878718220625,67.59096800105725,66.59119763110535,66.93537902832031,23536758
2021-03-25,66.43550371406866,66.78788174514172,64.98502118049298,66.11590576171875,24752483
2021-03-26,66.46007792744288,67.60735551386776,65.52586769687858,67.205810546875,31083020
2021-03-29,67.16484305645548,67.58278124363228,66.37813992610903,66.76329803466797,29453524
2021-03-30,67.08289369013116,68.41864902424993,66.46828130444256,67.58277893066406,35197152
2021-03-31,67.85320590470766,68.00071311871547,66.58300454785379,67.38610076904297,27352508
2021-04-01,67.19761828575551,70.37721065630382,67.03372415665436,70.0084457397461,35204512
2021-04-02,70.06580175380607,72.52425093815015,69.57411316736918,71.38516998291016,29152538
2021-04-06,71.42614794054988,71.86866329990838,68.83657841807148,69.14797973632812,25766840
2021-04-07,69.14798213552656,69.23812577723163,67.09927437342938,67.78764343261719,29977466
2021-04-08,67.61555691778025,67.95154176044603,67.15664209918462,67.75486755371094,18211406
2021-04-09,68.00071933747317,68.00071933747317,65.7553308464372,65.92742156982422,32238556
2021-04-12,65.8044990137595,66.59120208233439,64.73916842489088,64.98501586914062,25277487
2021-04-13,64.69818377037616,65.41113626885438,64.0180175960499,64.48512268066406,21362828
2021-04-14,64.71457907562147,66.07491772148411,64.64901892946529,65.68976593017578,20851933
2021-04-15,65.66517721459967,66.37812974785413,64.706383507649,65.7061538696289,17157361
2021-04-16,65.80449431396991,66.05033548850135,64.65721674301058,65.47669982910156,15347818
2021-04-19,65.55864974567127,67.28775963288615,64.73916662385038,66.92718505859375,26759356
2021-04-20,66.44369480565436,66.78787622556213,65.58323500372475,66.36174774169922,23153386
2021-04-21,65.55864469362662,65.96838622296178,65.14890316429144,65.23085021972656,25190606
2021-04-22,65.24724718086665,65.79629936162382,64.74736198580119,65.76351928710938,23096878
2021-04-23,65.90283122105018,68.83658230056903,65.77171717255327,68.72185516357422,45141558
2021-04-26,69.03325203797174,69.65606092152181,65.48489509796379,65.5832290649414,41802919
2021-04-27,65.53406927094946,66.89440806470795,64.90306373687278,66.148681640625,19000053
2021-04-28,66.37813158333459,66.95176725664759,65.62420862636324,66.82884979248047,17902575
2021-04-29,67.24678970769398,69.04145992482901,67.09109215043068,68.3694839477539,29815963
2021-04-30,69.4102174145113,69.4102174145113,65.39475514840767,65.69795989990234,58237700
2021-05-06,64.17371722203924,65.37016175418573,63.501741354610125,63.559104919433594,49115946
2021-05-07,63.427991098094026,63.55091480947104,61.461230472540784,61.526790618896484,43729514
2021-05-10,62.14141585528313,64.9030703845022,62.14141585528313,63.91969299316406,54943986
2021-05-11,63.231326678650866,64.73917276479376,62.76421525283067,64.19831085205078,27333464
2021-05-12,64.65722616493345,64.65722616493345,62.64948856014492,63.32146453857422,27341035
2021-05-13,62.37906723321818,62.69046861740247,61.46124374255144,61.58416748046875,32950762
2021-05-14,61.70708230229219,62.747823128337934,60.33035039129743,62.641292572021484,30481113
2021-05-17,63.100197108907174,65.0259810949159,63.0018568886093,64.24747467041016,41809230
2021-05-18,65.39475909533122,65.55865322753591,63.26409786370801,63.78856658935547,26855515
2021-05-19,63.14117029298037,63.7230024970678,62.6904521232566,63.37062454223633,22505269
2021-05-20,64.7391747207046,66.26341401809911,63.56731345985097,66.13229370117188,73533093
2021-05-21,66.46007864349932,68.0990448554335,66.27160103033644,66.82884979248047,50222428
2021-05-24,67.71388922878477,68.01710023966696,66.33715731119666,67.36151123046875,36014944
2021-05-25,67.9925213545592,69.00048217823398,67.47624294286965,68.2465591430664,41746744
2021-05-26,68.7546319119302,69.64786547133492,67.5663776903224,69.10700988769531,36038191
2021-05-27,69.64785686207696,69.68063693160309,68.36946541135256,68.75462341308594,29615660
2021-05-28,68.2465628046154,68.25475938756973,67.19762526425087,67.63195037841797,38741514
2021-05-31,67.77125454643586,67.77125454643586,65.34558515328509,66.37813568115234,52395101
2021-06-01,66.3043819072117,66.3043819072117,65.00140050183293,65.69795989990234,47337082
2021-06-02,66.392473030831,66.47608947753906,65.6399122514065,66.47608947753906,34284654
2021-06-03,66.47610549613043,66.76040275934949,64.78702989932148,65.1633071899414,41669046
2021-06-04,64.72849435413188,65.63992464046983,63.992654173354076,64.9960708618164,28306603
2021-06-07,65.01278365787242,65.02950439651629,63.67490128294045,64.20169067382812,27727499
2021-06-08,64.30202884128417,64.6365010017947,63.24008021012771,63.56618881225586,32089344
2021-06-09,63.77524299800171,64.06791017100494,62.88053349821565,63.206642150878906,25138005
2021-06-10,63.298620823135906,63.49930797399073,62.629682792199915,63.04777145385742,32075563
2021-06-11,63.04777048218435,63.21500339245933,61.46739587583736,61.87712097167969,46521367
2021-06-15,61.768418700328255,62.295208096325375,60.20476487161647,61.24162292480469,44590030
2021-06-16,61.79350502448118,62.930706686373256,61.20817707465418,62.71329879760742,44970185
2021-06-17,62.880529582366655,62.989236712835954,61.29179783685301,61.42558288574219,29929238
2021-06-18,61.316884099099134,62.05271784037833,60.33855817069317,61.70988845825195,38817863
2021-06-21,61.726603832436616,61.73496739113519,59.510732862245476,60.20476150512695,47738643
2021-06-22,60.12114674046132,60.940596889140316,59.26824235605113,59.60271453857422,41034169
2021-06-23,59.54418721483911,61.28343760141206,59.11773498804367,61.1830940246582,43404358
2021-06-24,62.29521258078872,62.29521258078872,60.79845435860641,61.20817947387695,28702816
2021-06-25,61.51756623431096,61.69316270898514,60.68975245955363,61.1830940246582,41255201
2021-06-28,61.19146080435368,61.793509537504974,60.62285993188048,61.21654510498047,30684568
2021-06-29,61.693158254365855,61.70988537238043,59.569267212884384,59.75322723388672,34979911
2021-06-30,59.4521994627895,60.1211437950634,59.24315515639466,59.67797088623047,28444413
2021-07-01,59.61944332050855,61.36705079419251,59.00066753273568,61.24162292480469,44641783
2021-07-02,60.731552028899344,60.83189559661598,59.08428818735313,59.45220184326172,40318436
2021-07-05,58.7665367598826,58.84179603056939,55.83991635248186,57.027286529541016,78081102
2021-07-06,56.57575517524011,57.98889037412786,55.86499941693248,57.370121002197266,41063662
2021-07-07,57.654426873200116,60.16295897291053,57.37012963073924,58.858524322509766,55959761
2021-07-08,58.532405853271484,59.19298662773009,57.57916432545171,58.532405853271484,35977037
2021-07-09,58.15613917067913,59.01740084898333,57.45374685605905,57.86347198486328,29079830
2021-07-12,58.23139085601174,59.78668125640055,57.62934213592228,59.11773681640625,40495549
2021-07-13,59.184632604866515,61.316887427732084,59.01739968443772,60.873714447021484,47453241
2021-07-14,60.58103871272356,60.8737058514388,59.83684147670283,60.20476150512695,33405515
2021-07-15,60.20476322076447,60.49742398829349,59.042477330059036,59.51073455810547,31970243
2021-07-16,59.61944785977671,59.61944785977671,57.529004475906945,58.281558990478516,45691025
2021-07-19,58.35681431962932,58.78326652734085,57.361761294811274,58.64947509765625,30561168
2021-07-20,58.24811405983362,58.71637130863333,57.70459753631878,58.206302642822266,23094780
2021-07-21,58.29827780762571,58.4655107027083,56.70117622762502,56.851688385009766,51518657
2021-07-22,56.851693021097624,58.44043117204328,56.00715853867739,57.11091232299805,42883759
2021-07-23,57.110905886491565,57.5958838189321,55.61414791788727,55.99042510986328,42451336
2021-07-26,54.83651091678688,55.24623602284926,53.40664525606857,54.08395004272461,57012881
2021-07-27,54.07558257422617,54.33480186626488,51.341285705566406,51.341285705566406,61869875
2021-07-28,51.34128480099423,53.34810830179783,51.09879263117949,52.91329574584961,47782907
2021-07-29,53.93343660536535,53.93343660536535,52.36978592559933,52.930023193359375,39271265
2021-07-30,52.754428386983946,53.58224535517789,51.80954710182112,53.105621337890625,41977874
2021-08-02,53.09725411078647,55.739577220046904,52.32797259018887,55.25459289550781,54445260
2021-08-03,54.76960997570255,60.42216998236299,54.50203351039161,59.30168914794922,89992768
2021-08-04,58.86687593505412,59.93718172631453,58.30663874424214,58.52404022216797,42636229
2021-08-05,58.07250791077422,59.878653846945106,57.77148358807907,58.44879150390625,45338268
2021-08-06,58.53241245581377,59.41040119446164,56.90186923206963,58.8250732421875,34481766
2021-08-09,58.19793951401441,61.459032299699714,58.0056223052033,60.59777069091797,51361921
2021-08-10,60.28837914027117,60.91551208496094,59.22643682758803,60.91551208496094,32371545
2021-08-11,60.48906197584329,61.5008421087096,60.096064009128945,60.14623260498047,28560714
2021-08-12,59.786673484927206,60.59776643964271,59.03411268263828,59.30168914794922,30539265
2021-08-13,59.30169390340128,60.188046199186076,58.365179389476204,59.878658294677734,30301304
2021-08-16,59.87865622402999,63.0895739542115,59.7448647955092,62.704933166503906,66305582
2021-08-17,62.69657358547559,63.13138295246128,61.13291981704348,61.37541198730469,41410311
2021-08-18,61.367050676935534,62.71329662143784,60.79008630656985,62.29520797729492,32617317
2021-08-19,62.67985092683759,62.94742741313947,60.09606607906566,60.154598236083984,32866221
2021-08-20,59.360220703301614,60.61448656799176,58.356810563359936,60.20476150512695,30129822
2021-08-23,59.953902928841536,60.66465865531508,58.64110497475306,59.04247283935547,24216401
2021-08-24,58.6996409444391,59.49401316704709,57.01056569071234,58.950496673583984,38744022
2021-08-25,58.61602493721535,59.11773001976762,57.69623122261514,57.821659088134766,25351879
2021-08-26,57.81330278159858,58.23975502605099,56.4503359667748,56.80152893066406,30560914
2021-08-27,56.801526073253555,57.67951481833638,56.34162599163365,56.69282531738281,24556080
2021-08-30,56.8182463218477,56.952037755172604,54.61073870820015,55.170982360839844,45344420
2021-08-31,55.10408572428622,56.76807677644485,54.56893275897363,55.18770217895508,31964102
2021-09-01,55.61415162128377,58.40698062119138,54.50203432894996,57.821659088134766,54120472
2021-09-02,58.181222645465425,58.181222645465425,56.734632995589436,57.8551139831543,42761283
2021-09-03,57.67115126358716,58.64111364554776,57.02729114926585,58.565860748291016,28680784
2021-09-06,58.6327488648036,61.241617703936456,58.62438530635036,60.30510330200195,39610616
2021-09-07,60.790086486006956,61.81858736062605,60.045889207597995,61.05766296386719,38937022
2021-09-08,61.040944731374395,61.584461268586494,60.38036387901221,60.80681610107422,26682359
2021-09-09,60.806816915756016,61.33360634098927,59.56091447095095,60.22148895263672,22350846
2021-09-10,60.221482723556484,61.04093923535133,59.452201184827366,60.53923416137695,21079581
2021-09-13,60.472342197775575,60.7817300960035,59.14282335037695,59.35186767578125,21293772
2021-09-14,59.368591456349165,59.70306367003679,57.03565589977476,57.2196159362793,30703335
2021-09-15,56.86841772397241,57.21124708614322,55.02046672915196,55.62250900268555,39630658
2021-09-16,55.62251007852998,56.174390147684676,55.02046779335176,55.14588928222656,29466222
2021-09-17,55.48872688994852,57.09418579660785,55.26295544335563,57.07746505737305,26097737
2021-09-22,56.023874416105414,56.27473013694314,55.08735362177399,55.25459289550781,23967787
2021-09-23,55.823201375406526,56.107498610721755,55.18770480651849,55.84828567504883,19943038
2021-09-24,55.60579472976842,57.02729369736523,55.26295894820891,56.19111633300781,27372409
2021-09-27,56.18276169518749,58.85852683041279,55.831562337823236,57.44538497924805,33266460
2021-09-28,56.918591119878656,58.950502305592934,56.283094556983485,58.7581787109375,34751438
2021-09-29,58.490602218064815,59.28497451656549,57.930364932913704,58.7581787109375,29530820
2021-09-30,58.75817425437824,59.47728722059317,58.11432056019927,58.19793701171875,21879116
2021-10-08,58.69963835100483,60.68974421949544,58.32336115343818,60.62284851074219,41613373
2021-10-11,60.7900890245351,61.1245612307092,59.43548583984375,59.43548583984375,23449247
2021-10-12,59.46056411721413,60.689745682194705,58.599302579717836,59.88701629638672,21599019
2021-10-13,60.20476865096831,60.38872868701501,58.741458301812834,59.36859130859375,16055890
2021-10-14,59.393670283123384,59.88701818824658,58.23974795073257,58.641109466552734,16233358
2021-10-15,59.36859130859375,60.02080861492161,58.83343831983618,59.36859130859375,20425107
2021-10-18,59.36859069790328,59.36859069790328,57.69623603035671,58.21466827392578,21901873
2021-10-19,57.95544706165543,58.917052239863004,57.73804555526361,58.43206787109375,18104497
2021-10-20,58.532416969109526,58.95050566174602,56.87678293927704,56.91859436035156,30276609
2021-10-21,57.09418210686112,58.35681155163246,56.89350135137947,58.26483154296875,20597302
2021-10-22,58.50732588208431,62.71329662143784,58.490598763783794,62.29520797729492,81947936
2021-10-25,61.86875292638535,62.12797221190092,59.87028980972703,60.53923416137695,43058106
2021-10-26,59.243162009380534,59.243162009380534,58.54913330078125,58.54913330078125,39644810
2021-10-27,57.31995739262732,57.470469564239416,56.02388000488281,56.02388000488281,67849700
2021-10-28,55.60578638928166,57.1527130054091,55.22114562491397,56.96039581298828,27797860
2021-10-29,56.38343554583083,58.11432230016549,56.27473479355359,57.503910064697266,28202116
2021-11-01,59.59435479555714,61.8102259696911,59.075928940000715,60.8820686340332,74811069
2021-11-02,60.882071516217565,61.36705591591338,58.850160277035265,59.209716796875,33979598
2021-11-03,58.55749893607695,59.786680664162354,57.96381378173828,57.96381378173828,22136290
2021-11-04,58.53240421291016,59.569262158414496,58.10595205309174,59.13445281982422,23674066
2021-11-05,58.79162204205371,60.04588795195633,58.356812666945714,59.159542083740234,18630632
2021-11-08,59.05919893481799,59.33513896804757,58.3651766415038,58.90032958984375,14960996
2021-11-09,58.82507377411694,58.82507377411694,57.16944623650203,57.69623565673828,22767037
2021-11-10,57.437023684016175,58.36518104433101,56.87678001623497,58.18122100830078,23735791
2021-11-11,57.85511591842124,60.50579672567844,57.612623708676175,60.23822021484375,36332028
2021-11-12,60.10442780756427,61.776782568393266,59.87029916177256,60.346920013427734,26614392
2021-11-15,60.204764602979395,61.040941889131894,59.78667595990315,60.60613250732422,21497317
2021-11-16,61.040939152932694,61.45902777726785,60.53087052088171,60.8151741027832,21140190
2021-11-17,60.41380961132304,61.20817549038797,59.80339737850071,60.29674530029297,14390330
2021-11-18,60.06261165805883,60.070968837057826,58.515685066291745,58.716365814208984,19413431
2021-11-19,58.7163658638202,58.950494466509134,57.955441525555216,58.532405853271484,25102995
2021-11-22,58.306650738286116,58.766544463448305,58.11432713645416,58.490604400634766,22966239
2021-11-23,58.482237718679805,58.482237718679805,57.7129498158641,58.0892333984375,22415718
2021-11-24,58.6578369140625,58.841796934649786,57.71295251368715,58.6578369140625,25270993
2021-11-25,58.532410250887246,58.532410250887246,57.76312867581907,57.813297271728516,18110345
2021-11-26,57.69623688223079,58.07251413617372,57.34504392794714,57.53736114501953,14048378
2021-11-29,56.851696530766546,57.345044487141735,56.62593145210464,57.0022087097168,20002100
2021-11-30,56.74299358672587,57.821663097752555,56.58411785408209,56.67609786987305,19543671
2021-12-01,56.58411921705982,57.02729218771306,56.191114845491306,56.99385070800781,18010101
2021-12-02,56.34162246036236,56.8349703696814,56.11585740323421,56.64264678955078,17292840
2021-12-03,56.617558896750545,56.617558896750545,55.75629737941293,56.15766525268555,21709179
2021-12-06,56.157678341032145,57.51228167254425,56.11586691840607,57.33668518066406,28156018
2021-12-07,57.7798508172678,58.866883871554926,57.7798508172678,58.724735260009766,45996100
2021-12-08,58.85851237681828,58.90868096718182,57.69622658354089,58.52404022216797,24448618
2021-12-09,59.78667660748657,60.83189822649857,59.26824438782708,60.38872528076172,58720574
2021-12-10,59.92047019863616,60.53923963314712,59.117734352291436,60.121150970458984,29774271
2021-12-13,60.83189734421759,62.93906129059268,60.63957376211711,60.99913024902344,54392976
2021-12-14,60.41380673106927,60.60613030689326,59.41039657592773,59.410396575927734,25330123
2021-12-15,59.36022621713566,59.71142554031082,58.682924628738355,58.8250732421875,16566927
2021-12-16,58.90868354347748,59.2682400090343,58.38189418304465,58.866878509521484,15360353
2021-12-17,58.60767105794223,58.749826064756775,57.445384979248054,57.44538497924805,20467841
2021-12-20,57.595892453674274,58.81671059544006,57.53736029549121,58.21466827392578,20657979
2021-12-21,58.20630678779377,60.313470936973815,58.114326767439984,59.912109375,31759660
2021-12-22,59.74486804552833,60.12115167406739,58.557497760684434,59.811763763427734,22483108
2021-12-23,60.12114218721809,60.430523669511935,59.36858142841751,60.0960578918457,19654181
2021-12-24,59.644529493513744,60.41381109330402,59.22644083542859,60.338558197021484,16377482
2021-12-27,60.372000213779444,61.877121948111764,60.121150844408525,61.08275604248047,27562336
2021-12-28,61.08275979549875,63.09794395189262,61.08275979549875,62.86381530761719,51272047
2021-12-29,62.713292650102744,63.17319268134724,61.66807110593437,61.88547897338867,21584258
2021-12-30,61.87712919785622,62.295217908652546,61.191463967331345,61.84368133544922,21829008
2021-12-31,61.7935057367394,62.24504225882997,60.85698483393746,61.71824645996094,21673393
2022-01-04,61.877115015753844,63.131380860667775,61.542642847871605,63.01431655883789,31040801
2022-01-05,63.04776788984538,66.75203347791442,62.49588782548175,63.775238037109375,61369922
2022-01-06,63.39059360076139,65.38069948590652,62.546059193906224,62.696571350097656,34188949
2022-01-07,63.11466086140755,65.62319258058149,62.7216565380128,65.0378646850586,43722085
2022-01-10,65.38906942946434,67.63002509269937,64.38565911199734,65.05460357666016,35252163
2022-01-11,64.40237811415255,65.90749992924641,63.13139132103877,63.21500778198242,33694529
2022-01-12,63.624730775897426,63.817054371202495,61.06603015543912,62.11125183105469,38464129
2022-01-13,62.36210597171685,63.01432325970393,60.37199986993134,60.47234344482422,26732585
2022-01-14,60.288377953534415,60.915510885879485,59.703056435156114,60.20476150512695,20996990
2022-01-17,60.28838343300343,61.408864357984726,59.970638348365554,61.0660285949707,20381136
2022-01-18,60.88206617439117,61.6095427101057,60.221485352667344,61.29179763793945,21307718
2022-01-19,61.62625648331222,63.70834228413456,61.42557574354917,62.90561294555664,40401059
2022-01-20,62.87216176265208,65.8907617755217,62.805266059765266,65.74024963378906,50662197
2022-01-21,65.32217789904732,65.90749950138004,64.07626903482522,64.7284927368164,30226221
2022-01-24,64.21841655236281,66.0830882821879,63.96756082086265,64.45254516601562,16913071
2022-01-25,64.21842553329783,65.89078029844073,62.89726373774844,63.42405319213867,25185151
2022-01-26,63.94248140153387,64.82882732927138,63.164836229991444,63.975929260253906,17996504
2022-01-27,63.3404312560653,64.19332930559091,62.303573177546994,62.56278610229492,25896559
2022-01-28,62.57115263740082,63.54947860590528,61.0660308554502,61.20817947387695,26921924
2022-02-07,62.295218999378825,63.24846076632255,61.35869797416763,62.46245193481445,21295784
2022-02-08,62.21159191731863,62.62968056410232,61.040942430419,62.12797546386719,25222789
2022-02-09,62.37883255728823,64.44419174916524,61.79351093103967,64.0428237915039,30821130
2022-02-10,63.63309310493434,64.0595453266056,61.45903333760469,61.5844612121582,40093808
2022-02-11,61.16637639916018,62.37883104391419,60.60613908769602,61.99419021606445,26315615
2022-02-14,61.45902795660985,61.48411225341898,59.87028990359498,61.04093933105469,19833640
2022-02-15,60.80681515583286,61.29179952793084,60.12115001510099,60.22985076904297,22662561
2022-02-16,60.355276780648765,61.45066698425937,60.03753170848252,61.29179763793945,18939258
2022-02-17,61.04930634216792,61.70988717344403,60.296745497706105,60.4305305480957,17712319
2022-02-18,60.02916562275431,61.15800363584804,59.62779773522985,61.04093933105469,15392511
2022-02-21,60.87371148924271,60.890432228662355,60.204767080976744,60.79008865356445,10709058
2022-02-22,60.28838301682684,60.33019443430513,57.90527894967687,58.674560546875,36301446
2022-02-23,58.57422416525219,59.06756572480571,58.28155699789485,58.933780670166016,19598560
2022-02-24,58.13104327343219,58.331730419327975,56.40852007141588,57.11091232299805,41899669
2022-02-25,57.487185176888936,57.65441807286583,56.70117653084023,56.96039581298828,22417097
2022-02-28,56.44196640322081,56.54230997345603,54.76961184312538,55.78974914550781,48362395
2022-03-01,55.697764324612606,57.18615873384443,54.920119266139984,57.135990142822266,40633496
2022-03-02,56.4419737045819,56.4419737045819,55.354940548090184,55.95698928833008,24786934
2022-03-03,56.23292443729351,56.23292443729351,55.14589137591436,55.74794006347656,26230556
2022-03-04,55.14589413641552,55.463645614938635,54.426781099110606,54.853233337402344,30520427
2022-03-07,54.0003335202134,54.0003335202134,51.87644233577297,52.26944351196289,47645242
2022-03-08,51.759377595865,52.67917137572631,49.919786846379026,49.96995544433594,57768670
2022-03-09,49.568587900848954,50.17899692956099,47.335996105002074,49.76927185058594,56275807
2022-03-10,51.182412641896484,51.33292481364901,48.59862461316253,49.22575759887695,47362869
2022-03-11,48.74913719743859,49.89469923457048,47.93804736475674,49.6522102355957,35638996
2022-03-14,48.51501047869891,49.40971999260853,47.40289306640625,47.40289306640625,31918608
2022-03-15,46.99316712690402,47.854428766030615,45.38770497607781,45.4880485534668,49926766
2022-03-16,46.9931667007093,47.92132404967749,45.36262026520546,47.65374755859375,52945781
2022-03-17,49.70237611770151,49.90306006735888,48.17217336189637,49.0836067199707,52266437
2022-03-18,49.08361075595442,49.342823691278916,48.205625182256306,49.25084686279297,36839305
2022-03-21,49.35954631275017,49.79435890310108,48.498284691538494,48.87456512451172,30641715
2022-03-22,48.58189703539125,49.28428605422943,48.51500451394922,48.9832649230957,19403969
2022-03-23,49.108696294995376,49.217400245648484,48.43975504052149,48.498287200927734,24373729
2022-03-24,48.080195196158115,48.34777167946002,47.75408655649412,48.147090911865234,23678670
2022-03-25,48.15545001056862,48.43138685616997,46.86773622506042,46.90118408203125,25216369
2022-03-28,46.7172273799261,46.95971957556038,45.82251787580569,46.658695220947266,21585282
2022-03-29,46.917908226101915,47.018248607712266,45.538214422465906,45.69709014892578,25242958
2022-03-30,45.981394290009085,47.662109375,45.947946430167605,47.662109375,33900253
2022-03-31,47.57849291515978,47.82934548444392,47.00989205690852,47.662109375,25133597
2022-04-01,47.244017499956705,49.535144707875226,46.667056310661394,48.9999885559082,45775170
2022-04-06,48.540093508854454,49.48497478761942,48.41466882284993,48.84111785888672,30753172
2022-04-07,48.20562066868876,49.434799080870846,48.172172812500136,48.24742889404297,26942029
2022-04-08,48.247426366138555,48.43138318601137,47.52831344457648,47.93804168701172,22682729
2022-04-11,48.038389922016165,48.0551138519711,46.21552302385409,46.29077911376953,33812428
2022-04-12,46.60852284765362,48.08019345244124,46.23224243485579,48.03002166748047,29717487
2022-04-13,47.64538384699873,48.03838821254562,47.18548695377602,47.30255126953125,21198659
2022-04-14,47.678828354740304,49.40135468057618,47.678828354740304,49.1003303527832,42741664
2022-04-15,48.7658576106985,49.58531094378018,48.63206937651706,49.04179763793945,21242110
2022-04-18,48.91637039869119,48.91637039869119,48.10527742434766,48.13872528076172,15468205
2022-04-19,48.20562402990244,48.62371269212271,47.712279280891984,47.912960052490234,16849454
2022-04-20,48.28924364747877,49.24248534937852,47.662110613095926,48.13037109375,21662822
2022-04-21,47.745722641042,48.48992311879836,46.491456688757914,46.85101318359375,27999954
2022-04-22,46.49145495411061,48.09691697180957,45.72217339649881,47.637020111083984,24280189
2022-04-25,47.285820699553575,48.07182932026366,46.01483095457142,46.04827880859375,32560068
2022-04-26,46.0482866150569,46.382758832456666,43.071494087442126,43.305625915527344,63204589
2022-04-27,42.41927679888686,44.610060573916805,42.22695639017846,44.40101623535156,37571041
2022-04-28,44.7354851410092,44.90272123743291,43.539751357760046,44.5515251159668,25258916
2022-04-29,45.153573938341154,47.90459800494252,44.5515252651057,47.737361907958984,57524101
2022-05-05,48.54009021487784,49.65220752260955,48.37285412179057,49.0836067199707,46790722
2022-05-06,48.16381141826655,48.91637226751829,47.9882149500289,48.66551971435547,21216998
2022-05-09,47.87115428636328,48.0969225583457,46.63361216531276,47.126956939697266,21529684
2022-05-10,46.18207092039239,47.570125081472014,45.98975052822775,47.327632904052734,30057137
2022-05-11,47.22729894752959,48.08020027429746,46.82593418018535,47.394535064697266,35911506
2022-05-12,47.31091725755533,47.31091725755533,46.22388412171464,46.60852813720703,22579089
2022-05-13,47.26074227817904,47.804255619664545,46.99316579226792,47.670467376708984,24432011
2022-05-16,48.09691782369622,49.125415501639814,46.44964755125743,46.9931640625,28664501
2022-05-17,46.82593042321804,48.08019641669709,46.5750778624749,47.988216400146484,22831367
2022-05-18,48.08019166445215,48.222340265243396,46.75903008415137,47.352718353271484,22269749
2022-05-19,46.650330741642186,46.984799736377944,46.26568996230265,46.6754150390625,20195890
2022-05-20,46.7423101357774,47.76244422450314,46.29077364958433,47.578487396240234,26608469
2022-05-23,47.11859154475169,47.244019420889494,45.228832171412,45.41279220581055,55783104
2022-05-24,45.20374984040349,45.73053928768821,44.777297594776584,44.97798156738281,26346272
2022-05-25,44.73548336284842,44.986335902631396,44.317394733289085,44.6518669128418,22197439
2022-05-26,44.6518664729235,45.22046725870328,43.313980957656874,45.00305938720703,42382765
2022-05-27,45.51312943446314,45.814153764493476,44.32575604265051,44.4177360534668,35255705
2022-05-30,44.44282259806213,44.986335902631396,44.325755102384505,44.6518669128418,21638531
2022-05-31,44.72712926832628,45.5549430847168,44.40101741212019,45.5549430847168,35509917
2022-06-01,45.40442923983572,45.79743361309336,45.028148796266,45.37934494018555,29205803
2022-06-02,45.544126644211595,45.56139168231451,44.95713181355913,45.371482849121094,27584641
2022-06-06,45.388744635368774,45.69087454810051,44.52551254988487,45.57002258300781,36520890
2022-06-07,45.31968476637354,45.863521905601374,44.97439061287068,45.75130081176758,29169548
2022-06-08,45.75993371132053,46.441887883572015,45.3455826845393,45.742671966552734,36297664
2022-06-09,45.62181563735707,45.88078790439774,45.052082577212076,45.21609878540039,28683558
2022-06-10,44.98302605198184,45.18156904333051,44.67226196362071,45.103878021240234,30034887
2022-06-13,44.71542338130493,44.758584328927206,43.7313392864525,44.07663345336914,40426293
2022-06-14,43.42057715937557,44.508251529296096,43.265195106529774,44.39603042602539,34842410
2022-06-15,44.12842752706215,47.477769262522436,44.12842752706215,46.99435806274414,91507776
2022-06-16,47.02025289108343,47.41733886128441,46.17428583992823,46.4677848815918,35938169
2022-06-17,45.777200490937524,47.83169395825194,45.33695353728341,47.270591735839844,53813436
2022-06-20,47.6158848342361,49.67900912731446,47.6158848342361,49.25602722167969,76530884
2022-06-21,49.29055455391026,50.40412482011986,48.902102719949575,49.45457077026367,53707727
2022-06-22,49.43730481085913,49.43730481085913,48.340999603271484,48.340999603271484,29721130
2022-06-23,48.30646774102491,48.74671795805015,47.73673468420396,48.332366943359375,30453200
2022-06-24,48.33236927640931,50.887535636827316,48.13382298512739,49.89481735229492,73201062
2022-06-27,50.32643232182081,51.86298774637673,50.32643232182081,51.01701736450195,58158368
2022-06-28,51.44863342779882,51.44863342779882,50.45591845799756,51.01701736450195,32252221
2022-06-29,51.345046725397324,52.34639586502762,51.111973655013216,51.16376876831055,42072308
2022-06-30,51.241460478933334,52.36366160500382,50.93069638092042,52.13058853149414,37053894
2022-07-01,51.957939325110054,51.957939325110054,50.205579201979056,50.74941635131836,33785737
2022-07-04,49.670377727176295,51.845723097669705,49.670377727176295,51.76803207397461,31375014
2022-07-05,51.57811708942063,53.080142366537764,50.84437113420646,51.3968391418457,28384693
2022-07-06,51.83709058706182,52.68305770932003,50.645829283365046,51.172401428222656,30764043
2022-07-07,50.94796024244624,51.62128024394662,50.49907914378959,50.67172622680664,19747189
2022-07-08,51.034284804906065,51.034284804906065,49.98114380009846,50.56814193725586,22725014
2022-07-11,50.29190048785873,51.103340765983056,49.82575765845462,50.8443717956543,27354736
2022-07-12,50.97385220922713,52.55356845112424,50.97385220922713,51.880245208740234,40810385
2022-07-13,51.8629866669908,52.00973454483235,50.093358209928226,50.32643127441406,38790065
2022-07-14,50.93069441811375,51.09470733331336,48.21151195826408,48.51364517211914,54519966
2022-07-15,48.1683514661545,48.841674756579714,47.607252565930885,47.650413513183594,30267863
2022-07-18,47.65041261691407,48.23741070882366,46.6145334374872,47.72810363769531,23549370
2022-07-19,47.564091913377716,48.04750312079076,47.27059283976434,47.503665924072266,19709717
2022-07-20,47.88348713715927,48.6431290379611,47.56408887923997,47.84895706176758,21705190
2022-07-21,47.90938464185767,48.254678821329065,47.3051214742674,47.3828125,16384697
2022-07-22,47.17563711795179,47.883487199557734,46.87350389733461,47.555458068847656,18646088
2022-07-25,47.56409242124183,48.96253094202117,47.486401392309645,48.72945785522461,36027403
2022-07-26,48.77261597044899,49.946612209179136,48.660394870078505,49.54952621459961,26304234
2022-07-27,49.37687767116733,49.420038618353715,48.14245548241546,48.27193832397461,24440950
2022-07-28,48.341002596867995,48.46185457648505,47.91801737523883,48.12519454956055,14614702
2022-07-29,48.29783885339972,48.513646888229054,47.28785553805439,47.46050262451172,23747370
2022-08-01,47.69357753007122,47.736738480101835,46.68359746888326,47.141109466552734,18646747
2022-08-02,46.683595657538945,46.7008574025059,45.664981470085905,46.26924133300781,26048594
2022-08-03,45.93258006155711,46.62316509515451,44.957130142274806,45.103878021240234,31878019
2022-08-04,45.233364993713,45.552759960237225,44.97439271996818,45.31968688964844,13529107
2022-08-05,45.52686365343126,45.725406646728516,44.957130583500685,45.725406646728516,19819083
2022-08-08,45.36284902138046,45.72540823830281,45.172940186772884,45.25926208496094,21808178
2022-08-09,45.276523869896685,45.80309597272779,45.10387679295662,45.457801818847656,16051580
2022-08-10,45.431910462410116,45.431910462410116,44.68953026225502,44.74132537841797,16302356
2022-08-11,45.1470403414739,45.734038461126474,44.78448442267223,45.68224334716797,22953884
2022-08-12,45.500964441477244,46.148388534132195,45.259260500636216,45.88941955566406,16987856
2022-08-15,45.898050205046886,46.26924027980356,45.33695130325295,45.57865524291992,18323472
2022-08-16,45.59592180040947,45.65634778734052,45.14704068822929,45.406009674072266,16335748
2022-08-17,45.457804597477704,46.51094886751386,44.983027576598374,46.122493743896484,23843481
2022-08-18,45.837626032408835,45.96711217261803,45.24199703197908,45.423274993896484,14088456
2022-08-19,45.47506831891212,45.58728941647903,45.10387824408784,45.414642333984375,13215250
2022-08-22,45.285159024930564,46.2260822256279,45.13841113608216,45.78583526611328,23817591
2022-08-23,45.708141498654314,45.83762434111659,44.88807032451642,44.99165725708008,22034863
2022-08-24,44.97439382428788,45.04345397710736,44.2924429265268,44.36149978637695,21584197
2022-08-25,44.36149384409104,45.24199091677961,43.99893796926162,45.08660888671875,20989258
2022-08-26,45.302416895917844,45.45779892597871,44.793109862489224,45.08660888671875,16040627
2022-08-29,44.542777872251825,45.63908310404746,44.465086846597984,45.12977600097656,16456070
2022-08-30,45.31105371018676,45.93257857380874,44.95712868612109,45.147037506103516,20270847
2022-08-31,44.97438969084611,46.31240203851216,44.96575881902157,45.95847702026367,46283836
2022-09-01,45.94984605618543,47.9093833937529,45.94984605618543,47.572723388671875,64210545
2022-09-02,47.57272273956154,47.57272273956154,45.898050316463134,46.31240463256836,36746048
2022-09-05,45.83762376570932,46.61453398260711,45.64771494055477,46.44188690185547,19027545
2022-09-06,46.45052496353497,46.795815861033844,46.09659990014118,46.14839172363281,17796217
2022-09-07,46.329667113092235,46.34693215095163,45.734038125304885,45.794464111328125,20995308
2022-09-08,45.794463766690946,46.3987269153451,45.794463766690946,46.07069778442383,15365677
2022-09-09,46.07069941553214,48.02160593943184,45.97574335114286,47.85758972167969,52388062
2022-09-13,47.8575845616503,49.117905880879505,47.5381896192077,48.763980865478516,34602446
2022-09-14,47.90938092231236,48.556804988830095,47.823059030630965,48.28057098388672,18747266
2022-09-15,48.2460434770187,49.37687875883941,48.073396391500914,48.634498596191406,28969848
2022-09-16,48.33236652872957,48.42731929324421,47.39144341188834,47.58135223388672,25993997
2022-09-19,47.1928994758544,47.85758861828507,46.71812245782371,47.46050262451172,20360049
2022-09-20,47.34828088587409,47.564088917793235,46.010271746569195,46.2001838684082,35065981
2022-09-21,46.98572694199462,47.01162285316003,45.1815715878216,45.62181854248047,26775169
2022-09-22,45.5268645337181,45.53549540621563,44.27517727154106,44.45645523071289,40143184
2022-09-23,44.11979349744461,44.79311348687672,44.024837438838716,44.318336486816406,17517602
2022-09-26,44.02483984436035,44.88807199817134,43.92988378056605,44.06800079345703,20553286
2022-09-27,44.15432729310587,44.78448638890595,43.420577964840724,44.611839294433594,24764967
2022-09-28,44.456457096619424,44.689530179466765,44.1111629087783,44.17158889770508,13557668
2022-09-29,44.430555922995865,44.68089072191471,43.42057268360674,43.59321975708008,25319493
2022-09-30,43.27382911181566,43.65365007682554,42.56597900390625,42.56597900390625,35563830
2022-10-10,42.565977954354615,43.152976072240385,41.832228660512754,42.039405822753906,26014496
2022-10-11,42.030769683082575,42.168886687099445,41.43514072069152,41.75453567504883,22003690
2022-10-12,41.47830077930285,41.69410879927109,40.57190775403003,41.668212890625,24097124
2022-10-13,41.426512993472215,41.435143866204484,40.58054257505749,40.62370681762695,27745374
2022-10-14,40.787720411236904,41.650952589252505,40.6582342673468,41.426513671875,31338771
2022-10-17,41.18480244348171,41.30565440985191,40.83087741641079,41.150272369384766,23501711
2022-10-18,41.4178749358053,41.564626102218895,40.85677605779088,40.95172882080078,27008601
2022-10-19,40.88267068666377,40.88267068666377,38.9921903770957,39.03535461425781,55654921
2022-10-20,38.67280145308768,39.08715250912793,37.86136437996337,38.310245513916016,36647844
2022-10-21,38.31887205582065,38.6555320449909,37.783669080549195,37.98221206665039,27243190
2022-10-24,37.72324243319208,38.258445399038344,36.51471620789376,36.5924072265625,45916936
2022-10-25,36.946337953794995,37.07582410256829,36.238487804565295,36.27301788330078,41440111
2022-10-26,36.4283931472876,37.30025606837133,36.39386307499525,36.65283203125,36281405
2022-10-27,36.86001852979587,37.11898755179585,36.5147243051494,36.756431579589844,22640281
2022-10-28,36.43702420334912,36.583775364850105,35.06448510598426,35.18533706665039,40175030
2022-10-31,35.15944653830369,35.219872527882146,34.61560933912812,34.684669494628906,34553505
2022-11-01,35.0299599582417,35.91045379638672,34.6069747832379,35.91045379638672,48067142
2022-11-02,35.737811909499214,36.77368784301687,35.5824298608777,36.32481002807617,38019949
2022-11-03,36.0831049488824,36.14353093885449,35.56516695113034,35.89319610595703,28853488
2022-11-04,35.936356168700875,37.42111326227706,35.89319521878326,37.19667434692383,45749125
2022-11-07,37.11897744500515,37.343416324836085,36.69599229963251,37.170772552490234,33159614
2022-11-08,37.22257498866976,37.369326188602635,36.75643206016312,37.118988037109375,30558188
2022-11-09,37.45564097064883,37.85272695352961,37.07582002523711,37.15351104736328,22990425
2022-11-10,36.903174117444024,37.10171711520027,36.71326199221227,37.09308624267578,22305399
2022-11-11,38.43972492676205,39.881324267389324,37.731874857749105,39.3892822265625,82883508
2022-11-14,41.36608388631161,42.39333227314538,40.83088086448868,41.26249694824219,100020407
2022-11-15,41.866756946021916,42.799049196785326,41.17617192303188,42.35879898071289,51228792
2022-11-16,42.6436699508192,42.6436699508192,41.573260625279026,41.83222961425781,25992649
2022-11-17,41.771801954205344,42.3846959719433,41.158907936467386,41.400611877441406,19284595
2022-11-18,41.74590837231633,41.90129042674187,41.15891023181302,41.40924835205078,16067621
2022-11-21,40.97763144926449,40.97763144926449,39.91585629383133,40.00217819213867,34523382
2022-11-22,40.05397274255061,40.60644078705984,39.622356671156616,39.967647552490234,23569157
2022-11-23,39.907221284424935,40.17482443227047,39.72594332603083,39.950382232666016,14255219
2022-11-24,40.35610423438045,40.744559372235756,39.518767969777855,39.63098907470703,21379992
2022-11-25,39.63098978919549,40.64960403883821,39.56193292620368,40.3043098449707,24697464
2022-11-28,39.432446546584174,40.09713572541001,39.04399140402759,39.95901870727539,22655140
2022-11-29,41.43514305351637,42.10846307438584,40.50285075418699,41.797698974609375,38928672
2022-11-30,41.59052490266097,42.28110995829249,40.99489590961053,41.32292175292969,27287554
2022-12-01,42.1343634302481,42.583244554092914,41.66821726783586,41.7027473449707,27604487
2022-12-02,41.469669342041016,41.95307719267923,41.227962123752896,41.469669342041016,17015014
2022-12-05,41.85812739562489,43.1616064618668,41.780436372274764,42.90263748168945,36106842
2022-12-06,42.894002693315265,43.73133890026365,42.315638755752005,43.16160583496094,32526956
2022-12-07,43.161606207126525,44.611836439123515,42.72999014505526,44.24064636230469,43656379
2022-12-08,44.32697370454302,45.30242704672166,43.88672671603811,44.67226791381836,39078018
2022-12-09,44.85354494555472,46.89940765894865,44.72406208953545,46.87350845336914,69940581
2022-12-12,46.355566339017955,47.45187154635562,46.0102721675999,46.98572540283203,46663287
2022-12-13,46.79581188549845,46.95982809387317,46.312404011474015,46.571372985839844,30619330
2022-12-14,46.13975938124779,47.52956367881461,46.13975938124779,47.3828125,26085029
2022-12-15,47.39144449544855,48.168351424228696,45.96711018656451,46.29513931274414,27804272
2022-12-16,45.993008081178196,46.74402242560313,45.552761131833705,46.61453628540039,19744959
2022-12-19,46.614532802629924,46.94256191845756,45.99300464484475,46.33829879760742,16076366
2022-12-20,45.75130614732143,45.828997176271514,44.499618811112136,44.516883850097656,27245386
2022-12-21,44.27517927134569,45.311058545210386,44.27517927134569,44.611839294433594,13074160
2022-12-22,44.83627633506848,45.99300753874567,44.68952845134081,45.06071853637695,22812320
2022-12-23,44.87080462465894,45.88078790439774,44.39602762336631,45.21609878540039,16343914
2022-12-26,45.475069419825026,45.647716506499314,44.33560325793167,44.45645523071289,15387918
2022-12-27,44.7067936739349,45.77719969192444,44.37876453611325,45.69950866699219,17339127
2022-12-28,45.25926158925924,45.53549561199875,44.80174960652867,44.93123245239258,16322911
2022-12-29,44.560042715804926,45.052084778472896,44.04210474235527,44.654998779296875,11995050
2022-12-30,44.71541976928711,45.319682866095505,44.62909788101546,44.71541976928711,12773275
2023-01-03,44.88806797572741,45.08661095815607,44.22337888169977,44.784481048583984,16362802
2023-01-04,44.62046802726271,46.46778756865668,44.585941244399734,46.39872741699219,26134113
2023-01-05,46.6145366851816,47.46913797331645,46.57137573573364,47.40007781982422,29421668
2023-01-06,47.4518704645316,47.61588338108286,46.53684323621335,46.623165130615234,19500149
2023-01-09,46.700853750261544,47.00298695106342,46.09659393459583,46.70948791503906,20427678
2023-01-10,46.605903737468125,46.95982877593477,46.12249256345328,46.182918548583984,15434014
2023-01-11,46.13975714651896,47.633148308408686,46.096596199417824,47.04615020751953,21461041
2023-01-12,46.87350045687605,47.47776356078898,46.623162367788424,47.27922058105469,14581825
2023-01-13,47.36554780290177,48.341001067910675,47.046152825020215,48.2978401184082,26580330
2023-01-16,48.36689519818752,50.378227642047,48.358264325792554,49.808494567871094,33018079
2023-01-17,49.799859778681345,50.22284496605952,49.33371693689972,50.06746292114258,18811356
2023-01-18,50.067462128201115,50.499078181030434,49.52362497960481,49.72216796875,13035753
2023-01-19,49.601317753324004,49.67900877729699,48.94526277875043,49.53226089477539,19467945
2023-01-20,49.60131454640061,49.92934365896364,49.16969850622733,49.27328872680664,10860828
2023-01-30,49.58404697801329,50.13651824732144,47.98706902809705,48.03886413574219,25619569
2023-01-31,47.823060595163625,48.47048468286186,47.477766431203555,47.650413513183594,23259835
2023-02-01,47.72810391457028,48.33236704715544,47.00298881406192,47.90938186645508,26724709
2023-02-02,47.866222987722495,47.99570583339032,46.286506585414536,46.58000564575195,36767804
2023-02-03,46.35556564057546,46.571373671217835,45.630450525898326,46.01890563964844,20830020
2023-02-06,45.58728966143595,45.58728966143595,44.09389848182568,44.24064636230469,42185653
2023-02-07,44.33560325793167,44.629102317387186,44.1111610573643,44.45645523071289,20900869
2023-02-08,44.36149929009272,44.45645535267255,43.90398730817462,44.033470153808594,19101762
2023-02-09,43.85219035314119,44.65499647565183,43.58459050761709,44.48234939575195,22738253
2023-02-10,44.326966461034935,44.672260613885456,44.27517464318572,44.56003952026367,13988866
2023-02-13,44.45645392745426,45.388746192383365,44.050733779608905,45.26789093017578,30639111
2023-02-14,45.27652453555965,45.449171615038,44.72405651560424,45.0693473815918,21437513
2023-02-15,45.060714564907805,45.06934543667315,44.18021746123735,44.32696533203125,17948800
2023-02-16,44.111158487685536,44.67226066344788,43.852189519244874,44.26654052734375,21698675
2023-02-17,44.067995156821496,44.456450234943915,44.04209924926964,44.35286331176758,15806609
2023-02-20,44.45645576686689,46.34693299167829,44.11979575492493,46.01027297973633,38313606
2023-02-21,46.01027202741895,46.44188809389186,45.51822997507736,46.21744918823242,25649338
2023-02-22,45.751302041925534,45.906684085882816,45.241994962947594,45.5613899230957,22911545
2023-02-23,45.57002486214644,46.51094801410197,45.57002486214644,46.07069778442383,24010720
2023-02-24,45.90668639672486,46.0879643594771,45.59592229316711,45.734039306640625,16927779
2023-02-27,45.40600789370436,45.73403701916043,44.76721797320323,45.23336410522461,16947143
2023-02-28,44.90533530245828,45.87215435536305,44.90533530245828,45.28515625,19404536
2023-03-01,45.32831797926606,47.469136572791605,45.32831797926606,47.14973831176758,43297470
2023-03-02,47.13247002668054,48.0647622492723,46.74401822690301,47.3482780456543,25548979
2023-03-03,47.6935744604363,48.20288154114434,47.18426737972826,47.650413513183594,19741500
2023-03-06,47.33964784163908,47.477764844011986,46.45051984467405,46.4677848815918,25935684
2023-03-07,46.47641829989625,46.93393027789078,45.492334192452574,45.63045120239258,19473791
2023-03-08,45.449172753137766,45.57865559626207,44.94849653940995,45.13840866088867,14494798
2023-03-09,45.138411213223606,45.967113310767026,45.12114617457027,45.49233627319336,13013102
2023-03-10,45.09525060195429,45.319689520195375,44.04210628697287,44.154327392578125,19213389
2023-03-13,44.03346875677725,45.09524715651115,44.024837884529866,44.93986511230469,19483658
2023-03-14,44.64636947250269,44.81038240148773,43.765872252382565,44.154327392578125,16501073
2023-03-15,44.45645904008426,44.56868014998391,43.50690492146446,43.55869674682617,20945617
2023-03-16,43.230666550041335,43.49826640221592,42.85947647157087,43.196136474609375,12181953
2023-03-17,43.59322004094679,44.180218118797065,43.2133991112074,43.44647216796875,20123077
2023-03-20,43.31698870658346,44.1370598917016,43.24792855530354,43.54142761230469,16301524
2023-03-21,43.6363828157271,45.00892201221679,43.6363828157271,44.97439193725586,23146646
2023-03-22,45.06071685508247,45.121142839418006,44.28380663795534,44.62910079956055,13554248
2023-03-23,44.43918984663896,44.88807095130836,44.36149882288908,44.732688903808594,12379007
2023-03-24,44.7326862200773,45.034816131551004,44.577304181899656,44.96575927734375,13277563
2023-03-27,44.965764054113485,45.285159036311,44.6291040332878,44.75858688354492,12768345
2023-03-28,44.629099720285815,44.95712883658105,44.076631709453274,44.1025276184082,12867893
2023-03-29,44.352871221882985,44.516884153910496,44.11116396740567,44.37013626098633,12803042
2023-03-30,44.326969376245366,47.305120938292866,44.2838084275428,47.02025604248047,57157412
2023-03-31,46.7094923639832,47.14973931346747,46.06206824870264,46.450523376464844,27788750
2023-04-03,47.477766257191796,47.82306041988632,46.78718122477193,47.21016311645508,37391478
2023-04-04,47.046146070013485,47.23605817211955,46.398722041527066,47.15836715698242,17989125
2023-04-06,46.97709249290148,47.47776872554157,46.39872852723381,46.63180160522461,15243479
2023-04-07,46.536845119938924,47.710841371953215,46.536845119938924,47.201534271240234,15864067
2023-04-10,46.959830923656014,47.52956401878042,46.62316761442714,47.270591735839844,15649255
2023-04-11,46.96846240319263,48.660396672031354,46.95983153036881,48.202884674072266,32436552
2023-04-12,48.20288091411249,48.988421998582446,47.82305997307255,47.90938186645508,22302460
2023-04-13,47.520930861741256,47.72810803389722,46.735389709472656,46.735389709472656,18259494
2023-04-14,46.76991365622893,47.17563378149271,46.46778374994889,46.56273651123047,14212447
2023-04-17,46.53684529800943,47.97844470776855,46.519580259770294,47.84032440185547,26228048
2023-04-18,47.6504152902626,49.54952667693021,47.62451608656973,49.014320373535156,38706349
2023-04-19,49.01431689499854,49.420037030043325,48.38415786601629,48.410057067871094,19188658
2023-04-20,48.49638549408564,50.10199792072946,48.49638549408564,49.238765716552734,36794925
2023-04-21,49.549525483178094,50.58540140279553,48.988423282577614,49.074745178222656,39892402
2023-04-24,48.513648258418144,50.714889617254016,48.349632039815134,49.23012924194336,33992120
2023-04-25,49.20422909304433,50.10199125628264,48.03886708960724,49.76533126831055,42962096
2023-04-26,49.22149692980328,49.50636182314908,48.31510384302044,48.94526290893555,23934184
2023-04-27,48.48774584790169,49.851654156977524,48.48774584790169,49.42866897583008,15777059
2023-04-28,49.42004053737382,49.50636243509854,48.522278311971775,49.014320373535156,15690551
2023-05-04,49.39414283319242,50.45591794290703,48.2115124608943,48.8416748046875,26856562
2023-05-05,48.68629626104905,48.68629626104905,46.683597867221394,47.762638092041016,34212287
2023-05-08,47.76263793039889,48.33237103545674,47.0202577313603,47.48640060424805,20872170
2023-05-09,47.305118560791016,47.96117680278681,46.62316440946904,47.305118560791016,18139372
2023-05-10,47.04614888418731,48.34099701861449,46.51094591065542,47.82305908203125,17462598
2023-05-11,47.952548099187275,48.96253148653779,47.771270127319326,47.86622619628906,12622453
2023-05-12,47.76263365478039,49.62721485832595,47.7453686176309,48.18561553955078,16559010
2023-05-15,48.220144625226965,48.97978977938415,47.48639537977852,48.850303649902344,14066647
2023-05-16,48.850305043546534,49.41140723001654,47.572721920952254,47.7798957824707,13612588
2023-05-17,47.66768035266679,48.6862945525897,47.31375530306438,47.495033264160156,9076272
2023-05-18,47.60725408319003,47.84032386437651,47.08931282074296,47.47776794433594,11069523
2023-05-19,47.1842698955276,49.08338131262755,47.1842698955276,48.16835403442383,20384343
2023-05-22,48.16835442589114,49.161072738547674,48.16835442589114,48.953895568847656,15199783
2023-05-23,48.93663007417132,49.161072280335176,48.237414130510864,48.2978401184082,15585136
2023-05-24,48.18561773532951,48.2460437216217,46.182919436295904,46.26924133300781,26674242
2023-05-25,46.09659630601304,47.03751944405801,45.47506812881806,46.623165130615234,17143391
2023-05-26,46.623162169060635,47.00298638342813,46.16565023044777,46.83897018432617,11166052
2023-05-29,46.84760916309333,47.21016508537083,45.82036409033776,46.1397590637207,17433449
2023-05-30,46.13975837174671,46.32103633016677,44.70679315634043,45.17293930053711,32084604
2023-05-31,45.397378696821896,45.49233475977155,44.11116135017812,44.30970764160156,28064959
2023-06-01,44.482113776425315,45.18990639417633,44.03747260529804,44.3641471862793,34893493
2023-06-02,45.37139502818273,47.276992234741314,45.3623222722647,47.004764556884766,49939227
2023-06-05,47.64903692989635,49.13722157561879,46.81420493353851,48.946659088134766,39939970
2023-06-06,48.946659700921,50.18983841678166,48.13904942342317,49.19166564941406,34261827
2023-06-07,50.36224820926718,50.60725415648357,49.44574755773568,50.13539123535156,36908674
2023-06-08,50.54373533528934,51.82320855134384,50.090021379786855,51.623573303222656,47553147
2023-06-09,52.17710331839906,52.413033045099034,50.60725349481562,50.91577911376953,41065187
2023-06-12,50.924853015321915,52.46748114480038,50.543734957101634,52.04098892211914,39621001
2023-06-13,51.95932146620102,52.42211164645994,51.05189354113485,51.3694953918457,24850143
2023-06-14,51.932098283552136,52.61266920831546,51.3785667108946,51.79598617553711,36000680
2023-06-15,51.95931925427932,53.15712724901346,51.73246228267014,52.63081741333008,31276544
2023-06-16,52.99379182875265,53.52917443916782,52.08636391018882,52.94841766357422,30006082
2023-06-19,52.63081755587967,52.75785690647487,51.45116199262939,51.55097961425781,28911037
2023-06-20,51.65079291906248,53.4656486668001,51.54190254343576,52.249698638916016,24381022
2023-06-21,52.630816627996055,54.08269984000538,52.08636128888322,52.88489532470703,45130347
2023-06-26,54.291413663818744,54.40030404407594,52.449332647669486,52.75785827636719,33558138
2023-06-27,52.83045479721671,54.58179096594468,52.521929164861454,54.164371490478516,48123655
2023-06-28,53.94658967887913,54.91753726092175,53.72880545845298,54.17344665527344,32790073
2023-06-29,54.19159302461832,54.25511269803129,52.83045123166156,53.665283203125,27678349
2023-06-30,53.74695637287033,54.28233899495723,53.138981315728415,53.46565246582031,26487591
2023-07-03,53.42935602899158,54.79049788683178,52.930271373429385,53.59269332885742,31876184
2023-07-04,53.792326068707695,54.08270272660808,52.73970981842808,53.447505950927734,21944569
2023-07-05,53.6199149588262,53.83769917876416,53.01193646343968,53.64713668823242,18701574
2023-07-06,53.65621130303499,54.21881561718921,52.90304450404113,52.9665641784668,16957694
2023-07-07,52.66711610319794,53.16620075547245,51.90487652936612,52.403961181640625,29379608
2023-07-10,52.46747983973211,52.567297460562976,50.85225931810581,51.38764190673828,32085974
2023-07-11,51.54190293588469,51.79598509636518,51.178933860511044,51.41486358642578,15802795
2023-07-12,51.632647475535926,52.70341264503167,51.17893353800596,51.805057525634766,18781502
2023-07-13,51.904877822429974,52.92119612567021,51.904877822429974,52.44933319091797,16930674
2023-07-14,52.40396303633974,52.87582597603718,51.741541061830695,52.14080810546875,10500005
2023-07-17,51.90487786246829,51.90487786246829,51.08819134754351,51.84135818481445,9042488
2023-07-18,52.08636337168566,52.08636337168566,50.51651004262515,51.48746109008789,23988228
2023-07-19,51.6235747617451,52.94841871846814,51.42393950798361,52.74878692626953,27804425
2023-07-20,52.540073609915076,53.22064449366236,52.122654170429236,52.204322814941406,14051590
2023-07-21,52.22247625073747,52.70341540355442,51.71431882950678,51.84135818481445,12070921
2023-07-24,51.84135737061468,52.05006537413695,50.93392946231121,51.51468276977539,11588757
2023-07-25,52.5037775711461,53.792323496263165,52.449330652307474,53.52009582519531,37648119
2023-07-26,53.36583537937976,54.028257322727974,53.066382514565575,53.157127380371094,18752582
2023-07-27,53.12990303811308,53.64713666599322,52.94841676516714,53.066383361816406,15197044
2023-07-28,53.26601766637393,54.282335930713025,52.73063507450944,54.20974349975586,24004126
2023-07-31,55.307733225828464,55.6253316178519,53.674363638234084,53.8286247253418,32518268
2023-08-01,53.82862507775996,54.16437244603472,52.748787076247694,52.8576774597168,20418627
2023-08-02,52.72156318436146,53.374912424413935,52.42211375704605,52.90304946899414,23543608
2023-08-03,52.6126708984375,52.812306150481206,51.71431918736652,52.6126708984375,23362911
2023-08-04,52.90304730490545,53.52917478819726,52.45840956038514,52.558223724365234,19663692
2023-08-07,52.440262040649685,52.80323114356917,52.031918770997706,52.52193069458008,15370696
2023-08-08,52.17710645575273,52.222477160358196,51.68709453826274,51.723392486572266,13635468
2023-08-09,51.89580130256674,52.358591478493416,51.759689192018676,52.23155212402344,15143409
2023-08-10,51.91394871936145,51.995617367866124,50.36224785933535,51.13356018066406,38530464
2023-08-11,51.07911825238263,51.2243065805653,50.035574763745274,50.07187271118164,25533312
2023-08-14,49.454819334102744,50.425766886305986,49.25518409331091,50.30780029296875,19516687
2023-08-15,50.189837950009625,50.41669492299754,49.545561515936285,50.0537223815918,16370434
2023-08-16,49.7270466442614,50.23520749824295,49.32777962713759,50.11724090576172,15358726
2023-08-17,49.81779534875484,50.76151777666823,49.48204451823779,50.6707763671875,15216504
2023-08-18,50.61632730159417,50.67984697785399,49.572787290495086,49.71797561645508,13463834
2023-08-21,49.554636185380566,50.235207083085164,49.318703002367926,49.34592819213867,13117158
2023-08-22,49.273333352461506,49.61815691722418,48.46572309047638,49.33685302734375,23054276
2023-08-23,49.10999743728133,49.600009338631416,48.63813450948822,48.74702835083008,15798313
2023-08-24,48.992031878238286,50.31687572830268,48.54739070199231,49.95390319824219,25583579
2023-08-25,49.86316216108008,50.806887976887296,49.47296789995908,50.14446258544922,16472788
2023-08-28,51.995618383265935,52.6126696370041,50.6163275491196,50.961151123046875,28800377
2023-08-29,50.70707466490208,51.26060626661105,50.407621780739696,50.86133575439453,21787121
2023-08-30,50.85226210034555,51.886729388167694,50.55280922146922,51.560054779052734,23366421
2023-08-31,51.99561640873753,52.44933034504687,51.25152583011523,51.27874755859375,28083765
2023-09-01,51.72339065937171,53.08453251882886,51.71431790339627,52.567298889160156,26650564
2023-09-04,53.08453449555577,53.356762185271684,52.28599693903459,52.8304557800293,20090011
2023-09-05,52.86674783716825,53.07545929997336,52.276921780151774,52.431182861328125,15309015
2023-09-06,52.18617577934374,52.630816962980624,51.61449870810544,51.88672637939453,20888335
2023-09-07,51.80506149392689,51.832283224563845,51.26967886816846,51.33319854736328,13639911
2023-09-08,51.48745969950453,51.56912834758772,50.64355148983246,50.88855743408203,8400181
2023-09-11,51.097271110000385,51.614504784813704,50.82503994509817,51.20616149902344,14072130
2023-09-12,51.197082966853216,52.37674206394693,51.08819258275144,51.9139518737793,16403440
2023-09-13,51.81413389578321,52.21340440406225,51.45116479737656,51.723392486572266,10743402
2023-09-14,51.73246038474817,51.959317348034595,51.05188949488891,51.31504440307617,10289465
2023-09-15,51.3967167033095,51.44208740688074,50.180763155161365,50.625404357910156,16451182
2023-09-18,50.634476270519244,51.35134514431647,50.099093669546505,50.90670394897461,14427793
2023-09-19,50.80689229295621,50.95208062606324,50.31688037063389,50.86133575439453,12366126
2023-09-20,50.84318474590834,51.94117514901206,50.570957064919405,51.623573303222656,21380110
2023-09-21,51.6144993656694,51.6144993656694,50.834110826219316,51.10633850097656,16769142
2023-09-22,51.351344680519965,51.82320760097676,50.97022316487449,51.768760681152344,22170248
2023-09-25,51.62357163287816,51.62357163287816,51.024669369455616,51.38764190673828,16643159
2023-09-26,51.50560357781667,51.90487404981286,50.81595993041992,50.81595993041992,18934941
2023-09-27,50.815962746720594,51.41486502634444,50.298729117116494,50.988372802734375,18810949
2023-09-28,51.16985634962103,51.26967396783319,50.280577464327536,50.34409713745117,17097578
2023-10-09,50.32595118216535,50.91578070974775,49.81779376671002,50.59817886352539,28659545
2023-10-10,50.35317833148366,50.607257049091714,49.38222724298953,49.6998291015625,21499637
2023-10-11,49.68168012722437,50.7161474335576,49.454823140342064,49.6998291015625,20418379
2023-10-12,49.90853800757971,50.34410301480376,49.55464165555786,50.16261672973633,17604242
2023-10-13,50.08094264268778,50.30779960902611,49.48204039001708,49.89945983886719,12996004
2023-10-16,49.72705033071606,50.28058192697575,49.72705033071606,49.98113250732422,15020214
2023-10-17,49.98113156693979,50.806890836863346,49.953906375437974,50.70707321166992,16830158
2023-10-18,50.52558481204498,50.71614383673645,50.09909259925322,50.335025787353516,10637084
2023-10-19,50.17169082608954,50.17169082608954,49.16444527504652,49.209815979003906,20196084
2023-10-20,48.94665889817043,49.05555273675659,47.984787554931444,48.257015228271484,21089804
2023-10-23,48.09368058325539,48.66536115187886,47.8305256511757,48.32053756713867,16864366
2023-10-24,48.10275068772244,48.53831911894171,47.3677363158606,48.257015228271484,25019782
2023-10-25,48.81054623498887,49.01017801365885,47.313288856369525,47.56736755371094,25856546
2023-10-26,47.38588115969492,47.839595062912025,47.2134676610725,47.64903259277344,15165512
2023-10-27,47.51292716266877,49.00110842009569,47.3768115879878,48.76517868041992,25318794
2023-10-30,48.39312978330231,49.581858073049354,48.39312978330231,49.45481872558594,16488474
2023-10-31,49.27333532976252,49.27333532976252,47.82145204338727,48.02108383178711,23807212
2023-11-01,47.92126987015787,48.51109594329776,47.82145224475623,48.102752685546875,18933823
2023-11-02,48.09367793195493,49.373151112059524,47.92126787987086,48.257015228271484,20085478
2023-11-03,48.202569954691505,48.411277960096584,47.839600865033326,47.912193298339844,17740644
2023-11-06,48.09367522611809,48.36590288414211,47.821447568094065,48.2207145690918,24918224
2023-11-07,48.184417724609375,48.34775501546399,47.7125582860989,48.184417724609375,18898188
2023-11-08,47.776078688366624,48.084604302294885,47.64903587899166,47.95756149291992,21385728
2023-11-09,47.98479115980011,48.39313443126839,47.50385199048728,47.59459686279297,14146893
2023-11-10,47.45848053412922,47.96664142631112,47.41310982947579,47.82145309448242,13027077
2023-11-13,47.767001413191934,47.767001413191934,45.988443660087725,46.33326721191406,38291558
2023-11-14,46.29697302863884,46.65994212075839,46.09733777795725,46.36049270629883,24802793
2023-11-15,46.67809210393345,46.96846876853313,46.23345435069897,46.768836975097656,19636284
2023-11-16,46.64179796476934,47.358663413715256,46.56012931089412,46.95939636230469,21605533
2023-11-17,46.823278537062535,47.15902935440757,46.46938220778354,47.05921173095703,13513422
2023-11-20,46.76883623128192,48.00293876698469,46.76883623128192,47.576446533203125,18219075
2023-11-21,47.748857953368244,48.26609161004043,47.59459686279297,47.59459686279297,15845902
2023-11-22,47.59459247582791,47.730704579396104,47.0955078396193,47.322364807128906,9786906
2023-11-23,47.322368319759455,48.030161003227214,47.05013716929075,47.87589645385742,10103351
2023-11-24,47.912195210420485,47.95756591574306,47.24977322033464,47.62181854248047,15724530
2023-11-27,47.576446933849795,47.576446933849795,46.95939566080215,47.15903091430664,15922506
2023-11-28,47.36773732845389,47.91219268677295,46.75975883215362,47.66718673706055,21787637
2023-11-29,47.66718687136038,47.71256103598376,46.932172481715064,47.1953239440918,12426538
2023-11-30,47.01384167486756,47.18625173311441,46.65086912306464,46.88679885864258,12861862
2023-12-01,47.45847445959434,47.51292137514715,45.67084400180754,45.87047576904297,31604983
2023-12-04,45.80696029444926,46.0882641915637,45.226206988269674,45.45306396484375,22058672
2023-12-05,45.453062200221844,45.54380360270353,44.66360092163086,44.66360092163086,22510318
2023-12-06,44.518413699171134,45.05379629477337,44.23710980603684,44.62730407714844,19114114
2023-12-07,44.790644874584835,45.81603944354755,44.66360551342472,45.5710334777832,25021860
2023-12-08,45.53472806978314,46.35141448855662,45.45305942790579,45.67991638183594,21811340
2023-12-11,45.23527795895394,46.641793927452724,44.66360089287471,46.29697036743164,25201467
2023-12-12,46.73253781187768,46.77790851549898,46.02474514300953,46.27882385253906,17204815
2023-12-13,46.18808294253881,46.26975159456149,45.834183142731995,45.997520446777344,12858695
2023-12-14,46.197153642338044,46.705314505810534,45.897704239293006,46.17900466918945,16563410
2023-12-15,45.834182687295076,46.36956529822098,45.64362365498996,45.67084884643555,20470155
2023-12-18,45.39861786213452,46.44216135779922,45.14453915149455,46.36049270629883,22307469
2023-12-19,46.35141666092465,46.35141666092465,45.78880889648503,46.051963806152344,16954533
2023-12-20,46.051966822972325,46.64179635409857,45.843258817290234,46.30604553222656,25417029
2023-12-21,46.47845749141842,47.44032883647792,46.16085565395169,47.20439910888672,27421212
2023-12-22,47.10458305580462,48.084606868189056,46.91402402391746,47.884971618652344,22728114
2023-12-25,47.74885308465523,48.32053360641941,47.576443037198615,47.79422378540039,11314960
2023-12-26,47.748855996446686,48.30238757935541,47.66718734550011,47.912193298339844,16152328
2023-12-27,47.894043402416635,48.728878869524884,47.83959994387576,48.63813400268555,20306883
2023-12-28,48.49294668770064,49.14629589630607,48.32053662945766,49.046478271484375,24728048
2023-12-29,49.06462358157243,49.89038278676135,48.7470252186392,49.572784423828125,25937253
2024-01-02,49.57278939330972,49.95390746703521,49.182595101697686,49.50926971435547,23905697
2024-01-03,49.5364898849137,49.72704891577547,49.091848684673465,49.40945053100586,20689673
2024-01-04,49.600008638448195,50.19891091112292,49.40944961113413,50.13539123535156,26702502
2024-01-05,50.0900223908052,50.88855993784485,49.77242053860532,50.4529914855957,30042877
2024-01-08,50.4529903645315,50.4529903645315,49.56371142894469,49.90853500366211,27809739
2024-01-09,49.64538152677843,50.20798933918564,49.10092615003395,50.06279754638672,21607041
2024-01-10,50.06279539158596,50.60725420645873,49.76334598573425,50.10816955566406,17820813
2024-01-11,50.10817025137685,50.3531762022369,49.663529052802055,49.90853500366211,21236920
2024-01-12,49.81779359737147,50.55280798838887,49.52741694336609,49.90853500366211,24361080
2024-01-15,49.763347342739344,50.797814619175135,49.60001003997971,50.70707321166992,19124097
2024-01-16,50.46206663604323,51.678020174076664,49.99927646340303,51.650794982910156,33730399
2024-01-17,51.38764370621829,51.98654599061305,51.151710510253906,51.151710510253906,26914126
2024-01-18,51.53283233911851,51.71431861518998,49.98113142875487,51.17893600463867,39023100
2024-01-19,50.815961443697816,51.360416788826655,50.688922093938594,50.94300079345703,29937004
2024-01-22,50.707071985541425,51.414864639343094,49.981130358365014,50.21706008911133,35980322
2024-01-23,50.38039713171675,51.44208610702013,49.72704793979916,51.16078567504883,28848518
2024-01-24,50.95207539202163,52.12265469301577,50.834108801751846,51.89579772949219,26463721
2024-01-25,51.995617367866124,52.168030882244146,51.033746020547404,51.13356018066406,24963629
2024-01-26,51.133560088748894,52.40396051619071,51.133560088748894,52.18617630004883,32745737
2024-01-29,52.540077331486096,53.97381162812355,52.34951483975123,53.25694274902344,37498736
2024-01-30,53.26602077588734,53.71973474593482,52.630820525508284,52.8304557800293,27373299
2024-01-31,52.5491518219186,53.48380149161776,52.104510608611854,52.8576774597168,25544153
2024-02-01,52.839527243242664,53.955663166857626,52.630819237515915,53.36583709716797,30340175
2024-02-02,53.084534444522454,53.429358030664645,52.00469644301019,52.8576774597168,28950504
2024-02-05,52.6308192500209,54.08270253436188,52.46748194783719,53.946590423583984,46160268
2024-02-06,53.77417542528572,55.16254245567571,53.5563946694036,54.40030288696289,37946385
2024-02-07,53.801400520655335,55.50736246444041,53.56546733037774,55.452919006347656,46195919
2024-02-08,55.616255856665504,56.587203415891615,54.427524082130994,54.70882797241211,34723180
2024-02-19,55.988304181829015,55.988304181829015,54.27326594159178,54.99013137817383,35695854
2024-02-20,54.717899919677436,56.069968970324936,54.14621939180717,55.98830032348633,29630917
2024-02-21,55.35310627384495,56.75961893767103,55.06272959982523,55.997379302978516,27797182
2024-02-22,55.5436607215649,56.06997056315678,55.3803234232476,55.67070007324219,19259055
2024-02-23,55.97015577414894,56.3512738484748,53.82862527585257,54.100852966308594,43093597
2024-02-26,54.30955987900253,55.80681733856476,54.30955987900253,54.71790313720703,34097731
2024-02-27,54.98106128044689,56.251461833231495,54.536420048503366,56.18793869018555,28014795
2024-02-28,56.26053197687585,56.54183588292286,55.30773333732198,56.09719467163086,25367364
2024-02-29,56.260529992577084,57.60352287378656,56.03367301680056,56.832210540771484,48920998
2024-03-01,57.621670675244594,58.53817477721571,57.05906635599944,58.50187683105469,32844906
2024-03-04,58.98281892198543,59.89024690540059,57.621676946862685,58.61984634399414,37384392
2024-03-05,58.665215305032355,59.34578623218325,57.57630112927837,59.01911163330078,35525326
2024-03-06,58.89207382779939,59.4637509292985,58.34761845640134,58.538177490234375,21923001
2024-03-07,58.483729826049206,60.48007551149437,58.25687283382539,59.708763122558594,30634033
2024-03-08,59.7722791908495,60.33488006676062,58.87392057128883,59.98098373413086,26125410
2024-03-11,59.97190476146931,59.98098097866802,58.58354122445167,59.363929748535156,28027002
2024-03-12,59.30041494858512,59.30041494858512,57.213331362911724,58.19335174560547,50739915
2024-03-13,57.766859275504245,58.37483776114923,57.1679570072244,58.1389045715332,32723164
2024-03-14,57.94834521890423,58.755955481714054,57.71241203061839,58.52909851074219,31531677
2024-03-15,58.42928338596377,58.529101011305976,57.44018681180632,58.09353256225586,25463904
2024-03-18,57.966494792682404,57.97556754852773,56.57812776208416,56.58720397949219,42501113
2024-03-19,56.44201596402076,57.27684796886891,56.41479077321034,56.80498504638672,29794618
2024-03-20,56.442014674891546,56.71424234583904,55.71607306517733,56.15163803100586,37790890
2024-03-21,56.17885798245477,56.29682457203987,54.56363751924164,54.94475555419922,39189153
2024-03-22,54.95383607634736,56.85036056743679,54.89938915498972,56.82313537597656,43156777
2024-03-25,56.432944424786754,57.76686465350791,56.06089909412097,57.07722091674805,26903326
2024-03-26,56.541830301625964,57.394811230269035,56.541830301625964,56.913875579833984,25353749
2024-03-27,56.74146881376754,58.8739231194582,56.72331983931347,57.775936126708984,34842794
2024-03-28,58.28409383691249,59.33670654262084,57.33129182540379,58.60169219970703,45185411
2024-03-29,58.60169519583438,59.645238661048296,57.984643949517704,58.275020599365234,15456140
2024-04-01,58.52910094926165,60.144321542176826,58.16612839595893,60.08987808227539,32771225
2024-04-02,59.890242781729064,60.37117847212467,59.663385801495245,60.11709976196289,22653632
2024-04-03,60.07173068557997,60.70693443792067,59.87210234148842,60.55267333984375,20626495
2024-04-08,60.54359387276348,60.66155701382335,58.683363807824,59.273193359375,32434492
2024-04-09,58.982813686411006,59.52726904350663,58.819476386969775,59.01911163330078,19478279
2024-04-10,58.86484930562165,60.07172312931978,58.58354195396052,59.1370735168457,18081970
2024-04-11,58.937443280072785,59.844871240801396,58.6289210965255,59.04633712768555,19004769
2024-04-12,58.97373318984909,59.52726472428499,58.601691376693395,58.882991790771484,21734388
2024-04-15,58.882999339311006,60.797672874738666,58.719662030782196,60.65248107910156,31783741
2024-04-16,60.5980294998996,62.40380894670649,60.40747048599661,61.986392974853516,39191380
2024-04-17,61.70509353851042,62.43103858468409,60.77952018160778,62.23140335083008,24549649
2024-04-18,62.23140869083831,64.72683548189318,62.04991895215893,63.519954681396484,39542136
2024-04-19,63.00272104163014,64.0462645388782,63.00272104163014,63.519954681396484,28812335
2024-04-22,63.70143649121096,64.59979510645759,63.06623972367595,63.501808166503906,28943754
2024-04-23,63.3656888057245,63.51994987959635,61.333045424927334,62.058990478515625,38217940
2024-04-24,62.01362057067967,62.285851715231836,60.57081350467972,61.614356994628906,30783047
2024-04-25,60.9156327375232,62.21325491789948,60.9156327375232,61.92287826538086,22033298
2024-04-26,61.93195393841114,62.294926481649625,61.178787122738235,62.04084777832031,24225747
2024-04-29,61.97732975146659,62.503632683883595,61.00638215326759,61.88658142089844,33226398
2024-04-30,60.65247978792582,64.56349889135033,60.61618876291498,63.32032012939453,57131843
2024-05-06,63.973664622312754,64.84479454384156,63.202352320002106,64.43645477294922,46179914
2024-05-07,64.25497249868248,65.63426689343288,64.08256589168319,64.51812744140625,30431457
2024-05-08,63.97366640340313,64.7359025097903,63.87384878140595,64.20052337646484,17661960
2024-05-09,64.42738000215131,65.64333004810582,64.08255989728183,65.19869232177734,28571831
2024-05-10,65.51629831163353,65.63426838149958,64.73590968396682,65.22592163085938,22487905
2024-05-13,65.22591339965878,66.23315889841841,64.15514822634339,65.97908020019531,27167410
2024-05-14,65.95186716100004,66.14242620977436,63.70144268014501,64.28219604492188,39923610
2024-05-15,64.90757900923522,66.42366700009173,64.53803278737888,66.10150146484375,30189455
2024-05-16,66.10150069527026,66.13940379826012,65.19184791134681,65.70352172851562,24600403
2024-05-17,65.17289379430036,65.85513520054441,63.03141543120717,64.46222686767578,41848256
2024-05-20,63.49572329881669,64.3200923104749,62.737675682143674,63.07879638671875,42643037
2024-05-21,62.79452705765696,63.770515718837906,62.72819843304057,63.05984878540039,24358794
2024-05-22,62.86086109391262,63.05037663004459,61.884879577988116,61.97964096069336,26105215
2024-05-23,61.97015852388327,62.7187285671098,61.59113471057797,62.29232406616211,24096149
2024-05-24,61.970155603823834,63.46729561973104,61.68588594992028,63.12617492675781,25926968
2024-05-27,63.012470826792075,64.69911926517057,62.102817980114175,64.04530334472656,30546219
2024-05-28,64.05478175094608,64.22534211371816,63.01247163590703,63.51467514038086,19173667
2024-05-29,63.10722380527429,63.67575592023966,62.06491372295808,62.39655685424805,24132098
2024-05-30,62.26389934848113,62.71872937617031,61.723792757069134,61.761695861816406,19358623
2024-05-31,61.771173091987755,62.13124174111013,61.16473787805639,61.36372375488281,26129419
2024-06-03,61.47743108584972,62.822966109039726,60.89942134366776,61.61008834838867,35755629
2024-06-04,61.581658116945945,61.581658116945945,60.07504765217223,61.28791809082031,30621198
2024-06-05,61.16474061276624,61.7806462084092,60.45407002228214,60.56777572631836,28331925
2024-06-06,60.4540669473399,62.56711621428381,60.4540669473399,62.311279296875,43603719
2024-06-07,61.78064795321237,62.017536951850886,60.36879154552483,61.74275207519531,40064590
2024-06-11,61.11735517061673,63.01246695885291,60.81413757367006,61.59113311767578,33689664
2024-06-12,61.43952721683063,62.292329057784976,61.145787171888,61.74275207519531,25707199
2024-06-13,61.88487794320873,62.01753520035752,60.321412765133346,60.56777572631836,27485047
2024-06-14,60.179277794588415,62.31128233217382,60.1698038253721,62.16914749145508,37924447
2024-06-17,62.31127943527808,62.31127943527808,60.81413934396325,61.145782470703125,25335808
2024-06-18,60.92784795945557,61.771172141771075,60.330883108881345,61.43952178955078,21867469
2024-06-19,61.37319629810145,61.66694356137032,59.50651351638339,60.64358139038086,34699957
2024-06-20,60.54882544577419,61.35424654138855,60.20770473222114,61.088932037353516,28085788
2024-06-21,61.107880308826815,61.35424687646686,60.169801956071744,60.5962028503418,24153669
2024-06-24,60.36878969172195,62.11229642738668,60.27403554103196,61.4774284362793,30799053
2024-06-25,61.44900171983474,62.339706623423474,61.13630652228404,61.865928649902344,25309206
2024-06-26,61.60061096803309,61.960679606819916,60.558297311198395,60.88046646118164,23831407
2024-06-27,60.69096119605746,61.098410541760494,60.14137701268533,60.73833465576172,27409461
2024-06-28,60.16979944983194,61.39214742427887,60.150847898138316,61.11735534667969,25195612
2024-07-01,60.91837448025869,61.951207022615904,60.264558544354315,60.728858947753906,19528313
2024-07-02,60.35931189032687,60.8330862283363,59.50651012970428,59.696022033691406,29181345
2024-07-03,59.74340071008628,60.34036195854998,59.44966068492655,59.724449157714844,18120842
2024-07-04,59.88554000834647,61.7806483964103,59.88554000834647,61.21211624145508,27753098
2024-07-05,61.11735936999321,61.733272189344916,59.69602543115616,60.64358139038086,26479582
2024-07-08,60.26455779122869,61.325823072157775,59.857108438033244,60.86152267456055,19443576
2024-07-09,60.46354617871473,61.27844125548173,60.283508235715345,60.73833465576172,21664464
2024-07-10,61.155262165900965,61.64798808131792,60.46354675292969,60.46354675292969,15846909
2024-07-11,60.50144362292299,61.06997572509039,59.241196137750975,60.548824310302734,27182655
2024-07-12,60.44459135330622,61.7806414047883,60.30245652333296,61.59113311767578,24574092
2024-07-15,61.38267026971856,61.74274613977272,60.98469852529033,61.53428268432617,17045913
2024-07-16,61.240538598388575,61.55323379769364,60.406691962853266,60.899417877197266,20406778
2024-07-17,60.6814844695978,61.003650025539066,58.426300275535056,59.534942626953125,46462849
2024-07-18,58.75794059773363,61.07945330842192,58.75794059773363,60.548824310302734,34532462
2024-07-19,60.03714548130079,60.43511724468379,59.591793028776785,60.264556884765625,21796963
2024-07-22,60.12242365456366,61.25001389448585,59.99924037325888,60.29298400878906,19930345
2024-07-23,60.29298448690158,60.44459329023318,59.10853958129883,59.10853958129883,18537845
2024-07-24,58.75794066108861,59.430708107433475,56.51223415607535,56.929161071777344,45547336
2024-07-25,56.39852624981607,56.93863281069795,55.81104261799766,56.284820556640625,30109151
2024-07-26,59.534940551447086,59.686549354985466,58.179935288418235,59.54441452026367,57740171
2024-07-29,59.03273318283256,59.8950089267581,58.90007593217309,59.58231735229492,20712828
2024-07-30,59.2317183762999,59.478084937233476,57.421886731788106,57.857765197753906,22575846
2024-07-31,57.54507109211808,60.510922159807116,57.54507109211808,60.41616439819336,40174739
2024-08-01,60.454069135348796,61.278441803135436,60.08452289167337,60.245609283447266,24406833
2024-08-02,59.98029016786727,60.90889455358892,59.28857476670641,59.68655014038086,20261524
2024-08-05,59.26014853744188,60.92784899302882,58.33154416281145,58.41682434082031,35476754
2024-08-06,58.3789215830388,58.99483077041596,56.39852953941387,56.777549743652344,38493182
2024-08-07,56.77755123411798,58.160985679090025,56.13321650853426,57.51664733886719,25298592
2024-08-08,57.251327052458976,58.25573763070244,57.052341176420995,57.76300811767578,14231910
2024-08-09,57.658776304963595,58.46420100600986,57.16605040728507,57.32713317871094,13802375
2024-08-12,57.327133808179646,58.88112495620789,57.14709948261409,58.16098403930664,16949235
2024-08-13,58.16098417570642,58.85269957299297,57.72510569943023,58.142032623291016,9835074
2024-08-14,58.14203254537925,58.26521582859478,57.4218880131151,57.70615768432617,11227780
2024-08-15,57.51664489747233,58.132554074874356,57.12814711600248,57.80091094970703,19163262
2024-08-16,57.6208746364565,58.653710695124495,57.48821377633276,58.50210189819336,18066988
2024-08-19,58.454723814804176,59.83815821486333,58.435772262514156,59.0895881652832,17275349
2024-08-20,60.15084829763859,60.16032588086779,58.52105098755149,59.71497344970703,25780974
2024-08-21,59.42123246349466,60.3593144398025,59.06116380681325,59.847633361816406,21187130
2024-08-22,59.81920969420521,61.10788278348511,59.43071188916836,60.728858947753906,24978743
2024-08-23,60.64358104623406,62.5007898482616,60.529875343871325,62.02701187133789,29047135
2024-08-26,62.48183885888213,63.15460268574723,61.49637984749051,62.8419075012207,33958151
2024-08-27,62.53869053502995,62.993520556167006,62.055434993061446,62.529212951660156,24113793
2024-08-28,62.5197435969916,62.680826370463485,61.18368626233199,61.52480697631836,26542959
2024-08-29,61.04155168245581,61.88487588743488,60.5962028503418,60.5962028503418,23285563
2024-08-30,60.150847811164454,62.35865116801516,60.05609366747224,61.354244232177734,33386334
2024-09-02,61.11735541549554,63.031415148400924,61.060504374989556,61.80907440185547,26075882
2024-09-03,61.600616291639625,62.99352473909696,61.591138707640496,62.51026916503906,24237888
2024-09-04,62.406031925504706,63.20197540855821,61.93225397722683,62.045963287353516,27499633
2024-09-05,61.5437541933586,61.970158695487065,60.15084944707827,60.25508117675781,43212322
2024-09-06,60.26455399391662,61.16473643946733,59.601267753429,59.71497344970703,23320164
2024-09-09,58.13255527489599,58.9379799899327,57.497694532287795,57.886192321777344,54840638
2024-09-10,57.308181532389156,58.4073462535564,57.308181532389156,57.564022064208984,40111034
2024-09-11,57.34608683832037,58.82427542959573,56.5690912442836,58.426300048828125,41921762
2024-09-12,58.55895348853294,59.553886453663964,58.42629624180066,59.09906005859375,27616861
2024-09-13,58.79584472266531,60.435116047504536,58.35996986245953,60.17927551269531,32148994
2024-09-18,60.28350488586156,62.26389684633422,60.075045047406824,61.82802200317383,29502596
2024-09-19,59.032732927284094,62.28285362756652,59.032732927284094,61.856449127197266,47611503
2024-09-20,61.50585561489952,62.822957709201525,61.363720787103965,62.59553909301758,39801250
2024-09-23,62.97456587710631,64.329571138363,62.728199312529284,64.05477905273438,39162141
2024-09-24,64.05478325754487,64.67069609477942,62.72820343025781,64.47171020507812,50090152
2024-09-25,64.63279341262802,67.75025349699624,64.63279341262802,66.43315124511719,62766129
2024-09-26,66.32892005273783,69.81592642468148,66.12993416009304,69.70221710205078,50134212
2024-09-27,70.82980801307991,72.39327679300355,67.41860800278724,69.17158508300781,85744787
2024-09-30,69.3231920434949,72.8670490305693,68.25244926629259,72.07109832763672,125166492
2024-10-08,79.2820029166299,79.2820029166299,74.6010815390146,75.98451232910156,135239267
2024-10-09,74.28838587863642,75.16013559358622,70.13808630527122,71.076171875,89550113
2024-10-10,71.96686435916786,75.21698123386251,71.89106538495172,74.1936264038086,67303399
2024-10-11,73.90936294801328,74.12730399399875,71.91949692988392,72.74386596679688,38060178
2024-10-14,72.9902319995439,75.13171042167859,72.58278266120779,74.85691833496094,46282832
2024-10-15,74.85691953960217,74.85691953960217,72.01425170898438,72.01425170898438,37583316
2024-10-16,70.78242446451594,71.54047209364322,69.86330129299243,71.29410552978516,34282949
2024-10-17,71.29410784534447,71.56889993909613,69.07683038644095,69.24739074707031,39437630
2024-10-18,69.24738865272599,72.20375850851711,68.83993931628324,71.076171875,42785106
2024-10-21,71.39833916087484,71.99530403422521,69.43689863974826,70.1949462890625,34322896
2024-10-22,70.45078276115807,72.9239043452879,70.25179688107934,72.48802947998047,40405973
2024-10-23,72.5827844499325,73.70090076204136,72.01425232480285,72.37432098388672,26831280
2024-10-24,72.11847864121027,72.45012175352062,71.35096069139527,71.67312622070312,17108673
2024-10-25,71.46466749112435,71.88159441944305,70.84875468227484,71.3225326538086,21057289
2024-10-28,71.53099967949967,71.61628347784665,70.128620862331,70.94351959228516,28059096
2024-10-29,70.69714398860845,71.54046813396462,69.9296260478248,70.18546295166016,29727177
2024-10-30,69.83487533371338,70.4507881886129,68.33774232598185,68.93470001220703,40413734
2024-10-31,69.14315296625678,69.82539434910115,67.37122088744029,67.6744384765625,50046867
2024-11-01,67.69339663680371,69.17158154550307,66.68898245461759,68.4609146118164,41651482
2024-11-04,68.35667990796155,69.52217680936147,67.93975301164326,69.01996612548828,23231578
2024-11-05,68.69780403211377,69.62641201232671,67.47545603078764,69.29476165771484,41696728
2024-11-06,69.30423973354853,69.30423973354853,67.24804511258942,67.43755340576172,52593143
2024-11-07,66.66055616554497,68.31877899169922,66.2246813187549,68.31877899169922,54774602
2024-11-08,68.84941918753091,69.8917292925867,67.37122698123822,68.77361297607422,59337382
2024-11-11,67.49441775323957,68.07242026823243,67.10591631920062,67.84500885009766,44207913
2024-11-12,68.13874413829915,70.96245650196575,68.02503483460244,68.59356689453125,57547722
2024-11-13,68.67885606505843,70.40340754532991,68.65990089831726,69.55060577392578,45841657
2024-11-14,69.62641756641479,70.96246775770167,68.53672672829777,69.77802276611328,40843466
2024-11-15,69.31371637809599,70.22336918570159,68.08189080132793,68.4609146118164,34282515
2024-11-18,68.38511056686403,69.15263579543121,67.11538907523631,67.3238525390625,31938599
2024-11-19,67.32385397290065,67.98714025440303,66.99220360287119,67.5702133178711,22665163
2024-11-20,67.63654112474217,67.89238527969954,67.03010589493843,67.68392181396484,22637119
2024-11-21,67.627073416766,67.64602135562964,66.85007779634395,67.12486267089844,21652845
2024-11-22,67.11539037567222,69.00102471170139,66.53738066178296,66.6984634399414,38845820
2024-11-25,66.43314892785025,68.58409777597058,66.43314892785025,66.6984634399414,38586774
2024-11-26,66.43314530785155,67.46597777782335,65.71300079336096,66.89744567871094,27418796
2024-11-27,66.63213309044635,67.75024938342789,66.08254891286873,67.5796890258789,26482499
2024-11-28,68.2240309288839,68.2240309288839,66.10150754640549,66.50895690917969,32328951
2024-11-29,66.0256977532595,67.05853025099961,65.90251808441137,66.45209503173828,27750141
2024-12-02,66.47105274983107,66.83112141593679,65.59930299234672,66.40472412109375,35790565
2024-12-03,66.32891767779357,66.32891767779357,65.76038554355385,66.18678283691406,31317422
2024-12-04,66.21521033163701,68.2145540595373,65.94989580970724,67.74077606201172,53195506
2024-12-05,67.84500040724053,68.73570525890425,67.67444005754487,67.95870971679688,36764463
2024-12-06,68.01556488627783,69.29476397201873,67.75972796084092,69.02944946289062,45677846
2024-12-09,68.23350365664628,70.00542859597809,67.57021017670048,69.29476165771484,41321923
2024-12-10,72.49750922893395,72.63964407017205,69.92015583598119,69.967529296875,55513289
2024-12-11,69.83487341812412,71.37939430517486,69.74011926518764,71.16145324707031,33543390
2024-12-12,71.25619985874833,71.77735848866092,70.46973396625896,71.59732055664062,28639814
2024-12-13,71.25620487855899,71.28463762978444,69.4842798705842,70.119140625,37063334
2024-12-16,70.21389732681419,70.54554047705074,68.8399440347149,69.38005065917969,28047059
2024-12-17,69.36108982568102,70.76347575549418,68.99154359856175,69.80644226074219,27887305
2024-12-18,69.79697039956172,70.66872008423569,69.72116419325675,70.2138900756836,22578549
2024-12-19,69.98647998594703,71.28463418323955,69.39899272008836,70.53606414794922,25355278
2024-12-20,70.52658997455964,70.86771069648297,69.7969750705603,70.119140625,20939651
2024-12-23,70.11913389960532,71.30357872899053,70.0717532147189,70.6971435546875,22602881
2024-12-24,70.49816726937004,72.37432408563213,70.49816726937004,72.25114440917969,34414101
2024-12-25,72.29852131057834,72.58278375578551,71.10459879872944,71.57837677001953,22733866
2024-12-26,71.31305888989444,72.2416596213073,70.73504921391635,71.99530029296875,24214292
2024-12-27,71.99530452376513,72.06163315133527,70.87718820952686,71.46466827392578,19842117
2024-12-30,71.06669359036654,72.18480985869276,70.99088738217678,71.36991119384766,22182724
2024-12-31,71.16144480616644,72.06162722548295,70.77295065642504,71.27515411376953,30766003
2025-01-02,71.44571740203742,73.15131371063946,71.06669359036654,71.36991119384766,41367089
2025-01-03,71.0666892208273,72.07109611511287,70.02437922477732,70.77294921875,29642200
2025-01-06,70.76347916365219,72.27956724911913,70.3844553349659,71.42676544189453,30681009
2025-01-07,71.06669445254698,72.73439490656459,70.59291648953,71.94792175292969,25178525
2025-01-08,71.54995020273158,73.58719689536042,71.47414399340632,73.51139068603516,40692962
2025-01-09,73.62509316374758,74.8569187693854,73.15131519685274,74.60108184814453,34598694
2025-01-10,74.60107773465951,74.7526829164818,72.3648452758789,72.3648452758789,27109567
2025-01-13,71.64470011575243,72.03319426434898,70.05280596038837,70.40340423583984,25584606
2025-01-14,70.40340928026049,71.39833868035144,69.57903300937531,70.70662689208984,28858396
2025-01-15,70.72557344781701,71.79630903725926,69.74011442131109,69.94857788085938,25663453
2025-01-16,71.07617130491136,71.16144786732382,70.11913780526332,70.20441436767578,26233035
2025-01-17,70.19493825097189,70.94350823089874,69.7685337860813,70.45077514648438,15928751
2025-01-20,71.1614492577011,72.71544041243253,70.95298579536038,70.96246337890625,29699251
2025-01-21,71.31305997877975,71.34148549946224,70.32760096254509,70.49816131591797,16286277
2025-01-22,70.4792097053245,70.4792097053245,68.48934363509362,69.17158508300781,32217997
2025-01-23,69.55060389881852,70.04332978163579,68.60304800708879,69.5600814819336,27008672
2025-01-24,69.1810602784285,69.77801791010518,68.7451854193709,69.00102233886719,30486076
2025-01-27,69.03892070091233,70.40340345590207,68.81150931817322,70.00542449951172,28011516
2025-02-05,69.55060563241852,69.82539771538288,67.92080830133504,68.42301177978516,36351088
2025-02-06,68.3945894615111,68.75465812366322,67.68392249172369,68.47986602783203,28567493
2025-02-07,68.60304958833078,69.58850860595703,67.91133059054232,69.58850860595703,35534968
2025-02-10,69.47480081729482,69.48427840083617,68.6978052402998,69.18106079101562,31864987
2025-02-11,69.58851004721511,69.9864818041303,68.80203688763646,69.83486938476562,30044016
2025-02-12,69.6074576341185,69.73063730227284,68.86836516663647,69.43689727783203,22807278
2025-02-13,69.1715804734032,69.54112669485039,68.34720424056374,68.35668182373047,41066444
2025-02-14,68.33774051488568,68.87784713933124,68.12927704066485,68.6883316040039,23435076
2025-02-17,68.46091825756238,68.66938172589623,67.51336229552,68.26193237304688,40235806
2025-02-18,68.21454902414355,68.83993940476658,67.7786741661084,68.1292724609375,29346513
2025-02-19,67.56073800018945,68.19559871288622,67.27646834084099,67.70286560058594,33715017
2025-02-20,67.66497564788202,67.94923810282793,67.33332527319423,67.49441528320312,31420228
2025-02-21,67.2954193118579,67.49441241994019,66.51842373445555,66.88796997070312,55339013
2025-02-24,66.9448298054637,67.75025092302867,66.59423149884633,67.1722412109375,46937741
2025-02-25,66.80269073486666,66.96377350232123,65.36240895238721,65.40978240966797,56599867
2025-02-26,65.1065620947372,66.48052242553995,65.09708451196546,66.44261932373047,40412376
2025-02-27,67.27646996099725,68.8967897080375,66.92587166992806,68.6788558959961,65248235
2025-02-28,68.93469395215153,69.64536090011185,68.31878115139698,69.21896362304688,50647934
2025-03-03,68.88731625940139,69.16210835874179,67.13433915739519,67.27647399902344,40591782
2025-03-04,67.54177894629602,68.66937270638961,67.54177894629602,68.19559478759766,30041994
2025-03-05,68.12927167379956,68.366160652339,67.46597819632237,67.98713684082031,28618620
2025-03-06,68.1387483745851,68.1955994153293,66.72688487569683,67.40912628173828,40239881
2025-03-07,67.39018698298534,67.50388907904859,66.57528822456455,67.0774917602539,31482660
2025-03-10,67.09643737335229,67.52284190664068,66.81217491377186,67.34280395507812,27344026
2025-03-11,66.80269469396211,67.69339960325063,66.61318639505222,67.21014404296875,25282497
2025-03-12,67.25752173603817,67.25752173603817,66.42366790771484,66.42366790771484,30130110
2025-03-13,66.33838653564453,66.94482169630143,66.1488710296409,66.33838653564453,25262164
2025-03-14,66.35733871653406,68.31877914616292,66.158352844459,68.10084533691406,42544964
2025-03-17,68.71675629204393,68.71675629204393,67.84500652796578,68.11032104492188,34733287
2025-03-18,68.22402498061871,72.10900273504838,67.85447875698259,71.04774475097656,77931396
2025-03-19,73.179746604481,73.8525104376119,71.09511925083348,72.49750518798828,106626103
2025-03-20,72.3932725166158,72.81966978173506,71.16144694961686,71.22777557373047,58569319
2025-03-21,70.84875281936094,72.42169911354708,70.84875281936094,71.3320083618164,38452793
2025-03-24,70.95298209373269,72.48802523056702,70.89613105397953,72.07109832763672,38734811
2025-03-25,72.78176665196966,73.43558253891081,72.36484697023832,72.82914733886719,32418622
2025-03-26,72.45959978834127,73.34082705184794,71.8910677023674,72.7628173828125,23706858
2025-03-27,72.76282157035912,73.43558542089525,72.31746912144469,72.48802947998047,25721538
2025-03-28,72.21323269646189,73.13236305609942,71.71102923709977,72.838623046875,24911431
2025-03-31,72.86705252061863,76.27825242546713,72.86705252061863,74.38314056396484,68968445
2025-04-01,74.0041168586397,74.64845518170401,71.25620320941616,71.43624114990234,55181654
2025-04-02,71.39833917085778,72.76282204810295,71.24673397854063,71.97634887695312,26853625
2025-04-03,70.68767025971967,70.90561130242881,69.31371706600076,69.51270294189453,56598874
2025-04-07,64.64226209560417,65.82670692371396,62.55763486056443,63.656803131103516,88089693
2025-04-08,64.43380672223172,66.80269667525494,64.23482083369117,66.54685974121094,74473332
2025-04-09,65.56139729349663,66.80269325190056,64.8317751769596,66.01622009277344,57883954
2025-04-10,66.8974473591766,67.83552570774053,66.45209491441328,67.36174774169922,45084852
2025-04-11,66.8216384107379,67.0301018639362,65.97831424409229,66.793212890625,29562589
2025-04-14,67.01116047332997,67.18172083994732,66.05412690346158,66.25311279296875,34883505
2025-04-15,66.42366855744358,68.06294348020472,66.03517438940203,67.7313003540039,34366681
2025-04-16,67.45651194703778,67.73130404637818,66.67951633931878,67.27647399902344,26672943
2025-04-17,67.03010195923886,67.43755128308452,66.65107815554651,67.22908782958984,19591273
2025-04-18,67.22909385766302,67.58916975663182,66.77427103587289,67.20066833496094,15448383
2025-04-21,67.06800927161531,67.8544824485111,66.8026947611633,67.6460189819336,17751380
2025-04-22,67.56073797726627,68.44196524581417,67.47545418777958,67.95870971679688,22615500
2025-04-23,68.31878290964845,68.62200052607734,68.03452046071537,68.08189392089844,22586871
2025-04-24,68.60304751443203,69.35161753103617,68.18612061169613,69.12419891357422,23180750
2025-04-25,69.12420832327827,69.17158901568541,68.58410168451871,68.93470001220703,17097238
2025-04-28,69.54112391601379,69.72116184259866,68.98206942923812,69.38951873779297,23966015
2025-04-29,69.41794949694538,70.46973715820805,69.0389256788662,70.30864715576172,23497383
2025-04-30,71.06669595309447,71.18040526915955,69.59798134501925,69.75907135009766,47810026
2025-05-06,70.337079520776,70.47920712615846,69.26633669837489,70.16651916503906,34641179
2025-05-07,70.8487526501769,71.237254045745,70.11913777582426,70.46025848388672,30028102
2025-05-08,70.45078335435595,71.6731313959416,70.00543090169162,71.06669616699219,27707567
2025-05-09,71.05721992917259,72.04267900220012,70.79190541514177,71.82474517822266,24563898
2025-05-12,72.10900511494532,72.71544033422347,71.91949681990016,72.56383514404297,27223912
2025-05-13,72.9618083059974,73.1513166046913,72.43117928623188,73.0660400390625,25527841
2025-05-14,72.86705789882544,73.48297074512887,72.13743572989904,73.04708862304688,29249633
2025-05-15,72.63964190058033,73.02813607713077,72.31746912144469,72.48802947998047,20490185
2025-05-16,72.21323271596656,72.81019031756769,71.60679753137178,72.58277893066406,23865992
2025-05-19,72.43117750562321,73.64404793771536,72.28904267045785,73.51139068603516,26308625
2025-05-20,73.46400683677214,74.95166929169658,73.41663337994083,74.54421997070312,27799540
2025-05-21,74.38314212728811,75.27384703428326,74.35471660545265,74.66741180419922,20543826
2025-05-22,74.60108615304698,75.3875521292246,74.20310714363835,75.19804382324219,23403426
2025-05-23,75.40650144151405,75.47283006638483,74.59160277637139,74.752685546875,29974589
2025-05-26,74.5916037848146,75.0369562275156,73.5398161267312,74.16519927978516,24168884
2025-05-27,74.0988674271554,74.75268330216133,73.9283070784268,74.36418914794922,20644898
2025-05-28,74.83796782731432,75.89922580381793,74.57264610391066,75.1601333618164,24044877
2025-05-29,74.92324347847453,75.32121521483288,74.25047966817037,74.83796691894531,25167731
2025-05-30,74.61054736363647,75.34016943373159,74.19362769571684,74.91376495361328,21573317
2025-06-03,74.90430316741883,74.90430316741883,71.70155932585597,71.9289779663086,56190781
2025-06-04,71.80578400860566,72.56383161042801,71.54046951675114,71.59732055664062,36755439
2025-06-05,71.48361917156294,71.91949401659956,71.11407295013453,71.30358123779297,23580308
2025-06-06,71.41729250845763,71.85316736545963,71.16144836088992,71.72998046875,27555948
2025-06-09,71.30358202595633,71.61627721039918,70.18546576614564,71.44571685791016,46695588
2025-06-10,71.66365164652932,72.48802789969334,71.11407470703125,71.11407470703125,32107412
2025-06-11,71.25620613086404,71.82474549691365,70.90561504831558,71.53099822998047,26308346
2025-06-12,72.04768315642048,72.21659742827958,71.07392823610031,71.73965454101562,34702892
2025-06-13,71.1434838852689,71.69991853493877,70.54731094274784,71.02425384521484,30045204
2025-06-16,71.14348499285173,71.34221436395279,70.39826690791107,70.80565643310547,25020494
2025-06-17,71.34221099143373,72.61404858335622,71.34221099143373,71.60054779052734,32639478
2025-06-18,71.72972704807663,72.17685486603283,71.5608051877206,71.64029693603516,17528837
2025-06-19,71.739654073861,71.94832179744583,70.67647663327394,70.87520599365234,21125341
2025-06-20,70.89507881543241,71.91851043701172,70.80565628418778,71.91851043701172,22986421
2025-06-23,71.54093172223898,71.86882947867923,71.00437382463221,71.2627182006836,21054495
2025-06-24,71.640296891675,72.87238866678616,71.54093599671853,72.3358383178711,27050087
2025-06-25,72.33583500797018,72.86245454981811,71.83902297517025,72.71340942382812,24327543
2025-06-26,72.53455787031552,73.12079243900048,72.28615185021171,72.63391876220703,22672619
2025-06-27,72.59417074959684,72.72334672792346,71.75953018540899,71.81914520263672,22364021
2025-06-30,71.78933877662125,72.11723653781834,71.52106361430091,71.73965454101562,19302259
2025-07-01,71.81914467578757,71.88869805562632,71.3422093799646,71.65023040771484,18625209
2025-07-02,71.65023743549426,72.6339232127696,71.35214716080448,72.03775024414062,26615479
2025-07-03,72.3259015540175,72.4848774733144,71.87876614569706,72.42526245117188,17936923
2025-07-04,72.41532457848149,73.3692028429853,72.1371110322617,73.01150512695312,21146224
2025-07-07,72.73328247403818,72.98168850377293,71.86883434224147,72.08743286132812,21545334
2025-07-08,72.08743452938138,72.23647208607052,71.61049160572432,71.75953674316406,25686651
2025-07-09,71.61049167474887,71.88870522183757,71.34221649169922,71.34221649169922,27205267
2025-07-10,71.38195260057418,71.51112858687459,70.87520976135836,71.22297668457031,23151388
2025-07-11,71.2825884040782,72.33583506941878,71.23291174920601,72.01787567138672,32055369
2025-07-14,72.00793832061545,72.74321801751272,71.52106464382199,72.63391876220703,23373900
2025-07-15,72.64385657712045,73.03136935909646,72.34576632294656,72.74321746826172,24900978
2025-07-16,73.00156626771796,73.61760837852538,72.3358399179581,72.42526245117188,20688807
2025-07-17,72.2861535150207,72.96181820849421,72.13710838337576,72.16691589355469,24729994
2025-07-18,72.40539223673065,72.81277418328361,72.05761773069104,72.36564636230469,21951230
2025-07-21,72.14704788262434,72.49481480810292,71.93838772733719,72.08743286132812,30897062
2025-07-22,72.11723921560822,72.7531580350725,71.79927980587608,72.72335052490234,35720411
2025-07-23,72.73328180507231,73.37913899259249,72.71341265840645,73.0313720703125,36987240
2025-07-24,73.23008895529999,73.47849496611275,72.62397768245688,73.04130554199219,29069915
2025-07-25,72.93200796821007,72.93200796821007,72.08742902817137,72.29608917236328,24456208
2025-07-28,72.35570975857719,72.45507065668387,71.34221646868801,71.4813232421875,37773632
2025-07-29,71.48132330925213,71.61049171883695,70.5671833358614,70.78578186035156,39836931
2025-07-30,71.0341807714645,72.27621082626368,70.74602888906112,71.65023040771484,41132530
2025-07-31,71.5409345969932,71.56080374329561,69.43444879367831,69.74247741699219,69477714
2025-08-01,69.75241138166173,70.51750621233434,69.65305048411675,70.33865356445312,28644667
2025-08-04,70.1001810066883,70.54730880484152,69.75240651840244,70.4876937866211,19776642
2025-08-05,70.65661342771256,71.05406460113312,70.22935474291681,70.92488861083984,19174845
2025-08-06,70.92488422500526,71.32233537384833,70.53737143958953,71.24284362792969,22135849
2025-08-07,71.05406135522836,71.47138165691807,70.7559710935927,71.02425384521484,20361565
2025-08-08,70.94475881763384,71.37201746315569,70.83545956547128,71.12361145019531,20118405
2025-08-11,70.84540117111489,71.36208236619044,70.73610191394982,71.3024673461914,17912366
2025-08-12,71.29252949907027,71.97813255702687,71.1434843672427,71.47138214111328,24047589
2025-08-13,71.52106693177096,71.82908798071321,71.14348491745427,71.3620834350586,25384669
2025-08-14,71.34221587098973,72.58424603879422,71.26272412087012,71.86883544921875,45514924
2025-08-15,71.86883491567109,71.93838830132177,71.35214612447997,71.83902740478516,27469955
2025-08-18,71.84895490965751,72.09736093004022,71.15342108488595,71.38195037841797,54299761
2025-08-19,72.73327969733522,73.16053835539778,71.73965561632927,72.21659851074219,53760260
2025-08-20,71.74959837913458,71.85889764120702,71.05406451208326,71.75953674316406,40377028
2025-08-21,71.63035531195635,72.03774481796276,71.20310424090086,71.46144104003906,33801371
2025-08-22,71.51112579779584,71.72972430693194,71.19316639743879,71.63035583496094,39138892
2025-08-25,71.66017136650807,73.37913677939626,71.66017136650807,73.05123901367188,70023449
2025-08-26,73.05123903378349,73.80639545727327,72.84257888665148,73.32946014404297,46293790
2025-08-27,73.418883282674,74.0746788197536,72.2265374089386,72.24640655517578,48841858
2025-08-28,72.24640811388032,73.49837661483863,72.04768632422042,73.0313720703125,43298746
2025-08-29,73.03136823892643,74.36282083744756,72.92206898612245,73.24002838134766,56766900
2025-09-01,74.52180761929496,75.35644822587092,73.05124061341074,73.55799102783203,77625858
2025-09-02,73.7368440322901,75.91288325132433,73.51824551594414,75.6744155883789,80590924
2025-09-03,76.06192622583009,76.64816079326445,74.47212163595701,75.13785552978516,50488071
2025-09-04,75.49556021777109,75.51542936365254,73.94550151276502,75.10803985595703,44353949
2025-09-05,75.32664214908188,76.20103622680003,74.95900607617804,75.7340316772461,46425167
2025-09-08,76.18115884895607,77.58217248566008,76.01224456929329,76.53886413574219,55029371
2025-09-09,76.52892087140795,77.10522463885366,75.86319457836713,76.68790435791016,38315019
2025-09-10,76.50905388866849,76.77732905378701,75.91288095893277,76.52892303466797,27154194
2025-09-11,76.40969299717088,76.77732905378701,75.41606892069467,76.52892303466797,45960511
2025-09-12,76.45937144114092,77.1946587330738,74.92919699863262,75.08817291259766,59117075
2025-09-15,74.72052711370489,75.46574516702276,74.02499329624158,74.69071960449219,48068047
2025-09-16,74.65097873322223,74.72053211962832,73.57787042592135,73.9852523803711,45602831
2025-09-17,73.93556864238273,74.94906183021922,73.69709341403897,73.87594604492188,57722675
2025-09-18,74.12435372808633,74.86957177678843,72.72334773851637,73.26983642578125,60084003
2025-09-19,72.94194459986663,74.11441369251578,72.74321524291351,73.87594604492188,38847838
2025-09-22,74.33301281576533,74.42244292232878,72.43519482069517,72.79290008544922,47973993
2025-09-23,72.78296657488842,73.18041773786383,72.25634700576492,73.0611801147461,42147721
2025-09-24,73.04130603764261,73.87594660087731,72.48487141473623,73.6275405883789,30628481
2025-09-25,72.83264593891089,73.27977372936638,72.08742790098513,72.37557220458984,47860729
2025-09-26,72.57430579881601,74.22371787703324,72.42526066638214,73.7269058227539,47698312
2025-09-29,73.95544444355417,74.07468206845721,72.5842458705466,73.2599105834961,46593907
2025-09-30,73.2300939720969,73.2400323358202,72.08743230867742,72.19673156738281,50610839
2025-10-09,71.88870235755094,72.5047520306666,70.92488576443061,72.16691589355469,61593908
2025-10-10,71.98806434563319,73.25990958501295,71.64029742034398,72.36564636230469,43330526
2025-10-13,70.92488367889914,71.65023258850898,70.56717840576962,71.35214233398438,48160457
2025-10-14,71.54093490770691,72.6836041341884,71.23291386380548,72.1371078491211,51909507
2025-10-15,72.33584045044275,73.02143595238013,72.13711107392058,72.45507049560547,37633251
2025-10-16,72.73327856961012,73.22015981989406,72.05761390177221,72.71340942382812,34678000
2025-10-17,72.23646984216425,73.12079469455256,72.17685482134044,72.3358383178711,27649108
2025-10-20,72.62397880347748,72.93200741654991,71.92844499476548,72.40538787841797,29755742
2025-10-21,72.43519866028085,72.79290394399582,72.11723925039533,72.44513702392578,28394659
2025-10-22,72.33583494768601,73.51824242985442,72.14704394953937,73.40894317626953,39329827
2025-10-23,73.32945950440848,74.47212112196188,73.21022188676592,74.41250610351562,34763341
2025-10-24,74.4125061297196,74.52180538407626,73.9852474756209,74.13429260253906,24483806
2025-10-27,74.263465859149,74.86957718903523,73.89582978022658,74.40257263183594,34055264
2025-10-28,74.13429154239932,74.44231257440872,73.65734865923163,73.9355697631836,23365775
2025-10-29,73.77659115685512,73.94550543844021,73.03137306436163,73.9256362915039,27358650
2025-10-30,74.02499817117443,75.61479527346565,74.02499817117443,74.81990051269531,49965301
2025-10-31,74.72052651956994,76.34013859424925,74.62116562940098,75.91287994384766,50974159
2025-11-03,75.90294107314834,76.45936811897455,74.70065687441674,74.90931701660156,28196997
2025-11-04,74.64104788704414,75.30677423933389,74.42244936402348,74.68079376220703,30260649
2025-11-05,74.52180907666848,75.90294599842937,73.82627522425308,75.45581817626953,26615133
2025-11-06,75.45581749240394,76.93631529669902,75.45581749240394,76.53886413574219,35511147
2025-11-07,76.77732690392692,76.77732690392692,75.62472694947878,75.71414947509766,26441999
2025-11-10,75.77377474317727,77.05555072079977,75.4657461223299,76.83695220947266,39100815
2025-11-11,76.83695550096537,76.8965705226992,76.19109830276393,76.73759460449219,22770754
2025-11-12,76.73759218860911,80.036423880617,76.73759218860911,78.9831771850586,73784703
2025-11-13,78.69502473975086,79.4899270424757,78.18828191299521,79.09247589111328,33337014
2025-11-14,78.99311341971249,79.90724574305116,78.54598562133489,78.72483825683594,27312749
2025-11-17,78.72483882488245,78.88381473494714,77.41325534866093,77.91999816894531,26109532
2025-11-18,78.29000091552734,78.66000366210938,77.0,77.4000015258789,23590408
2025-11-19,77.37999725341797,78.08999633789062,77.0199966430664,77.4000015258789,21441520
2025-11-20,77.5,78.87999725341797,77.02999877929688,77.94000244140625,26192879
2025-11-21,77.0999984741211,79.29000091552734,77.0999984741211,78.75,43949476
2025-11-24,78.5999984741211,79.4800033569336,78.25,78.55999755859375,36773938
2025-11-25,78.98999786376953,79.0,77.61000061035156,78.69999694824219,29101152
2025-11-26,78.69000244140625,80.0,78.41000366210938,79.80000305175781,32072777
2025-11-27,79.5999984741211,80.7300033569336,78.94999694824219,79.80000305175781,31646071
2025-11-28,79.80000305175781,80.06999969482422,79.33000183105469,79.86000061035156,18126661
2025-12-01,79.80000305175781,80.19999694824219,79.16999816894531,80.0,30352024
2025-12-02,80.0999984741211,81.66000366210938,80.01000213623047,81.55999755859375,37804931
2025-12-03,81.55000305175781,82.87999725341797,81.26000213623047,82.16999816894531,36866005
2025-12-04,82.12999725341797,83.16999816894531,81.7699966430664,81.88999938964844,28917966
2025-12-05,81.88999938964844,82.58999633789062,81.69999694824219,82.2300033569336,24616511
2025-12-08,83.0,83.0999984741211,81.04000091552734,81.80999755859375,27336529
2025-12-09,81.5,81.55999755859375,79.94000244140625,80.19999694824219,35647940
2025-12-10,79.9800033569336,80.62000274658203,79.69999694824219,80.06999969482422,24571972
2025-12-11,80.12000274658203,80.55999755859375,79.18000030517578,79.30000305175781,27294485
2025-12-12,79.3499984741211,79.9800033569336,79.19999694824219,79.31999969482422,32895862
2025-12-15,79.69000244140625,81.0999984741211,79.44999694824219,80.41000366210938,36554689
2025-12-16,80.25,80.8499984741211,79.83999633789062,79.95999908447266,21423089
2025-12-17,79.70999908447266,80.91999816894531,79.37999725341797,80.47000122070312,23028180
2025-12-18,80.2699966430664,80.61000061035156,79.51000213623047,79.83000183105469,21409792
2025-12-19,79.8499984741211,79.9000015258789,78.80000305175781,79.44999694824219,27801766
2025-12-22,79.30000305175781,79.79000091552734,78.9000015258789,79.16000366210938,24503713
2025-12-23,79.37999725341797,80.30999755859375,79.0199966430664,79.6500015258789,25468020
2025-12-24,79.43000030517578,79.94000244140625,78.76000213623047,78.80000305175781,21704738
2025-12-25,78.5199966430664,78.87999725341797,78.18000030517578,78.58999633789062,22675780
2025-12-26,78.58999633789062,79.06999969482422,78.55000305175781,78.87000274658203,21410712
2025-12-29,78.79000091552734,79.72000122070312,78.25,78.41000366210938,25697385
2025-12-30,78.16000366210938,79.37999725341797,78.12000274658203,78.8499984741211,21362222
2025-12-31,78.87000274658203,80.27999877929688,77.8499984741211,78.1500015258789,28775822
2026-01-05,80.04000091552734,80.5,78.25,78.68000030517578,44294709
2026-01-06,78.58000183105469,79.48999786376953,77.38999938964844,78.83999633789062,45452476
2026-01-07,78.98999786376953,79.58000183105469,78.05999755859375,79.37000274658203,40196784
2026-01-08,79.37000274658203,79.4800033569336,78.30999755859375,79.02999877929688,31253684
2026-01-09,79.5999984741211,79.94999694824219,79.30000305175781,79.7699966430664,34108097
2026-01-12,79.77999877929688,79.79000091552734,77.80999755859375,78.62000274658203,52501410
2026-01-13,77.9000015258789,78.0,76.0999984741211,76.19999694824219,94571232
2026-01-14,76.19999694824219,77.62999725341797,75.91000366210938,77.1500015258789,53968401
2026-01-15,77.45999908447266,78.05000305175781,76.88999938964844,77.22000122070312,36031372
2026-01-16,77.25,77.8499984741211,77.1500015258789,77.30999755859375,37186855
2026-01-19,77.37000274658203,78.13999938964844,77.05000305175781,77.62000274658203,33637393
2026-01-20,77.66000366210938,79.37000274658203,77.19999694824219,79.0,45535750
2026-01-21,78.95999908447266,78.95999908447266,77.55000305175781,77.77999877929688,36808644
2026-01-22,78.25,78.26000213623047,77.37000274658203,77.48999786376953,34404058
2026-01-23,77.56999969482422,77.79000091552734,76.70999908447266,76.77999877929688,37370740
2026-01-26,76.80000305175781,77.87000274658203,76.0199966430664,76.3499984741211,47313168
2026-01-27,76.4000015258789,77.0999984741211,75.91999816894531,76.0999984741211,32580654
2026-01-28,76.08999633789062,76.36000061035156,75.0,75.33999633789062,62893723
2026-01-29,75.69999694824219,78.08000183105469,75.47000122070312,77.87999725341797,62244106
2026-01-30,77.5999984741211,79.0,77.4000015258789,77.58999633789062,53250829
2026-02-02,77.5999984741211,78.4800033569336,77.0,77.8499984741211,34591579
2026-02-03,77.80000305175781,78.88999938964844,77.43000030517578,77.91000366210938,34503710
2026-02-04,78.0999984741211,79.87999725341797,78.01000213623047,79.80999755859375,38910259
2026-02-05,79.83000183105469,81.16000366210938,79.62999725341797,80.44999694824219,42919791
2026-02-06,80.43000030517578,80.80000305175781,79.4000015258789,79.54000091552734,31256590
2026-02-09,79.18000030517578,79.33999633789062,78.41000366210938,79.16000366210938,33466953
2026-02-10,79.20999908447266,80.27999877929688,78.87999725341797,80.19000244140625,30618408
2026-02-11,80.0,80.20999908447266,79.5999984741211,79.69000244140625,19806640
2026-02-12,79.45999908447266,80.05999755859375,79.30000305175781,79.80000305175781,18878441
2026-02-13,79.51000213623047,80.0,78.91000366210938,79.05000305175781,25510243
2026-02-24,80.19999694824219,80.5999984741211,79.5199966430664,79.5199966430664,25251393
2026-02-25,80.27999877929688,80.7699966430664,79.29000091552734,79.69999694824219,28552395
2026-02-26,80.1500015258789,80.19999694824219,78.75,79.25,25327062
2026-02-27,79.02999877929688,79.5,78.5,78.63999938964844,20160388
2026-03-02,78.0,78.05999755859375,76.69999694824219,77.44999694824219,27478559
2026-03-03,77.45999908447266,77.63999938964844,76.5,76.55999755859375,28800034
2026-03-04,76.0,76.5199966430664,75.37000274658203,76.16000366210938,28493355
2026-03-05,76.5999984741211,76.98999786376953,76.12000274658203,76.2699966430664,19687239
2026-03-06,76.22000122070312,76.72000122070312,75.76000213623047,76.5199966430664,20662879
2026-03-09,75.7300033569336,76.0999984741211,75.0199966430664,75.41000366210938,25947837
2026-03-10,75.75,76.83999633789062,75.75,76.5999984741211,20908556
2026-03-11,76.5999984741211,77.72000122070312,76.0999984741211,77.38999938964844,25135764
2026-03-12,77.30000305175781,77.75,76.93000030517578,77.4000015258789,19330478
2026-03-13,77.08000183105469,77.36000061035156,76.7699966430664,76.86000061035156,18729288
2026-03-16,76.5199966430664,76.87999725341797,75.68000030517578,76.63999938964844,20560029
2026-03-17,76.9800033569336,77.5999984741211,76.5999984741211,76.5999984741211,21407454
2026-03-18,76.73999786376953,77.30000305175781,76.30000305175781,77.05999755859375,20071638
2026-03-19,76.43000030517578,76.9800033569336,75.93000030517578,76.0,23272907
2026-03-20,75.91999816894531,76.1500015258789,75.12000274658203,75.12000274658203,21912595
2026-03-23,73.94999694824219,73.97000122070312,72.3499984741211,73.37000274658203,46200800
2026-03-24,73.7300033569336,74.41999816894531,72.80000305175781,74.2300033569336,26714723
2026-03-25,74.5,74.97000122070312,73.94999694824219,74.80000305175781,18496362
2026-03-26,74.88999938964844,75.54000091552734,74.18000030517578,74.31999969482422,17708533
2026-03-27,72.9000015258789,74.94999694824219,72.80000305175781,74.77999877929688,31912535
2026-03-30,73.3499984741211,74.0,71.7699966430664,72.0999984741211,45622715
2026-03-31,75.05000305175781,77.31999969482422,74.30999755859375,76.3499984741211,69491461
2026-04-01,76.5,77.4000015258789,76.33999633789062,76.83999633789062,27361577
2026-04-02,76.8499984741211,77.83999633789062,76.58000183105469,77.37000274658203,32631797
2026-04-03,77.30000305175781,77.3499984741211,76.19999694824219,76.3499984741211,17277260
2026-04-07,76.3499984741211,76.69999694824219,75.62000274658203,76.12000274658203,16382605
2026-04-08,76.94999694824219,77.25,76.3499984741211,76.7300033569336,28680412
2026-04-09,76.4000015258789,77.0199966430664,75.9000015258789,76.5199966430664,23502394
2026-04-10,76.5199966430664,76.73999786376953,76.05999755859375,76.41000366210938,25837267
2026-04-13,76.02999877929688,76.47000122070312,75.58000183105469,75.77999877929688,18237520
2026-04-14,76.05999755859375,76.55000305175781,75.5,76.55000305175781,19578158
2026-04-15,76.55000305175781,77.87999725341797,76.19999694824219,77.48999786376953,31845072
2026-04-16,77.7699966430664,78.44000244140625,77.4000015258789,77.9000015258789,23807803
2026-04-17,78.18000030517578,79.25,77.83999633789062,78.6500015258789,27735236
2026-04-20,78.4000015258789,79.9000015258789,78.05000305175781,79.58000183105469,27669979
2026-04-21,79.75,80.08000183105469,79.19999694824219,79.5,23879288
2026-04-22,79.5,79.62999725341797,78.87000274658203,79.30000305175781,20278160
2026-04-23,79.29000091552734,80.1500015258789,78.7300033569336,79.8499984741211,29943246
2026-04-24,79.55999755859375,80.19999694824219,79.45999908447266,79.66000366210938,21788011
2026-04-27,79.23999786376953,80.1500015258789,79.01000213623047,79.5,25851162
2026-04-28,79.44999694824219,80.80000305175781,79.18000030517578,80.44999694824219,30472906
2026-04-29,80.55000305175781,81.94000244140625,80.44999694824219,81.30999755859375,33110792
2026-04-30,81.0,82.1500015258789,80.61000061035156,81.0999984741211,35443269
2026-05-06,79.69999694824219,80.87999725341797,79.1500015258789,80.44000244140625,36041863
2026-05-07,80.0,80.9800033569336,79.7699966430664,79.80999755859375,37217647
2026-05-08,79.6500015258789,81.08999633789062,79.31999969482422,80.4000015258789,28242327
2026-05-11,80.13999938964844,82.44999694824219,79.58000183105469,80.66999816894531,43644407
2026-05-12,80.66000366210938,81.16999816894531,79.7300033569336,80.08999633789062,35775583
2026-05-13,79.95999908447266,80.94999694824219,79.62999725341797,80.37999725341797,32849685
2026-05-14,80.38999938964844,82.08000183105469,80.38999938964844,81.80999755859375,38926688
2026-05-15,81.44999694824219,83.30000305175781,80.75,82.56999969482422,42660857
2026-05-18,82.68000030517578,83.44000244140625,82.08000183105469,82.83000183105469,37735368
2026-05-19,82.83000183105469,82.83999633789062,80.5,81.0,33581768
2026-05-20,80.72000122070312,82.16000366210938,80.08000183105469,81.5,30159703
2026-05-21,82.1500015258789,83.1500015258789,81.5,81.5,31181254
2026-05-22,81.66999816894531,82.0,79.88999938964844,80.27999877929688,30984802
2026-05-25,80.0,80.13999938964844,78.79000091552734,79.80999755859375,23127455
2026-05-26,79.80000305175781,80.69999694824219,79.43000030517578,79.55000305175781,24495312
2026-05-27,79.52999877929688,80.27999877929688,78.87000274658203,80.02999877929688,25588779
2026-05-28,79.5999984741211,79.77999877929688,78.61000061035156,78.94999694824219,24199752
2026-05-29,78.91999816894531,81.26000213623047,78.5,80.8499984741211,42972944
2026-06-01,80.31999969482422,82.0,80.29000091552734,81.69999694824219,37671119
2026-06-02,78.91999816894531,82.79000091552734,81.22000122070312,82.5999984741211,26317746
