timestamp,ret,equity,drawdown,benchmark_equity,active_ret
2016-06-02,0.0,100000.0,0.0,100000.0,0.0
2016-06-03,0.0,100000.0,0.0,99812.85090455395,0.0018714909544604863
2016-06-06,0.0,100000.0,0.0,99875.23393636932,-0.0006250000000000977
2016-06-07,0.0,100000.0,0.0,100499.06425452275,-0.006246096189881145
2016-06-08,0.0,100000.0,0.0,99812.85090455395,0.006828057107386654
2016-06-13,0.0,100000.0,0.0,92139.73799126637,0.07687500000000003
2016-06-14,0.0,100000.0,0.0,91328.75857766687,0.008801624915368955
2016-06-15,0.0,100000.0,0.0,93761.69681846535,-0.026639344262294973
2016-06-16,0.0,100000.0,0.0,92202.12102308171,0.016633399866932796
2016-06-17,0.0,100000.0,0.0,95071.74048658765,-0.0311231393775373
2016-06-20,0.0,100000.0,0.0,94759.8253275109,0.0032808398950131545
2016-06-21,0.0,100000.0,0.0,93387.39862757329,0.014483212639894605
2016-06-22,0.0,100000.0,0.0,95321.27261384901,-0.020708082832331165
2016-06-23,0.0,100000.0,0.0,94260.76107298811,0.011125654450261813
2016-06-24,0.0,100000.0,0.0,93200.24953212723,0.011250827266710783
2016-06-27,0.0,100000.0,0.0,95009.35745477227,-0.019410977242302563
2016-06-28,0.0,100000.0,0.0,96381.7841547099,-0.014445173998686833
2016-06-29,0.0,100000.0,0.0,96506.55021834058,-0.0012944983818770073
2016-06-30,0.0,100000.0,0.0,96381.78415470988,0.0012928248222366934
2016-07-01,0.0,100000.0,0.0,96132.2520274485,0.0025889967637540146
2016-07-04,0.0,100000.0,0.0,98066.12601372424,-0.020116807268007797
2016-07-05,0.0,100000.0,0.0,98689.95633187768,-0.006361323155216203
2016-07-06,0.0,100000.0,0.0,109295.07174048651,-0.10745891276864716
2016-07-07,-0.007036152429199971,99296.38475708,-0.00703615242920001,109606.98689956326,-0.009890033707738777
2016-07-08,-0.011782906324961373,98126.38475708,-0.01873615242920001,105552.08983156577,0.02521197130736641
2016-07-11,0.0003668738035047525,98162.38475708,-0.018376152429200012,105676.85589519647,-0.0008151592934220186
2016-07-12,0.0045842407059852874,98612.38475708,-0.01387615242920001,107236.43169058012,-0.010173728597438592
2016-07-13,0.008579044123960822,99458.38475708,-0.00541615242920001,110168.43418590138,-0.018762433479296847
2016-07-14,0.011944694284967472,100646.38475708,0.0,114285.71428571426,-0.02542789914651622
2016-07-15,0.026826596966366134,103346.38475708,0.0,123643.1690580162,-0.055051132291275895
2016-07-18,-0.006096004243214104,102716.38475708,-0.006096004243214132,121459.76294447907,0.0115629261301462
2016-07-19,0.0008761990622319082,102806.38475708,-0.005225146494183542,121771.67810355581,-0.0016918543532791208
2016-07-20,-0.002976468832388557,102500.38475708,-0.00818606284088755,120711.16656269491,0.005732547561054013
2016-07-21,0.0015804818721796288,102662.38475708,-0.0066185188926324865,121272.61384903305,-0.0030706809185181427
2016-07-22,0.008591267406139025,103544.38475708,0.0,124329.38240798502,-0.01661449391073333
2016-07-25,-0.0031290929079362817,103220.38475708,-0.0031290929079362366,123206.48783530877,0.005902517729294066
2016-07-26,0.005231524773627205,103760.38475708,0.0,125077.97878976916,-0.009958348644094395
2016-07-27,-0.02914407080389758,100736.38475708,-0.02914407080389763,114597.62944479102,0.05464645288687542
2016-07-28,0.0030231756678025246,101040.92854434,-0.026209002781810126,117903.93013100435,-0.02582821246502265
2016-07-29,0.0,101040.92854434,-0.026209002781810126,115658.1409856519,0.01904761904761898
2016-08-01,0.0,101040.92854434,-0.026209002781810126,116531.50343106675,-0.007551240560949246
2016-08-02,0.0,101040.92854434,-0.026209002781810126,116656.26949469745,-0.0010706638115631772
2016-08-03,0.0,101040.92854434,-0.026209002781810126,117779.16406737367,-0.009625668449197766
2016-08-04,0.0,101040.92854434,-0.026209002781810126,118402.99438552716,-0.005296610169491567
2016-08-05,0.0,101040.92854434,-0.026209002781810126,125514.66001247663,-0.06006322444678602
2016-08-08,0.0,101040.92854434,-0.026209002781810126,127074.23580786028,-0.0124254473161034
2016-08-09,0.0,101040.92854434,-0.026209002781810126,127386.15096693701,-0.002454590083456054
2016-08-10,0.0,101040.92854434,-0.026209002781810126,125140.36182158452,0.01762977473065641
2016-08-11,0.0,101040.92854434,-0.026209002781810126,124079.85028072365,0.008474576271186307
2016-08-12,0.0,101040.92854434,-0.026209002781810126,123767.93512164692,0.002513826043237799
2016-08-15,0.0,101040.92854434,-0.026209002781810126,125077.9787897692,-0.010584677419354982
2016-08-16,0.0,101040.92854434,-0.026209002781810126,126699.93761696821,-0.012967581047381493
2016-08-17,0.0,101040.92854434,-0.026209002781810126,124890.82969432317,0.014278680452978754
2016-08-18,0.0,101040.92854434,-0.026209002781810126,122645.04054897072,0.017982017982017928
2016-08-19,0.0,101040.92854434,-0.026209002781810126,122832.18964441675,-0.0015259409969481386
2016-08-22,0.0,101040.92854434,-0.026209002781810126,121896.44416718655,0.0076180802437786355
2016-08-23,0.0,101040.92854434,-0.026209002781810126,119276.35683094202,0.02149437052200609
2016-08-24,0.0,101040.92854434,-0.026209002781810126,118028.6961946351,0.010460251046025104
2016-08-25,0.0,101040.92854434,-0.026209002781810126,118714.90954460391,-0.005813953488372103
2016-08-26,0.0,101040.92854434,-0.026209002781810126,117467.24890829696,0.010509721492380608
2016-08-29,0.0,101040.92854434,-0.026209002781810126,117342.48284466626,0.0010621348911311612
2016-08-30,0.0,101040.92854434,-0.026209002781810126,116032.439176544,0.011164274322168932
2016-08-31,0.0,101040.92854434,-0.026209002781810126,117404.8658764816,-0.011827956989247213
2016-09-01,0.0,101040.92854434,-0.026209002781810126,116032.439176544,0.011689691817215686
2016-09-02,0.0,101040.92854434,-0.026209002781810126,116781.03555832815,-0.006451612903225712
2016-09-05,0.0,101040.92854434,-0.026209002781810126,114909.54460386778,0.016025641025640858
2016-09-06,0.0,101040.92854434,-0.026209002781810126,116157.2052401747,-0.010857763300760048
2016-09-07,0.0,101040.92854434,-0.026209002781810126,117592.01497192767,-0.01235230934479059
2016-09-08,0.0,101040.92854434,-0.026209002781810126,116905.80162195885,0.005835543766578355
2016-09-09,0.0,101040.92854434,-0.026209002781810126,115408.60885839055,0.012806830309498363
2016-09-12,0.0,101040.92854434,-0.026209002781810126,109045.53961322524,0.05513513513513513
2016-09-13,0.0,101040.92854434,-0.026209002781810126,108546.47535870246,0.004576659038901698
2016-09-14,0.0,101040.92854434,-0.026209002781810126,107423.58078602623,0.010344827586206917
2016-09-19,0.0,101040.92854434,-0.026209002781810126,109045.53961322525,-0.015098722415795685
2016-09-20,0.0,101040.92854434,-0.026209002781810126,110605.11540860891,-0.014302059496567487
2016-09-21,0.0,101040.92854434,-0.026209002781810126,111540.86088583908,-0.008460236886632666
2016-09-22,0.0,101040.92854434,-0.026209002781810126,110729.88147223956,0.007270693512304249
2016-09-23,0.0,101040.92854434,-0.026209002781810126,107735.49594510294,0.02704225352112677
2016-09-26,0.0,101040.92854434,-0.026209002781810126,108296.94323144105,-0.005211349160393786
2016-09-27,0.0,101040.92854434,-0.026209002781810126,109232.68870867127,-0.008640552995391904
2016-09-28,0.0,101040.92854434,-0.026209002781810126,108234.56019962575,0.00913763563677894
2016-09-29,0.0,101040.92854434,-0.026209002781810126,110043.66812227076,-0.016714697406339907
2016-09-30,0.0,101040.92854434,-0.026209002781810126,110854.64753587024,-0.007369614512471534
2016-10-10,0.0,101040.92854434,-0.026209002781810126,116718.65252651279,-0.05289814293753525
2016-10-11,0.0,101040.92854434,-0.026209002781810126,117092.95071740486,-0.003206841261357507
2016-10-12,0.0,101040.92854434,-0.026209002781810126,115907.67311291328,0.010122535961641033
2016-10-13,0.0,101040.92854434,-0.026209002781810126,117342.48284466624,-0.01237890204520986
2016-10-14,0.0,101040.92854434,-0.026209002781810126,116032.43917654398,0.011164274322168932
2016-10-17,0.0,101040.92854434,-0.026209002781810126,121210.23081721769,-0.04462365591397832
2016-10-18,0.0023150329849488394,101274.84162675,-0.023954644502803855,121210.23081721769,0.0023150329849488394
2016-10-19,-0.0015107404518477363,101121.84162675,-0.025429195704191533,120648.78353087958,0.003121271900185185
2016-10-20,0.0038666226179229213,101512.84162675,-0.021660898189534133,122083.59326263254,-0.008025828261084333
2016-10-21,-0.006531193387707246,100849.84162675,-0.02805062006221407,119650.65502183403,0.013397268543820617
2016-10-24,-0.0030342139864980577,100543.84162675,-0.030999722464989426,118527.76044915781,0.006350561821635403
2016-10-25,0.0003381609400425756,100577.84162675,-0.03067204442023661,118652.5265127885,-0.0007144706389048405
2016-10-26,0.0015212098164503196,100730.84162675,-0.02919749321884893,119213.97379912662,-0.0032106513822878213
2016-10-27,0.0016876658355533536,100900.84162675,-0.027559102995084843,119837.80411728009,-0.0035451965401662733
2016-10-28,-0.0075817008824353715,100135.84162675,-0.03493185900202323,117030.5676855895,0.015843598440833717
2016-10-31,-0.007979160977926614,99336.84162675,-0.04263229305371444,114098.56519026821,0.01707414392612472
2016-11-01,0.0016985825940993848,99505.57345689001,-0.041006124930542606,113412.35184029941,0.007712798012360689
2016-11-02,0.0,99505.57345689001,-0.041006124930542606,112850.9045539613,0.004950495049504955
2016-11-03,0.0,99505.57345689001,-0.041006124930542606,113038.05364940736,-0.0016583747927032544
2016-11-04,0.0,99505.57345689001,-0.041006124930542606,113162.81971303803,-0.001103752759381793
2016-11-07,0.0,99505.57345689001,-0.041006124930542606,113599.50093574547,-0.0038588754134509795
2016-11-08,0.0,99505.57345689001,-0.041006124930542606,112788.52152214595,0.007138934651290674
2016-11-09,0.0,99505.57345689001,-0.041006124930542606,110854.64753587024,0.017146017699114946
2016-11-10,0.0,99505.57345689001,-0.041006124930542606,112039.92514036183,-0.010692177827799743
2016-11-11,0.0,99505.57345689001,-0.041006124930542606,112538.98939488459,-0.00445434298440972
2016-11-14,0.0,99505.57345689001,-0.041006124930542606,115845.29008109793,-0.029379157427938063
2016-11-15,0.0,99505.57345689001,-0.041006124930542606,114597.62944479102,0.010770059235325702
2016-11-16,0.0,99505.57345689001,-0.041006124930542606,117467.24890829694,-0.025040827436036972
2016-11-17,0.0,99505.57345689001,-0.041006124930542606,115970.05614472865,0.012745618693574046
2016-11-18,0.0,99505.57345689001,-0.041006124930542606,112913.28758577668,0.02635825712748785
2016-11-21,0.0,99505.57345689001,-0.041006124930542606,112476.60636306924,0.003867403314917195
2016-11-22,0.0,99505.57345689001,-0.041006124930542606,115159.07673112913,-0.023849140321686058
2016-11-23,0.0,99505.57345689001,-0.041006124930542606,112663.75545851525,0.021668472372697867
2016-11-24,0.0,99505.57345689001,-0.041006124930542606,110917.03056768558,0.015503875968992165
2016-11-25,0.0,99505.57345689001,-0.041006124930542606,111915.15907673111,-0.008998875140607376
2016-11-28,0.0,99505.57345689001,-0.041006124930542606,112102.30817217712,-0.0016722408026754731
2016-11-29,0.0,99505.57345689001,-0.041006124930542606,111852.77604491575,0.0022259321090706274
2016-11-30,0.0,99505.57345689001,-0.041006124930542606,111478.47785402367,0.003346346904629094
2016-12-01,0.0,99505.57345689001,-0.041006124930542606,112726.1384903306,-0.011191941801902638
2016-12-02,0.0,99505.57345689001,-0.041006124930542606,111353.71179039299,0.01217487548422791
2016-12-05,0.0,99505.57345689001,-0.041006124930542606,109731.752963194,0.014565826330532272
2016-12-06,0.0,99505.57345689001,-0.041006124930542606,111104.17966313162,-0.012507106310403637
2016-12-07,0.0,99505.57345689001,-0.041006124930542606,112476.60636306924,-0.012352610892756966
2016-12-08,0.0,99505.57345689001,-0.041006124930542606,112601.37242669995,-0.0011092623405435376
2016-12-09,0.0,99505.57345689001,-0.041006124930542606,114535.24641297566,-0.01717451523545699
2016-12-12,0.0,99505.57345689001,-0.041006124930542606,108733.62445414846,0.05065359477124176
2016-12-13,0.0,99505.57345689001,-0.041006124930542606,107673.11291328761,0.009753298909925268
2016-12-14,0.0,99505.57345689001,-0.041006124930542606,104616.34435433563,0.028389339513325673
2016-12-15,0.0,99505.57345689001,-0.041006124930542606,103555.83281347476,0.010137149672033274
2016-12-16,0.0,99505.57345689001,-0.041006124930542606,105676.85589519652,-0.02048192771084345
2016-12-19,0.0,99505.57345689001,-0.041006124930542606,104553.9613225203,0.010625737898465104
2016-12-20,0.0,99505.57345689001,-0.041006124930542606,104678.727386151,-0.0011933174224343368
2016-12-21,0.0,99505.57345689001,-0.041006124930542606,105302.55770430446,-0.005959475566150063
2016-12-22,0.0,99505.57345689001,-0.041006124930542606,106612.60137242672,-0.012440758293838838
2016-12-23,0.0,99505.57345689001,-0.041006124930542606,104304.42919525891,0.02165008777062616
2016-12-26,0.0,99505.57345689001,-0.041006124930542606,105240.1746724891,-0.008971291866028741
2016-12-27,0.0,99505.57345689001,-0.041006124930542606,105177.79164067373,0.0005927682276231083
2016-12-28,0.0,99505.57345689001,-0.041006124930542606,103992.51403618217,0.011269276393831462
2016-12-29,0.0,99505.57345689001,-0.041006124930542606,103431.06674984403,0.005398920215957004
2016-12-30,0.0,99505.57345689001,-0.041006124930542606,103431.06674984403,0.0
2017-01-03,0.0,99505.57345689001,-0.041006124930542606,104803.49344978169,-0.01326899879372756
2017-01-04,0.0,99505.57345689001,-0.041006124930542606,105177.79164067375,-0.0035714285714285587
2017-01-05,0.0,99505.57345689001,-0.041006124930542606,105177.79164067375,0.0
2017-01-06,0.0,99505.57345689001,-0.041006124930542606,103742.98190892079,0.013641755634638209
2017-01-09,0.0,99505.57345689001,-0.041006124930542606,104054.89706799753,-0.0030066145520144527
2017-01-10,0.0,99505.57345689001,-0.041006124930542606,104242.04616344356,-0.0017985611510791255
2017-01-11,0.0,99505.57345689001,-0.041006124930542606,102994.38552713665,0.011968880909634882
2017-01-12,0.0,99505.57345689001,-0.041006124930542606,97005.6144728634,0.05814657783161725
2017-01-13,0.0,99505.57345689001,-0.041006124930542606,93636.9307548347,0.03472668810289392
2017-01-16,0.0,99505.57345689001,-0.041006124930542606,90393.01310043668,0.03464357095269821
2017-01-17,0.0,99505.57345689001,-0.041006124930542606,91765.4398003743,-0.015182884748102143
2017-01-18,0.0,99505.57345689001,-0.041006124930542606,90330.63006862134,0.015635622025832796
2017-01-19,0.0,99505.57345689001,-0.041006124930542606,90892.07735495946,-0.006215469613259694
2017-01-20,0.0,99505.57345689001,-0.041006124930542606,91640.67373674361,-0.008236101578586119
2017-01-23,0.0,99505.57345689001,-0.041006124930542606,92950.7174048659,-0.014295439074200278
2017-01-24,0.0,99505.57345689001,-0.041006124930542606,90393.0131004367,0.027516778523489993
2017-01-25,0.0,99505.57345689001,-0.041006124930542606,90393.0131004367,0.0
2017-01-26,0.0,99505.57345689001,-0.041006124930542606,90767.31129132879,-0.0041407867494824835
2017-02-03,0.0,99505.57345689001,-0.041006124930542606,91016.84341859017,-0.0027491408934707806
2017-02-06,0.0,99505.57345689001,-0.041006124930542606,93075.4834684966,-0.022618231665524346
2017-02-07,0.0,99505.57345689001,-0.041006124930542606,93574.54772301938,-0.00536193029490617
2017-02-08,0.0,99505.57345689001,-0.041006124930542606,96568.933250156,-0.03200000000000003
2017-02-09,0.0,99505.57345689001,-0.041006124930542606,96132.25202744857,0.004521963824289377
2017-02-10,0.0,99505.57345689001,-0.041006124930542606,95820.33686837183,0.0032446463335497056
2017-02-13,0.0,99505.57345689001,-0.041006124930542606,96194.6350592639,-0.00390625
2017-02-14,0.0,99505.57345689001,-0.041006124930542606,95196.50655021837,0.01037613488975353
2017-02-15,0.0,99505.57345689001,-0.041006124930542606,93699.31378665006,0.01572739187418093
2017-02-16,0.0,99505.57345689001,-0.041006124930542606,94073.61197754215,-0.003994673768308976
2017-02-17,0.0,99505.57345689001,-0.041006124930542606,93636.93075483473,0.004641909814323664
2017-02-20,0.0,99505.57345689001,-0.041006124930542606,96069.86899563322,-0.025982678214523602
2017-02-21,0.0,99505.57345689001,-0.041006124930542606,97691.82782283223,-0.016883116883116944
2017-02-22,0.0,99505.57345689001,-0.041006124930542606,97005.61447286342,0.007024265644955285
2017-02-23,0.0,99505.57345689001,-0.041006124930542606,97192.76356830947,-0.0019292604501608412
2017-02-24,0.0,99505.57345689001,-0.041006124930542606,98066.12601372432,-0.00898587933247752
2017-02-27,0.0,99505.57345689001,-0.041006124930542606,98814.72239550846,-0.007633587786259444
2017-02-28,0.0,99505.57345689001,-0.041006124930542606,100062.38303181538,-0.012626262626262541
2017-03-01,0.0,99505.57345689001,-0.041006124930542606,99126.63755458519,0.009351620947630868
2017-03-02,0.0,99505.57345689001,-0.041006124930542606,97567.06175920155,0.01573316551290116
2017-03-03,0.0,99505.57345689001,-0.041006124930542606,97816.59388646293,-0.002557544757033181
2017-03-06,0.0,99505.57345689001,-0.041006124930542606,98440.42420461637,-0.0063775510204080454
2017-03-07,0.0,99505.57345689001,-0.041006124930542606,97878.97691827826,0.005703422053231932
2017-03-08,0.0,99505.57345689001,-0.041006124930542606,97067.99750467877,0.008285532186105726
2017-03-09,0.0,99505.57345689001,-0.041006124930542606,96007.48596381789,0.010925449871465265
2017-03-10,0.0,99505.57345689001,-0.041006124930542606,95258.88958203372,0.007797270955165803
2017-03-13,0.0,99505.57345689001,-0.041006124930542606,95321.27261384907,-0.0006548788474132206
2017-03-14,0.0,99505.57345689001,-0.041006124930542606,94884.59139114166,0.0045811518324606615
2017-03-15,0.0,99505.57345689001,-0.041006124930542606,95258.88958203373,-0.0039447731755424265
2017-03-16,0.0,99505.57345689001,-0.041006124930542606,96007.4859638179,-0.007858546168958869
2017-03-17,0.0,99505.57345689001,-0.041006124930542606,94635.05926388028,0.014294996751137101
2017-03-20,0.0,99505.57345689001,-0.041006124930542606,95071.7404865877,-0.004614370468029039
2017-03-21,0.0,99505.57345689001,-0.041006124930542606,94447.91016843425,0.006561679790026198
2017-03-22,0.0,99505.57345689001,-0.041006124930542606,93387.39862757336,0.011228533685601061
2017-03-23,0.0,99505.57345689001,-0.041006124930542606,92950.71740486594,0.004676018704074858
2017-03-24,0.0,99505.57345689001,-0.041006124930542606,94946.97442295702,-0.021476510067114152
2017-03-27,0.0,99505.57345689001,-0.041006124930542606,96943.23144104809,-0.021024967148488782
2017-03-28,0.0,99505.57345689001,-0.041006124930542606,96007.48596381792,0.009652509652509522
2017-03-29,0.0,99505.57345689001,-0.041006124930542606,95820.33686837187,0.0019493177387914784
2017-03-30,0.0,99505.57345689001,-0.041006124930542606,96132.25202744862,-0.0032552083333334814
2017-03-31,0.0,99505.57345689001,-0.041006124930542606,97005.61447286347,-0.009085009733938998
2017-04-05,0.0,99505.57345689001,-0.041006124930542606,99001.87149095454,-0.02057877813504816
2017-04-06,-0.0033881370307971004,99168.43493869001,-0.04425532759097308,98315.65814098573,0.0035431799194234337
2017-04-07,0.004436895674233776,99608.43493869001,-0.04001478818828956,99688.08484092336,-0.009522495188710511
2017-04-10,-0.009637738014766417,98648.43493869001,-0.049266874157780874,96693.69931378674,0.020399808918900697
2017-04-11,0.0012164409914316998,98768.43493869001,-0.048110363411594456,97067.99750467883,-0.002654526750503816
2017-04-12,-0.002227432277696506,98548.43493869001,-0.05023063311293622,96381.78415471001,0.004841976462663489
2017-04-13,-0.003653026049819763,98188.43493869001,-0.05370016535149546,95258.88958203378,0.007997459387073413
2017-04-14,-0.005703319340507607,97628.43493869001,-0.05909721550036539,93512.16469120407,0.012633288387062791
2017-04-17,9.889455265832403e-05,97638.08985909002,-0.059004165340397235,91453.52464129766,0.022113571003625654
2017-04-18,0.0,97638.08985909002,-0.059004165340397235,91640.67373674369,-0.0020463847203273655
2017-04-19,0.0,97638.08985909002,-0.059004165340397235,91079.22645040558,0.006126616746085722
2017-04-20,0.0,97638.08985909002,-0.059004165340397235,91765.4398003744,-0.007534246575342518
2017-04-21,0.0,97638.08985909002,-0.059004165340397235,91266.37554585162,0.005438477226376581
2017-04-24,0.0,97638.08985909002,-0.059004165340397235,86774.7972551467,0.04921394395078604
2017-04-25,0.0,97638.08985909002,-0.059004165340397235,86587.64815970066,0.0021567217828899476
2017-04-26,0.0,97638.08985909002,-0.059004165340397235,85090.45539613235,0.01729106628242072
2017-04-27,0.0,97638.08985909002,-0.059004165340397235,85963.81784154719,-0.01026392961876832
2017-04-28,0.0,97638.08985909002,-0.059004165340397235,85963.81784154719,0.0
2017-05-02,0.0,97638.08985909002,-0.059004165340397235,85028.07236431702,0.010885341074020172
2017-05-03,0.0,97638.08985909002,-0.059004165340397235,86088.5839051779,-0.01247248716067495
2017-05-04,0.0,97638.08985909002,-0.059004165340397235,83468.49656893336,0.0304347826086957
2017-05-05,0.0,97638.08985909002,-0.059004165340397235,81285.09045539623,0.0261584454409568
2017-05-08,0.0,97638.08985909002,-0.059004165340397235,81035.55832813485,0.003069838833461125
2017-05-09,0.0,97638.08985909002,-0.059004165340397235,81597.00561447296,-0.006928406466512715
2017-05-10,0.0,97638.08985909002,-0.059004165340397235,80349.34497816603,0.015290519877675823
2017-05-11,0.0,97638.08985909002,-0.059004165340397235,77729.25764192149,0.03260869565217395
2017-05-12,0.0,97638.08985909002,-0.059004165340397235,77167.81035558337,0.007223113964687111
2017-05-15,0.0,97638.08985909002,-0.059004165340397235,77604.49157829079,-0.0056588520614389015
2017-05-16,0.0,97638.08985909002,-0.059004165340397235,79164.06737367444,-0.020096463022508004
2017-05-17,0.0,97638.08985909002,-0.059004165340397235,80286.96194635068,-0.014184397163120588
2017-05-18,0.0,97638.08985909002,-0.059004165340397235,79663.13162819721,0.007770007770007692
2017-05-19,0.0,97638.08985909002,-0.059004165340397235,79039.30131004375,0.007830853563038365
2017-05-22,0.0,97638.08985909002,-0.059004165340397235,76232.06487835318,0.03551696921862657
2017-05-23,0.0,97638.08985909002,-0.059004165340397235,74610.10605115417,0.021276595744680882
2017-05-24,0.0,97638.08985909002,-0.059004165340397235,75296.31940112296,-0.009197324414715657
2017-05-25,0.0,97638.08985909002,-0.059004165340397235,76356.83094198386,-0.014084507042253502
2017-05-26,0.0,97638.08985909002,-0.059004165340397235,76356.83094198386,0.0
2017-05-31,0.0,97638.08985909002,-0.059004165340397235,76044.91578290712,0.004084967320261534
2017-06-01,0.0,97638.08985909002,-0.059004165340397235,73050.5302557705,0.03937653814602127
2017-06-02,0.0,97638.08985909002,-0.059004165340397235,73861.50966937,-0.01110162254483349
2017-06-05,0.0,97638.08985909002,-0.059004165340397235,74360.57392389278,-0.006756756756756799
2017-06-06,0.0,97638.08985909002,-0.059004165340397235,74984.40424204624,-0.008389261744966348
2017-06-07,0.0,97638.08985909002,-0.059004165340397235,76543.9800374299,-0.02079866888519133
2017-06-08,0.0,97638.08985909002,-0.059004165340397235,76107.29881472247,0.005704971475142595
2017-06-09,0.0,97638.08985909002,-0.059004165340397235,76044.91578290712,0.0008196721311475308
2017-06-12,0.0,97638.08985909002,-0.059004165340397235,73736.7436057393,0.03035274815422473
2017-06-13,0.0,97638.08985909002,-0.059004165340397235,75545.85152838434,-0.024534686971235065
2017-06-14,0.0,97638.08985909002,-0.059004165340397235,75733.00062383039,-0.0024772914946327163
2017-06-15,0.0,97638.08985909002,-0.059004165340397235,76793.51216469129,-0.014003294892916074
2017-06-16,0.0,97638.08985909002,-0.059004165340397235,76481.59700561456,0.004061738424045558
2017-06-19,0.0,97638.08985909002,-0.059004165340397235,77417.34248284475,-0.012234910277324706
2017-06-20,0.0,97638.08985909002,-0.059004165340397235,76855.89519650662,0.00725221595487513
2017-06-21,0.0,97638.08985909002,-0.059004165340397235,76793.51216469127,0.0008116883116883189
2017-06-22,0.0,97638.08985909002,-0.059004165340397235,75733.00062383039,0.01380991064175463
2017-06-23,0.0,97638.08985909002,-0.059004165340397235,75171.55333749228,0.007413509060955503
2017-06-26,0.0,97638.08985909002,-0.059004165340397235,76169.68184653782,-0.01327800829875514
2017-06-27,0.0,97638.08985909002,-0.059004165340397235,76232.06487835315,-0.0008190008190007703
2017-06-28,0.0,97638.08985909002,-0.059004165340397235,75171.55333749227,0.013911620294599025
2017-06-29,0.0,97638.08985909002,-0.059004165340397235,75545.85152838434,-0.004979253112033177
2017-06-30,0.0,97638.08985909002,-0.059004165340397235,75421.08546475366,0.0016515276630882925
2017-07-03,0.0,97638.08985909002,-0.059004165340397235,75670.61759201504,-0.003308519437551727
2017-07-04,0.0,97638.08985909002,-0.059004165340397235,75233.93636930762,0.00577081615828523
2017-07-05,0.0,97638.08985909002,-0.059004165340397235,78602.62008733631,-0.04477611940298498
2017-07-06,-0.004216221498127504,97226.42604559002,-0.06297161220813743,77292.57641921405,0.012450445168539104
2017-07-07,0.0005142634778794175,97276.42604559002,-0.062489732730559765,77417.34248284475,-0.0010999415261561118
2017-07-10,-0.0023129961610076633,97051.42604559002,-0.0646581903796593,76855.89519650662,0.0049392197938674665
2017-07-11,-0.0036063354683277815,96701.42604559002,-0.068031346722703,75982.53275109177,0.007757300895308683
2017-07-12,-0.005170554566219843,96201.42604559002,-0.07285014149847972,74734.87211478484,0.011249806681727592
2017-07-13,0.0012993570380210873,96326.42604559002,-0.07164544280453554,75046.78727386157,-0.0028742656664864086
2017-07-14,0.01115996974175304,97401.42604559002,-0.06128503403661559,77729.25764192147,-0.02458400365808089
2017-07-17,-0.012833487667982646,96151.42604559002,-0.0733320209760574,74610.10605115416,0.027294923246945157
2017-07-18,0.01300032720687172,97401.42604559002,-0.06128503403661559,77729.25764192147,-0.028805692860017995
2017-07-19,0.005133395067193014,97901.42604559002,-0.05646623926083886,78976.91827822839,-0.010917969298777974
2017-07-20,-0.0015321533715979552,97751.42604559002,-0.05791187769357188,78602.62008733631,0.003207183121293089
2017-07-21,0.0005115014892640435,97801.42604559002,-0.057429998215994205,78727.386150967,-0.0010758000980375382
2017-07-24,0.0038342999193610172,98176.42604559002,-0.05381590213416167,79663.1316281972,-0.008051595484759533
2017-07-25,-0.004583585063394291,97726.42604559002,-0.05815281743236072,78540.23705552095,0.009511951350074765
2017-07-26,-0.007418668924429772,97001.42604559002,-0.06514006985723697,76731.12913287593,0.015615485166118215
2017-07-27,0.015463690186317658,98501.42604559002,-0.05068368552990679,80474.1110417967,-0.033316797618560434
2017-07-28,-0.006091282371102902,97901.42604559002,-0.05646623926083886,78976.91827822839,0.012513368791687851
2017-07-31,0.001787512266864244,98076.42604559002,-0.054779661089317006,79413.59950093582,-0.0037417136415085483
2017-08-01,-0.004078452041207825,97676.42604559002,-0.05863469690993839,78415.47099189028,0.008490283229805495
2017-08-02,-0.0028154183269527566,97401.42604559002,-0.06128503403661559,77729.25764192147,0.005935576104232565
2017-08-03,0.0005133395067193902,97451.42604559002,-0.06080315455903791,77854.02370555217,-0.0010917969298775976
2017-08-04,0.006669989618170558,98101.42604559002,-0.054538721350528174,79475.98253275116,-0.014163343715162702
2017-08-07,-0.0005096765869312403,98051.42604559002,-0.055020600828105844,79351.21646912048,0.0010601821257846256
2017-08-08,0.0035695554273453833,98401.42604559002,-0.05164744448506214,80224.57891453532,-0.007436733880830548
2017-08-09,-0.0035568590219194895,98051.42604559002,-0.055020600828105844,79351.21646912048,0.007329610651486296
2017-08-10,0.01274841224051948,99301.42604559002,-0.04297361388866403,82470.36805988778,-0.026559763860109387
2017-08-11,-0.0022658284876664325,99076.42604559002,-0.04514207153776356,81908.92077354967,0.0045420383807147635
2017-08-14,0.012111862002852414,100276.42604559002,-0.03357696407589942,84903.3063006863,-0.02444563990118409
2017-08-15,0.012714852835105317,101551.42604559002,-0.021289037397668773,88084.84092326896,-0.024757593895240015
2017-08-16,-0.003200348952796528,101226.42604559002,-0.02442125400192364,87273.86150966946,0.0060064499140589644
2017-08-17,0.0012348554116066168,101351.42604559002,-0.02321655530797946,87585.77666874618,-0.0023391260036900174
2017-08-18,-0.008139994000961548,100526.42604559002,-0.03116756668801106,85527.13661883977,0.015364279503311873
2017-08-21,0.001492144960291153,100676.42604559002,-0.02972192825527804,85901.43480973183,-0.002884222654588431
2017-08-22,-0.003973124749371504,100276.42604559002,-0.03357696407589942,84903.3063006863,0.007646337850483298
2017-08-23,-0.005734149317792592,99701.42604559002,-0.039118578068042656,83468.49656893333,0.011165189403735565
2017-08-24,0.0022567380319826746,99926.42604559002,-0.036950120418943126,84029.94385527146,-0.004469719367120373
2017-08-25,0.0012509203515691514,100051.42604559002,-0.03574542172499894,84341.85901434819,-0.002461032135439023
2017-08-28,0.0012493575048400096,100176.42604559002,-0.034540723031054765,84653.77417342493,-0.002448867347231154
2017-08-29,0.004242515098378474,100601.42604559002,-0.030444747471644548,85714.28571428583,-0.008285119389462414
2017-08-30,-0.007206657286065177,99876.42604559002,-0.0374319998965208,83905.17779164079,0.013899601811460327
2017-08-31,0.0010012372684857773,99976.42604559002,-0.03646824094136546,84154.70991890218,-0.0019727404266816073
2017-09-01,0.006251473719564693,100601.42604559002,-0.030444747471644548,85714.28571428583,-0.012280772388663541
2017-09-04,-0.003230570507546493,100276.42604559002,-0.03357696407589942,84903.30630068632,0.006230855984447725
2017-09-05,0.005235527637984516,100801.42604559002,-0.02851722956133386,86213.3499688086,-0.010194303368628255
2017-09-06,0.008184408022430922,101626.42604559002,-0.020566218181302262,88271.99001871503,-0.015694029025326017
2017-09-07,-0.010331958338562153,100576.42604559002,-0.030685687210433386,85651.90268247048,0.01935002046002443
2017-09-08,-0.004225642297205456,100151.42604559002,-0.0347816627698436,84591.3911416096,0.008156003733384543
2017-09-11,0.0004992440145310528,100201.42604559002,-0.03429978329226593,84716.15720524028,-0.0009756822391562281
2017-09-12,-0.004989948943166844,99701.42604559002,-0.039118578068042656,83468.49656893336,0.00973759155756948
2017-09-13,-0.002507486702203021,99451.42604559002,-0.04152797545593102,82844.66625077989,0.004966354852356081
2017-09-14,-5.219173526604948e-05,99446.23550309002,-0.04157799977409592,83530.8796007487,-0.008335324265386523
2017-09-15,0.0,99446.23550309002,-0.04157799977409592,82532.75109170315,0.011949215832711024
2017-09-18,0.0,99446.23550309002,-0.04157799977409592,82657.51715533384,-0.0015117157974300355
2017-09-19,0.0,99446.23550309002,-0.04157799977409592,83094.19837804126,-0.005283018867924483
2017-09-20,0.0,99446.23550309002,-0.04157799977409592,83343.73050530265,-0.0030030030030030463
2017-09-21,0.0,99446.23550309002,-0.04157799977409592,81409.85651902693,0.02320359281437112
2017-09-22,0.0,99446.23550309002,-0.04157799977409592,83718.02869619473,-0.028352490421455823
2017-09-25,0.0,99446.23550309002,-0.04157799977409592,81222.70742358087,0.02980625931445602
2017-09-26,0.0,99446.23550309002,-0.04157799977409592,79912.66375545862,0.01612903225806439
2017-09-27,0.0,99446.23550309002,-0.04157799977409592,80286.96194635068,-0.004683840749414525
2017-09-28,0.0,99446.23550309002,-0.04157799977409592,79663.13162819722,0.007770007770007692
2017-09-29,0.0,99446.23550309002,-0.04157799977409592,79850.28072364327,-0.002349256068911565
2017-10-09,0.0,99446.23550309002,-0.04157799977409592,82907.04928259522,-0.03828124999999982
2017-10-10,0.0,99446.23550309002,-0.04157799977409592,82969.43231441059,-0.0007524454477052522
2017-10-11,0.0,99446.23550309002,-0.04157799977409592,83156.58140985662,-0.0022556390977443996
2017-10-12,0.0,99446.23550309002,-0.04157799977409592,87648.15970056156,-0.054013503375843985
2017-10-13,0.0,99446.23550309002,-0.04157799977409592,88646.2882096071,-0.011387900355871894
2017-10-16,0.0,99446.23550309002,-0.04157799977409592,85901.43480973184,0.03096410978184383
2017-10-17,0.0,99446.23550309002,-0.04157799977409592,83468.49656893335,0.028322440087145906
2017-10-18,0.0,99446.23550309002,-0.04157799977409592,81160.32439176552,0.027653213751868577
2017-10-19,0.0,99446.23550309002,-0.04157799977409592,79912.6637554586,0.01537279016141424
2017-10-20,0.0,99446.23550309002,-0.04157799977409592,80910.79226450414,-0.012490241998438734
2017-10-23,0.0,99446.23550309002,-0.04157799977409592,79413.59950093583,0.018504240555127227
2017-10-24,0.0,99446.23550309002,-0.04157799977409592,78041.1728009982,0.01728201099764337
2017-10-25,0.0,99446.23550309002,-0.04157799977409592,78477.85402370563,-0.005595523581135131
2017-10-26,0.0,99446.23550309002,-0.04157799977409592,79164.06737367444,-0.008744038155802825
2017-10-27,0.0,99446.23550309002,-0.04157799977409592,78727.38615096701,0.005516154452324673
2017-10-30,0.0,99446.23550309002,-0.04157799977409592,75358.70243293833,0.04278922345483349
2017-10-31,0.0,99446.23550309002,-0.04157799977409592,76107.29881472248,-0.009933774834437026
2017-11-01,0.0,99446.23550309002,-0.04157799977409592,76481.59700561456,-0.004918032786885185
2017-11-02,0.0,99446.23550309002,-0.04157799977409592,75358.70243293833,0.014681892332789492
2017-11-03,0.0,99446.23550309002,-0.04157799977409592,73986.2757330007,0.018211920529801362
2017-11-06,0.0,99446.23550309002,-0.04157799977409592,74922.0212102309,-0.012647554806070938
2017-11-07,0.0,99446.23550309002,-0.04157799977409592,75483.46849656901,-0.007493755203996644
2017-11-08,0.0,99446.23550309002,-0.04157799977409592,77043.04429195268,-0.02066115702479343
2017-11-09,0.0,99446.23550309002,-0.04157799977409592,77043.04429195268,0.0
2017-11-10,0.0,99446.23550309002,-0.04157799977409592,76419.21397379921,0.0080971659919028
2017-11-13,0.0,99446.23550309002,-0.04157799977409592,76169.68184653785,0.0032653061224489077
2017-11-14,0.0,99446.23550309002,-0.04157799977409592,74734.87211478488,0.018837018837018826
2017-11-15,0.0,99446.23550309002,-0.04157799977409592,75358.70243293834,-0.008347245409014992
2017-11-16,0.0,99446.23550309002,-0.04157799977409592,75795.38365564577,-0.005794701986755024
2017-11-17,0.0,99446.23550309002,-0.04157799977409592,72426.69993761706,0.04444444444444451
2017-11-20,0.0,99446.23550309002,-0.04157799977409592,71179.03930131013,0.017226528854435763
2017-11-21,0.0,99446.23550309002,-0.04157799977409592,71179.03930131013,0.0
2017-11-22,0.0,99446.23550309002,-0.04157799977409592,71116.6562694948,0.0008764241893075564
2017-11-23,0.0,99446.23550309002,-0.04157799977409592,69806.61260137252,0.018421052631579005
2017-11-24,0.0,99446.23550309002,-0.04157799977409592,69369.93137866509,0.006255585344057235
2017-11-27,0.0,99446.23550309002,-0.04157799977409592,69307.54834684974,0.0008992805755395628
2017-11-28,0.0,99446.23550309002,-0.04157799977409592,69619.46350592648,-0.004500450045004545
2017-11-29,0.0,99446.23550309002,-0.04157799977409592,69120.39925140372,0.007168458781361964
2017-11-30,0.0,99446.23550309002,-0.04157799977409592,69307.54834684976,-0.0027075812274368616
2017-12-01,0.0,99446.23550309002,-0.04157799977409592,69806.61260137253,-0.007200720072007227
2017-12-04,0.0,99446.23550309002,-0.04157799977409592,69931.37866500323,-0.0017873100983021306
2017-12-05,0.0,99446.23550309002,-0.04157799977409592,66313.16281971315,0.05173951828724355
2017-12-06,0.0,99446.23550309002,-0.04157799977409592,66936.99313786661,-0.00940733772342428
2017-12-07,0.0,99446.23550309002,-0.04157799977409592,66625.07797878986,0.004659832246039164
2017-12-08,0.0,99446.23550309002,-0.04157799977409592,66999.37616968196,-0.005617977528090012
2017-12-11,0.0,99446.23550309002,-0.04157799977409592,68122.27074235819,-0.016759776536312776
2017-12-12,0.0,99446.23550309002,-0.04157799977409592,69120.39925140372,-0.0146520146520146
2017-12-13,0.0,99446.23550309002,-0.04157799977409592,67935.12164691214,0.017148014440433124
2017-12-14,0.0,99446.23550309002,-0.04157799977409592,67436.05739238937,0.00734618916437102
2017-12-15,0.0,99446.23550309002,-0.04157799977409592,66874.61010605126,0.008325624421831601
2017-12-18,0.0,99446.23550309002,-0.04157799977409592,65938.86462882106,0.013992537313432862
2017-12-19,0.0,99446.23550309002,-0.04157799977409592,66562.69494697452,-0.009460737937559083
2017-12-20,0.0,99446.23550309002,-0.04157799977409592,65502.18340611363,0.015932521087160256
2017-12-21,0.0,99446.23550309002,-0.04157799977409592,64254.52276980671,0.01904761904761898
2017-12-22,0.0,99446.23550309002,-0.04157799977409592,63817.841547099284,0.006796116504854344
2017-12-25,0.0,99446.23550309002,-0.04157799977409592,60698.689956331975,0.04887585532746819
2017-12-26,0.0,99446.23550309002,-0.04157799977409592,61010.6051154087,-0.005138746145940232
2017-12-27,0.0,99446.23550309002,-0.04157799977409592,60386.77479725524,0.010224948875255602
2017-12-28,0.0,99446.23550309002,-0.04157799977409592,60823.456019962665,-0.00723140495867769
2017-12-29,0.0,99446.23550309002,-0.04157799977409592,61072.98814722405,-0.004102564102564044
2018-01-02,0.0,99446.23550309002,-0.04157799977409592,61509.669369931486,-0.007150153217569066
2018-01-03,0.0,99446.23550309002,-0.04157799977409592,63069.245165315144,-0.02535496957403649
2018-01-04,0.0,99446.23550309002,-0.04157799977409592,62882.09606986911,0.0029673590504450953
2018-01-05,0.0,99446.23550309002,-0.04157799977409592,63131.62819713049,-0.003968253968253954
2018-01-08,0.0,99446.23550309002,-0.04157799977409592,62944.47910168446,0.0029644268774703386
2018-01-09,0.0,99446.23550309002,-0.04157799977409592,62383.031815346345,0.008919722497522264
2018-01-10,0.0,99446.23550309002,-0.04157799977409592,63069.245165315144,-0.010999999999999899
2018-01-11,0.0,99446.23550309002,-0.04157799977409592,65564.56643792901,-0.03956478733926816
2018-01-12,0.0,99446.23550309002,-0.04157799977409592,64004.990642545345,0.02378686964795429
2018-01-15,0.0,99446.23550309002,-0.04157799977409592,61696.81846537753,0.03606237816764124
2018-01-16,0.0,99446.23550309002,-0.04157799977409592,62258.26575171565,-0.009100101112234471
2018-01-17,0.0,99446.23550309002,-0.04157799977409592,63006.86213349981,-0.012024048096192397
2018-01-18,0.0,99446.23550309002,-0.04157799977409592,62320.64878353101,0.01089108910891079
2018-01-19,0.0,99446.23550309002,-0.04157799977409592,62445.41484716169,-0.002002002002001957
2018-01-22,0.0,99446.23550309002,-0.04157799977409592,63755.45851528397,-0.020979020979021046
2018-01-23,0.0,99446.23550309002,-0.04157799977409592,63630.69245165327,0.001956947162426781
2018-01-24,0.0,99446.23550309002,-0.04157799977409592,64878.353087960204,-0.019607843137255054
2018-01-25,0.0,99446.23550309002,-0.04157799977409592,64504.05489706812,0.00576923076923086
2018-01-26,0.0,99446.23550309002,-0.04157799977409592,64753.58702432951,-0.003868471953578423
2018-01-29,0.0,99446.23550309002,-0.04157799977409592,63755.45851528396,0.015414258188824692
2018-01-30,0.0,99446.23550309002,-0.04157799977409592,67623.20648783541,-0.06066536203522488
2018-01-31,-0.01546256644025723,97908.54147939003,-0.05639766363039316,64192.13973799137,0.035275440939816605
2018-02-01,-0.026044714398455016,95358.54147939003,-0.08097351698685445,58889.58203368694,0.0565597559611174
2018-02-02,0.0004416530333477553,95400.65686849003,-0.08056762615290469,61197.75421085476,-0.038753262220889706
2018-02-05,0.0,95400.65686849003,-0.08056762615290469,61946.35059263891,-0.012232415902140525
2018-02-06,0.0,95400.65686849003,-0.08056762615290469,56581.40985651912,0.0866062437059415
2018-02-07,0.0,95400.65686849003,-0.08056762615290469,57517.155333749324,-0.016538037486218293
2018-02-08,0.0,95400.65686849003,-0.08056762615290469,56706.17592014981,0.014099783080260386
2018-02-09,0.0,95400.65686849003,-0.08056762615290469,53025.57704304438,0.06490649064906484
2018-02-12,0.0,95400.65686849003,-0.08056762615290469,53836.55645664389,-0.015294117647058902
2018-02-13,0.0,95400.65686849003,-0.08056762615290469,54148.47161572062,-0.005793742757821407
2018-02-14,0.0,95400.65686849003,-0.08056762615290469,54086.088583905264,0.0011520737327188613
2018-02-22,0.0,95400.65686849003,-0.08056762615290469,55895.19650655032,-0.033448673587082034
2018-02-23,0.0,95400.65686849003,-0.08056762615290469,55708.047411104264,0.0033482142857144126
2018-02-26,0.0,95400.65686849003,-0.08056762615290469,60074.85963817851,-0.07838745800671898
2018-02-27,0.0,95400.65686849003,-0.08056762615290469,59575.795383655735,0.00830737279335414
2018-02-28,0.0,95400.65686849003,-0.08056762615290469,60761.072988147316,-0.019895287958115127
2018-03-01,0.0,95400.65686849003,-0.08056762615290469,61197.754210854735,-0.007186858316221789
2018-03-02,0.0,95400.65686849003,-0.08056762615290469,67997.50467872749,-0.11111111111111116
2018-03-05,0.0,95400.65686849003,-0.08056762615290469,67061.75920149729,0.013761467889908285
2018-03-06,0.0,95400.65686849003,-0.08056762615290469,66437.92888334383,0.009302325581395321
2018-03-07,0.0,95400.65686849003,-0.08056762615290469,64815.97005614483,0.024413145539906034
2018-03-08,0.0,95400.65686849003,-0.08056762615290469,64192.13973799136,0.009624639076034835
2018-03-09,0.0,95400.65686849003,-0.08056762615290469,65252.65127885226,-0.016520894071914594
2018-03-12,0.0,95400.65686849003,-0.08056762615290469,67436.05739238937,-0.03346080305927335
2018-03-13,0.0,95400.65686849003,-0.08056762615290469,64940.73611977551,0.03700277520814066
2018-03-14,0.0,95400.65686849003,-0.08056762615290469,64067.373674360664,0.01344860710854956
2018-03-15,0.0,95400.65686849003,-0.08056762615290469,64566.437928883424,-0.00778967867575453
2018-03-16,0.0,95400.65686849003,-0.08056762615290469,65003.11915159085,-0.006763285024154575
2018-03-19,0.0,95400.65686849003,-0.08056762615290469,63880.224578914625,0.017274472168905874
2018-03-20,0.0,95400.65686849003,-0.08056762615290469,63817.84154709928,0.0009765625
2018-03-21,0.0,95400.65686849003,-0.08056762615290469,63880.224578914625,-0.0009775171065493637
2018-03-22,0.0,95400.65686849003,-0.08056762615290469,66500.31191515917,-0.041015625
2018-03-23,0.0,95400.65686849003,-0.08056762615290469,59638.17841547109,0.10318949343339578
2018-03-26,0.0,95400.65686849003,-0.08056762615290469,60012.47660636316,-0.006276150627614996
2018-03-27,0.0,95400.65686849003,-0.08056762615290469,61634.435433562176,-0.027027027027027195
2018-03-28,0.0,95400.65686849003,-0.08056762615290469,62819.71303805375,-0.019230769230769162
2018-03-29,0.0,95400.65686849003,-0.08056762615290469,62507.79787897701,0.0049652432969216065
2018-03-30,0.0,95400.65686849003,-0.08056762615290469,64441.67186525275,-0.03093812375249505
2018-04-02,0.0,95400.65686849003,-0.08056762615290469,63630.69245165324,0.012584704743465736
2018-04-03,0.0,95400.65686849003,-0.08056762615290469,61634.43543356216,0.03137254901960773
2018-04-04,0.0,95400.65686849003,-0.08056762615290469,61883.96756082354,-0.004048582995951344
2018-04-09,0.0,95400.65686849003,-0.08056762615290469,61696.8184653775,0.003024193548387011
2018-04-10,0.0,95400.65686849003,-0.08056762615290469,60948.22208359334,0.01213346814964622
2018-04-11,0.0,95400.65686849003,-0.08056762615290469,61572.052401746805,-0.010235414534288667
2018-04-12,0.0,95400.65686849003,-0.08056762615290469,62320.64878353096,-0.012158054711246313
2018-04-13,0.0,95400.65686849003,-0.08056762615290469,64815.97005614481,-0.040040040040040026
2018-04-16,0.0,95400.65686849003,-0.08056762615290469,68683.71802869628,-0.059672762271414825
2018-04-17,-0.016496224722324593,93826.90619413003,-0.09573478920886679,64316.90580162205,0.04708234021863811
2018-04-18,-0.0043271169909404605,93420.90619413003,-0.09964765056679747,63443.5433562072,0.009251932475596969
2018-04-19,0.0037250762615901323,93768.90619413003,-0.09629376940285687,64192.13973799135,-0.008074333767908337
2018-04-20,-0.01484500626591656,92376.90619413003,-0.10970929405861929,61197.754210854735,0.03180222405478306
2018-04-23,0.0023021180386046947,92589.56873623004,-0.10765973976486946,61634.43543356216,-0.004833457904310778
2018-04-24,0.0,92589.56873623004,-0.10765973976486946,62944.47910168444,-0.021255060728744946
2018-04-25,0.0,92589.56873623004,-0.10765973976486946,62632.5639426077,0.0049554013875124925
2018-04-26,0.0,92589.56873623004,-0.10765973976486946,60885.839051778,0.027888446215139417
2018-04-27,0.0,92589.56873623004,-0.10765973976486946,62008.73362445424,-0.018442622950819665
2018-05-02,0.0,92589.56873623004,-0.10765973976486946,59638.17841547109,0.03822937625754519
2018-05-03,0.0,92589.56873623004,-0.10765973976486946,59638.17841547109,0.0
2018-05-04,0.0,92589.56873623004,-0.10765973976486946,59762.944479101774,-0.0020920502092049986
2018-05-07,0.0,92589.56873623004,-0.10765973976486946,60636.30692451663,-0.014613778705636848
2018-05-08,0.0,92589.56873623004,-0.10765973976486946,61135.3711790394,-0.008230452674897082
2018-05-09,0.0,92589.56873623004,-0.10765973976486946,61010.6051154087,0.0020408163265307477
2018-05-10,0.0,92589.56873623004,-0.10765973976486946,60948.22208359335,0.0010224948875255935
2018-05-11,0.0,92589.56873623004,-0.10765973976486946,61384.90330630079,-0.007164790174002178
2018-05-14,0.0,92589.56873623004,-0.10765973976486946,60948.22208359336,0.0071138211382114624
2018-05-15,0.0,92589.56873623004,-0.10765973976486946,60823.45601996267,0.0020470829068577334
2018-05-16,0.0,92589.56873623004,-0.10765973976486946,60573.923892701285,0.004102564102564044
2018-05-17,0.0,92589.56873623004,-0.10765973976486946,59451.02932002505,0.018537590113285374
2018-05-18,0.0,92589.56873623004,-0.10765973976486946,60324.3917654399,-0.014690451206715638
2018-05-21,0.0,92589.56873623004,-0.10765973976486946,61135.3711790394,-0.013443640124095158
2018-05-22,0.0,92589.56873623004,-0.10765973976486946,61322.52027448544,-0.003061224489795844
2018-05-23,0.0,92589.56873623004,-0.10765973976486946,60386.77479725524,0.015259409969481164
2018-05-24,0.0,92589.56873623004,-0.10765973976486946,60761.072988147316,-0.006198347107438051
2018-05-25,0.0,92589.56873623004,-0.10765973976486946,59451.02932002504,0.021560574948665368
2018-05-28,0.0,92589.56873623004,-0.10765973976486946,62882.09606986908,-0.057712486883525704
2018-05-29,0.0,92589.56873623004,-0.10765973976486946,62632.5639426077,0.003968253968254065
2018-05-30,0.0,92589.56873623004,-0.10765973976486946,56955.7080474112,0.090637450199203
2018-05-31,0.0,92589.56873623004,-0.10765973976486946,57579.538365564666,-0.010952902519167473
2018-06-01,0.0,92589.56873623004,-0.10765973976486946,56394.26076107308,0.020585048754062973
2018-06-04,0.0,92589.56873623004,-0.10765973976486946,55957.579538365666,0.00774336283185828
2018-06-05,0.0,92589.56873623004,-0.10765973976486946,56519.026824703775,-0.010033444816053505
2018-06-06,0.0,92589.56873623004,-0.10765973976486946,56519.026824703775,0.0
2018-06-07,0.0,92589.56873623004,-0.10765973976486946,55458.51528384289,0.01876379690949226
2018-06-08,0.0,92589.56873623004,-0.10765973976486946,54460.386774797356,0.017997750281214864
2018-06-11,0.0,92589.56873623004,-0.10765973976486946,55645.66437928893,-0.021764032073310347
2018-06-12,0.0,92589.56873623004,-0.10765973976486946,55333.749220212194,0.005605381165919354
2018-06-13,0.0,92589.56873623004,-0.10765973976486946,54148.47161572062,0.021420518602029204
2018-06-14,0.0,92589.56873623004,-0.10765973976486946,53399.875233936466,0.013824884792626668
2018-06-15,0.0,92589.56873623004,-0.10765973976486946,53462.258265751814,-0.001168224299065379
2018-06-19,0.0,92589.56873623004,-0.10765973976486946,47473.48721147857,0.11201866977829633
2018-06-20,0.0,92589.56873623004,-0.10765973976486946,47286.33811603254,0.003942181340341633
2018-06-21,0.0,92589.56873623004,-0.10765973976486946,44915.782907049375,0.05013192612137207
2018-06-22,0.0,92589.56873623004,-0.10765973976486946,45227.698066126104,-0.00694444444444442
2018-06-25,0.0,92589.56873623004,-0.10765973976486946,44915.782907049375,0.006896551724137945
2018-06-26,0.0,92589.56873623004,-0.10765973976486946,44915.782907049375,0.0
2018-06-27,0.0,92589.56873623004,-0.10765973976486946,44416.71865252661,0.011111111111111072
2018-06-28,0.0,92589.56873623004,-0.10765973976486946,43792.888334373136,0.014044943820224809
2018-06-29,0.0,92589.56873623004,-0.10765973976486946,45290.08109794145,-0.03418803418803429
2018-07-02,0.0,92589.56873623004,-0.10765973976486946,44167.18652526522,0.024793388429751984
2018-07-03,0.0,92589.56873623004,-0.10765973976486946,45290.08109794145,-0.025423728813559254
2018-07-04,0.0,92589.56873623004,-0.10765973976486946,44416.71865252661,0.019283746556473802
2018-07-05,0.0,92589.56873623004,-0.10765973976486946,43855.27136618849,0.012640449438202195
2018-07-06,0.0,92589.56873623004,-0.10765973976486946,43730.5053025578,0.002844950213371278
2018-07-09,0.0,92589.56873623004,-0.10765973976486946,44479.10168434196,-0.01711840228245376
2018-07-10,0.0,92589.56873623004,-0.10765973976486946,44666.250779788,-0.004207573632538653
2018-07-11,0.0,92589.56873623004,-0.10765973976486946,42794.759825327616,0.04189944134078205
2018-07-12,0.0,92589.56873623004,-0.10765973976486946,44042.42046163454,-0.02915451895043719
2018-07-13,0.0,92589.56873623004,-0.10765973976486946,43855.27136618851,0.004249291784702458
2018-07-16,0.0,92589.56873623004,-0.10765973976486946,44229.56955708058,-0.008534850640113723
2018-07-17,0.0,92589.56873623004,-0.10765973976486946,44229.56955708058,0.0
2018-07-18,0.0,92589.56873623004,-0.10765973976486946,44666.250779788,-0.009873060648801113
2018-07-19,0.0,92589.56873623004,-0.10765973976486946,43356.20711166573,0.029329608938547524
2018-07-20,0.0,92589.56873623004,-0.10765973976486946,44042.42046163453,-0.015827338129496216
2018-07-23,0.0,92589.56873623004,-0.10765973976486946,44666.250779787995,-0.014164305949008638
2018-07-24,0.0,92589.56873623004,-0.10765973976486946,45664.37928883354,-0.022346368715083775
2018-07-25,0.0,92589.56873623004,-0.10765973976486946,45726.762320648886,-0.001366120218579292
2018-07-26,0.0,92589.56873623004,-0.10765973976486946,46412.97567061769,-0.01500682128240105
2018-07-27,-0.002599036875153282,92348.92503283004,-0.1099789650064044,45851.52838427957,0.009497737318395205
2018-07-30,-0.003551746811166434,92020.92503283004,-0.11314009437931394,45352.464129756794,0.007332606930330221
2018-07-31,0.001782203340615185,92184.92503283004,-0.11155952969285918,45601.99625701818,-0.0037198599331125237
2018-08-01,-0.008450405526961968,91405.92503283004,-0.11906721195351931,44416.71865252661,0.01754138653870141
2018-08-02,-0.017941944129015286,89765.92503283004,-0.13487285881806696,41921.397379912756,0.03823783115188362
2018-08-03,0.0008491514371642417,89842.14989708005,-0.13413823486280255,41859.014348097415,0.0023372466752594745
2018-08-06,0.0,89842.14989708005,-0.13413823486280255,40798.502807236524,0.025335320417287588
2018-08-07,0.0,89842.14989708005,-0.13413823486280255,41859.01434809741,-0.02599388379204881
2018-08-08,0.0,89842.14989708005,-0.13413823486280255,41422.33312538998,0.010432190760059634
2018-08-09,0.0,89842.14989708005,-0.13413823486280255,42607.61072988157,-0.028614457831325435
2018-08-10,0.0,89842.14989708005,-0.13413823486280255,42857.14285714296,-0.005856515373352966
2018-08-13,0.0,89842.14989708005,-0.13413823486280255,43169.05801621969,-0.00727802037845704
2018-08-14,0.0,89842.14989708005,-0.13413823486280255,42732.37679351227,0.010115606936416222
2018-08-15,0.0,89842.14989708005,-0.13413823486280255,41235.18402994396,0.035036496350364876
2018-08-16,0.0,89842.14989708005,-0.13413823486280255,40736.11977542119,0.012102874432677768
2018-08-17,0.0,89842.14989708005,-0.13413823486280255,39675.6082345603,0.026033690658499253
2018-08-20,0.0,89842.14989708005,-0.13413823486280255,40237.055520898415,-0.014150943396226356
2018-08-21,0.0,89842.14989708005,-0.13413823486280255,40985.65190268257,-0.018604651162790642
2018-08-22,0.0,89842.14989708005,-0.13413823486280255,40923.26887086722,0.0015220700152207556
2018-08-23,0.0,89842.14989708005,-0.13413823486280255,40736.11977542118,0.004573170731707266
2018-08-24,0.0,89842.14989708005,-0.13413823486280255,40798.502807236524,-0.0015313935681469104
2018-08-27,0.0,89842.14989708005,-0.13413823486280255,41609.48222083603,-0.01987767584097866
2018-08-28,0.0,89842.14989708005,-0.13413823486280255,41671.865252651376,-0.0014992503748125774
2018-08-29,0.0,89842.14989708005,-0.13413823486280255,41484.71615720534,0.004491017964071808
2018-08-30,0.0,89842.14989708005,-0.13413823486280255,41547.09918902068,-0.0015037593984961184
2018-08-31,0.0,89842.14989708005,-0.13413823486280255,40237.05552089841,0.03153153153153154
2018-09-03,0.0,89842.14989708005,-0.13413823486280255,42482.844666250865,-0.055813953488371926
2018-09-04,0.0,89842.14989708005,-0.13413823486280255,42482.844666250865,0.0
2018-09-05,0.0,89842.14989708005,-0.13413823486280255,42545.22769806622,-0.001468428781204123
2018-09-06,0.0,89842.14989708005,-0.13413823486280255,42108.546475358795,0.01026392961876832
2018-09-07,0.0,89842.14989708005,-0.13413823486280255,41609.48222083602,0.011851851851851891
2018-09-10,0.0,89842.14989708005,-0.13413823486280255,40361.82158452909,0.02998500749625188
2018-09-11,0.0,89842.14989708005,-0.13413823486280255,40736.11977542117,-0.009273570324574987
2018-09-12,0.0,89842.14989708005,-0.13413823486280255,41796.63131628206,-0.026033690658499253
2018-09-13,0.0,89842.14989708005,-0.13413823486280255,41796.63131628206,0.0
2018-09-14,0.0,89842.14989708005,-0.13413823486280255,42233.31253898948,-0.010447761194029681
2018-09-17,0.0,89842.14989708005,-0.13413823486280255,42981.908920773625,-0.017725258493352936
2018-09-18,0.0,89842.14989708005,-0.13413823486280255,42046.16344354343,0.021770682148040565
2018-09-19,0.0,89842.14989708005,-0.13413823486280255,42233.31253898946,-0.004451038575667532
2018-09-20,0.0,89842.14989708005,-0.13413823486280255,41796.63131628204,0.010339734121122546
2018-09-21,0.0,89842.14989708005,-0.13413823486280255,43605.73923892709,-0.0432835820895523
2018-09-25,0.0,89842.14989708005,-0.13413823486280255,43106.67498440432,0.011444921316165924
2018-09-26,0.0,89842.14989708005,-0.13413823486280255,43106.67498440432,0.0
2018-09-27,0.0,89842.14989708005,-0.13413823486280255,43169.05801621967,-0.0014471780028944004
2018-09-28,0.0,89842.14989708005,-0.13413823486280255,44167.18652526521,-0.023121387283236983
2018-10-08,0.0,89842.14989708005,-0.13413823486280255,41983.7804117281,0.049435028248587476
2018-10-09,0.0,89842.14989708005,-0.13413823486280255,41547.099189020664,0.010401188707280906
2018-10-10,0.0,89842.14989708005,-0.13413823486280255,41921.39737991274,-0.009009009009008917
2018-10-11,0.0,89842.14989708005,-0.13413823486280255,37180.28696194642,0.11309523809523803
2018-10-12,0.0,89842.14989708005,-0.13413823486280255,35495.94510293207,0.0453020134228187
2018-10-15,0.0,89842.14989708005,-0.13413823486280255,34061.1353711791,0.040421792618629215
2018-10-16,0.0,89842.14989708005,-0.13413823486280255,31815.34622582663,0.06593406593406603
2018-10-17,0.0,89842.14989708005,-0.13413823486280255,32314.410480349397,-0.015686274509803866
2018-10-18,0.0,89842.14989708005,-0.13413823486280255,32938.24079850286,-0.01930501930501949
2018-10-19,0.0,89842.14989708005,-0.13413823486280255,34373.05053025583,-0.043560606060605966
2018-10-22,0.0,89842.14989708005,-0.13413823486280255,36431.690580162256,-0.05989110707803991
2018-10-23,0.0,89842.14989708005,-0.13413823486280255,35558.32813474741,0.023972602739726012
2018-10-24,0.0,89842.14989708005,-0.13413823486280255,35433.56207111671,0.0035087719298246833
2018-10-25,0.0,89842.14989708005,-0.13413823486280255,36681.222707423636,-0.035211267605633756
2018-10-26,0.0,89842.14989708005,-0.13413823486280255,36244.54148471621,0.011904761904761973
2018-10-29,0.0,89842.14989708005,-0.13413823486280255,36930.75483468502,-0.018932874354561147
2018-10-30,0.0,89842.14989708005,-0.13413823486280255,36930.75483468502,0.0
2018-10-31,0.0,89842.14989708005,-0.13413823486280255,37242.669993761745,-0.008445945945945832
2018-11-01,0.0,89842.14989708005,-0.13413823486280255,37242.669993761745,0.0
2018-11-02,0.0,89842.14989708005,-0.13413823486280255,38677.47972551471,-0.03852596314907886
2018-11-05,0.0,89842.14989708005,-0.13413823486280255,39613.22520274491,-0.024193548387096753
2018-11-06,0.0,89842.14989708005,-0.13413823486280255,39737.9912663756,-0.0031496062992126816
2018-11-07,0.0,89842.14989708005,-0.13413823486280255,41172.800998128565,-0.03610675039246458
2018-11-08,0.0,89842.14989708005,-0.13413823486280255,40299.43855271372,0.021212121212121127
2018-11-09,0.0,89842.14989708005,-0.13413823486280255,39176.54398003749,0.02786377708978327
2018-11-12,0.0,89842.14989708005,-0.13413823486280255,41048.034934497875,-0.047770700636942554
2018-11-13,0.0,89842.14989708005,-0.13413823486280255,42420.461634435494,-0.033434650455927084
2018-11-14,0.0029654664038563094,90108.57377425005,-0.13157055088790454,42919.52588895826,-0.00879923947849659
2018-11-15,0.019088083718971527,91828.57377425005,-0.11499389685923261,45414.847161572114,-0.03905145116474951
2018-11-16,0.0,91828.57377425005,-0.11499389685923261,45414.847161572114,0.0
2018-11-19,-0.002341319168568945,91613.57377425005,-0.1170659786128166,45102.932002495385,0.004526812699562899
2018-11-20,-0.015019608375836047,90237.57377425005,-0.13032730183575414,43106.6749844043,0.029240419286681307
2018-11-21,0.01620167673897721,91699.57377425005,-0.11623714591138301,45227.69806612607,-0.03300237535943085
2018-11-22,-0.011254141731788403,90667.57377425005,-0.12618313832858616,43730.50530255776,0.021849306544073688
2018-11-23,-0.015176318751244589,89291.57377425005,-0.1394444615515237,41734.24828446668,0.03047275400196503
2018-11-26,0.00041937535029523687,89329.02045928004,-0.13908356577113834,42358.07860262014,-0.014528307758822745
2018-11-27,0.0,89329.02045928004,-0.13908356577113834,41172.80099812856,0.027982326951399128
2018-11-28,0.0,89329.02045928004,-0.13908356577113834,44791.01684341864,-0.08787878787878789
2018-11-29,0.0,89329.02045928004,-0.13908356577113834,41921.39737991271,0.06406685236768805
2018-11-30,0.0,89329.02045928004,-0.13908356577113834,40798.50280723648,0.02678571428571419
2018-12-03,0.0,89329.02045928004,-0.13908356577113834,45477.230193387455,-0.1146788990825689
2018-12-04,0.0,89329.02045928004,-0.13908356577113834,44978.16593886469,0.010973936899862813
2018-12-05,0.0,89329.02045928004,-0.13908356577113834,45789.14535246419,-0.018030513176144236
2018-12-06,0.0,89329.02045928004,-0.13908356577113834,43980.037429819145,0.03950953678474112
2018-12-07,0.0,89329.02045928004,-0.13908356577113834,42857.14285714291,0.025531914893616947
2018-12-10,0.0,89329.02045928004,-0.13908356577113834,42046.16344354342,0.018922852983988325
2018-12-11,0.0,89329.02045928004,-0.13908356577113834,42482.844666250836,-0.010385756676557722
2018-12-12,0.0,89329.02045928004,-0.13908356577113834,41859.01434809737,0.014684287812041119
2018-12-13,0.0,89329.02045928004,-0.13908356577113834,42482.844666250836,-0.014903129657227954
2018-12-14,0.0,89329.02045928004,-0.13908356577113834,41110.417966313216,0.03230543318649037
2018-12-17,0.0,89329.02045928004,-0.13908356577113834,41235.18402994391,-0.003034901365705611
2018-12-18,0.0,89329.02045928004,-0.13908356577113834,39800.374298190945,0.03479576399394868
2018-12-19,0.0,89329.02045928004,-0.13908356577113834,39114.16094822213,0.017241379310344862
2018-12-20,0.0,89329.02045928004,-0.13908356577113834,39550.842170929565,-0.011164274322169154
2018-12-21,0.0,89329.02045928004,-0.13908356577113834,39488.45913911422,0.001577287066246047
2018-12-24,0.0,89329.02045928004,-0.13908356577113834,40049.90642545233,-0.014218009478673022
2018-12-25,0.0,89329.02045928004,-0.13908356577113834,39238.92701185284,0.02024922118380057
2018-12-26,0.0,89329.02045928004,-0.13908356577113834,40049.90642545233,-0.020667726550079424
2018-12-27,0.0,89329.02045928004,-0.13908356577113834,38864.62882096076,0.029595015576323935
2018-12-28,0.0,89329.02045928004,-0.13908356577113834,39363.69307548353,-0.01284109149277679
2019-01-02,0.0,89329.02045928004,-0.13908356577113834,39550.842170929565,-0.004754358161648264
2019-01-03,0.0,89329.02045928004,-0.13908356577113834,40548.97067997511,-0.025236593059936974
2019-01-04,0.0,89329.02045928004,-0.13908356577113834,42295.695570804804,-0.04307692307692301
2019-01-07,0.0,89329.02045928004,-0.13908356577113834,42794.75982532757,-0.01179941002949847
2019-01-08,0.0,89329.02045928004,-0.13908356577113834,42857.14285714292,-0.001457725947521915
2019-01-09,0.0,89329.02045928004,-0.13908356577113834,43668.122270742424,-0.018922852983988436
2019-01-10,0.0032899552716350033,89622.90894105005,-0.13625118920990986,44354.33562071124,-0.012424330442650788
2019-01-11,-0.001372416957375333,89499.90894105005,-0.13743661272475094,44167.1865252652,0.0028469923253251483
2019-01-14,0.006413414346355006,90073.90894105005,-0.13190463632215926,45040.548970680036,-0.013360596953079895
2019-01-15,0.0,90073.90894105005,-0.13190463632215926,45040.548970680036,0.0
2019-01-16,0.0013655452666154755,90196.90894105005,-0.13071921280731819,45227.69806612608,-0.002789579387124208
2019-01-17,0.0004545610318729132,90237.90894105005,-0.13032407163570447,45290.08109794143,-0.0009247493129547202
2019-01-18,-0.0013630635000679847,90114.90894105005,-0.13150949515054555,45102.9320024954,0.002769167904890568
2019-01-21,0.0027298479562458677,90360.90894105005,-0.1291386481208634,45477.23019338748,-0.0055689072304760945
2019-01-22,-0.0018149441160113522,90196.90894105005,-0.13071921280731819,45227.69806612609,0.0036720243339201097
2019-01-23,0.0027273661912381453,90442.90894105005,-0.12834836577763603,45601.99625701816,-0.005548495877727211
2019-01-24,0.004533246495501686,90852.90894105005,-0.12439695406149912,46225.82657517162,-0.009146644065373799
2019-01-25,0.02030755009943741,92697.90894105005,-0.106615601338883,49033.063006862205,-0.04042119483983386
2019-01-28,0.014595798497034185,94050.90894105005,-0.09357594267563119,51091.70305676862,-0.0273889343273932
2019-01-29,-0.006539011764208236,93435.90894105005,-0.09950306024983656,50155.95757953842,0.011776006550810125
2019-01-30,-0.0052656415031014925,92943.90894105005,-0.10424475430920085,49407.361197754275,0.009659731631226798
2019-01-31,0.011028156784863796,93968.90894105005,-0.09436622501885857,50966.93699313793,-0.02053749978079278
2019-02-01,-0.0017452581055599214,93804.90894105006,-0.09594678970531319,50717.40486587656,0.0031507027267533294
2019-02-11,0.010926933478973222,94829.90894105006,-0.0860682604149709,52276.98066126022,-0.019823374024101836
2019-02-12,-0.00302647132328715,94542.90894105005,-0.08883424861626689,51840.29943855279,0.00532675063375343
2019-02-13,0.004770320746965817,94993.90894105005,-0.08448769572851628,52526.5127885216,-0.008466743031614099
2019-02-14,0.034528529634836325,98273.90894105005,-0.052876401999420966,57517.1553337493,-0.06048334684972434
2019-02-15,0.01710525222934156,99954.90894105006,-0.036675613963259475,60074.85963817851,-0.027363294408402572
2019-02-18,0.01804813809658845,101758.90894105005,-0.019289402412257194,62819.71303805375,-0.02764241226685904
2019-02-19,-0.00966991500046488,100774.90894105005,-0.028772790530985786,61322.52027448544,0.01416325282475861
2019-02-20,0.043939508817519624,105202.90894105005,0.0,68059.88771054283,-0.0659282429627448
2019-02-21,0.046377044599916095,110081.90894105005,0.0,75483.46849656904,-0.06269719921309935
2019-02-22,0.04879094168757758,115452.90894105005,0.0,83655.64566437941,-0.059473521122339834
2019-02-25,0.05113773272715516,121356.90894105005,0.0,92638.80224578928,-0.056244817608415376
2019-02-26,0.053379737968991314,127834.90894105005,0.0,102495.321272614,-0.053017568428315176
2019-02-27,0.028544628616919754,131483.90894105006,0.0,108047.41110417983,-0.025624574061108296
2019-02-28,-0.026505144455071572,127998.90894105005,-0.026505144455071617,102744.8533998754,0.022571068016060125
2019-03-01,0.05605516530851418,135173.90894105006,0.0,113661.88396756102,-0.05019862946987086
2019-03-04,0.058236090541947894,143045.90894105006,0.0,125639.42607610751,-0.04714261417813992
2019-03-05,0.06047708783873795,151696.90894105006,0.0,138802.24578914559,-0.04428954572630661
2019-03-06,0.06270398036717006,161208.90894105006,0.0,153275.10917030592,-0.04156568255417836
2019-03-07,0.06510806424375781,171704.90894105006,0.0,169245.16531503457,-0.039084039948346305
2019-03-08,-0.05086051443641737,162971.90894105006,-0.050860514436417335,155957.5795383658,0.02765035913527447
2019-03-11,0.06541004562851338,173631.90894105006,0.0,172177.16781035587,-0.03858995437148671
2019-03-12,0.06753366977023267,185357.90894105006,0.0,190018.71490954488,-0.03608951863556431
2019-03-13,-0.01349281513957623,182856.90894105006,-0.01349281513957627,186213.34996880876,0.006533448813148657
2019-03-14,-0.06905946334284285,170228.90894105006,-0.0816204719098958,166999.37616968207,0.03412311622164632
2019-03-15,0.017949078928527262,173284.36106355005,-0.06513640527386289,150405.48970679994,0.11731403970551646
2019-03-18,0.0,173284.36106355005,-0.06513640527386289,158265.75171553358,-0.052260472832849514
2019-03-19,0.0,173284.36106355005,-0.06513640527386289,167935.1216469123,-0.06109578242018143
2019-03-20,0.0,173284.36106355005,-0.06513640527386289,170243.2938240801,-0.01374442793462105
2019-03-21,0.0,173284.36106355005,-0.06513640527386289,166687.46101060536,0.02088677171124953
2019-03-22,0.0,173284.36106355005,-0.06513640527386289,159825.3275109173,0.04116766467065858
2019-03-25,0.0,173284.36106355005,-0.06513640527386289,159451.0293200252,0.0023419203747073736
2019-03-26,0.0,173284.36106355005,-0.06513640527386289,159762.94447910192,-0.001956181533646406
2019-03-27,0.0,173284.36106355005,-0.06513640527386289,165439.80037429844,-0.035532994923857864
2019-03-28,0.0,173284.36106355005,-0.06513640527386289,148284.4666250782,0.10369532428355954
2019-03-29,0.0,173284.36106355005,-0.06513640527386289,151029.32002495346,-0.018510727808161542
2019-04-01,0.0,173284.36106355005,-0.06513640527386289,159139.1141609485,-0.053696819496076076
2019-04-02,0.0,173284.36106355005,-0.06513640527386289,168558.9519650658,-0.05919247353978818
2019-04-03,0.0,173284.36106355005,-0.06513640527386289,159825.32751091733,0.051813471502590636
2019-04-04,0.0,173284.36106355005,-0.06513640527386289,161072.98814722424,-0.0078064012490242085
2019-04-08,0.0,173284.36106355005,-0.06513640527386289,167124.14223331286,-0.037567776917118545
2019-04-09,0.0,173284.36106355005,-0.06513640527386289,178602.62008733657,-0.06868234415826802
2019-04-10,0.0,173284.36106355005,-0.06513640527386289,163817.8415470995,0.08278030038421225
2019-04-11,0.0,173284.36106355005,-0.06513640527386289,152776.0449157832,0.06740289413556755
2019-04-12,0.0,173284.36106355005,-0.06513640527386289,157579.53836556486,-0.03144140465496137
2019-04-15,0.0,173284.36106355005,-0.06513640527386289,157018.09107922675,0.0035629453681710332
2019-04-16,0.0,173284.36106355005,-0.06513640527386289,157953.83655645692,-0.005959475566150063
2019-04-17,0.0,173284.36106355005,-0.06513640527386289,155957.57953836586,0.012638230647709303
2019-04-18,0.0,173284.36106355005,-0.06513640527386289,157704.3044291956,-0.011200000000000099
2019-04-19,0.0,173284.36106355005,-0.06513640527386289,152776.04491578322,0.03125000000000011
2019-04-22,0.0,173284.36106355005,-0.06513640527386289,150966.93699313817,0.011841567986933366
2019-04-23,0.0,173284.36106355005,-0.06513640527386289,155021.8340611357,-0.026859504132231482
2019-04-24,0.0,173284.36106355005,-0.06513640527386289,153774.17342482874,0.008048289738430747
2019-04-25,0.0,173284.36106355005,-0.06513640527386289,149781.6593886466,0.025963488843813276
2019-04-26,0.0,173284.36106355005,-0.06513640527386289,140860.88583905206,0.05955851728446493
2019-04-29,0.0,173284.36106355005,-0.06513640527386289,131066.7498440427,0.06953055801594321
2019-04-30,0.0,173284.36106355005,-0.06513640527386289,126637.55458515309,0.03379343169919091
2019-05-06,0.0,173284.36106355005,-0.06513640527386289,113349.96880848431,0.10492610837438421
2019-05-07,0.0,173284.36106355005,-0.06513640527386289,111852.776044916,0.013208585580627541
2019-05-08,0.0,173284.36106355005,-0.06513640527386289,112476.60636306948,-0.005577244841048712
2019-05-09,0.0,173284.36106355005,-0.06513640527386289,113911.41609482245,-0.012756516916250682
2019-05-10,0.0,173284.36106355005,-0.06513640527386289,119837.80411728035,-0.05202628696604594
2019-05-13,0.0,173284.36106355005,-0.06513640527386289,114971.92763568333,0.04060385216033324
2019-05-14,0.0,173284.36106355005,-0.06513640527386289,115970.05614472888,-0.008681497558328921
2019-05-15,0.0,173284.36106355005,-0.06513640527386289,118902.05864005015,-0.0252824098977944
2019-05-16,0.0,173284.36106355005,-0.06513640527386289,115346.2258265754,0.0299055613850997
2019-05-17,0.0,173284.36106355005,-0.06513640527386289,107049.28259513435,0.07193077339102205
2019-05-20,0.0,173284.36106355005,-0.06513640527386289,112788.5215221462,-0.05361305361305346
2019-05-21,0.0,173284.36106355005,-0.06513640527386289,116094.82220835956,-0.029314159292035402
2019-05-22,0.0,173284.36106355005,-0.06513640527386289,119650.65502183429,-0.030628694250403043
2019-05-23,0.0,173284.36106355005,-0.06513640527386289,112102.30817217736,0.06308654848800843
2019-05-24,0.0,173284.36106355005,-0.06513640527386289,120648.78353087982,-0.07623817473567063
2019-05-27,0.0,173284.36106355005,-0.06513640527386289,120024.95321272635,0.005170630816959787
2019-05-28,0.0,173284.36106355005,-0.06513640527386289,118590.1434809734,0.011954261954261747
2019-05-29,0.0,173284.36106355005,-0.06513640527386289,115907.6731129135,0.022619673855865496
2019-05-30,0.0,173284.36106355005,-0.06513640527386289,114348.09731752984,0.013455328310010728
2019-05-31,0.0,173284.36106355005,-0.06513640527386289,111665.62694946995,0.02345881069285327
2019-06-03,0.0,173284.36106355005,-0.06513640527386289,109170.30567685611,0.022346368715083775
2019-06-04,0.0,173284.36106355005,-0.06513640527386289,107735.49594510315,0.013142857142857123
2019-06-05,0.0,173284.36106355005,-0.06513640527386289,106674.98440424228,0.009843659525188064
2019-06-06,0.0,173284.36106355005,-0.06513640527386289,103493.4497816596,0.029824561403508865
2019-06-10,0.0,173284.36106355005,-0.06513640527386289,105489.70679975067,-0.019288728149487566
2019-06-11,0.0,173284.36106355005,-0.06513640527386289,112289.45726762342,-0.06445890005913668
2019-06-12,0.0,173284.36106355005,-0.06513640527386289,108234.56019962594,0.03611111111111098
2019-06-13,0.0,173284.36106355005,-0.06513640527386289,110542.73237679375,-0.02132564841498552
2019-06-14,0.0,173284.36106355005,-0.06513640527386289,104865.87648159724,0.05135440180586903
2019-06-17,0.0,173284.36106355005,-0.06513640527386289,105614.47286338141,-0.007138607971445721
2019-06-18,0.0,173284.36106355005,-0.06513640527386289,105864.00499064279,-0.002362669816893037
2019-06-19,0.0,173284.36106355005,-0.06513640527386289,107985.02807236457,-0.0200353565114908
2019-06-20,0.0,173284.36106355005,-0.06513640527386289,112414.22333125415,-0.04101675332177934
2019-06-21,0.0,173284.36106355005,-0.06513640527386289,113287.585776669,-0.007769145394006749
2019-06-24,0.0,173284.36106355005,-0.06513640527386289,113474.73487211506,-0.0016519823788547772
2019-06-25,0.0,173284.36106355005,-0.06513640527386289,110480.34934497843,0.02638812534359536
2019-06-26,0.0,173284.36106355005,-0.06513640527386289,108796.0074859641,0.015245623941276043
2019-06-27,0.0,173284.36106355005,-0.06513640527386289,109482.22083593291,-0.006307339449541205
2019-06-28,0.0,173284.36106355005,-0.06513640527386289,105053.0255770433,0.0404558404558405
2019-07-01,0.0,173284.36106355005,-0.06513640527386289,112663.75545851554,-0.07244655581947734
2019-07-02,0.0,173284.36106355005,-0.06513640527386289,110667.49844042448,0.017718715393133966
2019-07-03,0.0,173284.36106355005,-0.06513640527386289,111478.47785402398,-0.007328072153325982
2019-07-04,0.0,173284.36106355005,-0.06513640527386289,109981.28509045565,0.013430330162283233
2019-07-05,0.0,173284.36106355005,-0.06513640527386289,111041.79663131655,-0.0096426545660806
2019-07-08,0.0,173284.36106355005,-0.06513640527386289,106113.53711790418,0.04438202247191003
2019-07-09,0.0,173284.36106355005,-0.06513640527386289,107049.28259513437,-0.008818342151675429
2019-07-10,0.0,173284.36106355005,-0.06513640527386289,105177.79164067398,0.0174825174825175
2019-07-11,0.0,173284.36106355005,-0.06513640527386289,105364.94073612001,-0.001779359430605032
2019-07-12,0.0,173284.36106355005,-0.06513640527386289,105364.94073612001,0.0
2019-07-15,0.0,173284.36106355005,-0.06513640527386289,107111.66562694972,-0.0165778567199526
2019-07-16,0.0,173284.36106355005,-0.06513640527386289,107298.81472239575,-0.0017472335468839972
2019-07-17,0.0,173284.36106355005,-0.06513640527386289,106113.53711790418,0.011046511627906819
2019-07-18,0.0,173284.36106355005,-0.06513640527386289,103555.83281347498,0.02410346854791301
2019-07-19,0.0,173284.36106355005,-0.06513640527386289,102932.0024953215,0.006024096385542244
2019-07-22,0.0,173284.36106355005,-0.06513640527386289,94697.44229569577,0.08000000000000007
2019-07-23,0.0,173284.36106355005,-0.06513640527386289,95258.8895820339,-0.005928853754940677
2019-07-24,0.0,173284.36106355005,-0.06513640527386289,96194.6350592641,-0.00982318271119853
2019-07-25,0.0,173284.36106355005,-0.06513640527386289,96132.25202744875,0.0006485084306095956
2019-07-26,0.0,173284.36106355005,-0.06513640527386289,101621.95882719923,-0.057105775470473574
2019-07-29,0.0,173284.36106355005,-0.06513640527386289,98939.48845913933,0.02639656230816445
2019-07-30,0.0,173284.36106355005,-0.06513640527386289,101247.66063630716,-0.02332912988650704
2019-07-31,0.0,173284.36106355005,-0.06513640527386289,98877.10542732402,0.023413431916204597
2019-08-01,0.0,173284.36106355005,-0.06513640527386289,98190.8920773552,0.006940063091482651
2019-08-02,0.0,173284.36106355005,-0.06513640527386289,96568.9332501562,0.016518424396442133
2019-08-05,0.0,173284.36106355005,-0.06513640527386289,95695.57080474135,0.009043927648578864
2019-08-06,0.0,173284.36106355005,-0.06513640527386289,90767.311291329,0.051499348109517507
2019-08-07,0.0,173284.36106355005,-0.06513640527386289,91203.9925140364,-0.004810996563573866
2019-08-08,0.0,173284.36106355005,-0.06513640527386289,91952.58889582058,-0.008207934336525335
2019-08-09,0.0,173284.36106355005,-0.06513640527386289,88646.28820960721,0.03595658073270014
2019-08-12,0.0,173284.36106355005,-0.06513640527386289,90704.92825951365,-0.023223082336382816
2019-08-13,0.0,173284.36106355005,-0.06513640527386289,89020.5864004993,0.018569463548830822
2019-08-14,0.0,173284.36106355005,-0.06513640527386289,89082.96943231465,-0.0007007708479327412
2019-08-15,0.0,173284.36106355005,-0.06513640527386289,89893.94884591416,-0.0091036414565826
2019-08-16,0.0,173284.36106355005,-0.06513640527386289,92139.73799126661,-0.02498265093684937
2019-08-19,0.0,173284.36106355005,-0.06513640527386289,96444.16718652552,-0.046716316858496976
2019-08-20,0.0,173284.36106355005,-0.06513640527386289,97005.61447286364,-0.005821474773609392
2019-08-21,0.0,173284.36106355005,-0.06513640527386289,96069.86899563344,0.009646302250803873
2019-08-22,0.0,173284.36106355005,-0.06513640527386289,97691.82782283245,-0.016883116883116944
2019-08-23,0.0,173284.36106355005,-0.06513640527386289,96506.55021834088,0.012132822477650018
2019-08-26,0.0,173284.36106355005,-0.06513640527386289,96880.84840923296,-0.003878474466709747
2019-08-27,0.0,173284.36106355005,-0.06513640527386289,101746.72489082997,-0.05022537025112683
2019-08-28,0.0,173284.36106355005,-0.06513640527386289,106674.98440424235,-0.04843654199877401
2019-08-29,0.03124338142964045,178698.35045205007,-0.035928105399149424,117903.93013100469,-0.07401977646509628
2019-08-30,0.003878043631891037,179391.35045205007,-0.0321893925276075,119213.97379912695,-0.0072330674792200345
2019-09-02,0.03679107149463223,185991.35045205007,0.0,131690.58016219622,-0.06786617601975808
2019-09-03,0.03903407326391606,193251.35045205007,0.0,145414.8471615724,-0.06518193810510331
2019-09-04,-0.030224885809785218,187410.35045205007,-0.030224885809785225,134373.0505302561,0.04570819012329075
2019-09-05,0.0,187410.35045205007,-0.030224885809785225,134373.0505302561,0.0
2019-09-06,0.010565051477808174,189390.35045205007,-0.0199791618064682,138116.0324391769,-0.017290101725534468
2019-09-09,0.018992519900905336,192987.35045205007,-0.0013660965337756034,144915.78290704964,-0.030239639087351167
2019-09-10,-0.018125540310317434,189489.35045205007,-0.01946687560630235,138303.18153462294,0.027505109711206455
2019-09-11,0.02194318567286535,193647.35045205007,0.0,146163.44354335655,-0.034890373190463286
2019-09-12,0.002556192991251649,194142.35045205007,0.0,147099.18902058675,-0.003845855664318165
2019-09-16,0.041474721930848,202194.35045205007,0.0,162320.6487835313,-0.062002801394003715
2019-09-17,-0.025787070649318067,196980.35045205007,-0.02578707064931811,152464.1297567066,0.034935450488268294
2019-09-18,-0.011727058027355408,194670.35045205007,-0.03721172220281347,148097.3175296323,0.01691451316740744
2019-09-19,0.0013771997668234892,194938.45041330007,-0.03588577041113084,144354.33562071153,0.026650999261347397
2019-09-20,0.0,194938.45041330007,-0.03588577041113084,144229.56955708083,0.0008643042350907626
2019-09-23,0.0,194938.45041330007,-0.03588577041113084,146849.6568933254,-0.018166089965397925
2019-09-24,0.0,194938.45041330007,-0.03588577041113084,143418.59014348133,0.02336448598130847
2019-09-25,0.0,194938.45041330007,-0.03588577041113084,135932.62632563975,0.052196607220530655
2019-09-26,0.0,194938.45041330007,-0.03588577041113084,127011.85277604523,0.06562643414410274
2019-09-27,0.0,194938.45041330007,-0.03588577041113084,126076.10729881504,0.007367387033398787
2019-09-30,0.0,194938.45041330007,-0.03588577041113084,120648.78353087991,0.04304799604156362
2019-10-08,0.0,194938.45041330007,-0.03588577041113084,120336.86837180317,0.002585315408479838
2019-10-09,0.0,194938.45041330007,-0.03588577041113084,122021.21023081751,-0.013996889580093264
2019-10-10,0.0,194938.45041330007,-0.03588577041113084,123081.72177167839,-0.008691206543967267
2019-10-11,0.0,194938.45041330007,-0.03588577041113084,124890.82969432343,-0.014698428788646689
2019-10-14,0.0,194938.45041330007,-0.03588577041113084,126200.87336244572,-0.010489510489510634
2019-10-15,0.0,194938.45041330007,-0.03588577041113084,119525.88895820366,0.052891744933267426
2019-10-16,0.0,194938.45041330007,-0.03588577041113084,122145.97629444819,-0.02192066805845494
2019-10-17,0.0,194938.45041330007,-0.03588577041113084,128758.5776668749,-0.054136874361593534
2019-10-18,0.0,194938.45041330007,-0.03588577041113084,125452.27698066155,0.025678294573643456
2019-10-21,0.0,194938.45041330007,-0.03588577041113084,120648.78353087988,0.0382894082545997
2019-10-22,0.0,194938.45041330007,-0.03588577041113084,123081.72177167839,-0.020165460186142736
2019-10-23,0.0,194938.45041330007,-0.03588577041113084,128509.04553961355,-0.04409528636594029
2019-10-24,0.0,194938.45041330007,-0.03588577041113084,125764.19213973831,0.021359223300970953
2019-10-25,0.0,194938.45041330007,-0.03588577041113084,125265.12788521554,0.003968253968254065
2019-10-28,0.0,194938.45041330007,-0.03588577041113084,138303.18153462294,-0.10408366533864566
2019-10-29,0.0,194938.45041330007,-0.03588577041113084,133749.22021210266,0.0329273793414524
2019-10-30,0.0,194938.45041330007,-0.03588577041113084,127074.23580786062,0.049906716417910446
2019-10-31,0.0,194938.45041330007,-0.03588577041113084,120960.69868995667,0.04810996563573888
2019-11-01,0.0,194938.45041330007,-0.03588577041113084,121210.23081721805,-0.00206291903042799
2019-11-04,0.0,194938.45041330007,-0.03588577041113084,120024.95321272645,0.009778692743180661
2019-11-05,0.0,194938.45041330007,-0.03588577041113084,120274.48533998786,-0.0020790020790022457
2019-11-06,0.0,194938.45041330007,-0.03588577041113084,115595.75795383687,0.03890041493775931
2019-11-07,0.0,194938.45041330007,-0.03588577041113084,117779.16406737399,-0.01888828926065833
2019-11-08,0.0,194938.45041330007,-0.03588577041113084,119151.59076731163,-0.011652542372881491
2019-11-11,0.0,194938.45041330007,-0.03588577041113084,118153.46225826608,0.008376963350785305
2019-11-12,0.0,194938.45041330007,-0.03588577041113084,118777.29257641954,-0.0052798310454065245
2019-11-13,0.0,194938.45041330007,-0.03588577041113084,116281.97130380568,0.021008403361344463
2019-11-14,0.0,194938.45041330007,-0.03588577041113084,115283.84279476014,0.008583690987124526
2019-11-15,0.0,194938.45041330007,-0.03588577041113084,113225.2027448537,0.017857142857142905
2019-11-18,0.0,194938.45041330007,-0.03588577041113084,110979.41359950123,0.01983471074380161
2019-11-19,0.0,194938.45041330007,-0.03588577041113084,115658.1409856522,-0.042158516020236014
2019-11-20,0.0,194938.45041330007,-0.03588577041113084,112538.98939488488,0.02696871628910469
2019-11-21,0.0,194938.45041330007,-0.03588577041113084,112601.37242670023,-0.0005543237250555944
2019-11-22,0.0,194938.45041330007,-0.03588577041113084,113412.35184029974,-0.00720221606648197
2019-11-25,0.0,194938.45041330007,-0.03588577041113084,110729.88147223985,0.023652365236523587
2019-11-26,0.0,194938.45041330007,-0.03588577041113084,109856.519026825,0.007887323943661984
2019-11-27,0.0,194938.45041330007,-0.03588577041113084,109731.7529631943,0.0011357183418512218
2019-11-28,0.0,194938.45041330007,-0.03588577041113084,109918.90205864036,-0.0017055144968733948
2019-11-29,0.0,194938.45041330007,-0.03588577041113084,110542.73237679382,-0.00567536889897835
2019-12-02,0.0,194938.45041330007,-0.03588577041113084,110542.73237679382,0.0
2019-12-03,0.0,194938.45041330007,-0.03588577041113084,110355.5832813478,0.0016930022573361514
2019-12-04,0.0,194938.45041330007,-0.03588577041113084,112227.07423580818,-0.01695873374788004
2019-12-05,0.0,194938.45041330007,-0.03588577041113084,113474.73487211512,-0.011117287381879004
2019-12-06,0.0,194938.45041330007,-0.03588577041113084,114472.86338116067,-0.008796041781198527
2019-12-09,0.0,194938.45041330007,-0.03588577041113084,115408.60885839086,-0.008174386920980936
2019-12-10,0.0,194938.45041330007,-0.03588577041113084,114784.77854023738,0.005405405405405461
2019-12-11,0.0,194938.45041330007,-0.03588577041113084,123955.08421709332,-0.07989130434782621
2019-12-12,-0.005781680800326705,193811.37851730007,-0.04145997114166654,121085.46475358737,0.017368797307373396
2019-12-13,0.005118378536848711,194803.37851730007,-0.03655380043124775,123019.3387398631,-0.010852770355474828
2019-12-16,0.002956827568310505,195379.37851730007,-0.03370505614777878,124142.23331253935,-0.006170961478342729
2019-12-17,0.009990818963666381,197331.37851730007,-0.02405097829824503,127947.5982532755,-0.020662447367992165
2019-12-18,-0.006162223206145567,196115.37851730007,-0.030064994007790644,125577.04304429234,0.012365324331640948
2019-12-19,0.0026107080631356805,196627.37851730007,-0.027532776866929332,126575.17155333789,-0.005337627754052665
2019-12-20,-0.007811730042796894,195091.37851730007,-0.035129428289513265,123580.78602620125,0.015845243835961087
2019-12-23,-0.018370878442904526,191507.37851730007,-0.052854948275542435,116593.8864628825,0.038166224030593554
2019-12-24,-0.0005072943964465892,191410.22789730006,-0.05333542965290436,117342.48284466664,-0.0069278401428349845
2019-12-25,0.0,191410.22789730006,-0.05333542965290436,118278.22832189682,-0.00797448165869219
2019-12-26,0.0,191410.22789730006,-0.05333542965290436,119650.65502183443,-0.011603375527426074
2019-12-27,0.0,191410.22789730006,-0.05333542965290436,117716.7810355587,0.016162669447340905
2019-12-30,0.0,191410.22789730006,-0.05333542965290436,118153.46225826612,-0.0037095919448861814
2019-12-31,0.0,191410.22789730006,-0.05333542965290436,118091.07922645076,0.0005279831045407191
2020-01-02,0.0,191410.22789730006,-0.05333542965290436,121896.4441671869,-0.03222398309561547
2020-01-03,0.0,191410.22789730006,-0.05333542965290436,134622.58265751757,-0.10440122824974418
2020-01-06,0.01781196173764177,194819.61955280008,-0.036473476547500716,142482.84466625124,-0.04057543399915153
2020-01-07,0.006698503995621996,196124.61955280008,-0.03001929028026632,145290.08109794182,-0.013003772711908557
2020-01-08,-0.020848988818046865,192035.61955280005,-0.050242407250934235,136494.07361197798,0.03969201590501026
2020-01-09,0.0022652047626010585,192470.61955280008,-0.04809101182852263,137429.81908920818,-0.004590371105771984
2020-01-10,0.003465463983800543,193137.61955280008,-0.044792205514158384,138864.62882096117,-0.006974844686195025
2020-01-13,0.01606626408249645,196240.61955280008,-0.029445584834289933,145539.61322520318,-0.03200201983484385
2020-01-14,-0.0070933326809309305,194848.61955280008,-0.03633005018600662,142545.22769806656,0.013481035085892823
2020-01-15,0.03527353704519087,201721.61955280008,-0.0023380025119054764,157330.00623830364,-0.06844637542745668
2020-01-16,-0.029902595534243903,195689.61955280008,-0.03217068570267779,144354.33562071162,0.05257163126987974
2020-01-17,0.002549984245538095,196188.62499967508,-0.029702736198849587,144978.16593886504,-0.001771536929915607
2020-01-20,0.0,196188.62499967508,-0.029702736198849587,138178.4154709923,0.04690189328743544
2020-01-21,0.0,196188.62499967508,-0.029702736198849587,130754.83468496609,0.053724604966139844
2020-01-22,0.0,196188.62499967508,-0.029702736198849587,133873.98627573342,-0.02385496183206115
2020-01-23,0.0,196188.62499967508,-0.029702736198849587,127136.618839676,0.05032618825722279
2020-02-03,0.0,196188.62499967508,-0.029702736198849587,113911.41609482256,0.10402355250245332
2020-02-04,0.0,196188.62499967508,-0.029702736198849587,114847.16157205275,-0.008214676889375605
2020-02-05,0.0,196188.62499967508,-0.029702736198849587,118714.90954460422,-0.03367734926670285
2020-02-06,0.0,196188.62499967508,-0.029702736198849587,123643.16905801657,-0.04151339989490266
2020-02-07,0.0,196188.62499967508,-0.029702736198849587,126325.63942607648,-0.021695257315842653
2020-02-10,0.0,196188.62499967508,-0.029702736198849587,127136.61883967597,-0.006419753086419622
2020-02-11,0.0,196188.62499967508,-0.029702736198849587,126699.93761696854,0.0034347399411187585
2020-02-12,0.0,196188.62499967508,-0.029702736198849587,127510.91703056805,-0.006400787789266449
2020-02-13,0.0,196188.62499967508,-0.029702736198849587,123767.93512164726,0.02935420743639927
2020-02-14,0.0,196188.62499967508,-0.029702736198849587,124641.29756706211,-0.007056451612903247
2020-02-17,0.0,196188.62499967508,-0.029702736198849587,128883.34373050566,-0.03403403403403393
2020-02-18,0.0,196188.62499967508,-0.029702736198849587,134061.1353711794,-0.04017424975798645
2020-02-19,0.0,196188.62499967508,-0.029702736198849587,131253.89893948883,0.020939972080037172
2020-02-20,0.0,196188.62499967508,-0.029702736198849587,135745.4772301938,-0.034220532319391817
2020-02-21,0.0,196188.62499967508,-0.029702736198849587,138989.3948845918,-0.023897058823529438
2020-02-24,0.0,196188.62499967508,-0.029702736198849587,138116.03243917695,0.006283662477558405
2020-02-25,0.0,196188.62499967508,-0.029702736198849587,132002.495321273,0.0442637759710931
2020-02-26,0.0,196188.62499967508,-0.029702736198849587,132501.55957579575,-0.003780718336483746
2020-02-27,0.0,196188.62499967508,-0.029702736198849587,135433.56207111702,-0.02212806026365355
2020-02-28,0.0,196188.62499967508,-0.029702736198849587,121896.44416718686,0.0999539382772916
2020-03-02,0.0,196188.62499967508,-0.029702736198849587,126824.70368059921,-0.04042988741044007
2020-03-03,0.0,196188.62499967508,-0.029702736198849587,128509.0455396136,-0.013280865715691315
2020-03-04,0.0,196188.62499967508,-0.029702736198849587,128009.98128509082,0.003883495145631133
2020-03-05,0.0,196188.62499967508,-0.029702736198849587,130754.83468496609,-0.02144249512670582
2020-03-06,0.0,196188.62499967508,-0.029702736198849587,128134.74734872152,0.020038167938931428
2020-03-09,0.0,196188.62499967508,-0.029702736198849587,120087.33624454185,0.06280428432327168
2020-03-10,0.0,196188.62499967508,-0.029702736198849587,123268.87086712453,-0.02649350649350657
2020-03-11,0.0,196188.62499967508,-0.029702736198849587,122832.18964441711,0.003542510121457454
2020-03-12,0.0,196188.62499967508,-0.029702736198849587,119213.97379912701,0.029456576942610502
2020-03-13,0.0,196188.62499967508,-0.029702736198849587,116656.2694946978,0.02145473574044998
2020-03-16,0.0,196188.62499967508,-0.029702736198849587,110293.20024953247,0.054545454545454564
2020-03-17,0.0,196188.62499967508,-0.029702736198849587,110917.03056768591,-0.005656108597285048
2020-03-18,0.0,196188.62499967508,-0.029702736198849587,110729.88147223988,0.0016872890888639525
2020-03-19,0.0,196188.62499967508,-0.029702736198849587,111728.00998128543,-0.00901408450704233
2020-03-20,0.0,196188.62499967508,-0.029702736198849587,113973.79912663788,-0.02010050251256268
2020-03-23,0.0,196188.62499967508,-0.029702736198849587,108796.00748596415,0.0454296661193212
2020-03-24,0.0,196188.62499967508,-0.029702736198849587,111665.62694947007,-0.026376146788990695
2020-03-25,0.0,196188.62499967508,-0.029702736198849587,113786.65003119184,-0.018994413407821265
2020-03-26,0.0,196188.62499967508,-0.029702736198849587,113225.20274485373,0.004934210526315819
2020-03-27,0.0,196188.62499967508,-0.029702736198849587,111977.5421085468,0.011019283746556474
2020-03-30,0.0,196188.62499967508,-0.029702736198849587,108109.79413599531,0.034540389972144925
2020-03-31,0.0,196188.62499967508,-0.029702736198849587,107797.8789769186,0.0028851702250430877
2020-04-01,0.0,196188.62499967508,-0.029702736198849587,108047.41110417996,-0.0023148148148146586
2020-04-02,0.0,196188.62499967508,-0.029702736198849587,110106.05115408638,-0.019053117782909856
2020-04-03,0.0,196188.62499967508,-0.029702736198849587,108920.77354959481,0.01076487252124636
2020-04-07,0.0,196188.62499967508,-0.029702736198849587,113849.03306300718,-0.04524627720503993
2020-04-08,0.0,196188.62499967508,-0.029702736198849587,119401.12289457301,-0.04876712328767119
2020-04-09,0.0,196188.62499967508,-0.029702736198849587,121958.82719900222,-0.0214211076280042
2020-04-10,0.0,196188.62499967508,-0.029702736198849587,118964.44167186557,0.02455242966751925
2020-04-13,0.0,196188.62499967508,-0.029702736198849587,115034.31066749876,0.03303618248557938
2020-04-14,0.0,196188.62499967508,-0.029702736198849587,119713.03805364974,-0.04067245119305851
2020-04-15,0.0,196188.62499967508,-0.029702736198849587,117030.56768558986,0.022407503908285498
2020-04-16,0.0,196188.62499967508,-0.029702736198849587,118964.4416718656,-0.016524520255863484
2020-04-17,0.0,196188.62499967508,-0.029702736198849587,122083.59326263292,-0.026219192448872608
2020-04-20,0.0,196188.62499967508,-0.029702736198849587,125327.51091703092,-0.026571282575370336
2020-04-21,0.0035471984780013344,196884.5449916751,-0.026260899221485345,126388.0224578918,-0.004914722875906108
2020-04-22,-0.00146278622332785,196596.5449916751,-0.027685271363219834,125826.57517155369,0.0029794645170472256
2020-04-23,0.0037437077036688304,197332.5449916751,-0.0240452092232317,127261.38490330665,-0.007659366168418336
2020-04-24,-0.003729744629964893,196596.5449916751,-0.027685271363219834,125826.57517155372,0.007544765173956525
2020-04-27,-0.012370512412122947,194164.5449916751,-0.039713302782311055,121085.46475358737,0.0253092099478176
2020-04-28,0.003790599360102398,194900.5449916751,-0.036073240642322923,122520.27448534036,-0.008058962721299023
2020-04-29,-0.003940471280020286,194132.5449916751,-0.03987156635361489,121023.08172177203,0.008279487986782241
2020-04-30,0.019945135938778558,198004.5449916751,-0.02072167422585123,128571.42857142893,-0.04242599808184
2020-05-06,0.03474667715475577,204884.54499167512,0.0,141983.78041172842,-0.06957161493646224
2020-05-07,-0.011557728769128195,202516.5449916751,-0.011557728769128221,137367.4360573928,0.02095545225020401
2020-05-08,0.006162459467453862,203764.5449916751,-0.005466493336749909,139800.3742981913,-0.011548712194671573
2020-05-11,0.003926100097702001,204564.5449916751,-0.0015618552390715041,141359.95009357497,-0.007229633949598302
2020-05-12,-0.013296536797765657,201844.5449916751,-0.014837624771178082,136057.39238927054,0.024214495858898122
2020-05-13,0.0019024541882757262,202228.5449916751,-0.012963398484292447,136805.9887710547,-0.0035996090854519824
2020-05-14,0.003955920268490898,203028.5449916751,-0.009058760386614042,138365.56456643835,-0.007443988532238599
2020-05-15,-0.00015761330507135796,202996.54499167512,-0.009214945910521036,138303.181534623,0.0002932433225210085
2020-05-18,-0.012295775773436879,200500.5449916751,-0.021397416775277803,133437.30505302598,0.022886903522909563
2020-05-19,0.0028728101463459943,201076.5449916751,-0.01858607734494935,134560.1996257022,-0.005542337118731089
2020-05-20,-0.0023871506247525875,200596.54499167512,-0.020928860203556252,133624.45414847202,0.004566952295970594
2020-05-21,-0.01675003923990548,197236.5449916751,-0.0373283402138057,127074.23580786063,0.032269568603231824
2020-05-22,-0.005234201603174338,196204.1691516751,-0.0423671577587891,118527.76044915816,0.06202156668352188
2020-05-25,0.0,196204.1691516751,-0.0423671577587891,113786.65003119184,0.040000000000000036
2020-05-26,0.0,196204.1691516751,-0.0423671577587891,115470.99189020622,-0.014802631578947567
2020-05-27,0.0,196204.1691516751,-0.0423671577587891,113038.05364940771,0.021069692058346856
2020-05-28,0.0,196204.1691516751,-0.0423671577587891,112039.92514036216,0.008830022075055233
2020-05-29,0.0,196204.1691516751,-0.0423671577587891,114410.48034934531,-0.021158129175946394
2020-06-01,0.0,196204.1691516751,-0.0423671577587891,117404.86587648196,-0.026172300981461394
2020-06-02,0.0,196204.1691516751,-0.0423671577587891,116531.5034310671,0.007438894792773709
2020-06-03,0.0,196204.1691516751,-0.0423671577587891,116843.41859014385,-0.002676659528908054
2020-06-04,0.0,196204.1691516751,-0.0423671577587891,115408.60885839089,0.012279765082754968
2020-06-05,0.0,196204.1691516751,-0.0423671577587891,116718.65252651316,-0.011351351351351457
2020-06-08,0.0,196204.1691516751,-0.0423671577587891,116157.20524017506,0.0048102618920363716
2020-06-09,0.0,196204.1691516751,-0.0423671577587891,116781.0355583285,-0.005370569280343629
2020-06-10,0.0,196204.1691516751,-0.0423671577587891,115595.75795383695,0.010149572649572502
2020-06-11,0.0,196204.1691516751,-0.0423671577587891,114410.48034934535,0.010253642741500313
2020-06-12,0.0,196204.1691516751,-0.0423671577587891,115470.99189020626,-0.009269356597600975
2020-06-15,0.0,196204.1691516751,-0.0423671577587891,116281.97130380575,-0.007023230686115545
2020-06-16,0.0,196204.1691516751,-0.0423671577587891,121896.44416718693,-0.04828326180257503
2020-06-17,0.0,196204.1691516751,-0.0423671577587891,121085.46475358744,0.006653019447287578
2020-06-18,0.0,196204.1691516751,-0.0423671577587891,121210.23081721814,-0.0010303967027305294
2020-06-19,0.0,196204.1691516751,-0.0423671577587891,121522.14597629487,-0.00257334019557387
2020-06-22,0.0,196204.1691516751,-0.0423671577587891,121147.8477854028,0.0030800821355235763
2020-06-23,0.0,196204.1691516751,-0.0423671577587891,122021.21023081764,-0.00720906282183309
2020-06-24,0.0,196204.1691516751,-0.0423671577587891,120960.69868995679,0.008691206543967156
2020-06-29,0.0,196204.1691516751,-0.0423671577587891,115970.05614472907,0.04125838060856113
2020-06-30,0.0,196204.1691516751,-0.0423671577587891,118340.61135371221,-0.02044109736417421
2020-07-01,0.0,196204.1691516751,-0.0423671577587891,126949.46974423005,-0.07274644175013201
2020-07-02,0.0014308976471493207,196484.91723567512,-0.04099688317799322,124142.23331253944,0.02354391976017156
2020-07-03,0.0013028989888976827,196740.91723567512,-0.039747398986736134,124641.29756706221,-0.0027172015136149863
2020-07-06,0.019680705236124085,200612.91723567512,-0.020848950593972654,132189.64441671915,-0.0408798553244365
2020-07-07,0.005742401914462292,201764.91723567512,-0.015226271733315748,134435.43356207162,-0.011246743909039347
2020-07-08,0.00412361084076962,202596.91723567512,-0.011165448111730206,136057.39238927062,-0.007941354356446162
2020-07-09,0.008055403913681092,204228.91723567512,-0.00319998639246626,139238.9270118533,-0.015328364999661392
2020-07-10,-0.008304406755693994,202532.91723567512,-0.01147781915954448,135932.62632563993,0.015441112957567671
2020-07-13,0.01169192658813345,204900.91723567512,0.0,140548.97067997555,-0.022268605766157634
2020-07-14,0.00015617304418014122,204932.91723567512,0.0,140611.3537117909,-0.000287679596743029
2020-07-15,-0.021548514799706653,200516.91723567512,-0.021548514799706632,132002.49532127308,0.03967597499621167
2020-07-16,-0.02122514179189061,196260.91723567512,-0.042316286309568824,123705.55208983198,0.04162930055215486
2020-07-17,-0.0028041681846372457,195710.56861567512,-0.045001792510444776,121272.6138490335,0.016863002768463975
2020-07-20,0.0,195710.56861567512,-0.045001792510444776,124454.14847161615,-0.026234567901234573
2020-07-21,0.0,195710.56861567512,-0.045001792510444776,123580.78602620131,0.007017543859649145
2020-07-22,0.0,195710.56861567512,-0.045001792510444776,124454.14847161615,-0.007067137809187329
2020-07-23,0.0,195710.56861567512,-0.045001792510444776,122021.21023081764,0.019548872180451204
2020-07-24,0.0,195710.56861567512,-0.045001792510444776,117404.86587648203,0.03783231083844574
2020-07-27,0.0,195710.56861567512,-0.045001792510444776,116843.4185901439,0.004782146652497321
2020-07-28,0.0,195710.56861567512,-0.045001792510444776,117592.01497192806,-0.006406833956219993
2020-07-29,0.0,195710.56861567512,-0.045001792510444776,120024.95321272656,-0.020689655172413612
2020-07-30,0.0,195710.56861567512,-0.045001792510444776,118340.61135371219,0.014033264033263992
2020-07-31,0.0,195710.56861567512,-0.045001792510444776,119401.12289457307,-0.008961518186610506
2020-08-03,0.0,195710.56861567512,-0.045001792510444776,127573.30006238345,-0.06844305120167182
2020-08-04,0.0,195710.56861567512,-0.045001792510444776,124142.23331253939,0.02689486552567244
2020-08-05,0.0,195710.56861567512,-0.045001792510444776,124142.23331253939,0.0
2020-08-06,0.0,195710.56861567512,-0.045001792510444776,126575.1715533379,-0.019597989949748706
2020-08-07,0.0,195710.56861567512,-0.045001792510444776,123331.2538989399,0.025628388368654442
2020-08-10,0.0,195710.56861567512,-0.045001792510444776,126450.40548970723,-0.0252908447142135
2020-08-11,0.0,195710.56861567512,-0.045001792510444776,122520.27448534041,0.031080414405525336
2020-08-12,0.0,195710.56861567512,-0.045001792510444776,120024.95321272656,0.020366598778004175
2020-08-13,0.0,195710.56861567512,-0.045001792510444776,119588.27199001916,0.0036382536382534303
2020-08-14,0.0,195710.56861567512,-0.045001792510444776,123331.25389893993,-0.031298904538340944
2020-08-17,0.0,195710.56861567512,-0.045001792510444776,127074.2358078607,-0.030349013657056112
2020-08-18,0.0,195710.56861567512,-0.045001792510444776,126263.25639426119,0.006381934216985852
2020-08-19,0.0,195710.56861567512,-0.045001792510444776,125514.66001247706,0.005928853754940566
2020-08-20,0.0,195710.56861567512,-0.045001792510444776,124578.91453524685,0.007455268389662151
2020-08-21,0.0,195710.56861567512,-0.045001792510444776,126450.40548970725,-0.015022533800701066
2020-08-24,0.0,195710.56861567512,-0.045001792510444776,125577.0430442924,0.006906758756783482
2020-08-25,0.0,195710.56861567512,-0.045001792510444776,123518.402994386,0.016393442622950727
2020-08-26,0.0,195710.56861567512,-0.045001792510444776,119900.18714909589,0.02929292929292937
2020-08-27,0.0,195710.56861567512,-0.045001792510444776,120648.78353088007,-0.00624349635796051
2020-08-28,0.0,195710.56861567512,-0.045001792510444776,121147.84778540285,-0.004136504653567741
2020-08-31,0.0,195710.56861567512,-0.045001792510444776,119650.65502183452,0.012358393408856916
2020-09-01,0.0,195710.56861567512,-0.045001792510444776,120399.25140361866,-0.006256517205422307
2020-09-02,0.0,195710.56861567512,-0.045001792510444776,119837.80411728055,0.004663212435233155
2020-09-03,0.0,195710.56861567512,-0.045001792510444776,118652.52651278897,0.009890681936491452
2020-09-04,0.0,195710.56861567512,-0.045001792510444776,118340.61135371223,0.002628811777076745
2020-09-07,0.0,195710.56861567512,-0.045001792510444776,118091.07922645086,0.0021085925144965767
2020-09-08,0.0,195710.56861567512,-0.045001792510444776,118215.84529008153,-0.0010565240359217132
2020-09-09,0.0,195710.56861567512,-0.045001792510444776,114660.01247660677,0.030079155672823266
2020-09-10,0.0,195710.56861567512,-0.045001792510444776,113038.05364940778,0.014145810663764857
2020-09-11,0.0,195710.56861567512,-0.045001792510444776,113911.41609482262,-0.007726269315673218
2020-09-14,0.0,195710.56861567512,-0.045001792510444776,113287.58577666915,0.005476451259583848
2020-09-15,0.0,195710.56861567512,-0.045001792510444776,113786.65003119191,-0.004405286343612147
2020-09-16,0.0,195710.56861567512,-0.045001792510444776,112289.4572676236,0.013157894736842035
2020-09-17,0.0,195710.56861567512,-0.045001792510444776,112102.30817217757,0.0016666666666667052
2020-09-18,0.0,195710.56861567512,-0.045001792510444776,113474.7348721152,-0.012242626599888728
2020-09-21,0.0,195710.56861567512,-0.045001792510444776,114285.71428571468,-0.007146783947223678
2020-09-22,0.0,195710.56861567512,-0.045001792510444776,112414.22333125428,0.01637554585152845
2020-09-23,0.0,195710.56861567512,-0.045001792510444776,112663.75545851568,-0.002219755826859071
2020-09-24,0.0,195710.56861567512,-0.045001792510444776,110667.4984404246,0.017718715393133966
2020-09-25,0.0,195710.56861567512,-0.045001792510444776,112227.07423580826,-0.014092446448703555
2020-09-28,0.0,195710.56861567512,-0.045001792510444776,113349.96880848451,-0.010005558643691126
2020-09-29,0.0,195710.56861567512,-0.045001792510444776,112850.90455396174,0.004402861860209217
2020-09-30,0.0,195710.56861567512,-0.045001792510444776,111104.17966313205,0.015478164731896116
2020-10-09,0.0,195710.56861567512,-0.045001792510444776,113100.43668122313,-0.017967434025828233
2020-10-12,0.0,195710.56861567512,-0.045001792510444776,115533.37492202167,-0.021511307225593024
2020-10-13,0.0,195710.56861567512,-0.045001792510444776,114410.48034934542,0.009719222462203025
2020-10-14,0.0,195710.56861567512,-0.045001792510444776,112850.90455396177,0.0136314067611778
2020-10-15,0.0,195710.56861567512,-0.045001792510444776,112039.92514036225,0.007186290768380288
2020-10-16,0.0,195710.56861567512,-0.045001792510444776,112538.98939488501,-0.00445434298440972
2020-10-19,0.0,195710.56861567512,-0.045001792510444776,111728.00998128549,0.007206208425720617
2020-10-20,0.0,195710.56861567512,-0.045001792510444776,112414.22333125431,-0.006141820212171911
2020-10-21,0.0,195710.56861567512,-0.045001792510444776,111353.71179039341,0.00943396226415083
2020-10-22,0.0,195710.56861567512,-0.045001792510444776,111790.39301310082,-0.0039215686274509665
2020-10-23,0.0,195710.56861567512,-0.045001792510444776,110854.64753587062,0.00837053571428581
2020-10-26,0.0,195710.56861567512,-0.045001792510444776,107673.11291328796,0.028700056274620023
2020-10-27,0.0,195710.56861567512,-0.045001792510444776,104553.96132252064,0.028968713789107814
2020-10-28,0.0,195710.56861567512,-0.045001792510444776,105739.23892701222,-0.011336515513126422
2020-10-29,0.0,195710.56861567512,-0.045001792510444776,104678.72738615134,0.010029498525073621
2020-10-30,0.0,195710.56861567512,-0.045001792510444776,99750.46787273897,0.04707985697258643
2020-11-02,0.0,195710.56861567512,-0.045001792510444776,98440.42420461669,0.013133208255159512
2020-11-03,0.0,195710.56861567512,-0.045001792510444776,100935.74547723056,-0.025348542458808687
2020-11-04,0.0,195710.56861567512,-0.045001792510444776,100187.1490954464,0.007416563658838138
2020-11-05,0.0,195710.56861567512,-0.045001792510444776,101684.34185901472,-0.014943960149439661
2020-11-06,0.0,195710.56861567512,-0.045001792510444776,101746.72489083002,-0.0006134969325151118
2020-11-09,0.0,195710.56861567512,-0.045001792510444776,103056.76855895232,-0.012875536480686733
2020-11-10,0.0,195710.56861567512,-0.045001792510444776,101372.42669993796,0.016343825665859568
2020-11-11,0.0,195710.56861567512,-0.045001792510444776,99688.0848409236,0.016615384615384587
2020-11-12,0.0,195710.56861567512,-0.045001792510444776,100124.76606363103,-0.004380475594493172
2020-11-13,0.0,195710.56861567512,-0.045001792510444776,99625.70180910826,0.004984423676012484
2020-11-16,0.0,195710.56861567512,-0.045001792510444776,99875.23393636965,-0.00250469630557304
2020-11-17,0.0,195710.56861567512,-0.045001792510444776,98877.1054273241,0.009993753903810187
2020-11-18,0.0,195710.56861567512,-0.045001792510444776,99438.55271366223,-0.005678233438485725
2020-11-19,0.0,195710.56861567512,-0.045001792510444776,99750.46787273895,-0.0031367628607277265
2020-11-20,0.0,195710.56861567512,-0.045001792510444776,100810.97941359984,-0.010631644777986171
2020-11-23,0.0,195710.56861567512,-0.045001792510444776,100124.76606363103,0.0068069306930692575
2020-11-24,0.0,195710.56861567512,-0.045001792510444776,102932.00249532162,-0.028037383177569986
2020-11-25,0.0,195710.56861567512,-0.045001792510444776,101746.72489083002,0.01151515151515159
2020-11-26,0.0,195710.56861567512,-0.045001792510444776,102744.85339987556,-0.009809932556713585
2020-11-27,0.0,195710.56861567512,-0.045001792510444776,105053.02557704339,-0.022465088038858605
2020-11-30,0.0,195710.56861567512,-0.045001792510444776,105427.32376793546,-0.0035629453681709222
2020-12-01,-0.003282096830761305,195068.2275786751,-0.048136189100629,104616.34435433596,0.00441021086154636
2020-12-02,-0.0052596981719444935,194042.2275786751,-0.05314270544675649,102932.00249532159,0.010840480718932066
2020-12-03,0.00039166732390349956,194118.2275786751,-0.05277185238408038,103056.76855895229,-0.0008204538882177204
2020-12-04,-0.0011745419420110537,193890.2275786751,-0.053884411572108715,102682.47036806023,0.0024574193170687764
2020-12-07,-0.0011759231130278325,193662.2275786751,-0.05499697076013704,102308.17217716812,0.002469277372999068
2020-12-08,-0.0019621792269512994,193282.2275786751,-0.0568512360735176,101684.34185901468,0.004135381748658351
2020-12-09,-0.006291318220166042,192066.2275786751,-0.06278488507633537,99688.08484092359,0.013340583620324753
2020-12-10,-0.0007110923298270233,191929.65075742512,-0.06345133155595549,99937.61696818496,-0.00321422124096582
2020-12-11,0.0,191929.65075742512,-0.06345133155595549,98689.95633187804,0.012484394506866336
2020-12-14,0.0,191929.65075742512,-0.06345133155595549,98877.10542732407,-0.0018963337547408532
2020-12-15,0.0,191929.65075742512,-0.06345133155595549,105552.08983156615,-0.06750788643533134
2020-12-16,0.0,191929.65075742512,-0.06345133155595549,103243.9176543983,0.021867612293144267
2020-12-17,0.0,191929.65075742512,-0.06345133155595549,103867.74797255176,-0.0060422960725075026
2020-12-18,0.0,191929.65075742512,-0.06345133155595549,103867.74797255176,0.0
2020-12-21,0.0,191929.65075742512,-0.06345133155595549,104928.25951341268,-0.010210210210210402
2020-12-22,0.0,191929.65075742512,-0.06345133155595549,102121.02308172209,0.026753864447086717
2020-12-23,0.0,191929.65075742512,-0.06345133155595549,101809.10792264534,0.0030543677458766405
2020-12-24,0.0,191929.65075742512,-0.06345133155595549,99563.31877729288,0.022058823529411686
2020-12-25,0.0,191929.65075742512,-0.06345133155595549,100000.00000000033,-0.004385964912280826
2020-12-28,0.0,191929.65075742512,-0.06345133155595549,98378.04117280133,0.016219588271990104
2020-12-29,0.0,191929.65075742512,-0.06345133155595549,99313.78665003151,-0.009511731135066537
2020-12-30,0.0,191929.65075742512,-0.06345133155595549,99064.25452277013,0.002512562814070307
2020-12-31,0.0,191929.65075742512,-0.06345133155595549,100873.36244541519,-0.018261964735516445
2021-01-04,0.0,191929.65075742512,-0.06345133155595549,101996.2570180914,-0.011131725417439675
2021-01-05,0.0,191929.65075742512,-0.06345133155595549,103680.59887710575,-0.016513761467889854
2021-01-06,0.0,191929.65075742512,-0.06345133155595549,101746.72489082998,0.01865222623345386
2021-01-07,0.0,191929.65075742512,-0.06345133155595549,99376.16968184683,0.023298589822194904
2021-01-08,0.0,191929.65075742512,-0.06345133155595549,101310.04366812257,-0.019460138104205882
2021-01-11,0.0,191929.65075742512,-0.06345133155595549,100873.36244541519,0.004310344827585966
2021-01-12,0.0,191929.65075742512,-0.06345133155595549,102432.93824079885,-0.015460729746443969
2021-01-13,0.0,191929.65075742512,-0.06345133155595549,104678.7273861513,-0.02192448233861133
2021-01-14,0.0,191929.65075742512,-0.06345133155595549,104865.87648159733,-0.0017878426698449967
2021-01-15,0.0,191929.65075742512,-0.06345133155595549,105739.23892701218,-0.008328375966686563
2021-01-18,0.0,191929.65075742512,-0.06345133155595549,105240.17467248943,0.004719764011799299
2021-01-19,0.0,191929.65075742512,-0.06345133155595549,105864.00499064288,-0.005927682276229973
2021-01-20,0.0,191929.65075742512,-0.06345133155595549,103992.5140361825,0.017678255745432914
2021-01-21,0.0,191929.65075742512,-0.06345133155595549,102620.08733624486,0.013197360527894553
2021-01-22,0.0,191929.65075742512,-0.06345133155595549,100062.38303181565,0.02492401215805473
2021-01-25,0.0,191929.65075742512,-0.06345133155595549,99875.23393636962,0.0018703241895260403
2021-01-26,0.0,191929.65075742512,-0.06345133155595549,99563.31877729288,0.0031230480949406836
2021-01-27,0.0,191929.65075742512,-0.06345133155595549,102869.61946350623,-0.03320802005012524
2021-01-28,0.0,191929.65075742512,-0.06345133155595549,102869.61946350623,0.0
2021-01-29,0.0,191929.65075742512,-0.06345133155595549,104366.81222707455,-0.014554275318374943
2021-02-01,0.0,191929.65075742512,-0.06345133155595549,103930.13100436713,0.004184100418410108
2021-02-02,0.0,191929.65075742512,-0.06345133155595549,101434.80973175327,0.024009603841536498
2021-02-03,0.0,191929.65075742512,-0.06345133155595549,102744.85339987553,-0.012915129151291449
2021-02-04,0.0,191929.65075742512,-0.06345133155595549,99438.55271366218,0.032179720704310855
2021-02-05,0.0,191929.65075742512,-0.06345133155595549,99875.23393636962,-0.004391468005018995
2021-02-08,0.0,191929.65075742512,-0.06345133155595549,102183.40611353745,-0.023110555902560836
2021-02-09,0.0,191929.65075742512,-0.06345133155595549,102620.08733624486,-0.004273504273504258
2021-02-10,0.0,191929.65075742512,-0.06345133155595549,102557.70430442951,0.0006079027355622157
2021-02-18,0.0,191929.65075742512,-0.06345133155595549,104616.34435433596,-0.02007299270072993
2021-02-19,0.0,191929.65075742512,-0.06345133155595549,115533.37492202158,-0.1043530113297555
2021-02-22,0.002901778536704036,192486.58809855013,-0.06073367473128574,118902.05864005028,-0.02625588884990493
2021-02-23,-0.014743884381944516,189648.58809855013,-0.07458210883490156,113537.11790393048,0.030376787181539244
2021-02-24,0.00852629600996413,191265.58809855013,-0.06669172196191114,116593.88646288247,-0.01839678091311292
2021-02-25,0.0006901398276202286,191397.58809855013,-0.06604760874778948,116843.41859014385,-0.0014500420878424958
2021-02-26,-0.006379390733864954,190176.58809855013,-0.07200565597841489,114535.246412976,0.013375013964480043
2021-03-01,0.002776366982282674,190704.58809855013,-0.06942920312192823,115533.37492202155,-0.00593822996760851
2021-03-02,-0.0015573825620101012,190407.58809855013,-0.07087845785370198,114971.92763568345,0.003302228669091356
2021-03-03,0.0024263738888434805,190869.58809855013,-0.06862406160427614,115845.2900810983,-0.0051699364746942145
2021-03-04,-0.024377901405631786,186216.58809855013,-0.09132905240206486,107049.28259513444,0.05155101620341507
2021-03-05,-0.0065094230923642415,185004.42553980014,-0.09724397605171939,103992.51403618249,0.022045355462414262
2021-03-08,0.0,185004.42553980014,-0.09724397605171939,100873.36244541516,0.029994001199760034
2021-03-09,0.0,185004.42553980014,-0.09724397605171939,100374.29819089238,0.0049474335188621765
2021-03-10,0.0,185004.42553980014,-0.09724397605171939,100124.766063631,0.0024860161591049312
2021-03-11,0.0,185004.42553980014,-0.09724397605171939,101185.2776044919,-0.010591900311526459
2021-03-12,0.0,185004.42553980014,-0.09724397605171939,99688.08484092359,0.014796547472256338
2021-03-15,0.0,185004.42553980014,-0.09724397605171939,96943.23144104835,0.027534418022528206
2021-03-16,0.0,185004.42553980014,-0.09724397605171939,98190.89207735528,-0.012870012870012992
2021-03-17,0.0,185004.42553980014,-0.09724397605171939,97691.8278228325,0.0050825921219822545
2021-03-18,0.0,185004.42553980014,-0.09724397605171939,97941.35995009389,-0.0025542784163472554
2021-03-19,0.0,185004.42553980014,-0.09724397605171939,98378.04117280133,-0.00445859872611476
2021-03-22,0.0,185004.42553980014,-0.09724397605171939,101809.10792264539,-0.034876347495244264
2021-03-23,0.0,185004.42553980014,-0.09724397605171939,100436.68122270778,0.013480392156862697
2021-03-24,0.0,185004.42553980014,-0.09724397605171939,100436.68122270778,0.0
2021-03-25,0.0,185004.42553980014,-0.09724397605171939,101871.4909544607,-0.014285714285714013
2021-03-26,0.0,185004.42553980014,-0.09724397605171939,101185.2776044919,0.006736068585425525
2021-03-29,0.0,185004.42553980014,-0.09724397605171939,99376.16968184686,0.017879161528976506
2021-03-30,0.0,185004.42553980014,-0.09724397605171939,98253.27510917063,0.011299435028248594
2021-03-31,0.0,185004.42553980014,-0.09724397605171939,98689.95633187804,-0.004444444444444473
2021-04-01,0.0,185004.42553980014,-0.09724397605171939,98565.19026824736,0.0012642225031604948
2021-04-02,0.0,185004.42553980014,-0.09724397605171939,99812.85090455427,-0.012658227848101111
2021-04-06,0.0,185004.42553980014,-0.09724397605171939,100561.44728633844,-0.007500000000000062
2021-04-07,0.0,185004.42553980014,-0.09724397605171939,99563.31877729291,0.00992555831265507
2021-04-08,0.0,185004.42553980014,-0.09724397605171939,98877.10542732409,0.006892230576441172
2021-04-09,0.0,185004.42553980014,-0.09724397605171939,98440.42420461665,0.00441640378548902
2021-04-12,0.0,185004.42553980014,-0.09724397605171939,97629.44479101714,0.008238276299112779
2021-04-13,0.0,185004.42553980014,-0.09724397605171939,99001.87149095476,-0.014057507987220275
2021-04-14,0.0,185004.42553980014,-0.09724397605171939,99376.16968184683,-0.003780718336483968
2021-04-15,0.0,185004.42553980014,-0.09724397605171939,100062.38303181565,-0.006905210295040876
2021-04-16,0.0,185004.42553980014,-0.09724397605171939,102557.70430442951,-0.02493765586034935
2021-04-19,0.0,185004.42553980014,-0.09724397605171939,104054.89706799784,-0.014598540145985384
2021-04-20,0.013065239187913358,187421.55261030013,-0.08544925267050547,107298.81472239587,-0.01810982076412504
2021-04-21,-0.002304964365001494,186989.55261030013,-0.08755725955308548,106550.21834061171,0.004671779821045052
2021-04-22,0.001925241249976395,187349.55261030013,-0.08580058715093547,107174.04865876518,-0.0039295596867918725
2021-04-23,-0.0032666210912869476,186737.55261030016,-0.08878693023459033,106113.5371179043,0.006628605916861985
2021-04-26,-0.007518573422293784,185333.55261030016,-0.09563795260297532,103680.59887710579,0.015409116172062531
2021-04-27,-0.004273376238922877,184541.55261030013,-0.09950263188770546,102308.17217716816,0.008963687539657261
2021-04-28,0.0015606241300472057,184829.55261030013,-0.09809729396598546,102807.23643169094,-0.0033174246504406035
2021-04-29,-0.005648447368160725,183785.55261030016,-0.1031916439322203,100998.1285090459,0.011948640010480016
2021-04-30,-0.005288772627634497,182813.55261030013,-0.10793465941802544,99313.78665003154,0.011388188459456328
2021-05-06,0.0006703712785520732,182936.10556530015,-0.10733664443510747,100561.44728633847,-0.011892442791799684
2021-05-07,0.0,182936.10556530015,-0.10733664443510747,105676.85589519689,-0.05086848635235741
2021-05-10,0.0,182936.10556530015,-0.10733664443510747,107049.28259513449,-0.01298701298701288
2021-05-11,0.0,182936.10556530015,-0.10733664443510747,105489.70679975083,0.014568764568764547
2021-05-12,0.0,182936.10556530015,-0.10733664443510747,111291.32875857803,-0.05499704316972198
2021-05-13,-0.0039005804966439905,182222.54855980014,-0.11081854970989266,108983.1565814102,0.016839329817257442
2021-05-14,0.006903646173004541,183480.54855980014,-0.10467995559349073,111291.32875857803,-0.014275518108621155
2021-05-17,0.009079981573398399,185146.54855980014,-0.09655046608798547,114348.09731753002,-0.01838638613960608
2021-05-18,-0.0018363831388957808,184806.54855980017,-0.09820954557890477,113724.26699937656,0.0036191542315351377
2021-05-19,-0.0047833802800227865,183922.54855980014,-0.10252315225529546,112102.30817217754,0.009478824876313019
2021-05-20,0.002033464645464056,184296.54855980014,-0.10069816481528407,112788.52152214633,-0.004087848654480197
2021-05-21,-0.004981102506659951,183378.54855980014,-0.10517767944076656,111104.179663132,0.009952525811924073
2021-05-24,0.011495346737966816,185486.54855980014,-0.09489138659706602,114971.92763568349,-0.02331655668707544
2021-05-25,0.00403263743817428,186234.54855980014,-0.09124141171704325,116344.35433562112,-0.007904421704527875
2021-05-26,-0.013509845619176675,183718.54855980017,-0.10351859994984698,111728.00998128549,0.026168438563128893
2021-05-27,0.017396174883015147,186914.54855980017,-0.08792325273520422,117592.01497192806,-0.03508847056645448
2021-05-28,-0.012005486021769318,184670.54855980017,-0.09887317737527254,113474.7348721152,0.023007776577700145
2021-05-31,-0.0022093398388746133,184262.54855980017,-0.10086407276437587,112726.13849033102,0.0043876914970243375
2021-06-01,0.008303369360504798,185792.54855980014,-0.09339821505523853,115533.3749220216,-0.01659978503905246
2021-06-02,-0.029828968077351026,180250.54855980017,-0.12044121075722529,105364.94073612014,0.05818399088593185
2021-06-03,-0.004660547959282946,179410.48223355017,-0.12454043667750005,102932.00249532163,0.01843003818636535
2021-06-04,0.0,179410.48223355017,-0.12454043667750005,103181.53462258304,-0.00242424242424244
2021-06-07,0.0,179410.48223355017,-0.12454043667750005,104179.6631316286,-0.0096735187424426
2021-06-08,0.0,179410.48223355017,-0.12454043667750005,102620.08733624492,0.014970059880239472
2021-06-09,0.0,179410.48223355017,-0.12454043667750005,102932.00249532166,-0.003039513677811634
2021-06-10,0.0,179410.48223355017,-0.12454043667750005,102994.38552713703,-0.000606060606060721
2021-06-11,0.0,179410.48223355017,-0.12454043667750005,102183.4061135375,0.007874015748031704
2021-06-15,0.0,179410.48223355017,-0.12454043667750005,100561.44728633849,0.015873015873015706
2021-06-16,0.0,179410.48223355017,-0.12454043667750005,101122.89457267663,-0.005583126550868567
2021-06-17,0.0,179410.48223355017,-0.12454043667750005,101372.42669993802,-0.002467612584824197
2021-06-18,0.0,179410.48223355017,-0.12454043667750005,102432.9382407989,-0.010461538461538522
2021-06-21,0.0,179410.48223355017,-0.12454043667750005,102932.00249532166,-0.004872107186357999
2021-06-22,0.0,179410.48223355017,-0.12454043667750005,101996.25701809148,0.009090909090909038
2021-06-23,0.0,179410.48223355017,-0.12454043667750005,102620.08733624492,-0.006116207951070152
2021-06-24,0.0,179410.48223355017,-0.12454043667750005,101310.04366812264,0.012765957446808529
2021-06-25,0.0,179410.48223355017,-0.12454043667750005,102183.4061135375,-0.008620689655172376
2021-06-28,0.0,179410.48223355017,-0.12454043667750005,102245.78914535283,-0.0006105006105006083
2021-06-29,0.0,179410.48223355017,-0.12454043667750005,101684.34185901472,0.005491153142159866
2021-06-30,0.0,179410.48223355017,-0.12454043667750005,102682.47036806027,-0.009815950920245342
2021-07-01,0.0,179410.48223355017,-0.12454043667750005,97005.61447286373,0.05528554070473879
2021-07-02,0.0,179410.48223355017,-0.12454043667750005,91515.90767311324,0.056591639871382715
2021-07-05,0.0,179410.48223355017,-0.12454043667750005,90892.07735495978,0.0068166325835037345
2021-07-06,0.0,179410.48223355017,-0.12454043667750005,90205.86400499097,0.007549759780370535
2021-07-07,0.0,179410.48223355017,-0.12454043667750005,90393.01310043702,-0.0020746887966804906
2021-07-08,0.0,179410.48223355017,-0.12454043667750005,87835.30879600781,0.028295376121463045
2021-07-09,0.0,179410.48223355017,-0.12454043667750005,87960.07485963851,-0.0014204545454545858
2021-07-12,0.0,179410.48223355017,-0.12454043667750005,88521.52214597663,-0.006382978723404209
2021-07-13,0.0,179410.48223355017,-0.12454043667750005,88459.13911416128,0.0007047216349541641
2021-07-14,0.0,179410.48223355017,-0.12454043667750005,86587.6481597009,0.021156558533145242
2021-07-15,0.0,179410.48223355017,-0.12454043667750005,85589.51965065536,0.011527377521613813
2021-07-16,0.0,179410.48223355017,-0.12454043667750005,84965.68933250189,0.007288629737609464
2021-07-19,0.0,179410.48223355017,-0.12454043667750005,84029.9438552717,0.0110132158590307
2021-07-20,0.0,179410.48223355017,-0.12454043667750005,84529.00810979448,-0.005939123979213035
2021-07-21,0.0,179410.48223355017,-0.12454043667750005,84653.77417342516,-0.0014760147601475815
2021-07-22,0.0,179410.48223355017,-0.12454043667750005,85215.22145976328,-0.006632277081798144
2021-07-23,0.0,179410.48223355017,-0.12454043667750005,84092.32688708705,0.013177159590043952
2021-07-26,0.0,179410.48223355017,-0.12454043667750005,79351.21646912073,0.05637982195845692
2021-07-27,0.0,179410.48223355017,-0.12454043667750005,78540.23705552121,0.010220125786163603
2021-07-28,0.0,179410.48223355017,-0.12454043667750005,73736.74360573954,0.06115965051628269
2021-07-29,0.0,179410.48223355017,-0.12454043667750005,74298.19089207765,-0.0076142131979695105
2021-07-30,0.0,179410.48223355017,-0.12454043667750005,74797.25514660042,-0.0067170445004198776
2021-08-02,0.0,179410.48223355017,-0.12454043667750005,76169.68184653806,-0.01834862385321112
2021-08-03,0.0,179410.48223355017,-0.12454043667750005,84154.70991890242,-0.10483210483210481
2021-08-04,0.0,179410.48223355017,-0.12454043667750005,82158.45290081133,0.023721275018532273
2021-08-05,0.0,179410.48223355017,-0.12454043667750005,80099.8128509049,0.02505694760820043
2021-08-06,0.0,179410.48223355017,-0.12454043667750005,78041.17280099847,0.025700934579439227
2021-08-09,0.0,179410.48223355017,-0.12454043667750005,79351.21646912074,-0.016786570743405393
2021-08-10,0.0,179410.48223355017,-0.12454043667750005,81035.5583281351,-0.021226415094339535
2021-08-11,0.0,179410.48223355017,-0.12454043667750005,81347.47348721181,-0.0038491147036181506
2021-08-12,0.0,179410.48223355017,-0.12454043667750005,80286.96194635093,0.0130368098159509
2021-08-13,0.0,179410.48223355017,-0.12454043667750005,79101.68434185936,0.01476301476301467
2021-08-16,0.0,179410.48223355017,-0.12454043667750005,79164.06737367471,-0.0007886435331230235
2021-08-17,0.0,179410.48223355017,-0.12454043667750005,77479.72551466036,0.02127659574468077
2021-08-18,0.0,179410.48223355017,-0.12454043667750005,79475.98253275146,-0.025764895330112836
2021-08-19,0.0,179410.48223355017,-0.12454043667750005,79101.68434185936,0.004709576138147598
2021-08-20,0.0,179410.48223355017,-0.12454043667750005,78041.17280099847,0.01340694006309151
2021-08-23,0.0,179410.48223355017,-0.12454043667750005,79164.0673736747,-0.014388489208633004
2021-08-24,0.0,179410.48223355017,-0.12454043667750005,79101.68434185935,0.0007880220646178104
2021-08-25,0.0,179410.48223355017,-0.12454043667750005,79288.83343730538,-0.0023659305993690705
2021-08-26,0.0,179410.48223355017,-0.12454043667750005,78477.85402370588,0.010228166797797034
2021-08-27,0.0,179410.48223355017,-0.12454043667750005,77354.95945102963,0.014308426073131986
2021-08-30,0.0,179410.48223355017,-0.12454043667750005,79600.74859638211,-0.029032258064516148
2021-08-31,0.0,179410.48223355017,-0.12454043667750005,79413.59950093608,0.0023510971786833146
2021-09-01,0.0,179410.48223355017,-0.12454043667750005,81908.92077354994,-0.03142183817753352
2021-09-02,0.0,179410.48223355017,-0.12454043667750005,81160.32439176578,0.009139375476009182
2021-09-03,0.0,179410.48223355017,-0.12454043667750005,81472.23955084251,-0.003843197540353671
2021-09-06,0.0,179410.48223355017,-0.12454043667750005,81534.62258265786,-0.0007656967840734552
2021-09-07,0.0,179410.48223355017,-0.12454043667750005,81721.77167810389,-0.002295332823259333
2021-09-08,0.0,179410.48223355017,-0.12454043667750005,84653.77417342519,-0.03587786259541992
2021-09-09,0.0,179410.48223355017,-0.12454043667750005,82844.66625078012,0.021370670596905006
2021-09-10,0.0,179410.48223355017,-0.12454043667750005,83593.2626325643,-0.009036144578313365
2021-09-13,0.0,179410.48223355017,-0.12454043667750005,83468.49656893361,0.0014925373134327957
2021-09-14,0.0,179410.48223355017,-0.12454043667750005,81908.92077354995,0.01868460388639759
2021-09-15,0.0,179410.48223355017,-0.12454043667750005,84903.30630068657,-0.036557501904036505
2021-09-16,0.0,179410.48223355017,-0.12454043667750005,82844.66625078014,0.024246877296105862
2021-09-17,0.0,179410.48223355017,-0.12454043667750005,82907.04928259549,-0.0007530120481926694
2021-09-22,0.0,179410.48223355017,-0.12454043667750005,82595.13412351876,0.003762227238525151
2021-09-23,0.0,179410.48223355017,-0.12454043667750005,83031.81534622618,-0.005287009063444037
2021-09-24,0.0,179410.48223355017,-0.12454043667750005,82969.43231441083,0.0007513148009015147
2021-09-27,0.0,179410.48223355017,-0.12454043667750005,79039.30131004401,0.047368421052631615
2021-09-28,0.0,179410.48223355017,-0.12454043667750005,78914.53524641332,0.0015785319652722452
2021-09-29,0.0,179410.48223355017,-0.12454043667750005,78165.93886462916,0.009486166007905195
2021-09-30,0.0,179410.48223355017,-0.12454043667750005,78602.62008733659,-0.005586592178770999
2021-10-08,0.0,179410.48223355017,-0.12454043667750005,79912.66375545887,-0.01666666666666683
2021-10-11,0.0,179410.48223355017,-0.12454043667750005,81784.15470991927,-0.023419203747072626
2021-10-12,0.0,179410.48223355017,-0.12454043667750005,80536.49407361234,0.015255530129671957
2021-10-13,0.0,179410.48223355017,-0.12454043667750005,81409.85651902719,-0.010844306738962084
2021-10-14,0.0,179410.48223355017,-0.12454043667750005,80099.81285090491,0.016091954022988575
2021-10-15,0.0,179410.48223355017,-0.12454043667750005,80661.26013724302,-0.007009345794392496
2021-10-18,0.0,179410.48223355017,-0.12454043667750005,79413.59950093609,0.015467904098994567
2021-10-19,0.0,179410.48223355017,-0.12454043667750005,79413.59950093609,0.0
2021-10-20,0.0,179410.48223355017,-0.12454043667750005,78789.76918278263,0.00785545954438327
2021-10-21,0.0,179410.48223355017,-0.12454043667750005,80037.42981908955,-0.015835312747426666
2021-10-22,0.0,179410.48223355017,-0.12454043667750005,79101.68434185936,0.011691348402182444
2021-10-25,0.0,179410.48223355017,-0.12454043667750005,78727.38615096727,0.004731861198738252
2021-10-26,0.0,179410.48223355017,-0.12454043667750005,78477.85402370589,0.0031695721077653616
2021-10-27,0.0,179410.48223355017,-0.12454043667750005,77105.42732376828,0.01748807631160576
2021-10-28,0.0,179410.48223355017,-0.12454043667750005,76169.68184653808,0.012135922330096971
2021-10-29,0.0,179410.48223355017,-0.12454043667750005,78165.93886462916,-0.02620802620802598
2021-11-01,0.0,179410.48223355017,-0.12454043667750005,78727.38615096729,-0.007182761372705571
2021-11-02,0.0,179410.48223355017,-0.12454043667750005,77978.78976918313,0.009508716323296307
2021-11-03,0.0,179410.48223355017,-0.12454043667750005,78415.47099189056,-0.005600000000000049
2021-11-04,0.0,179410.48223355017,-0.12454043667750005,79039.30131004401,-0.007955449482895727
2021-11-05,0.0,179410.48223355017,-0.12454043667750005,81222.70742358116,-0.027624309392265234
2021-11-08,0.0,179410.48223355017,-0.12454043667750005,79850.28072364355,0.016897081413210335
2021-11-09,0.0,179410.48223355017,-0.12454043667750005,80286.96194635096,-0.005468749999999911
2021-11-10,0.0,179410.48223355017,-0.12454043667750005,80910.79226450443,-0.007770007770007803
2021-11-11,0.0,179410.48223355017,-0.12454043667750005,82532.75109170344,-0.02004626060138781
2021-11-12,-0.0003650610359250406,179344.98645705017,-0.12486003285259709,82532.75109170344,-0.0003650610359250406
2021-11-15,0.002453372177790847,179784.98645705017,-0.12271298880552486,83156.5814098569,-0.005105206809359553
2021-11-16,-0.005628946109144439,178772.98645705017,-0.12765119011379097,81721.77167810393,0.011625367469250136
2021-11-17,0.0031995885471065577,179344.98645705017,-0.12486003285259709,82532.75109170342,-0.006724075575030852
2021-11-18,-0.006624104880035286,178156.98645705017,-0.13065705177969208,80848.40923268908,0.013784058385270748
2021-11-19,0.00024697319411948193,178200.98645705017,-0.13044234737498486,80910.79226450442,-0.0005246317441520709
2021-11-22,-0.004197507628165065,177452.98645705017,-0.13409232225500764,79850.28072364353,0.008909662765050008
2021-11-23,-0.0029754359762651506,176924.98645705017,-0.13666877511149428,79101.68434185936,0.006399564023734872
2021-11-24,0.0007460789040785176,177056.98645705017,-0.1360246618973726,79288.83343730541,-0.0016198516952905528
2021-11-25,-0.002485075617768562,176616.98645705017,-0.13817170594444483,78665.00311915194,0.005382744995921507
2021-11-26,0.0002491266603663611,176660.98645705017,-0.1379570015397376,78727.38615096729,-0.0005438947512117487
2021-11-29,-0.006475679905014742,175516.98645705017,-0.1435393160621254,77105.42732376828,0.014126538795460664
2021-11-30,0.0002475291615755548,175560.43202955017,-0.14332731706710772,77854.02370555243,-0.00946120870250211
2021-12-01,0.0,175560.43202955017,-0.14332731706710772,78789.76918278263,-0.012019230769230838
2021-12-02,0.0,175560.43202955017,-0.14332731706710772,77978.78976918312,0.010292953285827466
2021-12-03,0.0,175560.43202955017,-0.14332731706710772,78165.93886462916,-0.0023999999999999577
2021-12-06,0.0,175560.43202955017,-0.14332731706710772,77791.64067373709,0.004788507581803603
2021-12-07,0.0,175560.43202955017,-0.14332731706710772,77666.87461010639,0.0016038492381716951
2021-12-08,0.0,175560.43202955017,-0.14332731706710772,78602.62008733657,-0.012048192771084265
2021-12-09,0.0,175560.43202955017,-0.14332731706710772,79039.301310044,-0.005555555555555536
2021-12-10,0.0,175560.43202955017,-0.14332731706710772,78976.91827822865,0.0007892659826361781
2021-12-13,0.0,175560.43202955017,-0.14332731706710772,80286.96194635092,-0.016587677725118377
2021-12-14,0.0,175560.43202955017,-0.14332731706710772,80848.40923268904,-0.006993006993007089
2021-12-15,0.0,175560.43202955017,-0.14332731706710772,86400.49906425485,-0.06867283950617264
2021-12-16,0.0015038554734279064,175824.44954617516,-0.14203900516394297,87024.32938240831,-0.005716361133070169
2021-12-17,-0.004896929876489375,174963.4495461752,-0.14624037999241823,85714.28571428603,0.010156833564370804
2021-12-20,-0.009373386294416752,173323.4495461752,-0.15424299871332378,83218.96444167217,0.019738695219411517
2021-12-21,-0.0004731039003360582,173241.4495461752,-0.15464312964936908,83094.19837804149,0.0010261464744765192
2021-12-22,0.014436498924198737,175742.4495461752,-0.14243913609998812,86899.56331877761,-0.031359296871597
2021-12-23,-0.010498317309018956,173897.4495461752,-0.15144208216100685,84092.32688708704,0.021806061729028325
2021-12-24,0.0011788557022254231,174102.44954617516,-0.1504417548208938,84404.24204616375,-0.0025303431108307795
2021-12-27,-0.006122831716490307,173036.4495461752,-0.15564345698948226,82782.28321896475,0.013093724085431302
2021-12-28,0.0023694429761780267,173446.44954617516,-0.153642802309256,83406.1135371182,-0.0051663520501972204
2021-12-29,-0.000945536794953572,173282.4495461752,-0.15444306418134643,83156.58140985684,0.0020462358303268147
2021-12-30,0.00662502176652402,174430.4495461752,-0.14884123107671254,84903.30630068654,-0.014380229546304246
2021-12-31,0.0056412169008341895,175414.4495461752,-0.14403965984416922,86400.49906425485,-0.011992875678151771
2022-01-04,0.00607703642862889,176480.4495461752,-0.13883795767558063,88022.45789145386,-0.012695526748266461
2022-01-05,0.0006969610532854276,176603.4495461752,-0.13823776127151272,88209.60698689992,-0.0014291906122001485
2022-01-06,-0.006964756368920244,175373.4495461752,-0.14423972531219187,86338.11603243952,0.014251650986101039
2022-01-07,-0.003974375835131605,174676.4495461752,-0.1476408382685767,85277.60449157863,0.008308861159088021
2022-01-10,0.0049291132390025805,175537.4495461752,-0.1434394634401013,86587.64815970091,-0.01043299356421623
2022-01-11,-0.007240620182678792,174266.4495461752,-0.1496414929488031,84653.77417342518,0.015093673765448012
2022-01-12,0.0007058157225348083,174389.4495461752,-0.1490412965447352,84840.92326887122,-0.0015049433047311656
2022-01-13,-0.00634786108265617,173282.4495461752,-0.15444306418134643,83156.58140985687,0.013505080093814348
2022-01-14,-0.0037857267237280112,172626.4495461752,-0.15764411166970865,82158.45290081132,0.008217274026459553
2022-01-17,-0.0002709780359440028,172579.67156992518,-0.15787237161389428,86026.2008733628,-0.04734766748165398
2022-01-18,0.0,172579.67156992518,-0.15787237161389428,84716.15720524052,0.015228426395939021
2022-01-19,0.0,172579.67156992518,-0.15787237161389428,85277.60449157863,-0.006627393225331346
2022-01-20,0.0,172579.67156992518,-0.15787237161389428,83094.19837804152,0.02560351133869787
2022-01-21,0.0,172579.67156992518,-0.15787237161389428,83094.19837804152,0.0
2022-01-24,0.0,172579.67156992518,-0.15787237161389428,81409.85651902716,0.020270270270270285
2022-01-25,0.0,172579.67156992518,-0.15787237161389428,75670.61759201527,0.07049808429118776
2022-01-26,0.0,172579.67156992518,-0.15787237161389428,76793.5121646915,-0.01483924154987637
2022-01-27,0.0,172579.67156992518,-0.15787237161389428,74859.63817841577,0.025182778229082103
2022-01-28,0.0,172579.67156992518,-0.15787237161389428,76481.59700561478,-0.021666666666666723
2022-02-07,0.0,172579.67156992518,-0.15787237161389428,77230.19338739893,-0.00978792822185981
2022-02-08,0.0,172579.67156992518,-0.15787237161389428,78665.0031191519,-0.01857835218093684
2022-02-09,0.0,172579.67156992518,-0.15787237161389428,78914.53524641329,-0.003172085646312439
2022-02-10,0.0,172579.67156992518,-0.15787237161389428,79101.68434185932,-0.002371541501976271
2022-02-11,0.0,172579.67156992518,-0.15787237161389428,78165.93886462912,0.011829652996845463
2022-02-14,0.0,172579.67156992518,-0.15787237161389428,79039.30131004399,-0.011173184357541999
2022-02-15,0.0,172579.67156992518,-0.15787237161389428,79039.30131004399,0.0
2022-02-16,0.0,172579.67156992518,-0.15787237161389428,79850.28072364349,-0.010260457774269982
2022-02-17,0.0,172579.67156992518,-0.15787237161389428,78665.00311915191,0.014843750000000044
2022-02-18,0.0,172579.67156992518,-0.15787237161389428,79538.36556456676,-0.011102299762093537
2022-02-21,0.0,172579.67156992518,-0.15787237161389428,87835.30879600784,-0.10431372549019602
2022-02-22,-0.0015505799564380363,172312.0729903002,-0.15917815783523248,84341.85901434843,0.03822214731628926
2022-02-23,0.0011897018963467065,172517.0729903002,-0.1581778304951193,84653.77417342518,-0.002508522955724457
2022-02-24,-0.015685404076801968,169811.0729903002,-0.17138215138461343,80536.49407361231,0.03295129452305068
2022-02-25,0.002386305010852352,170216.29400467518,-0.16940481646038077,79975.0467872742,0.009357645057327946
2022-02-28,0.0,170216.29400467518,-0.16940481646038077,80723.64316905836,-0.009360374414976613
2022-03-01,0.0,170216.29400467518,-0.16940481646038077,82532.75109170341,-0.022411128284389514
2022-03-02,0.0,170216.29400467518,-0.16940481646038077,83156.58140985687,-0.0075585789871503994
2022-03-03,0.0,170216.29400467518,-0.16940481646038077,82782.28321896477,0.004501125281320406
2022-03-04,0.0,170216.29400467518,-0.16940481646038077,81908.92077354994,0.010550113036925324
2022-03-07,0.0,170216.29400467518,-0.16940481646038077,77916.40673736775,0.04874333587204882
2022-03-08,0.0,170216.29400467518,-0.16940481646038077,75109.17030567715,0.03602882305844679
2022-03-09,0.0,170216.29400467518,-0.16940481646038077,70555.20898315687,0.06063122923588027
2022-03-10,0.0,170216.29400467518,-0.16940481646038077,70617.59201497221,-0.0008841732979663064
2022-03-11,0.0,170216.29400467518,-0.16940481646038077,70430.44291952616,0.0026501766784453595
2022-03-14,0.0,170216.29400467518,-0.16940481646038077,66936.99313786677,0.049601417183347984
2022-03-15,0.0,170216.29400467518,-0.16940481646038077,61572.05240174696,0.08014911463187335
2022-03-16,0.0,170216.29400467518,-0.16940481646038077,63880.22457891478,-0.037487335359675855
2022-03-17,0.0,170216.29400467518,-0.16940481646038077,65003.11915159102,-0.017578125
2022-03-18,0.0,170216.29400467518,-0.16940481646038077,65439.80037429845,-0.006717850287907945
2022-03-21,0.0,170216.29400467518,-0.16940481646038077,65377.4173424831,0.0009532888465204614
2022-03-22,0.0,170216.29400467518,-0.16940481646038077,65502.18340611379,-0.00190839694656475
2022-03-23,0.0,170216.29400467518,-0.16940481646038077,65689.33250155982,-0.0028571428571428914
2022-03-24,0.0,170216.29400467518,-0.16940481646038077,64441.6718652529,0.018993352326685642
2022-03-25,0.0,170216.29400467518,-0.16940481646038077,64753.58702432964,-0.004840271055179146
2022-03-28,0.0,170216.29400467518,-0.16940481646038077,65190.268247037064,-0.00674373795761074
2022-03-29,0.0,170216.29400467518,-0.16940481646038077,64628.820960698955,0.008612440191387516
2022-03-30,0.0,170216.29400467518,-0.16940481646038077,65315.03431066776,-0.010617760617760652
2022-03-31,0.0,170216.29400467518,-0.16940481646038077,65065.50218340637,0.003820439350525451
2022-04-01,0.0,170216.29400467518,-0.16940481646038077,66063.63069245192,-0.015340364333652934
2022-04-06,0.0,170216.29400467518,-0.16940481646038077,67685.58951965091,-0.02455146364494798
2022-04-07,0.0,170216.29400467518,-0.16940481646038077,65689.33250155982,0.029493087557603714
2022-04-08,0.0,170216.29400467518,-0.16940481646038077,64504.05489706825,0.018043684710351338
2022-04-11,0.0,170216.29400467518,-0.16940481646038077,60823.45601996281,0.05705996131528046
2022-04-12,0.0,170216.29400467518,-0.16940481646038077,62570.18091079251,-0.02871794871794875
2022-04-13,0.0,170216.29400467518,-0.16940481646038077,61384.903306300934,0.018943170488534333
2022-04-14,0.0,170216.29400467518,-0.16940481646038077,61696.81846537767,-0.005081300813008172
2022-04-15,0.0,170216.29400467518,-0.16940481646038077,60573.92389270143,0.018200202224469164
2022-04-18,0.0,170216.29400467518,-0.16940481646038077,59700.56144728657,0.014418125643666402
2022-04-19,0.0,170216.29400467518,-0.16940481646038077,60074.859638178656,-0.006269592476489061
2022-04-20,0.0,170216.29400467518,-0.16940481646038077,59388.646288209835,0.01142263759086204
2022-04-21,0.0,170216.29400467518,-0.16940481646038077,57142.85714285736,0.037815126050420145
2022-04-22,0.0,170216.29400467518,-0.16940481646038077,57080.474111042015,0.0010917030567685337
2022-04-25,0.0,170216.29400467518,-0.16940481646038077,52401.74672489103,0.08196721311475408
2022-04-26,0.0,170216.29400467518,-0.16940481646038077,50530.25577043063,0.03571428571428581
2022-04-27,0.0,170216.29400467518,-0.16940481646038077,52089.8315658143,-0.030864197530864113
2022-04-28,0.0,170216.29400467518,-0.16940481646038077,51466.00124766083,0.0119760479041916
2022-04-29,0.0,170216.29400467518,-0.16940481646038077,53898.93948845935,-0.047272727272727355
2022-05-05,0.0,170216.29400467518,-0.16940481646038077,53337.49220212124,0.01041666666666663
2022-05-06,0.0,170216.29400467518,-0.16940481646038077,52588.89582033708,0.0140350877192984
2022-05-09,0.0,170216.29400467518,-0.16940481646038077,53025.577043044505,-0.008303677342823335
2022-05-10,0.0,170216.29400467518,-0.16940481646038077,53649.40736119796,-0.0117647058823529
2022-05-11,0.0,170216.29400467518,-0.16940481646038077,53524.64129756728,0.0023255813953487747
2022-05-12,0.0,170216.29400467518,-0.16940481646038077,54023.70555209004,-0.00932400932400923
2022-05-13,0.0,170216.29400467518,-0.16940481646038077,54023.70555209004,0.0
2022-05-16,0.0,170216.29400467518,-0.16940481646038077,54335.620711166775,-0.005773672055427337
2022-05-17,0.0,170216.29400467518,-0.16940481646038077,54210.85464753608,0.0022962112514353095
2022-05-18,0.0,170216.29400467518,-0.16940481646038077,55021.83406113559,-0.014959723820483495
2022-05-19,0.0,170216.29400467518,-0.16940481646038077,54335.620711166775,0.012471655328798126
2022-05-20,0.0,170216.29400467518,-0.16940481646038077,55957.579538365775,-0.02985074626865658
2022-05-23,0.0,170216.29400467518,-0.16940481646038077,61883.96756082368,-0.10590858416945359
2022-05-24,-0.017065597325660264,167311.4512729252,-0.1835794194033008,57018.091079226666,0.06156343493240424
2022-05-25,0.006586518684859044,168413.4512729252,-0.1782020499944972,58203.36868371824,-0.014201227485819201
2022-05-26,0.005854639237824921,169399.4512729252,-0.17339071947083082,59263.88022457912,-0.012366153902582333
2022-05-27,-0.004108631962913778,168703.4512729252,-0.17678695278165416,58515.283842794975,0.008522946984454549
2022-05-30,0.0017189926928691257,168993.45127292516,-0.17537185556881124,58827.1990018717,-0.003611497712248113
2022-05-31,0.003432085655575401,169573.45127292516,-0.17254166114312514,59451.02932002516,-0.007172368215050184
2022-06-01,0.019495976375919044,172879.45127292516,-0.15640955291671432,63006.862133499904,-0.040315146394280355
2022-06-02,0.004025926707166949,173575.4512729252,-0.15301331960589085,63755.45851528407,-0.007855261411644943
2022-06-06,-0.0020048918061161825,173227.4512729252,-0.15471143626130252,63381.16032439198,0.003865949681163716
2022-06-07,-0.007366038065119707,171951.45127292516,-0.1609378639978121,62008.73362445436,0.01428750524196698
2022-06-08,0.005734176668477087,172937.45127292516,-0.1561265334741457,63069.245165315246,-0.011368439025687849
2022-06-09,-0.007713771598811703,171603.4512729252,-0.1626359806532236,61634.435433562285,0.01503598112126725
2022-06-10,0.004055862483167916,172299.4512729252,-0.1592397473424003,62383.03181534645,-0.008089886504686339
2022-06-13,-0.003029609184147297,171777.4512729252,-0.16178692232551778,61821.58452900832,0.005970390815852711
2022-06-14,0.0013505847145871552,172009.45127292516,-0.16065484455524348,62071.11665626971,-0.0026857422278951937
2022-06-15,0.011127295540075188,173923.45127292516,-0.15131520295047932,64129.756706176144,-0.022038533605653443
2022-06-16,0.002334360300629612,174329.45127292516,-0.14933406685249906,64566.43792888357,-0.004474978220771142
2022-06-17,-0.0013308135734148019,174097.4512729252,-0.15046614462277336,64316.90580162219,0.0025339207261020347
2022-06-20,-0.0016657337478502843,173807.45127292516,-0.15188124183561655,64004.990642545454,0.0031839267759131706
2022-06-21,0.001668513046340303,174097.4512729252,-0.15046614462277336,64316.90580162219,-0.003204781300638393
2022-06-22,-0.010660695986240643,172241.4512729252,-0.1595227667849689,62320.648783531105,0.020377131365844736
2022-06-23,0.00976536128538985,173923.45127292516,-0.15131520295047932,64129.756706176144,-0.01926366774363908
2022-06-24,0.0,173923.45127292516,-0.15131520295047932,64129.756706176144,0.0
2022-06-27,0.0020008802576827467,174271.4512729252,-0.1496170862950675,64504.05489706822,-0.003835695617803614
2022-06-28,0.006656282434828187,175431.45127292516,-0.14395669744369544,65751.71553337514,-0.012686077333063484
2022-06-29,-0.001983680790843878,175083.4512729252,-0.14565481409910697,65377.417342483066,0.0037089188296494102
2022-06-30,0.004969059004005016,175953.4512729252,-0.1414095224605778,66313.16281971327,-0.009343918095231718
2022-07-01,-0.005933387452461303,174909.45127292516,-0.14650387242681295,65190.26824703702,0.010999820449702491
2022-07-04,-0.003647601632483788,174271.4512729252,-0.1496170862950675,64504.05489706822,0.006878714156989818
2022-07-05,-0.005657840069604014,173285.4512729252,-0.1544284168187339,63443.54335620733,0.010783165733103894
2022-07-06,-0.0056900333683931326,172299.4512729252,-0.1592397473424003,62383.03181534645,0.011025797506729718
2022-07-07,0.003366232426830207,172879.45127292516,-0.15640955291671432,63006.862133499904,-0.006633767573169802
2022-07-08,0.00033549389226394943,172937.45127292516,-0.1561265334741457,63069.24516531526,-0.0006546051176370415
2022-07-11,-0.005366101981782112,172009.45127292516,-0.16065484455524348,62071.11665626971,0.010459812953925174
2022-07-12,-0.002697526191533406,171545.45127292516,-0.16291900009579235,61572.052401746936,0.00534267481349171
2022-07-13,0.0016905140757048631,171835.4512729252,-0.16150390288294916,61883.96756082367,-0.0033753420539810453
2022-07-14,0.007088176455890105,173053.4512729252,-0.15556049458900834,63194.01122894594,-0.014081178382819637
2022-07-15,-0.012400792842990116,170907.45127292516,-0.16603221396404708,60885.83905177812,0.024124379911205418
2022-07-18,-0.00019921210863793615,170873.40443917515,-0.16619835044523937,63755.45851528407,-0.04733035964962162
2022-07-19,0.0,170873.40443917515,-0.16619835044523937,64441.67186525287,-0.010763209393346296
2022-07-20,0.0,170873.40443917515,-0.16619835044523937,65065.50218340633,-0.00968054211035807
2022-07-21,0.0,170873.40443917515,-0.16619835044523937,64628.820960698904,0.006711409395973145
2022-07-22,0.0,170873.40443917515,-0.16619835044523937,64192.139737991485,0.006756756756756799
2022-07-25,0.0,170873.40443917515,-0.16619835044523937,64129.75670617614,0.0009718172983479434
2022-07-26,0.0,170873.40443917515,-0.16619835044523937,64441.67186525286,-0.004863813229571967
2022-07-27,0.0,170873.40443917515,-0.16619835044523937,64441.67186525286,0.0
2022-07-28,0.0,170873.40443917515,-0.16619835044523937,64504.0548970682,-0.0009680542110357404
2022-07-29,0.0,170873.40443917515,-0.16619835044523937,63568.309419838,0.014506769825918808
2022-08-01,0.0,170873.40443917515,-0.16619835044523937,64254.52276980681,-0.01079489695780178
2022-08-02,0.0,170873.40443917515,-0.16619835044523937,60573.92389270137,0.05728155339805818
2022-08-03,0.0,170873.40443917515,-0.16619835044523937,60262.008733624636,0.005149330587023715
2022-08-04,0.0,170873.40443917515,-0.16619835044523937,61509.669369931566,-0.020703933747411973
2022-08-05,0.0,170873.40443917515,-0.16619835044523937,65439.80037429839,-0.0638945233265722
2022-08-08,0.0,170873.40443917515,-0.16619835044523937,65315.03431066771,0.0019065776930409228
2022-08-09,0.0,170873.40443917515,-0.16619835044523937,65252.65127885237,0.0009551098376312517
2022-08-10,0.0,170873.40443917515,-0.16619835044523937,65190.26824703702,0.0009560229445507717
2022-08-11,0.0,170873.40443917515,-0.16619835044523937,66500.3119151593,-0.02009569377990439
2022-08-12,-0.0009753446538213195,170706.74397767516,-0.16701159442648,66687.46101060534,-0.0037896035656411753
2022-08-15,-0.0015230798382166455,170446.74397767516,-0.16828030227247723,66375.54585152862,0.0031541886369936822
2022-08-16,-0.0027457256681964193,169978.74397767516,-0.1705639763952722,65814.09856519049,0.005712920948344968
2022-08-17,0.005200650265518414,170862.74397767516,-0.16625036971888166,66874.61010605139,-0.010913093810311025
2022-08-18,-0.0027390406422429514,170394.74397767516,-0.16853404384167667,66313.16281971327,0.005656481745816788
2022-08-19,-0.00030517373239402623,170342.74397767516,-0.1687877854108761,66250.7797878979,0.0006355600399485795
2022-08-22,0.013737010132387484,172682.74397767516,-0.1573694147969011,69058.0162195885,-0.02863587122354483
2022-08-23,0.0003011302623654455,172734.74397767516,-0.15711567322770167,69120.39925140385,-0.0006022121043915973
2022-08-24,0.0,172734.74397767516,-0.15711567322770167,69120.39925140385,0.0
2022-08-25,0.010235346747777152,174502.74397767516,-0.14848845987492057,71241.42233312562,-0.02045057382984017
2022-08-26,0.006257781253799166,175594.74397767516,-0.14315988692173226,72551.4660012479,-0.012131010339896164
2022-08-29,0.0,175594.74397767516,-0.14315988692173226,72551.4660012479,0.0
2022-08-30,-0.0020729549857498863,175230.74397767516,-0.14493607790612836,72114.78477854046,0.003945961609263082
2022-08-31,-0.006231783163228033,174138.74397767516,-0.1502646508593167,70804.74111041818,0.011934306802170003
2022-09-01,-0.0032847371408245563,173566.74397767516,-0.1530558081205106,70118.52776044936,0.006406892815122522
2022-09-02,0.010186283152418873,175334.74397767516,-0.14442859476772948,72239.55084217114,-0.020062827167865782
2022-09-05,-0.004745208970709958,174502.74397767516,-0.14848845987492057,71241.4223331256,0.009071716763314197
2022-09-06,0.0,174502.74397767516,-0.14848845987492057,71241.4223331256,0.0
2022-09-07,-0.013409531258140928,172162.74397767516,-0.15990683048889556,68434.18590143502,0.02599502215692029
2022-09-08,0.0006040795911890218,172266.74397767516,-0.15939934735049668,68558.9519650657,-0.0012190744653286512
2022-09-09,0.0003018574496695958,172318.74397767516,-0.15914560578129724,68621.33499688105,-0.0006080606577008041
2022-09-13,-0.00030176635924605844,172266.74397767516,-0.15939934735049668,68558.95196506572,0.000607324549844801
2022-09-14,0.0012074297986786053,172474.74397767516,-0.1583843810736989,68808.48409232711,-0.0024322426308027723
2022-09-15,0.005426881515598225,173410.74397767516,-0.1538170328281089,69931.37866500334,-0.010892248130820681
2022-09-16,-0.0071967859163366565,172162.74397767516,-0.15990683048889556,68434.18590143503,0.014212669926660704
2022-09-19,-0.00634283570748384,171070.74397767516,-0.1652354034420839,67124.14223331276,0.012800281885952836
2022-09-20,0.003647613761950108,171694.74397767516,-0.16219050461169057,67872.73861509693,-0.007504802594927362
2022-09-21,0.011205934179616905,173618.74397767516,-0.15280206655131112,70180.91079226474,-0.0228014187615595
2022-09-22,-0.003294575152977486,173046.74397767516,-0.155593223812505,69494.69744229593,0.006483202624800288
2022-09-23,-0.008413911562461074,171590.74397767516,-0.16269798775008945,67747.97255146621,0.016720738347772435
2022-09-26,-0.006060932984446432,170550.74397767516,-0.16777281913407832,66500.3119151593,0.01235527327706365
2022-09-27,0.0006896468010446632,170668.36375267516,-0.16719887632105168,68995.63318777314,-0.036833805356553784
2022-09-28,0.0,170668.36375267516,-0.16719887632105168,67436.05739238948,0.022603978300180794
2022-09-29,0.0,170668.36375267516,-0.16719887632105168,60885.8390517781,0.09713228492136916
2022-09-30,0.0,170668.36375267516,-0.16719887632105168,61509.66936993155,-0.010245901639344135
2022-10-10,0.0,170668.36375267516,-0.16719887632105168,61135.371179039474,0.006085192697768638
2022-10-11,0.0,170668.36375267516,-0.16719887632105168,61197.754210854815,-0.0010204081632652073
2022-10-12,0.0,170668.36375267516,-0.16719887632105168,62445.41484716174,-0.020387359836901098
2022-10-13,0.0,170668.36375267516,-0.16719887632105168,64566.43792888351,-0.033966033966033926
2022-10-14,0.0,170668.36375267516,-0.16719887632105168,65876.4815970058,-0.020289855072463947
2022-10-17,0.0,170668.36375267516,-0.16719887632105168,66126.01372426718,-0.0037878787878786735
2022-10-18,0.0,170668.36375267516,-0.16719887632105168,64254.52276980679,0.028301886792452713
2022-10-19,0.0,170668.36375267516,-0.16719887632105168,63194.0112289459,0.01650485436893201
2022-10-20,0.0,170668.36375267516,-0.16719887632105168,62320.64878353104,0.013820335636722691
2022-10-21,0.0,170668.36375267516,-0.16719887632105168,59326.263256394406,0.048048048048048075
2022-10-24,0.0,170668.36375267516,-0.16719887632105168,56706.17592014986,0.04416403785488954
2022-10-25,0.0,170668.36375267516,-0.16719887632105168,55832.813474735,0.015401540154015514
2022-10-26,0.0,170668.36375267516,-0.16719887632105168,56519.02682470382,-0.012290502793296243
2022-10-27,0.0,170668.36375267516,-0.16719887632105168,57018.09107922659,-0.008830022075055233
2022-10-28,0.0,170668.36375267516,-0.16719887632105168,54834.68496568946,0.038293216630197136
2022-10-31,0.0,170668.36375267516,-0.16719887632105168,56519.02682470382,-0.03071672354948829
2022-11-01,0.0,170668.36375267516,-0.16719887632105168,57454.77230193402,-0.01655629139072845
2022-11-02,0.0,170668.36375267516,-0.16719887632105168,58702.43293824094,-0.021715526601520097
2022-11-03,0.0,170668.36375267516,-0.16719887632105168,58951.96506550233,-0.004250797024442088
2022-11-04,0.0,170668.36375267516,-0.16719887632105168,59950.09357454788,-0.01693121693121702
2022-11-07,0.0,170668.36375267516,-0.16719887632105168,61260.137242670164,-0.021852237252861784
2022-11-08,0.0,170668.36375267516,-0.16719887632105168,62071.11665626967,-0.01323828920570258
2022-11-09,0.0,170668.36375267516,-0.16719887632105168,61509.669369931544,0.009045226130653283
2022-11-10,0.0,170668.36375267516,-0.16719887632105168,62944.47910168451,-0.023326572008113722
2022-11-11,0.0,170668.36375267516,-0.16719887632105168,62445.41484716174,0.007928642220019877
2022-11-14,0.0,170668.36375267516,-0.16719887632105168,62757.33000623849,-0.004995004995005159
2022-11-15,0.0,170668.36375267516,-0.16719887632105168,63568.309419837984,-0.012922465208747402
2022-11-16,0.0,170668.36375267516,-0.16719887632105168,64628.82096069888,-0.016683022571148287
2022-11-17,0.0033624500413071967,171242.22759942515,-0.1643986241483368,65751.71553337511,-0.014012067333210254
2022-11-18,0.00216652168802578,171613.22759942515,-0.16258827564501,66188.39675608254,-0.0044748445358830935
2022-11-21,-0.009265020081734687,170023.22759942518,-0.170346912087839,64316.90580162216,0.01901019198235565
2022-11-22,0.006546164401855625,171136.22759942515,-0.16491586657785876,65626.94946974442,-0.013822409797950241
2022-11-23,-0.0065035908270991705,170023.22759942518,-0.170346912087839,64316.90580162216,0.013458386359212482
2022-11-24,-0.007481330744978143,168751.22759942518,-0.17655382124210234,62819.71303805385,0.015797039769085863
2022-11-25,0.007223651154073973,169970.22759942518,-0.17060553330259998,64254.52276980682,-0.015616468011765194
2022-11-28,0.0028063738381534087,170447.22759942518,-0.16827794236975124,64815.970056144935,-0.005931490239516446
2022-11-29,0.0031094668271494097,170977.22759942518,-0.16569173022214154,65439.80037429839,-0.006515172248885204
2022-11-30,-0.005269707625104925,170076.22759942518,-0.17008829087307806,64379.28883343751,0.010936202765743475
2022-12-01,0.033655497189657435,175800.22759942518,-0.1421571996788931,71116.65626949491,-0.0709956656010402
2022-12-02,0.03587594900258595,182107.22759942518,-0.11138127512233745,78540.23705552114,-0.06851001590969474
2022-12-05,0.038125889298980864,189050.22759942518,-0.07750189598865014,86712.41422333152,-0.06592494469625354
2022-12-06,0.020745809459220776,192972.22759942518,-0.05836392609633822,91328.75857766716,-0.032491600612721605
2022-12-07,0.04147228904157507,200975.22759942515,-0.019312122667431614,100748.59638178445,-0.06166978746115692
2022-12-08,-0.04377653955210714,192177.22759942518,-0.06224324431775279,90393.01310043695,0.05900983815687111
2022-12-09,-0.03286380210804385,185861.55322192516,-0.09306149676197543,81721.77167810379,0.06306442425496517
2022-12-12,0.0,185861.55322192516,-0.09306149676197543,85901.43480973202,-0.05114503816793903
2022-12-13,0.0,185861.55322192516,-0.09306149676197543,79101.68434185926,0.07915758896151048
2022-12-14,0.0,185861.55322192516,-0.09306149676197543,79288.8334373053,-0.0023659305993690705
2022-12-15,0.0,185861.55322192516,-0.09306149676197543,87523.39363693101,-0.10385523210070802
2022-12-16,0.0,185861.55322192516,-0.09306149676197543,90143.48097317557,-0.029935851746258013
2022-12-19,0.0,185861.55322192516,-0.09306149676197543,86462.88209607013,0.04083044982698958
2022-12-20,0.0,185861.55322192516,-0.09306149676197543,84778.54023705577,0.01948051948051943
2022-12-21,0.0,185861.55322192516,-0.09306149676197543,93574.54772301963,-0.10375275938189854
2022-12-22,0.0,185861.55322192516,-0.09306149676197543,95570.80474111073,-0.021333333333333426
2022-12-23,0.0,185861.55322192516,-0.09306149676197543,97504.67872738646,-0.020234986945169675
2022-12-26,0.0,185861.55322192516,-0.09306149676197543,107548.34684965722,-0.10300703774792042
2022-12-27,-0.015912276884228138,182904.07272492518,-0.10749295334246635,104741.11041796663,0.010189811282825145
2022-12-28,0.007807371256011386,184332.07272492518,-0.10052481948060468,107361.19775421119,-0.017207518559354984
2022-12-29,-0.02877415699608088,179028.07272492518,-0.12640645953894797,97629.44479101713,0.06187081685633056
2022-12-30,-0.009015053759081848,177414.12502492516,-0.13428195226979103,102370.55520898347,-0.057577354078570675
2023-01-03,0.0,177414.12502492516,-0.13428195226979103,112913.28758577701,-0.10298598415600257
2023-01-04,0.0,177414.12502492516,-0.13428195226979103,108546.47535870274,0.038674033149171394
2023-01-05,0.0,177414.12502492516,-0.13428195226979103,105676.85589519682,0.02643678160919527
2023-01-06,0.0,177414.12502492516,-0.13428195226979103,101497.19276356862,0.039551357733175974
2023-01-09,0.0,177414.12502492516,-0.13428195226979103,102557.70430442951,-0.01044867854947773
2023-01-10,0.0,177414.12502492516,-0.13428195226979103,101684.34185901468,0.008515815085158196
2023-01-11,0.0,177414.12502492516,-0.13428195226979103,95945.1029320028,0.05644171779141105
2023-01-12,0.0,177414.12502492516,-0.13428195226979103,94946.97442295725,0.01040312093628093
2023-01-13,0.0,177414.12502492516,-0.13428195226979103,93262.6325639429,0.017739816031537514
2023-01-16,0.0,177414.12502492516,-0.13428195226979103,93387.3986275736,-0.0013377926421405117
2023-01-17,0.0,177414.12502492516,-0.13428195226979103,100187.14909544635,-0.07281229124916488
2023-01-18,0.0,177414.12502492516,-0.13428195226979103,96194.63505926418,0.03985056039850554
2023-01-19,0.0,177414.12502492516,-0.13428195226979103,97317.52963194043,-0.011673151750972721
2023-01-20,0.0,177414.12502492516,-0.13428195226979103,100499.06425452308,-0.032692307692307576
2023-01-30,0.0,177414.12502492516,-0.13428195226979103,103119.15159076764,-0.026070763500931182
2023-01-31,0.0,177414.12502492516,-0.13428195226979103,101809.10792264534,0.012704174228675202
2023-02-01,0.0,177414.12502492516,-0.13428195226979103,103056.76855895227,-0.01225490196078427
2023-02-02,0.0,177414.12502492516,-0.13428195226979103,99750.46787273891,0.03208232445520576
2023-02-03,0.0,177414.12502492516,-0.13428195226979103,100499.06425452307,-0.007504690431519689
2023-02-06,0.0,177414.12502492516,-0.13428195226979103,104242.04616344385,-0.03724394785847318
2023-02-07,0.0,177414.12502492516,-0.13428195226979103,109981.28509045573,-0.05505685218432066
2023-02-08,0.0,177414.12502492516,-0.13428195226979103,100810.97941359982,0.08338060124787283
2023-02-09,0.0,177414.12502492516,-0.13428195226979103,99812.85090455427,0.00990099009900991
2023-02-10,0.0,177414.12502492516,-0.13428195226979103,100810.97941359982,-0.010000000000000009
2023-02-13,0.0,177414.12502492516,-0.13428195226979103,102245.7891453528,-0.0142326732673268
2023-02-14,0.0,177414.12502492516,-0.13428195226979103,107236.43169058053,-0.04881025015253204
2023-02-15,0.0,177414.12502492516,-0.13428195226979103,118278.22832189682,-0.10296684118673638
2023-02-16,-0.01288104739224638,175128.84527242518,-0.1454333074709268,116032.43917654436,0.006106294379905508
2023-02-17,0.0011991171395742128,175338.84527242518,-0.14440858190300598,116469.12039925177,-0.0025643237206407488
2023-02-20,-0.009068155989790161,173748.84527242515,-0.1521672183458353,113162.81971303839,0.019319631905228674
2023-02-21,-0.00638853166626574,172638.84527242515,-0.1575836249191311,110854.64753587058,0.014008381233403533
2023-02-22,-0.007298473283991691,171378.84527242518,-0.16373197832665595,108234.56019962602,0.01633686717746008
2023-02-23,-0.002415774679435545,170964.83259742515,-0.1657522134386361,105302.55770430472,0.024673562496357104
2023-02-24,0.0,170964.83259742515,-0.1657522134386361,106799.75046787305,-0.014218009478673022
2023-02-27,0.0,170964.83259742515,-0.1657522134386361,103742.98190892107,0.028621495327102897
2023-02-28,0.0,170964.83259742515,-0.1657522134386361,106051.15408608888,-0.022248947684906817
2023-03-01,0.0,170964.83259742515,-0.1657522134386361,109981.2850904557,-0.03705882352941181
2023-03-02,0.0,170964.83259742515,-0.1657522134386361,117592.01497192797,-0.06920022688598992
2023-03-03,0.0,170964.83259742515,-0.1657522134386361,115096.6936993141,0.021220159151193796
2023-03-06,0.0,170964.83259742515,-0.1657522134386361,111977.54210854678,0.027100271002710064
2023-03-07,0.0,170964.83259742515,-0.1657522134386361,112975.67061759233,-0.008913649025069637
2023-03-08,0.0,170964.83259742515,-0.1657522134386361,115283.84279476016,-0.02043070127001667
2023-03-09,0.0,170964.83259742515,-0.1657522134386361,109295.07174048689,0.051948051948051965
2023-03-10,0.0,170964.83259742515,-0.1657522134386361,107548.34684965719,0.01598173515981738
2023-03-13,0.0,170964.83259742515,-0.1657522134386361,112351.8402994389,-0.04466357308584712
2023-03-14,0.0,170964.83259742515,-0.1657522134386361,110293.20024953247,0.018323153803442627
2023-03-15,0.0,170964.83259742515,-0.1657522134386361,111915.15907673149,-0.014705882352941346
2023-03-16,0.0,170964.83259742515,-0.1657522134386361,106487.83530879633,0.04849498327759205
2023-03-17,0.0,170964.83259742515,-0.1657522134386361,108546.47535870277,-0.019332161687170446
2023-03-20,0.0,170964.83259742515,-0.1657522134386361,109107.9226450409,-0.005172413793103514
2023-03-21,0.0,170964.83259742515,-0.1657522134386361,106986.89956331912,0.019439679817038313
2023-03-22,0.0,170964.83259742515,-0.1657522134386361,110355.58328134785,-0.03148688046647252
2023-03-23,0.0,170964.83259742515,-0.1657522134386361,107797.87897691864,0.02317693612210292
2023-03-24,0.0,170964.83259742515,-0.1657522134386361,112850.9045539617,-0.046875
2023-03-27,0.0,170964.83259742515,-0.1657522134386361,116968.18465377456,-0.036484245439469376
2023-03-28,0.0,170964.83259742515,-0.1657522134386361,115096.69369931417,0.016000000000000014
2023-03-29,0.0,170964.83259742515,-0.1657522134386361,123144.10480349384,-0.06991869918699178
2023-03-30,0.0,170964.83259742515,-0.1657522134386361,115658.14098565228,0.06079027355623101
2023-03-31,0.0,170964.83259742515,-0.1657522134386361,114971.92763568347,0.0059331175836030425
2023-04-03,0.0,170964.83259742515,-0.1657522134386361,126762.32064878396,-0.10255018990775921
2023-04-04,0.02237406057365754,174790.01011792515,-0.14708670292867249,137991.2663755463,-0.06620861659169686
2023-04-06,-0.0021625949889526597,174412.01011792515,-0.14893120895092998,137117.9039301315,0.004166518935098007
2023-04-07,0.0018576702360171282,174736.01011792515,-0.147350203788995,137866.50031191562,-0.003601838408204827
2023-04-10,-0.013906692720979774,172306.01011792515,-0.15920774250350747,132252.02744853444,0.026817289179472792
2023-04-11,0.0340034569658374,178165.01011792515,-0.13061789915851627,145789.1453524646,-0.06835503360020034
2023-04-12,0.01545758057756208,180919.01011792515,-0.11717935528206878,152152.21459762994,-0.028188119037328763
2023-04-13,0.00044771414539135357,181000.01011792515,-0.11678410399158504,152339.36369307598,-0.000782298154731631
2023-04-14,-0.019093921584580786,177544.01011792515,-0.13364815905222502,144354.33562071162,0.03332213083147162
2023-04-17,-0.012470147534289988,175330.01011792515,-0.1444516943254475,139238.92701185323,0.022966326104430834
2023-04-18,0.0028240675165476237,175825.15390417515,-0.1420355681465546,136993.13786650077,0.018953099774612125
2023-04-19,0.0,175825.15390417515,-0.1420355681465546,135745.47723019382,0.00910746812386154
2023-04-20,0.0,175825.15390417515,-0.1420355681465546,145227.6980661265,-0.06985294117647056
2023-04-21,0.0,175825.15390417515,-0.1420355681465546,130692.45165315078,0.10008591065292105
2023-04-24,0.0,175825.15390417515,-0.1420355681465546,130068.62133499733,0.004773269689737347
2023-04-25,0.0,175825.15390417515,-0.1420355681465546,134310.66749844086,-0.03261390887290161
2023-04-26,0.0,175825.15390417515,-0.1420355681465546,125327.51091703099,0.06688341848583379
2023-04-27,0.0,175825.15390417515,-0.1420355681465546,120773.5495945107,0.03633648581383775
2023-04-28,0.0,175825.15390417515,-0.1420355681465546,125514.66001247705,-0.039256198347107585
2023-05-04,0.0,175825.15390417515,-0.1420355681465546,135121.6469120404,-0.07654075546719685
2023-05-05,0.0,175825.15390417515,-0.1420355681465546,125327.51091703103,0.0724838411819021
2023-05-08,0.0,175825.15390417515,-0.1420355681465546,128384.27947598301,-0.024390243902439046
2023-05-09,0.0,175825.15390417515,-0.1420355681465546,130879.6007485969,-0.019436345966958424
2023-05-10,0.0,175825.15390417515,-0.1420355681465546,137180.28696194687,-0.048141086749284856
2023-05-11,0.0,175825.15390417515,-0.1420355681465546,141671.86525265183,-0.03274215552523896
2023-05-12,0.0,175825.15390417515,-0.1420355681465546,129132.87585776718,0.08850726552179666
2023-05-15,0.0,175825.15390417515,-0.1420355681465546,123955.08421709345,0.04009661835748779
2023-05-16,0.0,175825.15390417515,-0.1420355681465546,114098.56519026868,0.07951685958731769
2023-05-17,0.0,175825.15390417515,-0.1420355681465546,114285.71428571474,-0.0016402405686168908
2023-05-18,0.0,175825.15390417515,-0.1420355681465546,116406.73736743652,-0.018558951965065518
2023-05-19,0.0,175825.15390417515,-0.1420355681465546,114160.94822208404,0.019292604501607635
2023-05-22,0.0,175825.15390417515,-0.1420355681465546,117529.63194011274,-0.02950819672131133
2023-05-23,0.0,175825.15390417515,-0.1420355681465546,112227.0742358083,0.04511677282377924
2023-05-24,0.0,175825.15390417515,-0.1420355681465546,113786.65003119195,-0.013896609227348478
2023-05-25,0.0,175825.15390417515,-0.1420355681465546,109544.6038677484,0.037280701754385914
2023-05-26,0.0,175825.15390417515,-0.1420355681465546,111416.0948222088,-0.017084282460136713
2023-05-29,0.0,175825.15390417515,-0.1420355681465546,110667.49844042462,0.006718924972004547
2023-05-30,0.0,175825.15390417515,-0.1420355681465546,114472.86338116079,-0.03438556933483672
2023-05-31,0.0,175825.15390417515,-0.1420355681465546,116905.80162195927,-0.021253405994550167
2023-06-01,0.0,175825.15390417515,-0.1420355681465546,118902.05864005037,-0.01707577374599789
2023-06-02,0.0,175825.15390417515,-0.1420355681465546,116781.0355583286,0.017838405036726068
2023-06-05,0.0,175825.15390417515,-0.1420355681465546,128758.57766687514,-0.10256410256410264
2023-06-06,0.0,175825.15390417515,-0.1420355681465546,136743.6057392395,-0.0620155038759691
2023-06-07,0.0,175825.15390417515,-0.1420355681465546,150717.4048658771,-0.10218978102189769
2023-06-08,-0.00795429588469021,174426.58860605015,-0.14886007109605703,152027.44853399936,-0.016646348864822635
2023-06-09,0.03270143643571877,180130.58860605015,-0.12102657281310264,167498.44042420524,-0.06906302806982079
2023-06-12,-0.014173050894667694,177577.58860605015,-0.13348430793168303,160573.92389270177,0.027167731228237457
2023-06-13,0.033804941530755084,183580.58860605015,-0.10419179562583183,176855.89519650722,-0.06759365986784638
2023-06-14,0.0360822462238346,190204.58860605015,-0.07186902342627188,194822.20835932696,-0.06550505536346685
2023-06-15,0.032165364909631844,196322.58860605015,-0.04201535188084498,211416.09482220915,-0.05300914677784818
2023-06-16,0.01171541194689163,198622.58860605015,-0.03079216708933111,217654.3980037438,-0.017791817324279702
2023-06-19,0.005210887680317411,199657.58860605018,-0.025741733933149727,220461.63443543442,-0.007686790737567506
2023-06-20,-0.012902089111587967,197081.58860605015,-0.038311700899645404,213474.7348721156,0.018790044448117826
2023-06-21,-0.015521490473240918,194022.58860605015,-0.05323853667235885,205177.79164067452,0.023344669667027862
2023-06-26,-0.02370857967130824,189422.58860605015,-0.0756849062553866,192701.1852776052,0.037100176789622186
2023-06-27,0.0036335973051844217,190110.87401355017,-0.07232631742161479,193636.9307548354,-0.0012223431286129127
2023-06-28,0.0,190110.87401355017,-0.07232631742161479,178852.1522145983,0.0763530927835051
2023-06-29,0.0,190110.87401355017,-0.07232631742161479,178976.918278229,-0.0006975933031043713
2023-06-30,0.0,190110.87401355017,-0.07232631742161479,179288.8334373057,-0.0017427675148133925
2023-07-03,0.0,190110.87401355017,-0.07232631742161479,173674.36057392452,0.03131524008350728
2023-07-04,0.0,190110.87401355017,-0.07232631742161479,175296.31940112356,-0.009339080459770166
2023-07-05,0.0,190110.87401355017,-0.07232631742161479,171179.0393013107,0.023487544483985823
2023-07-06,0.0,190110.87401355017,-0.07232631742161479,166188.39675608298,0.029154518950437303
2023-07-07,0.0,190110.87401355017,-0.07232631742161479,159950.09357454831,0.037537537537537524
2023-07-10,0.0,190110.87401355017,-0.07232631742161479,157579.53836556515,0.014820592823712953
2023-07-11,0.0,190110.87401355017,-0.07232631742161479,156830.941983781,0.004750593824228044
2023-07-12,0.0,190110.87401355017,-0.07232631742161479,172800.99812850967,-0.10182975338106592
2023-07-13,0.0,190110.87401355017,-0.07232631742161479,190393.0131004374,-0.10180505415162466
2023-07-14,0.0,190110.87401355017,-0.07232631742161479,209731.7529631948,-0.10157273918741794
2023-07-17,0.0,190110.87401355017,-0.07232631742161479,213599.5009357463,-0.018441403926234612
2023-07-18,0.0,190110.87401355017,-0.07232631742161479,201122.89457267703,0.05841121495327106
2023-07-19,0.0,190110.87401355017,-0.07232631742161479,196444.16718652603,0.02326302729528551
2023-07-20,0.0,190110.87401355017,-0.07232631742161479,199376.1696818473,-0.014925373134328401
2023-07-21,0.0,190110.87401355017,-0.07232631742161479,179226.45040549038,0.10106382978723405
2023-07-24,0.0,190110.87401355017,-0.07232631742161479,187461.0106051161,-0.045945005221023294
2023-07-25,0.0,190110.87401355017,-0.07232631742161479,187149.09544603937,0.0016638935108153063
2023-07-26,0.0,190110.87401355017,-0.07232631742161479,176481.59700561513,0.05700000000000005
2023-07-27,0.0,190110.87401355017,-0.07232631742161479,184965.68933250225,-0.04807352421350308
2023-07-28,0.0,190110.87401355017,-0.07232631742161479,178540.23705552157,0.034738617200674504
2023-07-31,0.0,190110.87401355017,-0.07232631742161479,178976.91827822902,-0.002445842068483639
2023-08-01,0.0,190110.87401355017,-0.07232631742161479,181597.00561447354,-0.01463924712443343
2023-08-02,0.0,190110.87401355017,-0.07232631742161479,199937.6169681854,-0.10099622122981788
2023-08-03,0.0,190110.87401355017,-0.07232631742161479,195945.1029320032,0.019968798751950012
2023-08-04,0.0,190110.87401355017,-0.07232631742161479,204616.34435433632,-0.04425342247691799
2023-08-07,0.0,190110.87401355017,-0.07232631742161479,202682.47036806063,0.009451219512194964
2023-08-08,0.0,190110.87401355017,-0.07232631742161479,201871.4909544611,0.004001231148045625
2023-08-09,0.0,190110.87401355017,-0.07232631742161479,189831.56581409922,0.059641532756489535
2023-08-10,0.0,190110.87401355017,-0.07232631742161479,184653.77417342548,0.02727571475517576
2023-08-11,0.0,190110.87401355017,-0.07232631742161479,180661.2601372433,0.021621621621621623
2023-08-14,0.0,190110.87401355017,-0.07232631742161479,198939.48845913983,-0.10117403314917128
2023-08-15,0.0,190110.87401355017,-0.07232631742161479,200623.83031815413,-0.008466603951081675
2023-08-16,0.0,190110.87401355017,-0.07232631742161479,200623.83031815413,0.0
2023-08-17,0.0,190110.87401355017,-0.07232631742161479,208983.15658141056,-0.04166666666666674
2023-08-18,0.0,190110.87401355017,-0.07232631742161479,211478.47785402442,-0.011940298507462588
2023-08-21,0.0,190110.87401355017,-0.07232631742161479,205053.0255770437,0.030383480825958764
2023-08-22,0.0,190110.87401355017,-0.07232631742161479,225764.19213973873,-0.10100395497414061
2023-08-23,0.00562099451462128,191179.4861935502,-0.06711186874048314,233749.22021210307,-0.029747891918094904
2023-08-24,-0.018673551598447857,187609.4861935502,-0.08453220339513728,220648.78353088032,0.03737128427024716
2023-08-25,-0.007883396676829912,186130.4861935502,-0.09174919918063686,215221.4597629452,0.016713719523339665
2023-08-28,0.011142720584973453,188204.4861935502,-0.08162881428602826,222832.18964441743,-0.024219598255606156
2023-08-29,0.020684947945377008,192097.4861935502,-0.06263235411500065,237117.90393013175,-0.043424794495832364
2023-08-30,0.03389424884737835,198608.4861935502,-0.030860981863893338,261010.60511540947,-0.06686870826917013
2023-08-31,-0.005478114358818065,197520.4861935502,-0.036170036234835556,257018.09107922734,0.009818252753992618
2023-09-01,-0.01394285753884461,194766.4861935502,-0.04960858011128303,246912.03992514117,0.025377530810670068
2023-09-04,-8.728401036672828e-05,194749.4861935502,-0.049691534085829006,246849.65689332582,0.00016536884461049173
2023-09-05,-0.02688582189529498,189513.4861935502,-0.0752413582459884,227635.68309419914,0.050950923113550095
2023-09-06,-0.004203567149761667,188716.8535285502,-0.07912864329392376,233125.38989394958,-0.028319763367903428
2023-09-07,0.0,188716.8535285502,-0.07912864329392376,235308.7960074867,-0.009365801445009314
2023-09-08,0.0,188716.8535285502,-0.07912864329392376,236556.45664379364,-0.005302226935312904
2023-09-11,0.0,188716.8535285502,-0.07912864329392376,233749.22021210307,0.011867088607595
2023-09-12,0.0,188716.8535285502,-0.07912864329392376,220087.3362445422,0.05844675740592464
2023-09-13,0.0,188716.8535285502,-0.07912864329392376,222208.35932626395,-0.009637188208616587
2023-09-14,0.0,188716.8535285502,-0.07912864329392376,210729.8814722402,0.05165637282425595
2023-09-15,0.0,188716.8535285502,-0.07912864329392376,211915.15907673183,-0.005624629958555394
2023-09-18,0.0,188716.8535285502,-0.07912864329392376,223268.87086712488,-0.05357668531056814
2023-09-19,0.0,188716.8535285502,-0.07912864329392376,219401.1228945734,0.01732327465772554
2023-09-20,0.0,188716.8535285502,-0.07912864329392376,213474.73487211546,0.027011657662780908
2023-09-21,0.0,188716.8535285502,-0.07912864329392376,204928.25951341304,0.04003506721215655
2023-09-22,0.0,188716.8535285502,-0.07912864329392376,212663.755458516,-0.037747336377473406
2023-09-25,0.0,188716.8535285502,-0.07912864329392376,220149.71927635756,-0.03520093869169827
2023-09-26,0.0,188716.8535285502,-0.07912864329392376,237866.500311916,-0.08047605553981318
2023-09-27,0.0,188716.8535285502,-0.07912864329392376,234373.0505302566,0.014686598478888091
2023-09-28,0.0,188716.8535285502,-0.07912864329392376,237305.0530255779,-0.012509981368112877
2023-10-09,0.0,188716.8535285502,-0.07912864329392376,234185.90143481057,0.013144058885383836
2023-10-10,0.0,188716.8535285502,-0.07912864329392376,229569.55708047491,0.019712306872669227
2023-10-11,0.0,188716.8535285502,-0.07912864329392376,229382.4079850289,0.0008152173913041905
2023-10-12,0.0,188716.8535285502,-0.07912864329392376,224516.53150343188,0.021212945335871702
2023-10-13,0.0,188716.8535285502,-0.07912864329392376,218028.69619463588,0.028896915809947132
2023-10-16,0.0,188716.8535285502,-0.07912864329392376,228883.3437305061,-0.049785407725321695
2023-10-17,0.0,188716.8535285502,-0.07912864329392376,232688.70867124223,-0.016625783592259413
2023-10-18,0.0,188716.8535285502,-0.07912864329392376,221272.61384903383,0.049061662198391365
2023-10-19,0.0,188716.8535285502,-0.07912864329392376,219650.65502183486,0.007330138144911125
2023-10-20,0.0,188716.8535285502,-0.07912864329392376,202620.08733624523,0.07753479125248519
2023-10-23,0.0,188716.8535285502,-0.07912864329392376,190517.77916406805,0.05972906403940881
2023-10-24,0.0,188716.8535285502,-0.07912864329392376,202744.85339987595,-0.0641781270464965
2023-10-25,0.0,188716.8535285502,-0.07912864329392376,200561.4472863388,0.010769230769230864
2023-10-26,0.0,188716.8535285502,-0.07912864329392376,195882.71990018783,0.023328149300155476
2023-10-27,0.0,188716.8535285502,-0.07912864329392376,197567.0617592022,-0.008598726114649846
2023-10-30,0.0,188716.8535285502,-0.07912864329392376,199376.16968184724,-0.009156930849384182
2023-10-31,0.0,188716.8535285502,-0.07912864329392376,200249.53212726212,-0.004380475594493172
2023-11-01,0.0,188716.8535285502,-0.07912864329392376,203056.7685589527,-0.014018691588784993
2023-11-02,0.0,188716.8535285502,-0.07912864329392376,207485.9638178423,-0.02181259600614438
2023-11-03,0.0,188716.8535285502,-0.07912864329392376,202183.4061135378,0.025556223692122737
2023-11-06,0.0,188716.8535285502,-0.07912864329392376,207735.49594510364,-0.027460660290034022
2023-11-07,0.0,188716.8535285502,-0.07912864329392376,205739.23892701257,0.00960960960960966
2023-11-08,0.0,188716.8535285502,-0.07912864329392376,205177.79164067446,0.002728926622195149
2023-11-09,0.0,188716.8535285502,-0.07912864329392376,200623.83031815413,0.022195196108239723
2023-11-10,0.0,188716.8535285502,-0.07912864329392376,194572.67623206557,0.030161691542288427
2023-11-13,0.0,188716.8535285502,-0.07912864329392376,204429.19525889028,-0.05065726194293041
2023-11-14,0.0,188716.8535285502,-0.07912864329392376,206238.3031815353,-0.008849557522123908
2023-11-15,0.0,188716.8535285502,-0.07912864329392376,206550.21834061205,-0.0015124016938898865
2023-11-16,0.0,188716.8535285502,-0.07912864329392376,209606.98689956407,-0.014799154334038223
2023-11-17,0.0,188716.8535285502,-0.07912864329392376,205364.94073612054,0.020238095238095277
2023-11-20,0.0,188716.8535285502,-0.07912864329392376,205552.08983156655,-0.0009113001215066419
2023-11-21,0.0,188716.8535285502,-0.07912864329392376,203431.06674984476,0.010318664643399145
2023-11-22,0.0,188716.8535285502,-0.07912864329392376,206550.2183406121,-0.015332720024532343
2023-11-23,0.0,188716.8535285502,-0.07912864329392376,199937.61696818535,0.03201449713077631
2023-11-24,0.0,188716.8535285502,-0.07912864329392376,202245.7891453532,-0.011544461778471238
2023-11-27,0.0,188716.8535285502,-0.07912864329392376,205053.02557704374,-0.013880320789635858
2023-11-28,0.0,188716.8535285502,-0.07912864329392376,218465.37741734323,-0.06540918770915738
2023-11-29,-0.0004656195822313469,188628.9832660502,-0.0795574190303221,215159.07673112987,0.014668589441183877
2023-11-30,-0.007920309880973031,187134.9832660502,-0.08684760949924458,209981.28509045605,0.016144636480291297
2023-12-01,0.00567504793312823,188196.9832660502,-0.08166542591290209,213661.88396756153,-0.011853175477448241
2023-12-04,0.0012433780602594258,188430.9832660502,-0.0805235888515046,214472.86338116106,-0.0025522423776969116
2023-12-05,-0.015952790501314484,185424.9832660502,-0.09519180340945707,204054.89706799816,0.032621962261920046
2023-12-06,-0.004271269092491314,184632.9832660502,-0.09905648269418707,201310.0436681229,0.009180274777884634
2023-12-07,0.01052899631264026,186576.9832660502,-0.08957045172257708,208047.4111041803,-0.02293862066907648
2023-12-08,-0.005499070582232424,185550.9832660502,-0.09457696806870457,204491.5782907055,0.011592383690631203
2023-12-11,0.003589310001365309,186216.9832660502,-0.09132712412472707,206799.75046787332,-0.007698060346407631
2023-12-12,0.0034798115007275143,186864.9832660502,-0.08816511380085708,209045.53961322576,-0.007379917006059777
2023-12-13,-0.005297942839245007,185874.9832660502,-0.09299596290676958,205614.47286338176,0.011115068202235068
2023-12-14,-0.0024209820605922694,185424.9832660502,-0.09519180340945707,204054.8970679981,0.005163969395718393
2023-12-15,-0.00553323496072744,184398.9832660502,-0.10019831975558456,200499.06425452337,0.011892628689532447
2023-12-18,0.0038758940048972956,185113.69417980022,-0.0967107838175288,200873.3624454155,0.0020090613975543015
2023-12-19,0.0,185113.69417980022,-0.0967107838175288,199189.0205864011,0.008385093167701974
2023-12-20,0.0,185113.69417980022,-0.0967107838175288,180162.19588272044,0.09552145317882876
2023-12-21,0.0,185113.69417980022,-0.0967107838175288,176044.91578290757,0.022853185595567926
2023-12-22,0.0,185113.69417980022,-0.0967107838175288,167124.14223331303,0.05067328136073701
2023-12-25,0.0,185113.69417980022,-0.0967107838175288,168059.88771054326,-0.005599104143337197
2023-12-26,0.0,185113.69417980022,-0.0967107838175288,162133.4996880853,0.03526354862657766
2023-12-27,0.0,185113.69417980022,-0.0967107838175288,162944.47910168485,-0.005001923816852827
2023-12-28,0.0,185113.69417980022,-0.0967107838175288,166313.16281971356,-0.020673813169984623
2023-12-29,0.0,185113.69417980022,-0.0967107838175288,172676.2320648789,-0.03825956489122273
2024-01-02,0.0,185113.69417980022,-0.0967107838175288,170617.59201497247,0.011921965317919003
2024-01-03,0.0,185113.69417980022,-0.0967107838175288,167935.12164691256,0.015722120658135275
2024-01-04,0.0,185113.69417980022,-0.0967107838175288,166500.3119151596,0.008543833580980653
2024-01-05,0.0,185113.69417980022,-0.0967107838175288,163817.84154709973,0.016110902959910023
2024-01-08,0.0,185113.69417980022,-0.0967107838175288,159014.34809731803,0.029322162985529476
2024-01-09,0.0,185113.69417980022,-0.0967107838175288,158390.51777916457,0.003923107100823775
2024-01-10,0.0,185113.69417980022,-0.0967107838175288,151154.0860885844,0.04568727845608511
2024-01-11,0.0,185113.69417980022,-0.0967107838175288,155645.66437928932,-0.029715229054890546
2024-01-12,0.0,185113.69417980022,-0.0967107838175288,151590.7673112918,0.02605210420841675
2024-01-15,0.0,185113.69417980022,-0.0967107838175288,150842.1709295076,0.004938271604938316
2024-01-16,0.0,185113.69417980022,-0.0967107838175288,149344.97816593933,0.00992555831265507
2024-01-17,0.0,185113.69417980022,-0.0967107838175288,145414.84716157248,0.026315789473684292
2024-01-18,0.0,185113.69417980022,-0.0967107838175288,146412.97567061803,-0.0068640068640069
2024-01-19,0.0,185113.69417980022,-0.0967107838175288,147223.95508421757,-0.005538985939497421
2024-01-22,0.0,185113.69417980022,-0.0967107838175288,138802.2457891458,0.057203389830508544
2024-01-23,0.0,185113.69417980022,-0.0967107838175288,142732.3767935126,-0.028314606741572934
2024-01-24,0.0,185113.69417980022,-0.0967107838175288,143668.1222707428,-0.006555944055944174
2024-01-25,0.0,185113.69417980022,-0.0967107838175288,154086.08858390566,-0.07251411202778968
2024-01-26,0.0,185113.69417980022,-0.0967107838175288,151091.703056769,0.019433198380566785
2024-01-29,0.0,185113.69417980022,-0.0967107838175288,145664.3792888339,0.03592072667217161
2024-01-30,0.0,185113.69417980022,-0.0967107838175288,141110.41796631363,0.031263383297644554
2024-01-31,0.0,185113.69417980022,-0.0967107838175288,132875.8577666879,0.05835543766578255
2024-02-01,0.0,185113.69417980022,-0.0967107838175288,131503.43106675026,0.010328638497652642
2024-02-02,0.0,185113.69417980022,-0.0967107838175288,126013.72426699976,0.04174573055028463
2024-02-05,0.0,185113.69417980022,-0.0967107838175288,117280.09981285127,0.06930693069306926
2024-02-06,0.0,185113.69417980022,-0.0967107838175288,123206.48783530919,-0.05053191489361697
2024-02-07,0.0,185113.69417980022,-0.0967107838175288,130754.83468496612,-0.06126582278481019
2024-02-08,0.0,185113.69417980022,-0.0967107838175288,133686.8371802874,-0.022423664122137366
2024-02-19,0.0,185113.69417980022,-0.0967107838175288,143543.35620711217,-0.07372841810545983
2024-02-20,0.0,185113.69417980022,-0.0967107838175288,158078.60262008788,-0.10126032159930465
2024-02-21,0.003419665612421685,185746.72111417522,-0.09362183674687832,150280.72364316956,0.052748789527180984
2024-02-22,0.008883063938371016,187396.72111417522,-0.0855704215703575,154398.00374298246,-0.018514196335601696
2024-02-23,0.01320727484069506,189871.72111417522,-0.07349329880557627,160573.92389270177,-0.026792725159304975
2024-02-26,-0.01132343451349005,187721.72111417522,-0.08398453676286098,155208.983156582,0.022087598897543304
2024-02-27,0.009721837138335188,189546.72111417522,-0.0750791836130728,159762.94447910227,-0.01961899887452656
2024-02-28,-0.01516776435435263,186671.72111417522,-0.08910816460246514,152588.89582033743,0.02973656989008311
2024-02-29,0.023838640225951613,191121.72111417522,-0.06739374185366656,163693.0754834691,-0.04893323221885604
2024-03-01,0.034663773229847816,197746.72111417522,-0.035066090008545076,180224.5789145359,-0.06632708042868884
2024-03-04,-0.004551276475933896,196846.72111417522,-0.03945777101392007,177978.7897691834,0.007909782714097258
2024-03-05,-0.004318080561306337,195996.72111417522,-0.04360546974121868,175857.76668746164,0.007599199494774944
2024-03-06,-0.010714464956669723,193896.72111417522,-0.053852725420426996,170617.59201497253,0.019083335681854607
2024-03-07,0.0063177963658223035,195121.72111417522,-0.04787515960755547,173674.36057392447,-0.011598108570192167
2024-03-08,-0.0006406257554834038,194996.72111417522,-0.04848511530274645,173362.44541484772,0.0011553512560108503
2024-03-11,-0.001410280123833374,194721.72111417522,-0.04982701783216658,172676.23206487892,0.002547978242485427
2024-03-12,0.010399456149078778,196746.72111417522,-0.039945735570072846,177729.25764192195,-0.018863549631267906
2024-03-13,-0.0015248030478023367,196446.72111417522,-0.04140962923853118,176980.66126013783,0.0026872011642017357
2024-03-14,-0.012598835887729143,193971.72111417522,-0.05348675200331241,170804.74111041852,0.02229718103155187
2024-03-15,0.002191041031954555,194396.72111417522,-0.05141290263966311,171865.25265127944,-0.0040178705823625815
2024-03-18,0.019676257799396968,198221.72111417522,-0.03274825836681939,181409.8565190274,-0.03585913240023997
2024-03-19,-0.00731504091403179,196771.72111417522,-0.039823744431034654,177791.6406737373,0.012629938453230904
2024-03-20,0.013975585436915239,199521.72111417522,-0.026404719136833284,184653.77417342545,-0.024620905791155057
2024-03-21,-0.0038842888667570685,198746.72111417522,-0.03018644444701731,182719.90018714973,0.006588684106215936
2024-03-22,0.019245600523908113,202571.72111417522,-0.011521800174173586,192264.50405489776,-0.032990657584661465
2024-03-25,-0.02172070205949439,198171.72111417522,-0.032992240644895775,181285.09045539677,0.035385073410979406
2024-03-26,-0.024726030396521104,193271.72111417522,-0.05690250389638185,169058.01621958887,0.04272063168193718
2024-03-27,-0.0018608273907154693,192912.07580167524,-0.05865744554924666,158577.66687461067,0.06013179253548373
2024-03-28,0.0,192912.07580167524,-0.05865744554924666,164504.0548970686,-0.03737214791502752
2024-03-29,0.0,192912.07580167524,-0.05865744554924666,162757.33000623886,0.01061812665908235
2024-04-01,0.0,192912.07580167524,-0.05865744554924666,165564.56643792946,-0.017247987734764214
2024-04-02,0.0,192912.07580167524,-0.05865744554924666,161509.66936993194,0.024491333835719664
2024-04-03,0.0,192912.07580167524,-0.05865744554924666,155208.98315658193,0.03901120123599855
2024-04-08,0.0,192912.07580167524,-0.05865744554924666,150717.404865877,0.02893890675241151
2024-04-09,0.0,192912.07580167524,-0.05865744554924666,151590.76731129186,-0.005794701986755024
2024-04-10,0.0,192912.07580167524,-0.05865744554924666,144291.95258889633,0.04814814814814816
2024-04-11,0.0,192912.07580167524,-0.05865744554924666,152464.1297567067,-0.056636402939904906
2024-04-12,0.0,192912.07580167524,-0.05865744554924666,147972.55146600175,0.029459901800327426
2024-04-15,0.0,192912.07580167524,-0.05865744554924666,147660.63630692504,0.002107925801011712
2024-04-16,0.0,192912.07580167524,-0.05865744554924666,141110.41796631366,0.04435994930291509
2024-04-17,0.0,192912.07580167524,-0.05865744554924666,147723.01933874036,-0.046861184792219124
2024-04-18,0.0,192912.07580167524,-0.05865744554924666,151528.38427947648,-0.025760135135135087
2024-04-19,0.0,192912.07580167524,-0.05865744554924666,152339.363693076,-0.005351996706463691
2024-04-22,0.0,192912.07580167524,-0.05865744554924666,147910.1684341864,0.02907452907452912
2024-04-23,0.0,192912.07580167524,-0.05865744554924666,150343.1066749849,-0.016448755799240766
2024-04-24,0.0,192912.07580167524,-0.05865744554924666,153462.25826575223,-0.020746887966804906
2024-04-25,0.0,192912.07580167524,-0.05865744554924666,150280.72364316956,0.02073170731707319
2024-04-26,0.0,192912.07580167524,-0.05865744554924666,150966.9369931384,-0.004566210045662045
2024-04-29,0.0,192912.07580167524,-0.05865744554924666,156331.87772925818,-0.035537190082644665
2024-04-30,0.0,192912.07580167524,-0.05865744554924666,153399.8752339369,0.01875498802873099
2024-05-06,0.0,192912.07580167524,-0.05865744554924666,154210.8546475364,-0.005286701911346059
2024-05-07,0.0,192912.07580167524,-0.05865744554924666,154210.8546475364,0.0
2024-05-08,0.0,192912.07580167524,-0.05865744554924666,147286.33811603297,0.04490291262135915
2024-05-09,0.0,192912.07580167524,-0.05865744554924666,149220.21210230872,-0.013130029648454222
2024-05-10,0.0,192912.07580167524,-0.05865744554924666,147099.18902058693,0.014214046822742632
2024-05-13,0.0,192912.07580167524,-0.05865744554924666,143792.8883343736,0.02247667514843077
2024-05-14,0.0,192912.07580167524,-0.05865744554924666,144354.3356207117,-0.0039045553145335976
2024-05-15,0.0,192912.07580167524,-0.05865744554924666,141297.56706175974,0.021175453759723517
2024-05-16,0.0,192912.07580167524,-0.05865744554924666,140985.65190268302,0.002207505518763697
2024-05-17,0.0,192912.07580167524,-0.05865744554924666,141734.24828446718,-0.005309734513274211
2024-05-20,0.0,192912.07580167524,-0.05865744554924666,146225.8265751721,-0.03169014084507049
2024-05-21,0.0,192912.07580167524,-0.05865744554924666,145352.46412975725,0.005972696245733822
2024-05-22,0.0,192912.07580167524,-0.05865744554924666,144915.78290704984,0.0030042918454935563
2024-05-23,0.0,192912.07580167524,-0.05865744554924666,140611.35371179093,0.02970297029702973
2024-05-24,0.0,192912.07580167524,-0.05865744554924666,136182.15845290135,0.031499556344276924
2024-05-27,0.0,192912.07580167524,-0.05865744554924666,137866.5003119157,-0.012368300503893925
2024-05-28,0.0,192912.07580167524,-0.05865744554924666,134185.90143481028,0.026696832579185537
2024-05-29,0.0,192912.07580167524,-0.05865744554924666,133562.07111665682,0.004649000464900133
2024-05-30,0.0,192912.07580167524,-0.05865744554924666,133312.53898939543,0.0018682858477346853
2024-05-31,0.0,192912.07580167524,-0.05865744554924666,134872.11478477909,-0.01169864295741685
2024-06-03,0.0,192912.07580167524,-0.05865744554924666,135495.94510293257,-0.0046253469010175685
2024-06-04,0.0,192912.07580167524,-0.05865744554924666,135059.26388022516,0.0032228360957642366
2024-06-05,0.0,192912.07580167524,-0.05865744554924666,132439.1765439806,0.019399538106235514
2024-06-06,0.0,192912.07580167524,-0.05865744554924666,129320.02495321329,0.023551577955723046
2024-06-07,0.0,192912.07580167524,-0.05865744554924666,130131.00436681278,-0.006271104679208772
2024-06-11,0.0,192912.07580167524,-0.05865744554924666,130318.15346225881,-0.0014381591562799834
2024-06-12,0.0,192912.07580167524,-0.05865744554924666,133125.3898939494,-0.021541407371948207
2024-06-13,0.0,192912.07580167524,-0.05865744554924666,131940.11228945781,0.008903467666354303
2024-06-14,0.0,192912.07580167524,-0.05865744554924666,132813.47473487267,-0.006619385342789608
2024-06-17,0.0,192912.07580167524,-0.05865744554924666,130505.30255770485,0.0173790511977453
2024-06-18,0.0,192912.07580167524,-0.05865744554924666,130692.45165315089,-0.001434034416825991
2024-06-19,0.0,192912.07580167524,-0.05865744554924666,128758.57766687515,0.01479713603818611
2024-06-20,0.0,192912.07580167524,-0.05865744554924666,124890.82969432366,0.030038759689922534
2024-06-21,0.0,192912.07580167524,-0.05865744554924666,125015.59575795436,-0.0009990009990010762
2024-06-24,0.0,192912.07580167524,-0.05865744554924666,119775.42108546526,0.041916167664670656
2024-06-25,0.0,192912.07580167524,-0.05865744554924666,118465.37741734297,0.010937500000000044
2024-06-26,0.0,192912.07580167524,-0.05865744554924666,127261.38490330683,-0.07424960505529232
2024-06-27,0.0,192912.07580167524,-0.05865744554924666,124641.29756706228,0.020588235294117574
2024-06-28,0.0,192912.07580167524,-0.05865744554924666,122832.18964441725,0.014514514514514465
2024-07-01,0.0,192912.07580167524,-0.05865744554924666,124578.91453524695,-0.01422041645505323
2024-07-02,0.0,192912.07580167524,-0.05865744554924666,124890.82969432368,-0.0025037556334501776
2024-07-03,0.0,192912.07580167524,-0.05865744554924666,123955.08421709349,0.007492507492507405
2024-07-04,0.0,192912.07580167524,-0.05865744554924666,121334.99688084892,0.021137393054856624
2024-07-05,0.0,192912.07580167524,-0.05865744554924666,122145.97629444841,-0.006683804627249268
2024-07-08,0.0,192912.07580167524,-0.05865744554924666,118964.44167186574,0.026046986721143917
2024-07-09,0.0,192912.07580167524,-0.05865744554924666,120648.78353088011,-0.014158363922391226
2024-07-10,0.0,192912.07580167524,-0.05865744554924666,118215.8452900816,0.020165460186142736
2024-07-11,0.0,192912.07580167524,-0.05865744554924666,121397.37991266428,-0.026912928759894594
2024-07-12,0.0,192912.07580167524,-0.05865744554924666,119713.03805364993,0.013874614594039048
2024-07-15,0.0,192912.07580167524,-0.05865744554924666,118028.69619463556,0.014069828035435106
2024-07-16,0.0,192912.07580167524,-0.05865744554924666,119026.8247036811,-0.00845665961945019
2024-07-17,0.0,192912.07580167524,-0.05865744554924666,119338.73986275785,-0.002620545073375391
2024-07-18,0.0,192912.07580167524,-0.05865744554924666,119276.3568309425,0.000522739153162477
2024-07-19,0.0,192912.07580167524,-0.05865744554924666,124766.063630693,-0.046025104602510414
2024-07-22,0.0,192912.07580167524,-0.05865744554924666,124391.76543980093,0.0029999999999998916
2024-07-23,0.0,192912.07580167524,-0.05865744554924666,120149.71927635738,0.034102306920762215
2024-07-24,0.0,192912.07580167524,-0.05865744554924666,116157.20524017522,0.03322949117341645
2024-07-25,0.0,192912.07580167524,-0.05865744554924666,116219.58827199055,-0.0005370569280342963
2024-07-26,0.0,192912.07580167524,-0.05865744554924666,117030.56768559005,-0.006977992485238893
2024-07-29,0.0,192912.07580167524,-0.05865744554924666,115907.67311291379,0.009594882729211274
2024-07-30,0.0,192912.07580167524,-0.05865744554924666,115034.31066749897,0.007534983853605848
2024-07-31,0.0,192912.07580167524,-0.05865744554924666,122645.04054897123,-0.0661605206073752
2024-08-01,0.0,192912.07580167524,-0.05865744554924666,122582.65751715587,0.0005086469989827869
2024-08-02,0.0,192912.07580167524,-0.05865744554924666,120835.93262632618,0.014249363867684384
2024-08-05,0.0,192912.07580167524,-0.05865744554924666,118590.1434809737,0.01858544140423335
2024-08-06,0.0,192912.07580167524,-0.05865744554924666,121459.76294447962,-0.024197790636506955
2024-08-07,0.0,192912.07580167524,-0.05865744554924666,119775.42108546526,0.013867488443759624
2024-08-08,0.0,192912.07580167524,-0.05865744554924666,119089.20773549646,0.005729166666666674
2024-08-09,0.0,192912.07580167524,-0.05865744554924666,116344.3543356212,0.023048716605552744
2024-08-12,0.0,192912.07580167524,-0.05865744554924666,114597.62944479153,0.015013404825737098
2024-08-13,0.0,192912.07580167524,-0.05865744554924666,114410.48034934547,0.0016330974414807686
2024-08-14,0.0,192912.07580167524,-0.05865744554924666,113849.03306300736,0.004907306434023928
2024-08-15,0.0,192912.07580167524,-0.05865744554924666,115845.29008109846,-0.017534246575342527
2024-08-16,0.0,192912.07580167524,-0.05865744554924666,114410.48034934548,0.012385568120624635
2024-08-19,0.0,192912.07580167524,-0.05865744554924666,114722.39550842223,-0.0027262813522355156
2024-08-20,0.0,192912.07580167524,-0.05865744554924666,112476.60636306975,0.019575856443719397
2024-08-21,0.0,192912.07580167524,-0.05865744554924666,110106.05115408658,0.021075984470327325
2024-08-22,0.0,192912.07580167524,-0.05865744554924666,106363.06924516581,0.03399433427762033
2024-08-23,0.0,192912.07580167524,-0.05865744554924666,106799.75046787325,-0.004105571847507372
2024-08-26,0.0,192912.07580167524,-0.05865744554924666,107049.28259513462,-0.002336448598130758
2024-08-27,0.0,192912.07580167524,-0.05865744554924666,104678.72738615145,0.022144522144522116
2024-08-28,0.0,192912.07580167524,-0.05865744554924666,106924.51653150392,-0.021454112038140627
2024-08-29,0.0,192912.07580167524,-0.05865744554924666,107049.2825951346,-0.001166861143523823
2024-08-30,0.0,192912.07580167524,-0.05865744554924666,108983.15658141034,-0.01806526806526798
2024-09-02,0.0,192912.07580167524,-0.05865744554924666,106799.75046787322,0.020034344590726838
2024-09-03,0.0,192912.07580167524,-0.05865744554924666,108172.17716781085,-0.012850467289719614
2024-09-04,0.0,192912.07580167524,-0.05865744554924666,108047.41110418017,0.0011534025374855261
2024-09-05,0.0,192912.07580167524,-0.05865744554924666,112102.30817217768,-0.03752886836027702
2024-09-06,0.0,192912.07580167524,-0.05865744554924666,109981.2850904559,0.018920422927100722
2024-09-09,0.0,192912.07580167524,-0.05865744554924666,109419.8378041178,0.005104934770277958
2024-09-10,0.0,192912.07580167524,-0.05865744554924666,111416.09482220886,-0.018244013683010207
2024-09-11,0.0,192912.07580167524,-0.05865744554924666,111228.94572676283,0.0016797312430011369
2024-09-12,0.0,192912.07580167524,-0.05865744554924666,110729.88147224006,0.0044868199663488095
2024-09-13,0.0,192912.07580167524,-0.05865744554924666,109045.53961322572,0.015211267605633738
2024-09-18,0.0,192912.07580167524,-0.05865744554924666,107423.5807860267,0.014874141876430325
2024-09-19,0.0,192912.07580167524,-0.05865744554924666,111603.24391765491,-0.03890824622531941
2024-09-20,0.0,192912.07580167524,-0.05865744554924666,112351.84029943908,-0.006707657909446718
2024-09-23,0.0,192912.07580167524,-0.05865744554924666,113661.88396756131,-0.011660188784008652
2024-09-24,0.011797696979528594,195187.99401567524,-0.047551771337901325,118590.1434809737,-0.03156124923342429
2024-09-25,0.004528967083544222,196071.99401567524,-0.04323816466151077,120212.1023081727,-0.009148045015350936
2024-09-26,0.010230935886945902,198077.99401567524,-0.03344959566508607,123892.70118527813,-0.020386604331009472
2024-09-27,0.027978877853344075,203619.99401567524,-0.006406599963099165,134061.13537117958,-0.05409564379821674
2024-09-30,0.031558786901375147,210045.99401567524,0.0,145851.52838428007,-0.056389095834781244
2024-10-08,0.02929834500695483,216199.99401567524,0.0,157142.8571428578,-0.048118250373712534
2024-10-09,-0.03554116657118356,208515.99401567524,-0.03554116657118355,143044.29195258947,0.054176975548705375
2024-10-10,0.019578891923959896,212598.50612692523,-0.016658131306372233,145290.08109794196,0.003878935534949779
2024-10-11,0.0,212598.50612692523,-0.016658131306372233,132688.70867124197,0.08673250322026615
2024-10-14,0.0,212598.50612692523,-0.016658131306372233,135433.56207111722,-0.020686412787964237
2024-10-15,0.0,212598.50612692523,-0.016658131306372233,133312.53898939546,0.01566098572086594
2024-10-16,0.0,212598.50612692523,-0.016658131306372233,132813.4747348727,0.0037435657463734673
2024-10-17,0.0,212598.50612692523,-0.016658131306372233,132314.4104803499,0.003757632691404389
2024-10-18,0.0,212598.50612692523,-0.016658131306372233,135371.17903930187,-0.02310231023102305
2024-10-21,0.0,212598.50612692523,-0.016658131306372233,138365.5645664385,-0.022119815668202758
2024-10-22,0.0,212598.50612692523,-0.016658131306372233,152276.98066126075,-0.10054102795311093
2024-10-23,0.0,212598.50612692523,-0.016658131306372233,146475.35870243353,0.03809913969684553
2024-10-24,0.0,212598.50612692523,-0.016658131306372233,143480.9731752969,0.020442930153321992
2024-10-25,0.0,212598.50612692523,-0.016658131306372233,145352.46412975728,-0.01304347826086949
2024-10-28,0.0,212598.50612692523,-0.016658131306372233,145976.29444791074,-0.0042918454935620964
2024-10-29,0.0,212598.50612692523,-0.016658131306372233,141796.63131628252,0.02863247863247853
2024-10-30,0.0,212598.50612692523,-0.016658131306372233,138927.01185277657,0.020237571491421025
2024-10-31,0.0,212598.50612692523,-0.016658131306372233,141359.9500935751,-0.017512348450830828
2024-11-01,0.0,212598.50612692523,-0.016658131306372233,135495.94510293254,0.04148278905560465
2024-11-04,0.0,212598.50612692523,-0.016658131306372233,137991.26637554643,-0.018416206261510304
2024-11-05,0.0,212598.50612692523,-0.016658131306372233,143917.65439800438,-0.04294755877034362
2024-11-06,0.0,212598.50612692523,-0.016658131306372233,144167.18652526574,-0.001733853489380044
2024-11-07,0.0,212598.50612692523,-0.016658131306372233,145913.91141609545,-0.012115967113803583
2024-11-08,0.0,212598.50612692523,-0.016658131306372233,144603.86774797316,0.008978195810175338
2024-11-11,0.0,212598.50612692523,-0.016658131306372233,159139.1141609489,-0.10051768766177749
2024-11-12,-0.003051576136723466,211949.74559892525,-0.019658873887118775,162320.64878353156,-0.023043736074002896
2024-11-13,0.01999530590623877,216187.74559892525,-5.6653178025089524e-05,172489.08296943305,-0.04264881400152443
2024-11-14,-0.030066459049251093,209687.74559892525,-0.030121408866819084,156893.32501559643,0.06034945415147219
2024-11-15,-0.000877930083487688,209503.65441892523,-0.030972894459305598,154647.53587024397,0.013436185224663388
2024-11-18,0.0,209503.65441892523,-0.030972894459305598,143855.271366189,0.06978620411456238
2024-11-19,0.0,209503.65441892523,-0.030972894459305598,145789.14535246475,-0.013443191673894184
2024-11-20,0.0,209503.65441892523,-0.030972894459305598,153462.25826575235,-0.05263157894736836
2024-11-21,0.0,209503.65441892523,-0.030972894459305598,156082.3456019969,-0.017073170731707332
2024-11-22,0.0,209503.65441892523,-0.030972894459305598,151965.06550218404,0.026378896882494063
2024-11-25,0.0,209503.65441892523,-0.030972894459305598,149719.27635683154,0.014778325123152691
2024-11-26,0.0,209503.65441892523,-0.030972894459305598,148970.67997504742,0.0050000000000000044
2024-11-27,0.0,209503.65441892523,-0.030972894459305598,153275.10917030633,-0.028894472361809198
2024-11-28,0.0,209503.65441892523,-0.030972894459305598,159451.0293200256,-0.04029304029304015
2024-11-29,0.0,209503.65441892523,-0.030972894459305598,155708.04741110484,0.023474178403755763
2024-12-02,0.0,209503.65441892523,-0.030972894459305598,158016.21958827265,-0.01482371794871784
2024-12-03,0.0,209503.65441892523,-0.030972894459305598,154959.45102932068,0.019344650611922587
2024-12-04,0.0,209503.65441892523,-0.030972894459305598,150467.87273861576,0.02898550724637672
2024-12-05,0.0,209503.65441892523,-0.030972894459305598,155021.83406113603,-0.03026533996683245
2024-12-06,0.0,209503.65441892523,-0.030972894459305598,158889.58203368747,-0.024949698189134617
2024-12-09,0.0,209503.65441892523,-0.030972894459305598,158515.28384279544,0.002355712603062332
2024-12-10,0.0,209503.65441892523,-0.030972894459305598,157891.45352464195,0.003935458480913034
2024-12-11,0.0,209503.65441892523,-0.030972894459305598,158827.19900187216,-0.00592651126037147
2024-12-12,0.0,209503.65441892523,-0.030972894459305598,160698.68995633253,-0.01178318931657496
2024-12-13,0.0,209503.65441892523,-0.030972894459305598,161010.60511540924,-0.0019409937888197337
2024-12-16,0.0,209503.65441892523,-0.030972894459305598,156768.55895196568,0.026346377373111185
2024-12-17,0.0,209503.65441892523,-0.030972894459305598,149220.21210230878,0.04814962196577788
2024-12-18,0.0,209503.65441892523,-0.030972894459305598,150405.48970680035,-0.007943143812708886
2024-12-19,0.0,209503.65441892523,-0.030972894459305598,151590.76731129194,-0.0078805474906678
2024-12-20,0.0,209503.65441892523,-0.030972894459305598,152651.27885215278,-0.00699588477366242
2024-12-23,0.0,209503.65441892523,-0.030972894459305598,147660.6363069251,0.032693093583980315
2024-12-24,0.0,209503.65441892523,-0.030972894459305598,147598.25327510975,0.00042247570764686326
2024-12-25,0.0,209503.65441892523,-0.030972894459305598,143980.0374298196,0.024513947590870777
2024-12-26,0.0,209503.65441892523,-0.030972894459305598,144915.78290704984,-0.00649913344887354
2024-12-27,0.0,209503.65441892523,-0.030972894459305598,144978.16593886516,-0.000430477830391629
2024-12-30,0.0,209503.65441892523,-0.030972894459305598,143418.5901434815,0.01075731497418242
2024-12-31,0.0,209503.65441892523,-0.030972894459305598,136681.2227074241,0.0469769464984775
2025-01-02,0.0,209503.65441892523,-0.030972894459305598,132189.64441671918,0.03286170698311264
2025-01-03,0.0,209503.65441892523,-0.030972894459305598,125764.19213973849,0.04860783388390755
2025-01-06,0.0,209503.65441892523,-0.030972894459305598,126949.46974423007,-0.009424603174603252
2025-01-07,0.0,209503.65441892523,-0.030972894459305598,127822.83218964489,-0.006879606879606648
2025-01-08,0.0,209503.65441892523,-0.030972894459305598,128509.04553961373,-0.005368472425573589
2025-01-09,0.0,209503.65441892523,-0.030972894459305598,128384.27947598301,0.000970873786407922
2025-01-10,0.0,209503.65441892523,-0.030972894459305598,124329.3824079855,0.03158406219630705
2025-01-13,0.0,209503.65441892523,-0.030972894459305598,124641.29756706225,-0.0025087807325641087
2025-01-14,0.0,209503.65441892523,-0.030972894459305598,130630.06862133552,-0.048048048048048075
2025-01-15,0.0,209503.65441892523,-0.030972894459305598,133811.6032439182,-0.024355300859598694
2025-01-16,0.0,209503.65441892523,-0.030972894459305598,137928.88334373108,-0.030769230769230882
2025-01-17,0.0,209503.65441892523,-0.030972894459305598,137492.20212102367,0.003165988240615092
2025-01-20,0.0,209503.65441892523,-0.030972894459305598,136244.54148471676,0.00907441016333932
2025-01-21,0.0,209503.65441892523,-0.030972894459305598,136805.98877105486,-0.004120879120879106
2025-01-22,0.0,209503.65441892523,-0.030972894459305598,135121.6469120405,0.012311901504787892
2025-01-23,0.0,209503.65441892523,-0.030972894459305598,135184.0299438559,-0.00046168051708228575
2025-01-24,0.0,209503.65441892523,-0.030972894459305598,138615.09669369995,-0.025380710659898442
2025-01-27,0.0,209503.65441892523,-0.030972894459305598,138677.47972551527,-0.0004500450045004101
2025-02-05,0.0,209503.65441892523,-0.030972894459305598,144853.39987523455,-0.04453441295546545
2025-02-06,0.0,209503.65441892523,-0.030972894459305598,144915.7829070499,-0.00043066322136087187
2025-02-07,0.0,209503.65441892523,-0.030972894459305598,145601.9962570187,-0.004735256134309029
2025-02-10,0.0,209503.65441892523,-0.030972894459305598,149781.65938864695,-0.028706083976006935
2025-02-11,-0.0020960772675683303,209064.51857142523,-0.03300405014688699,147972.55146600187,0.009982223440470062
2025-02-12,0.0010714395801383336,209288.51857142523,-0.031967972412380856,148471.6157205247,-0.0023012417014807163
2025-02-13,0.0010702928260422073,209512.51857142523,-0.030931894677874727,148970.67997504745,-0.002291051711772907
2025-02-14,0.012829782288563463,212200.51857142523,-0.018498961863801146,154959.4510293207,-0.027371222736562117
2025-02-17,-0.007389237361699608,210632.51857142523,-0.02575150600534407,151466.00124766133,0.015155046052149013
2025-02-18,-0.01462262342438625,207552.51857142523,-0.039997574854803375,144603.8677479732,0.030682154170341924
2025-02-19,0.006610375096594456,208924.51857142523,-0.033651598730953323,147660.63630692518,-0.01452853775931584
2025-02-20,-0.00402059081310191,208084.51857142523,-0.03753689023535131,145789.14535246478,0.008653680416302434
2025-02-21,0.017358331243466196,211696.51857142523,-0.020830136766439942,153836.55645664447,-0.03784064179889568
2025-02-24,0.0026452962182799133,212256.51857142523,-0.018239942430174613,155084.21709295138,-0.0054650038628230035
2025-02-25,-0.00712345613777321,210744.51857142523,-0.025233467138091003,151715.5333749227,0.014598185052894452
2025-02-26,0.0022586589830504433,211220.51857142523,-0.023031801952265472,152776.04491578357,-0.004731472595896902
2025-02-27,-0.002121006060538111,210772.51857142523,-0.025103957421277735,151777.91640673805,0.00441227282880452
2025-02-28,-0.0189967839599694,206768.51857142523,-0.04362384692557484,142857.14285714348,0.039778390721493806
2025-03-03,0.0008482444581592308,206943.90882142523,-0.042812606153813854,142669.99376169746,0.0021582881262813824
2025-03-04,0.0,206943.90882142523,-0.042812606153813854,142607.61072988212,0.0004372540445999329
2025-03-05,0.0,206943.90882142523,-0.042812606153813854,141110.41796631383,0.010498687664041939
2025-03-06,0.0,206943.90882142523,-0.042812606153813854,145851.52838428016,-0.033598585322723196
2025-03-07,0.0,206943.90882142523,-0.042812606153813854,142545.2276980668,0.022668947818648366
2025-03-10,0.0,206943.90882142523,-0.042812606153813854,139800.3742981915,0.01925601750547057
2025-03-11,0.0,206943.90882142523,-0.042812606153813854,138615.09669369995,0.008478357875948306
2025-03-12,0.0,206943.90882142523,-0.042812606153813854,140174.6724890836,-0.011251125112511362
2025-03-13,0.0,206943.90882142523,-0.042812606153813854,137180.286961947,0.021361815754339153
2025-03-14,0.0,206943.90882142523,-0.042812606153813854,139800.37429819154,-0.019099590723056004
2025-03-17,0.0,206943.90882142523,-0.042812606153813854,138927.0118527767,0.006247211066488179
2025-03-18,0.0,206943.90882142523,-0.042812606153813854,138802.245789146,0.0008980691513246208
2025-03-19,0.0,206943.90882142523,-0.042812606153813854,137117.90393013164,0.012134831460674178
2025-03-20,0.0,206943.90882142523,-0.042812606153813854,135870.24329382472,0.009099181073703333
2025-03-21,0.0,206943.90882142523,-0.042812606153813854,134185.90143481034,0.012396694214875992
2025-03-24,0.0,206943.90882142523,-0.042812606153813854,133749.22021210293,0.0032543003254300595
2025-03-25,0.0,206943.90882142523,-0.042812606153813854,133250.15595758014,0.003731343283582156
2025-03-26,0.0,206943.90882142523,-0.042812606153813854,133312.53898939549,-0.000468164794007464
2025-03-27,0.0,206943.90882142523,-0.042812606153813854,132813.4747348727,0.0037435657463734673
2025-03-28,0.0,206943.90882142523,-0.042812606153813854,132938.2407985034,-0.0009394081728510972
2025-03-31,0.0,206943.90882142523,-0.042812606153813854,129756.70617592074,0.023932426091036962
2025-04-01,0.0,206943.90882142523,-0.042812606153813854,130754.83468496629,-0.007692307692307665
2025-04-02,0.0,206943.90882142523,-0.042812606153813854,131503.43106675043,-0.005725190839694472
2025-04-03,0.0,206943.90882142523,-0.042812606153813854,131004.36681222767,0.003795066413662118
2025-04-07,0.0,206943.90882142523,-0.042812606153813854,117841.54709918954,0.1004761904761905
2025-04-08,0.0,206943.90882142523,-0.042812606153813854,118340.6113537123,-0.004235044997352944
2025-04-09,0.0,206943.90882142523,-0.042812606153813854,120960.69868995687,-0.022140221402214166
2025-04-10,0.0,206943.90882142523,-0.042812606153813854,122832.18964441726,-0.015471892728210479
2025-04-11,0.0,206943.90882142523,-0.042812606153813854,122832.18964441726,0.0
2025-04-14,0.0,206943.90882142523,-0.042812606153813854,123580.7860262014,-0.006094464195022686
2025-04-15,0.0,206943.90882142523,-0.042812606153813854,123393.63693075535,0.0015143866733972056
2025-04-16,0.0,206943.90882142523,-0.042812606153813854,124578.91453524692,-0.009605662285136374
2025-04-17,0.0,206943.90882142523,-0.042812606153813854,122894.57267623256,0.013520280420630915
2025-04-18,0.0,206943.90882142523,-0.042812606153813854,122582.65751715582,0.002538071065989911
2025-04-21,0.0,206943.90882142523,-0.042812606153813854,124079.85028072415,-0.012213740458015376
2025-04-22,0.0,206943.90882142523,-0.042812606153813854,123456.01996257067,0.005027652086475709
2025-04-23,0.0,206943.90882142523,-0.042812606153813854,123955.08421709345,-0.004042445679636186
2025-04-24,0.0,206943.90882142523,-0.042812606153813854,122956.9557080479,0.00805234021137391
2025-04-25,0.0,206943.90882142523,-0.042812606153813854,126013.72426699987,-0.02486047691527138
2025-04-28,0.0,206943.90882142523,-0.042812606153813854,122832.1896444172,0.02524752475247516
2025-04-29,0.0,206943.90882142523,-0.042812606153813854,122645.04054897116,0.001523616048755727
2025-04-30,0.0,206943.90882142523,-0.042812606153813854,122769.80661260184,-0.0010172939979653517
2025-05-06,0.0,206943.90882142523,-0.042812606153813854,126699.93761696867,-0.03201219512195119
2025-05-07,0.0,206943.90882142523,-0.042812606153813854,126076.10729881522,0.004923682914820149
2025-05-08,0.0,206943.90882142523,-0.042812606153813854,130442.91952588946,-0.03463631865413164
2025-05-09,0.0,206943.90882142523,-0.042812606153813854,127074.23580786076,0.0258249641319942
2025-05-12,0.0,206943.90882142523,-0.042812606153813854,127885.21522146028,-0.006381934216985741
2025-05-13,0.0,206943.90882142523,-0.042812606153813854,127448.53399875284,0.0034146341463414664
2025-05-14,0.0,206943.90882142523,-0.042812606153813854,127947.59825327562,-0.003915810083211069
2025-05-15,0.0,206943.90882142523,-0.042812606153813854,125265.12788521568,0.020965382740126937
2025-05-16,0.0,206943.90882142523,-0.042812606153813854,124703.68059887757,0.004482071713147406
2025-05-19,0.0,206943.90882142523,-0.042812606153813854,124890.82969432362,-0.0015007503751875984
2025-05-20,0.0,206943.90882142523,-0.042812606153813854,125389.89394884638,-0.003996003996004083
2025-05-21,0.0,206943.90882142523,-0.042812606153813854,124890.82969432359,0.003980099502487677
2025-05-22,0.0,206943.90882142523,-0.042812606153813854,123767.93512164734,0.00899100899100902
2025-05-23,0.0,206943.90882142523,-0.042812606153813854,122145.97629444832,0.013104838709677491
2025-05-26,0.0,206943.90882142523,-0.042812606153813854,123892.70118527803,-0.01430030643513791
2025-05-27,0.0,206943.90882142523,-0.042812606153813854,123331.2538989399,0.004531722054380682
2025-05-28,0.0,206943.90882142523,-0.042812606153813854,122520.27448534041,0.006575619625695417
2025-05-29,0.0,206943.90882142523,-0.042812606153813854,124079.85028072407,-0.01272912423625261
2025-05-30,0.0,206943.90882142523,-0.042812606153813854,122832.18964441716,0.010055304172951196
2025-06-03,0.0,206943.90882142523,-0.042812606153813854,123393.63693075527,-0.004570848146267181
2025-06-04,0.0,206943.90882142523,-0.042812606153813854,124079.85028072407,-0.005561172901921152
2025-06-05,0.0,206943.90882142523,-0.042812606153813854,124828.44666250823,-0.006033182503770718
2025-06-06,0.0,206943.90882142523,-0.042812606153813854,124641.29756706217,0.0014992503748126884
2025-06-09,0.0,206943.90882142523,-0.042812606153813854,126200.87336244583,-0.012512512512512508
2025-06-10,0.0,206943.90882142523,-0.042812606153813854,125077.97878976961,0.008897676717745884
2025-06-11,0.0,206943.90882142523,-0.042812606153813854,125202.74485340028,-0.0009975062344138586
2025-06-12,0.0,206943.90882142523,-0.042812606153813854,125452.27698066166,-0.0019930244145489606
2025-06-13,0.0,206943.90882142523,-0.042812606153813854,122707.42358078643,0.021879661859771193
2025-06-16,0.0,206943.90882142523,-0.042812606153813854,123955.08421709336,-0.010167768174885516
2025-06-17,0.0,206943.90882142523,-0.042812606153813854,123081.72177167851,0.007045797684952171
2025-06-18,0.0,206943.90882142523,-0.042812606153813854,122333.12538989434,0.00608210846426771
2025-06-19,0.0,206943.90882142523,-0.042812606153813854,120773.54959451068,0.012748597654258065
2025-06-20,0.0,206943.90882142523,-0.042812606153813854,118964.44167186564,0.014979338842975198
2025-06-23,0.0,206943.90882142523,-0.042812606153813854,120149.71927635722,-0.009963293130571538
2025-06-24,0.0,206943.90882142523,-0.042812606153813854,122582.65751715573,-0.02024922118380057
2025-06-25,0.0,206943.90882142523,-0.042812606153813854,124079.85028072406,-0.012213740458015376
2025-06-26,0.0,206943.90882142523,-0.042812606153813854,124266.99937617009,-0.0015082956259426794
2025-06-27,0.0,206943.90882142523,-0.042812606153813854,124266.99937617009,0.0
2025-06-30,0.0,206943.90882142523,-0.042812606153813854,125265.12788521562,-0.008032128514056103
2025-07-01,0.0,206943.90882142523,-0.042812606153813854,124079.85028072406,0.009462151394422191
2025-07-02,0.0,206943.90882142523,-0.042812606153813854,123268.87086712454,0.006535947712418277
2025-07-03,0.0,206943.90882142523,-0.042812606153813854,123518.40299438592,-0.002024291497975561
2025-07-04,0.0,206943.90882142523,-0.042812606153813854,123019.33873986313,0.0040404040404041774
2025-07-07,0.0,206943.90882142523,-0.042812606153813854,122769.80661260175,0.0020283975659228792
2025-07-08,0.0,206943.90882142523,-0.042812606153813854,123331.25389893989,-0.004573170731707377
2025-07-09,0.0,206943.90882142523,-0.042812606153813854,125202.74485340028,-0.015174506828528056
2025-07-10,0.0,206943.90882142523,-0.042812606153813854,127011.85277604531,-0.014449427005480686
2025-07-11,0.0,206943.90882142523,-0.042812606153813854,130255.77043044331,-0.025540275049115824
2025-07-14,-0.008092919079078498,205269.12851342524,-0.05055904627572504,126450.40548970719,0.02112164030789465
2025-07-15,-0.0012471432107398206,205013.12851342524,-0.05174313511516063,125951.34123518443,0.0026995760788506296
2025-07-16,-0.00046826269466793136,204917.12851342524,-0.052187168429948964,125764.19213973837,0.0010176214063722933
2025-07-17,0.0012492855129151437,205173.12851342524,-0.05100307959051339,126263.25639426115,-0.0027189684553388105
2025-07-18,0.003431248551410304,205877.12851342524,-0.047746835282065546,127635.68309419877,-0.0074383166659810485
2025-07-21,-0.0013988926408657898,205589.12851342524,-0.04907893522643057,127074.23580786066,0.002999934338606347
2025-07-22,0.0006226010145844452,205717.12851342524,-0.048486890806712785,127323.76793512203,-0.0013410710521803981
2025-07-23,-0.0003111068118755167,205653.12851342524,-0.04878291301657168,127199.00187149136,0.0006688049960617004
2025-07-24,0.0051348598858347305,206709.12851342524,-0.043898546553899916,129257.64192139776,-0.011049544233831643
2025-07-25,0.0015480690296616473,207029.12851342524,-0.04241843550460544,129881.47223955127,-0.003278185796593336
2025-07-28,-0.0026276495675087164,206485.12851342524,-0.04493462428840605,128820.96069869035,0.005537576176967818
2025-07-29,-0.0007748742059630054,206325.12851342524,-0.04567467981305328,128509.04553961364,0.0016464333000901776
2025-07-30,0.0001550950203232926,206357.12851342524,-0.04552666870812384,128571.42857142896,-0.00033034187288039085
2025-07-31,-0.003566632300527117,205621.12851342524,-0.04893092412150112,127136.618839676,0.007592998946440388
2025-08-01,0.004980032973280535,206645.12851342524,-0.04419456876375881,129132.87585776707,-0.01072163532897652
2025-08-04,0.0006194193926603031,206773.12851342524,-0.04360252434404102,129382.40798502845,-0.0013129477570981152
2025-08-05,-0.00015475898744710115,206741.12851342524,-0.043750535448970465,129320.02495321311,0.0003274010896984203
2025-08-06,0.003714790595960915,207509.12851342524,-0.04019826893066373,130817.21771678141,-0.007862633427193844
2025-08-07,-0.00015421008333105224,207477.12851342524,-0.04034628003559318,130754.83468496607,0.00032266163817573634
2025-08-08,-0.006786290180938681,206069.12851342524,-0.046858768652488864,128009.98128509082,0.014206076231275122
2025-08-11,0.003882192377728577,206869.12851342524,-0.04315849102925268,129569.55708047446,-0.008301043489717719
2025-08-12,0.0004640615092732503,206965.12851342524,-0.04271445771446433,129756.7061759205,-0.0009803294392101147
2025-08-13,0.001700769605625485,207317.12851342524,-0.04108633556024041,130442.91952588929,-0.0035876919328359236
2025-08-14,0.0,207317.12851342524,-0.04108633556024041,130442.91952588929,0.0
2025-08-15,0.0024696463995586004,207829.12851342524,-0.03871815788136926,131441.04803493482,-0.0051821948247359195
2025-08-18,0.007544659457582759,209397.12851342524,-0.031465613739826336,134497.81659388676,-0.015711154495905433
2025-08-19,0.0016810163658831367,209749.12851342524,-0.029837491585602414,135184.0299438556,-0.003421024450443566
2025-08-20,-0.0013730688753806897,209461.12851342524,-0.03116959152996744,134622.58265751746,0.0027801383235119825
2025-08-21,0.0024443676191079344,209973.12851342524,-0.02880141385109628,135620.711166563,-0.004969904855405494
2025-08-22,0.004114812243437793,210837.12851342524,-0.024805114018001204,137305.05302557736,-0.008304690976433493
2025-08-25,0.0015177592403019524,211157.12851342524,-0.02332500296870673,137928.88334373082,-0.003025630128166812
2025-08-26,-0.00197009687964933,210741.12851342524,-0.025249147332789545,137117.90393013132,0.003909595567207269
2025-08-27,0.0062256475954878265,212053.12851342524,-0.019180692030682206,139675.60823456052,-0.01242767360560415
2025-08-28,-0.002716300410364081,211477.12851342524,-0.021844891919412256,138552.7136618843,0.005323002850019964
2025-08-29,-0.005598714188730036,210293.12851342524,-0.02732130280180181,136244.5414847165,0.011060448350666663
2025-09-01,-0.0021303596706508943,209845.12851342524,-0.029393458270814073,135371.17903930164,0.004279896739605493
2025-09-02,-0.006709710203779751,208437.12851342524,-0.035905946887709754,132626.32563942642,0.01356678749207263
2025-09-03,0.0010025599637184524,208646.09923342522,-0.03493938478880039,128321.89644416752,0.03345787510953224
2025-09-04,0.0,208646.09923342522,-0.03493938478880039,126388.02245789178,0.015070491006319853
2025-09-05,0.0,208646.09923342522,-0.03493938478880039,127261.3849033066,-0.006910167818361179
2025-09-08,0.0,208646.09923342522,-0.03493938478880039,127136.61883967591,0.0009803921568627416
2025-09-09,0.0,208646.09923342522,-0.03493938478880039,125140.36182158481,0.015701668302257166
2025-09-10,0.0,208646.09923342522,-0.03493938478880039,126512.78852152245,-0.010967098703888567
2025-09-11,0.0,208646.09923342522,-0.03493938478880039,127698.06612601402,-0.009368836291913096
2025-09-12,0.0,208646.09923342522,-0.03493938478880039,129008.10979413631,-0.010258915486077269
2025-09-15,0.0,208646.09923342522,-0.03493938478880039,126762.32064878383,0.01740812379110246
2025-09-16,0.0,208646.09923342522,-0.03493938478880039,126824.70368059917,-0.0004921259842518566
2025-09-17,0.0,208646.09923342522,-0.03493938478880039,125764.19213973828,0.00836202656173135
2025-09-18,0.0,208646.09923342522,-0.03493938478880039,123892.70118527788,0.014880952380952439
2025-09-19,0.0,208646.09923342522,-0.03493938478880039,124079.85028072393,-0.0015105740181269312
2025-09-22,0.0,208646.09923342522,-0.03493938478880039,122457.8914535249,0.013071895424836666
2025-09-23,0.0,208646.09923342522,-0.03493938478880039,120835.93262632593,0.013245033112582627
2025-09-24,0.0,208646.09923342522,-0.03493938478880039,123331.25389893976,-0.020650490449148018
2025-09-25,0.0,208646.09923342522,-0.03493938478880039,123206.48783530905,0.0010116337885685
2025-09-26,0.0,208646.09923342522,-0.03493938478880039,121334.99688084866,0.0151898734177216
2025-09-29,0.0,208646.09923342522,-0.03493938478880039,121834.06113537143,-0.004113110539845755
2025-09-30,0.0,208646.09923342522,-0.03493938478880039,123705.5520898318,-0.015360983102918446
2025-10-09,0.0,208646.09923342522,-0.03493938478880039,124391.76543980061,-0.005547150781644028
2025-10-10,0.0,208646.09923342522,-0.03493938478880039,123206.48783530903,0.00952858575727189
2025-10-13,0.0,208646.09923342522,-0.03493938478880039,121459.76294447933,0.014177215189873471
2025-10-14,0.0,208646.09923342522,-0.03493938478880039,120835.93262632588,0.005136106831021947
2025-10-15,0.0,208646.09923342522,-0.03493938478880039,121272.6138490333,-0.0036138358286008643
2025-10-16,0.0,208646.09923342522,-0.03493938478880039,120711.16656269519,0.00462962962962965
2025-10-17,0.0,208646.09923342522,-0.03493938478880039,119213.97379912686,0.01240310077519391
2025-10-20,0.0,208646.09923342522,-0.03493938478880039,119463.50592638824,-0.002093144950287673
2025-10-21,0.0,208646.09923342522,-0.03493938478880039,120087.33624454172,-0.005221932114882533
2025-10-22,0.0,208646.09923342522,-0.03493938478880039,120399.25140361844,-0.0025974025974027093
2025-10-23,0.0,208646.09923342522,-0.03493938478880039,120898.31565814122,-0.004145077720207224
2025-10-24,0.0,208646.09923342522,-0.03493938478880039,121334.99688084866,-0.003611971104231282
2025-10-27,0.0,208646.09923342522,-0.03493938478880039,121272.61384903331,0.0005141388174806361
2025-10-28,0.0,208646.09923342522,-0.03493938478880039,120960.69868995658,0.0025720164609054352
2025-10-29,0.0,208646.09923342522,-0.03493938478880039,121334.99688084866,-0.003094378545642096
2025-10-30,0.0,208646.09923342522,-0.03493938478880039,123767.93512164717,-0.020051413881748026
2025-10-31,0.0,208646.09923342522,-0.03493938478880039,126013.72426699962,-0.01814516129032251
2025-11-03,0.0,208646.09923342522,-0.03493938478880039,127510.91703056794,-0.011881188118811892
2025-11-04,0.0009028108987758632,208834.46720580023,-0.034068117547408364,127573.30006238328,0.00041357410816922346
2025-11-05,-0.003950497305538092,208009.46720580023,-0.03788402884637068,126013.72426699962,0.008274441569767532
2025-11-06,-0.004442105508043137,207085.46720580023,-0.042157849501208475,124266.99937616994,0.009419280630570626
2025-11-07,-0.003027735400557563,206458.46720580023,-0.04505794208841983,123081.72177167835,0.006510417209884323
2025-11-10,0.006873053061008827,207877.46720580023,-0.03849457465420465,125764.19213973824,-0.01492116893595008
2025-11-11,-0.0036511893770987403,207118.46720580023,-0.04200521304924998,124329.38240798525,0.007757540781631489
2025-11-12,-0.0015932910495716213,206788.46720580023,-0.043531577568834905,123705.55208983178,0.003424270415556374
2025-11-13,0.0007979168385430224,206953.46720580023,-0.042768395309042445,124017.46724890852,-0.0017235153349315357
2025-11-14,-0.001435105214761423,206656.46720580023,-0.044142123376668875,123456.01996257041,0.0030920577631057267
2025-11-17,0.00239527950270757,207151.46720580023,-0.04185257659729149,124391.76543980061,-0.005184306146610362
2025-11-18,0.002867467018275338,207745.46720580023,-0.03910512046203862,125514.66001247684,-0.006159614225455856
2025-11-19,-0.007942411558686135,206095.46720580023,-0.04673694305996325,122395.50842170951,0.016908483073520664
2025-11-20,-0.0024017995480982712,205600.46720580023,-0.04902648983934064,121459.76294447931,0.0052434603907397515
2025-11-21,-0.003552274199206562,204870.11797080026,-0.05240460850361322,120399.25140361843,0.005179107413530892
2025-11-24,0.0,204870.11797080026,-0.05240460850361322,123456.01996257038,-0.025388601036269387
2025-11-25,0.0,204870.11797080026,-0.05240460850361322,130380.53649407382,-0.056088933804951946
2025-11-26,-0.003801863969790875,204091.22965080026,-0.05600723728048324,128384.27947598272,0.011509140814898178
2025-11-27,0.004233400923098429,204955.22965080026,-0.05201093744738816,130068.62133499711,-0.008886132604598584
2025-11-28,0.001873579906471523,205339.22965080026,-0.0502348041882348,130817.21771678123,-0.0038818157769815453
2025-12-01,-0.012623014143025468,202747.22965080026,-0.06222370368752003,125764.1921397382,0.02600359529903451
2025-12-02,-0.00647111184828375,201435.22965080026,-0.06829215898962737,123206.48783530899,0.013866189739017876
2025-12-03,-0.0031771999421822406,200795.22965080026,-0.07125238108821631,121958.82719900206,0.006949382336298715
2025-12-04,-0.0014342970223987228,200507.22965080026,-0.07258448103258135,121397.37991266395,0.0031692835402611363
2025-12-05,0.001915142913643475,200891.22965080026,-0.07080834777342798,122145.9762944481,-0.004251352461484892
2025-12-08,-0.00015929017934546152,200859.22965080026,-0.07095635887835743,122083.59326263276,0.00035143505048074175
2025-12-09,-0.003026995578231717,200251.22965080026,-0.07376856987201692,120898.31565814117,0.0066817422858460596
2025-12-10,0.0015979926842797365,200571.22965080026,-0.07228845882272245,121522.14597629465,-0.0035619660360506344
2025-12-11,-0.004307696579934461,199707.22965080026,-0.07628475865581753,119837.80411728029,0.009552673029921799
2025-12-12,-2.0076989736494966e-05,199703.22013080027,-0.07630330407723739,119900.18714909561,-0.0005406391969200453
2025-12-15,0.0,199703.22013080027,-0.07630330407723739,117155.33374922039,0.02289281997918824
2025-12-16,0.0,199703.22013080027,-0.07630330407723739,115159.07673112929,0.017039403620873306
2025-12-17,0.0,199703.22013080027,-0.07630330407723739,116032.43917654414,-0.007583965330444142
2025-12-18,0.0,199703.22013080027,-0.07630330407723739,116531.50343106689,-0.004301075268817067
2025-12-19,0.0,199703.22013080027,-0.07630330407723739,117030.56768558966,-0.004282655246252709
2025-12-22,0.0,199703.22013080027,-0.07630330407723739,117092.95071740498,-0.0005330490405115462
2025-12-23,0.0,199703.22013080027,-0.07630330407723739,116406.73736743616,0.00586041555673944
2025-12-24,0.0,199703.22013080027,-0.07630330407723739,116968.1846537743,-0.004823151125401992
2025-12-25,0.0,199703.22013080027,-0.07630330407723739,117592.01497192777,-0.005333333333333412
2025-12-26,0.0,199703.22013080027,-0.07630330407723739,117779.16406737381,-0.0015915119363394403
2025-12-29,0.0,199703.22013080027,-0.07630330407723739,117342.48284466639,0.00370762711864403
2025-12-30,0.0,199703.22013080027,-0.07630330407723739,117779.16406737383,-0.0037214247740564588
2025-12-31,0.0,199703.22013080027,-0.07630330407723739,118839.67560823471,-0.009004237288135597
2026-01-05,0.0,199703.22013080027,-0.07630330407723739,121646.9120399253,-0.023622047244094446
2026-01-06,0.0,199703.22013080027,-0.07630330407723739,124142.23331253915,-0.02051282051282044
2026-01-07,-0.00036905420491828433,199629.51881767527,-0.07664419822693684,123830.31815346243,0.0021435086091519118
2026-01-08,0.0036367367125853534,200355.51881767527,-0.07328619628385,125202.74485340006,-0.007446386713107378
2026-01-09,0.01614130730755159,203589.5188176753,-0.05832782399191759,131316.281971304,-0.032687790848900944
2026-01-12,0.03420117126086275,210552.51881767527,-0.026121532628675788,144479.10168434208,-0.06603635843034872
2026-01-13,0.036361474291502605,218208.51881767527,0.0,158951.96506550242,-0.06381123728017268
2026-01-14,0.038564030614364864,226623.5188176753,0.0,174859.6381784157,-0.06151446232127089
2026-01-15,0.04077246725408856,235863.51881767527,0.0,192326.88708671267,-0.05912050456182283
2026-01-16,-0.043092717563740224,225699.51881767527,-0.04309271756374019,173112.913287586,0.056809974619198456
2026-01-19,-0.041094034127039714,216424.6150889253,-0.08241589808458864,155832.81347473507,0.058725785692780086
2026-01-20,0.0,216424.6150889253,-0.08241589808458864,146662.50779787917,0.05884707766212971
2026-01-21,0.0,216424.6150889253,-0.08241589808458864,152651.2788521524,-0.040833687792428686
2026-01-22,0.0,216424.6150889253,-0.08241589808458864,152838.42794759845,-0.001225991009399241
2026-01-23,0.0,216424.6150889253,-0.08241589808458864,156269.4946974425,-0.022448979591836782
2026-01-26,0.0,216424.6150889253,-0.08241589808458864,150717.40486587668,0.035528942115768514
2026-01-27,0.0,216424.6150889253,-0.08241589808458864,152152.21459762965,-0.009519867549668826
2026-01-28,0.0,216424.6150889253,-0.08241589808458864,143980.03742981926,0.0537105371053711
2026-01-29,0.0,216424.6150889253,-0.08241589808458864,150842.17092950735,-0.04766031195840559
2026-01-30,0.0,216424.6150889253,-0.08241589808458864,152464.12975670636,-0.010752688172043001
2026-02-02,0.0,216424.6150889253,-0.08241589808458864,149532.12726138506,0.019230769230769273
2026-02-03,0.0,216424.6150889253,-0.08241589808458864,157142.8571428573,-0.050896954526491456
2026-02-04,0.0,216424.6150889253,-0.08241589808458864,148097.3175296321,0.0575625248114332
2026-02-05,0.0,216424.6150889253,-0.08241589808458864,145601.99625701827,0.0168491996630159
2026-02-06,0.0,216424.6150889253,-0.08241589808458864,144229.56955708066,0.009425878320479808
2026-02-09,0.0,216424.6150889253,-0.08241589808458864,148970.67997504698,-0.03287197231833905
2026-02-10,0.0,216424.6150889253,-0.08241589808458864,163880.22457891473,-0.10008375209380227
2026-02-11,0.0,216424.6150889253,-0.08241589808458864,156519.02682470388,0.044918157594213914
2026-02-12,0.0,216424.6150889253,-0.08241589808458864,154148.47161572071,0.015145476285372661
2026-02-13,0.0,216424.6150889253,-0.08241589808458864,160449.15782907067,-0.04087414002428158
2026-02-24,0.0,216424.6150889253,-0.08241589808458864,144416.71865252667,0.09992223950233281
2026-02-25,0.0,216424.6150889253,-0.08241589808458864,144791.01684341877,-0.0025917926565874883
2026-02-26,0.0,216424.6150889253,-0.08241589808458864,142482.84466625095,0.015941404566996997
2026-02-27,0.0,216424.6150889253,-0.08241589808458864,145601.99625701827,-0.02189141856392296
2026-03-02,0.0,216424.6150889253,-0.08241589808458864,141921.3973799128,0.025278491859468732
2026-03-03,0.0,216424.6150889253,-0.08241589808458864,133000.62383031833,0.06285714285714283
2026-03-04,0.0,216424.6150889253,-0.08241589808458864,131503.43106675,0.011257035647279645
2026-03-05,0.0,216424.6150889253,-0.08241589808458864,132813.4747348723,-0.009962049335863421
2026-03-06,0.0,216424.6150889253,-0.08241589808458864,131940.11228945744,0.006575857209957792
2026-03-09,0.0,216424.6150889253,-0.08241589808458864,132127.26138490348,-0.0014184397163121698
2026-03-10,0.0,216424.6150889253,-0.08241589808458864,133000.62383031833,-0.006610009442870712
2026-03-11,0.0,216424.6150889253,-0.08241589808458864,133000.62383031833,0.0
2026-03-12,0.0,216424.6150889253,-0.08241589808458864,130567.68558951984,0.018292682926829285
2026-03-13,0.0,216424.6150889253,-0.08241589808458864,126575.17155333766,0.03057811753463935
2026-03-16,0.0,216424.6150889253,-0.08241589808458864,127698.06612601389,-0.008871365204534243
2026-03-17,0.0,216424.6150889253,-0.08241589808458864,125951.34123518421,0.013678553981436137
2026-03-18,0.0,216424.6150889253,-0.08241589808458864,128446.66250779806,-0.01981178801386818
2026-03-19,0.0,216424.6150889253,-0.08241589808458864,129569.55708047429,-0.008742107819329714
2026-03-20,0.0,216424.6150889253,-0.08241589808458864,122894.57267623223,0.05151661049590761
2026-03-23,0.0,216424.6150889253,-0.08241589808458864,117529.63194011245,0.04365482233502538
2026-03-24,0.0,216424.6150889253,-0.08241589808458864,121272.61384903322,-0.031847133757961776
2026-03-25,0.0,216424.6150889253,-0.08241589808458864,124454.14847161589,-0.026234567901234573
2026-03-26,0.0,216424.6150889253,-0.08241589808458864,121834.06113537135,0.021052631578947323
2026-03-27,0.0,216424.6150889253,-0.08241589808458864,122270.74235807876,-0.0035842293906809264
2026-03-30,0.0,216424.6150889253,-0.08241589808458864,123580.78602620102,-0.010714285714285676
2026-03-31,0.0,216424.6150889253,-0.08241589808458864,122457.89145352477,0.009086320040383677
2026-04-01,0.0,216424.6150889253,-0.08241589808458864,123206.48783530892,-0.006113092205807469
2026-04-02,0.0,216424.6150889253,-0.08241589808458864,119650.65502183416,0.02886075949367095
2026-04-03,0.0,216424.6150889253,-0.08241589808458864,117280.09981285101,0.019812304483837306
2026-04-07,0.0,216424.6150889253,-0.08241589808458864,118153.46225826586,-0.007446808510638281
2026-04-08,0.0,216424.6150889253,-0.08241589808458864,126949.46974422969,-0.0744456177402324
2026-04-09,0.0,216424.6150889253,-0.08241589808458864,122645.04054897079,0.033906633906633954
2026-04-10,0.0,216424.6150889253,-0.08241589808458864,123081.72177167822,-0.003560528992879064
2026-04-13,0.0,216424.6150889253,-0.08241589808458864,122457.89145352475,0.005068423720223092
2026-04-14,0.0,216424.6150889253,-0.08241589808458864,123456.0199625703,-0.008150789607743292
2026-04-15,0.0,216424.6150889253,-0.08241589808458864,121459.76294447923,0.016169782718544745
2026-04-16,0.0,216424.6150889253,-0.08241589808458864,123767.93512164704,-0.019003595274781793
2026-04-17,0.0,216424.6150889253,-0.08241589808458864,123081.72177167822,0.005544354838709631
2026-04-20,0.0,216424.6150889253,-0.08241589808458864,126013.7242669995,-0.023821591485048144
2026-04-21,0.0,216424.6150889253,-0.08241589808458864,123955.0842170931,0.01633663366336624
2026-04-22,0.0,216424.6150889253,-0.08241589808458864,123456.01996257032,0.004026170105687066
2026-04-23,0.0,216424.6150889253,-0.08241589808458864,122457.89145352477,0.008084891359272373
2026-04-24,0.0,216424.6150889253,-0.08241589808458864,121584.52900810992,0.00713194090677538
2026-04-27,0.0,216424.6150889253,-0.08241589808458864,123518.40299438567,-0.015905592611595853
2026-04-28,0.0,216424.6150889253,-0.08241589808458864,120648.78353087974,0.02323232323232327
2026-04-29,0.0,216424.6150889253,-0.08241589808458864,121709.29507174062,-0.00879007238883145
2026-04-30,0.0,216424.6150889253,-0.08241589808458864,118402.99438552726,0.027165556125064105
2026-05-06,0.0,216424.6150889253,-0.08241589808458864,121834.0611353713,-0.028977871443624847
2026-05-07,0.0,216424.6150889253,-0.08241589808458864,124828.44666250792,-0.02457757296466978
2026-05-08,0.0,216424.6150889253,-0.08241589808458864,124454.14847161582,0.002998500749625266
2026-05-11,0.0,216424.6150889253,-0.08241589808458864,126388.02245789158,-0.01553884711779463
2026-05-12,0.0,216424.6150889253,-0.08241589808458864,124204.61634435445,0.01727541954590328
2026-05-13,0.0,216424.6150889253,-0.08241589808458864,124953.21272613862,-0.006027122049221623
2026-05-14,0.0,216424.6150889253,-0.08241589808458864,118652.52651278864,0.05042436345481782
2026-05-15,0.0,216424.6150889253,-0.08241589808458864,118964.44167186537,-0.002628811777076745
2026-05-18,0.0,216424.6150889253,-0.08241589808458864,117966.31316281983,0.008390141583639266
2026-05-19,0.0,216424.6150889253,-0.08241589808458864,120586.40049906434,-0.022210470650449343
2026-05-20,0.0,216424.6150889253,-0.08241589808458864,116781.03555832822,0.03155716502845318
2026-05-21,0.0,216424.6150889253,-0.08241589808458864,113599.50093574559,0.027243589743589647
2026-05-22,0.0,216424.6150889253,-0.08241589808458864,113724.26699937625,-0.001098297638659984
2026-05-25,0.0,216424.6150889253,-0.08241589808458864,111790.39301310052,0.017004936917169422
2026-05-26,0.0,216424.6150889253,-0.08241589808458864,111790.39301310052,0.0
2026-05-27,0.0,216424.6150889253,-0.08241589808458864,110168.43418590153,0.014508928571428603
2026-05-28,0.0,216424.6150889253,-0.08241589808458864,109544.60386774805,0.005662514156285492
2026-05-29,0.0,216424.6150889253,-0.08241589808458864,109357.45477230201,0.0017084282460135825
2026-06-01,0.0,216424.6150889253,-0.08241589808458864,112164.6912039926,-0.02567027952082146
2026-06-02,0.0,216424.6150889253,-0.08241589808458864,109357.45477230201,0.02502780867630694
